{
  "description": "<p>This tree can be found in Shallow Abyss. It does not look much different from other trees and is difficult to distinguish from a distance.</p><p>However, it acts with its own will, including casting spells. Its purpose is to maintain the Shallow Abyss in which it lives.</p><p>Therefore, it cooperates with monsters protecting Shallow Abyss and takes measures such as sharing HP. Because of its ability to share, it is necessary to find and defeat this tree before clearing the Shallow Abyss.</p>",
  "disposition": "Hostile",
  "habitat": "Abyss",
  "initiative": "19",
  "intellect": "Low",
  "language": "Arcana, Daemonic",
  "lootsNum": 3,
  "monsterName": "Abyss Tree",
  "mndResist": "16",
  "vitResist": "17",
  "lv": "13",
  "parts": "3 (Trunk / Branch x 2)",
  "coreParts": "Trunk",
  "mobility": "-",
  "mode": "save",
  "paletteInsertType": "exchange",
  "paletteRemoveTags": "1",
  "paletteTool": "bcdice",
  "paletteUseBuff": "1",
  "paletteUseVar": "1",
  "partsNum": 3,
  "perception": "Magic",
  "reputation": "20",
  "reputation+": "23",
  "weakness": "Fire damage +3 points",
  "result": "OK",
  "sheetDescriptionM": "分類:Plant　知能:Low　知覚:Magic　反応:Hostile\n言語:Arcana, Daemonic　生息地:Abyss\n弱点:Fire damage +3 points\n先制値:19　生命抵抗力:17（24）　精神抵抗力:16（23）",
  "sheetDescriptionS": "分類:Plant\n弱点:Fire damage +3 points\n先制値:19　生命抵抗力:17（24）　精神抵抗力:16（23）",
  "sin": "0",
  "skills": "<p><strong>►Spiritualism Magic 12 Level/Magic Power 14 (21)</strong></p><p></p><p><strong>◯🗨►Magic Aptitude</strong></p><p>They can use the Combat Feats [Multi-Action], [Targeting], [Magic Convergence], [Magic Control], [Hawk Eye], [Universal Metamagic], [Rune Master], and [Wordbreak].</p><p><strong>◯Abyss Connection</strong></p><p>When this monster is in Shallow Abyss, it may share HP with a monster existing in the same Shallow Abyss. In this case, as long as the target monster exists in the Shallow Abyss, it can choose to receive the applied damage to its HP as fixed damage that would otherwise be dealt to the Trunk section. The distance from the target is not taken into account, and it is not necessary to be visible. Any number of monsters can be the target of this effect.The HP of the target cannot be used to heal the damage already suffered by the Trunk section.</p><p><strong>◯Regeneration = 9 points</strong></p><p>At the end of each round, the Abyss Tree recovers 9 HP. This has no effect if the Abyss Tree has 0 HP or lower.</p><br><br><p><strong>◯Attack Obstacle = +4 • +4</strong></p><p>The tree's giant body hinders attacks.The Trunk section gains a +4 bonus to Evasion checks against melee and ranged attacks.This effect disappears when any Branch section falls to 0 HP or lower.</p><p><strong>►Toxic Branch/15 (22)/Willpower/Negates</strong></p><p>A Branch strikes \"Target: 1 Character\" with the Abyss branch and leaves within \"Range: Touch.\"The target suffers 2d+15 magic damage and, at the same time, randomly loses one of its items if it has any of the following items in its inventory: herbs, potions, or medicine. This effect is a Curse type.On the turn when any Branch section uses this ability, other Branch sections cannot use this ability.</p>",
  "status1Accuracy": "15",
  "status1AccuracyFix": 22,
  "status1Damage": "2d+16",
  "status1Defense": "11",
  "status1Evasion": "13",
  "status1EvasionFix": 20,
  "status1Hp": "137",
  "status1Mp": "88",
  "status1Style": "Slam (Trunk)",
  "status2Accuracy": "16",
  "status2AccuracyFix": 23,
  "status2Damage": "2d+14",
  "status2Defense": "9",
  "status2Evasion": "15",
  "status2EvasionFix": 22,
  "status2Hp": "105",
  "status2Mp": "23",
  "status2Style": "Branch (Branch)",
  "status3Accuracy": "16",
  "status3AccuracyFix": 23,
  "status3Damage": "2d+14",
  "status3Defense": "9",
  "status3Evasion": "15",
  "status3EvasionFix": 22,
  "status3Hp": "105",
  "status3Mp": "23",
  "status3Style": "Branch (Branch)",
  "statusNum": 3,
  "taxa": "Plant",
  "type": "m",
  "unitStatus": {
    "Slam (Trunk):HP": "137/137",
    "Slam (Trunk):MP": "88",
    "Branch (Branch):HP": "105/105",
    "Branch (Branch):MP": "23"
  },
  "unitExceptStatus": {
    "HP": 3,
    "MP": 3,
    "Defense": 3
  },
  "loots1Num": "Always",
  "loots1Item": "Abyss Tree Branches (1,900G/Green S)",
  "loots2Num": "2～9",
  "loots2Item": "Abyss Tree Leaves (300G/Green A) x 1d",
  "loots3Num": "10+",
  "loots3Item": "Abyss Tree Black Leaves (4,000G/Green S)",
  "fortitude": "17",
  "willpower": "16"
}