{
  "description": "<p>This Mythical Beast is about 2 meters long, with white fur and a llama- like appearance. It is characterized by small horns sprouting from both of its foreheads and jointless hind legs. The creature is highly sensitive and can become aggressive when influenced by the emotions and intentions of others.</p>",
  "disposition": "Neutral",
  "habitat": "Meadows",
  "initiative": "9",
  "intellect": "Low",
  "language": "None",
  "lootsNum": 3,
  "monsterName": "Achlis",
  "mndResist": "3",
  "vitResist": "4",
  "lv": "2",
  "parts": "2 (Front/Rear)",
  "coreParts": "Front",
  "mobility": "12 (4 Legs)",
  "mode": "save",
  "paletteInsertType": "exchange",
  "paletteRemoveTags": "1",
  "paletteTool": "bcdice",
  "paletteUseBuff": "1",
  "paletteUseVar": "1",
  "partsNum": 2,
  "perception": "Five senses",
  "reputation": "9",
  "reputation+": "12",
  "weakness": "Physical damage +2 points",
  "result": "OK",
  "sheetDescriptionM": "分類:Mythical Beast　知能:Low　知覚:Five senses　反応:Neutral\n言語:None　生息地:Meadows\n弱点:Physical damage +2 points\n先制値:9　生命抵抗力:4（11）　精神抵抗力:3（10）",
  "sheetDescriptionS": "分類:Mythical Beast\n弱点:Physical damage +2 points\n先制値:9　生命抵抗力:4（11）　精神抵抗力:3（10）",
  "sin": "0",
  "skills": "<p><strong>⏩Intimidating Cry / 3 (10) / Fortitude / Negates</strong></p><p>The Achlis makes an intimidating cry and causes enemies around it to panic. Within \"Range: Caster\" and \"Target: 1 area (3m Radius)/All,\" targets suffer a -1 penalty on Accuracy, and Evasion checks for 10 seconds (1 round).This effect can be used only once per round and cannot be used in consecutive turns.</p><br><br><p><strong>◯Standing Upright</strong></p><p>If the HP of the Rear is 0 or less, Front section gets a -2 penalty on Evasion checks.</p>",
  "status1Accuracy": "4",
  "status1AccuracyFix": 11,
  "status1Damage": "2d+1",
  "status1Defense": "3",
  "status1Evasion": "4",
  "status1EvasionFix": 11,
  "status1Hp": "18",
  "status1Mp": "10",
  "status1Style": "Bite (Front)",
  "status2Accuracy": "4",
  "status2AccuracyFix": 11,
  "status2Damage": "2d+4",
  "status2Defense": "4",
  "status2Evasion": "3",
  "status2EvasionFix": 10,
  "status2Hp": "14",
  "status2Mp": "6",
  "status2Style": "Kick (Rear)",
  "statusNum": 2,
  "taxa": "Mythical Beast",
  "type": "m",
  "unitStatus": {
    "Bite (Front):HP": "18/18",
    "Bite (Front):MP": "10",
    "Kick (Rear):HP": "14/14",
    "Kick (Rear):MP": "6"
  },
  "unitExceptStatus": {
    "HP": 2,
    "MP": 2,
    "Defense": 2
  },
  "loots1Num": "2～6",
  "loots1Item": "None",
  "loots2Num": "7～10",
  "loots2Item": "White Fur (60G/Red A)",
  "loots3Num": "11+",
  "loots3Item": "Pure White Fur (130G/Red A)",
  "fortitude": "4",
  "willpower": "3"
}