{
  "description": "<p>This is an undead person with a corpse-like body. They maintain the same appearance as before they were born and are almost indistinguishable from the living.</p><p>For some reason, their souls were not reincarnated but remained in the corpse. Some resent the world and try to bring misfortune upon it, while others maintain their reason and intelligence and leave their homes to exist alone in remote places. It is said they gather together in some places to form pseudo-families.</p>",
  "disposition": "Neutral",
  "habitat": "Forests, Mountain, Wilderness",
  "initiative": "12",
  "intellect": "Average",
  "language": "Trade Common, Regional Dialect",
  "lootsNum": 3,
  "monsterName": "Adapsia",
  "mndResist": "7",
  "vitResist": "7",
  "lv": "5",
  "parts": "",
  "coreParts": "",
  "mobility": "15",
  "mode": "save",
  "paletteInsertType": "exchange",
  "paletteRemoveTags": "1",
  "paletteTool": "bcdice",
  "paletteUseBuff": "1",
  "paletteUseVar": "1",
  "partsNum": 1,
  "perception": "Magic",
  "reputation": "12",
  "reputation+": "15",
  "weakness": "Fire damage +3 points",
  "result": "OK",
  "sheetDescriptionM": "分類:Undead　知能:Average　知覚:Magic　反応:Neutral\n言語:Trade Common, Regional Dialect　生息地:Forests, Mountain, Wilderness\n弱点:Fire damage +3 points\n先制値:12　生命抵抗力:7（14）　精神抵抗力:7（14）",
  "sheetDescriptionS": "分類:Undead\n弱点:Fire damage +3 points\n先制値:12　生命抵抗力:7（14）　精神抵抗力:7（14）",
  "sin": "0",
  "skills": "<p><strong>◯Normal Weapon Immunity, ◯Poison Immunity, ◯Disease Immunity, ◯Psychic Type (Weak) Immunity</strong></p><p></p><p><strong>◯Fire Vulnerability</strong></p><p>When the Adapsia is hit by Fire-type damage, it takes an extra 3 damage.</p><p><strong>◯Unstable Healing</strong></p><p>Healing effects such as Divine Magic and items like Unicorn's Horn will damage Undead instead.Magitech, Fairy Magic, Nature Magic, etc. healing has no effect on the Undead.Spiritualism Magic and a few other healing effects can restore an Undead's HP.</p>",
  "status1Accuracy": "7",
  "status1AccuracyFix": 14,
  "status1Damage": "2d+5",
  "status1Defense": "4",
  "status1Evasion": "7",
  "status1EvasionFix": 14,
  "status1Hp": "39",
  "status1Mp": "16",
  "status1Style": "Weapon",
  "statusNum": 1,
  "taxa": "Undead",
  "type": "m",
  "unitStatus": {
    "Weapon:HP": "39/39",
    "Weapon:MP": "16"
  },
  "unitExceptStatus": {
    "HP": 1,
    "MP": 1,
    "Defense": 1
  },
  "loots1Num": "2～7",
  "loots1Item": "None",
  "loots2Num": "8～10",
  "loots2Item": "Broken Memento (500G/White A)",
  "loots3Num": "11+",
  "loots3Item": "Memento (1,000G/White S)",
  "fortitude": "7",
  "willpower": "7"
}