{
  "description": "<p>Beasts from another world, Aetherbeasts are loyal to and follow around other daemons. Often taking the appearance of a much larger wolf, they will savagely bite any who threaten them. While the stats given are for this particular form, GMs may also use other stats to represent other Aetherbeast forms.</p>",
  "disposition": "Hostile",
  "habitat": "Labyrinths",
  "initiative": "12",
  "intellect": "Low",
  "language": "Daemonic",
  "lootsNum": 3,
  "monsterName": "Aetherbeast",
  "mndResist": "5",
  "vitResist": "5",
  "lv": "4",
  "parts": "",
  "coreParts": "",
  "mobility": "14 (4 Legs)",
  "mode": "save",
  "paletteInsertType": "exchange",
  "paletteRemoveTags": "1",
  "paletteTool": "bcdice",
  "paletteUseBuff": "1",
  "paletteUseVar": "1",
  "partsNum": 1,
  "perception": "Five senses (Darkvision)",
  "reputation": "12",
  "reputation+": "15",
  "weakness": "Physical damage +2 points",
  "result": "OK",
  "sheetDescriptionM": "分類:Daemon　知能:Low　知覚:Five senses (Darkvision)　反応:Hostile\n言語:Daemonic　生息地:Labyrinths\n弱点:Physical damage +2 points\n先制値:12　生命抵抗力:5（12）　精神抵抗力:5（12）",
  "sheetDescriptionS": "分類:Daemon\n弱点:Physical damage +2 points\n先制値:12　生命抵抗力:5（12）　精神抵抗力:5（12）",
  "sin": "0",
  "skills": "<p><strong></strong></p><p>None.</p>",
  "status1Accuracy": "6",
  "status1AccuracyFix": 13,
  "status1Damage": "2d+5",
  "status1Defense": "3",
  "status1Evasion": "5",
  "status1EvasionFix": 12,
  "status1Hp": "32",
  "status1Mp": "15",
  "status1Style": "Bite",
  "statusNum": 1,
  "taxa": "Daemon",
  "type": "m",
  "unitStatus": {
    "Bite:HP": "32/32",
    "Bite:MP": "15"
  },
  "unitExceptStatus": {
    "HP": 1,
    "MP": 1,
    "Defense": 1
  },
  "loots1Num": "Always",
  "loots1Item": "Daemon's Blood (100G/Red A)",
  "loots2Num": "2～9",
  "loots2Item": "None",
  "loots3Num": "10+",
  "loots3Item": "Daemon's Fangs (300G/Red A)",
  "fortitude": "5",
  "willpower": "5"
}