{
  "description": "<p>An Afanc is a Mythical Beast that looks like a giant beaver with a somewhat human-like face. It is said to live near lakes and drag all who approach it beneath the waves.</p>",
  "disposition": "Hungry",
  "habitat": "Lakes, Wetlands",
  "initiative": "15",
  "intellect": "Average",
  "language": "None",
  "lootsNum": 2,
  "monsterName": "Afanc",
  "mndResist": "12",
  "vitResist": "11",
  "lv": "10",
  "parts": "2 (Head / Body)",
  "coreParts": "Head",
  "mobility": "18 (4 Legs) / 24 (Swimming)",
  "mode": "save",
  "paletteInsertType": "exchange",
  "paletteRemoveTags": "1",
  "paletteTool": "bcdice",
  "paletteUseBuff": "1",
  "paletteUseVar": "1",
  "partsNum": 2,
  "perception": "Five senses",
  "reputation": "10",
  "reputation+": "17",
  "weakness": "Physical damage +2 points",
  "result": "OK",
  "sheetDescriptionM": "分類:Mythical Beast　知能:Average　知覚:Five senses　反応:Hungry\n言語:None　生息地:Lakes, Wetlands\n弱点:Physical damage +2 points\n先制値:15　生命抵抗力:11（18）　精神抵抗力:12（19）",
  "sheetDescriptionS": "分類:Mythical Beast\n弱点:Physical damage +2 points\n先制値:15　生命抵抗力:11（18）　精神抵抗力:12（19）",
  "sin": "0",
  "skills": "<p><strong>◯Underwater Aptitude</strong></p><p></p><br><br><p><strong>⏩Techniques</strong></p><p>They may use the [Bear Muscle], [Cat's Eyes], and [Recovery (7 pts.)] Techniques.</p><br><br><p><strong>►Double Attack</strong></p><p>An Afanc can attack the same target twice in one action with its Claws.</p><p><strong>◯Hug</strong></p><p>The target is grappled if both Claw attacks hit with [►Double Attack]. The target will no longer be able to move or make melee or ranged attacks. Also, starting from the next turn, the Body section automatically deals 2d+16 physical damage to the target, and Head section attacks automatically hit the target.When the target tries to escape, use de-bonding (see ML, p. 71).While entangled by this unique skill, the Afanc cannot attack other characters. If the monster itself wants to release the target, it can do so with a Minor Action.</p><p><strong>◯Attack Obstacle = +4 • None</strong></p><p>An Afanc's large size helps prevent enemies from attacking it. The Head receives a +4 bonus to Evasion checks against melee attacks. When the Body falls to 0 HP or lower, this effect disappears.</p>",
  "status1Accuracy": "13",
  "status1AccuracyFix": 20,
  "status1Damage": "2d+10",
  "status1Defense": "9",
  "status1Evasion": "12",
  "status1EvasionFix": 19,
  "status1Hp": "92",
  "status1Mp": "54",
  "status1Style": "Bite (Head)",
  "status2Accuracy": "14",
  "status2AccuracyFix": 21,
  "status2Damage": "2d+8",
  "status2Defense": "9",
  "status2Evasion": "11",
  "status2EvasionFix": 18,
  "status2Hp": "98",
  "status2Mp": "35",
  "status2Style": "Claws (Body)",
  "statusNum": 2,
  "taxa": "Mythical Beast",
  "type": "m",
  "unitStatus": {
    "Bite (Head):HP": "92/92",
    "Bite (Head):MP": "54",
    "Claws (Body):HP": "98/98",
    "Claws (Body):MP": "35"
  },
  "unitExceptStatus": {
    "HP": 2,
    "MP": 2,
    "Defense": 2
  },
  "loots1Num": "2～9",
  "loots1Item": "Water-repellent Hide (550G/Red A)",
  "loots2Num": "10+",
  "loots2Item": "Blue-gray Hide (2,200G/Gold Red S)",
  "fortitude": "11",
  "willpower": "12"
}