{
  "description": "<p>This Daemon looks like a human without a body from the waist down. Instead of legs, it has four pairs of long, jointed legs from its flanks and moves in a spider-like form.</p><p>Its head is red and enlarged, but it has no eyes or ears and perceives everything with its nose. In combat, it attacks by thrusting its legs, but when it concentrates on attacking, it slows down and creates an opening.</p>",
  "disposition": "Hostile",
  "habitat": "Ruins, Shallow Abysses",
  "initiative": "13",
  "intellect": "Low",
  "language": "Daemonic",
  "lootsNum": 4,
  "monsterName": "Agare",
  "mndResist": "7",
  "vitResist": "7",
  "lv": "5",
  "parts": "",
  "coreParts": "",
  "mobility": "14(Many Legs)",
  "mode": "save",
  "paletteInsertType": "exchange",
  "paletteRemoveTags": "1",
  "paletteTool": "bcdice",
  "paletteUseBuff": "1",
  "paletteUseVar": "1",
  "partsNum": 1,
  "perception": "Five Senses",
  "reputation": "12",
  "reputation+": "15",
  "weakness": "Accuracy +1",
  "result": "OK",
  "sheetDescriptionM": "分類:Daemon　知能:Low　知覚:Five Senses　反応:Hostile\n言語:Daemonic　生息地:Ruins, Shallow Abysses\n弱点:Accuracy +1\n先制値:13　生命抵抗力:7（14）　精神抵抗力:7（14）",
  "sheetDescriptionS": "分類:Daemon\n弱点:Accuracy +1\n先制値:13　生命抵抗力:7（14）　精神抵抗力:7（14）",
  "sin": "0",
  "skills": "<p><strong>◯Attitude Control</strong></p><p>Agare cannot fall prone.</p><p><strong>►Multi-Legged Attack & Twin Strike</strong></p><p>Agare can make two Leg attacks each round. They may choose to attack different characters with each attack.If the second attack is made as a risk, it gains a -2 penalty to Evasion and Willpower.</p>",
  "status1Accuracy": "7",
  "status1AccuracyFix": 14,
  "status1Damage": "2d+7",
  "status1Defense": "5",
  "status1Evasion": "7",
  "status1EvasionFix": 14,
  "status1Hp": "45",
  "status1Mp": "19",
  "status1Style": "Legs",
  "statusNum": 1,
  "taxa": "Daemon",
  "type": "m",
  "unitStatus": {
    "Legs:HP": "45/45",
    "Legs:MP": "19"
  },
  "unitExceptStatus": {
    "HP": 1,
    "MP": 1,
    "Defense": 1
  },
  "loots1Num": "Always",
  "loots1Item": "Daemon's Blood (100G/Red A)",
  "loots2Num": "2～6",
  "loots2Item": "None",
  "loots3Num": "7～10",
  "loots3Item": "Daemon's Sharp Legs (170G/Red A)",
  "loots4Num": "11+",
  "loots4Item": "Daemon's Razor Legs (530G/Red A)",
  "fortitude": "7",
  "willpower": "7"
}