{
  "description": "<p>The Airloo is a mythical beast that is more than 3 meters long and has the appearance of a gigantic goat. It has two large, twisted horns on its head, and its hooves are charged with magic power, allowing it to walk on the surface of the water.</p><p>Airloos often live in flocks around lakes deep in mountains and forests and are known to attack anything that comes near them. For this reason, they are called lakeside guardians, and it is believed that someone may have ordered them to protect the lakes in prehistoric times.</p>",
  "disposition": "Hostile",
  "habitat": "Forests, Mountains, Lakeside",
  "initiative": "11",
  "intellect": "Average",
  "language": "None",
  "lootsNum": 3,
  "monsterName": "Airloo",
  "mndResist": "5",
  "vitResist": "5",
  "lv": "3",
  "parts": "2 (Head / Body)",
  "coreParts": "Head",
  "mobility": "15 (4 Legs) / 15 (On the Water)",
  "mode": "save",
  "paletteInsertType": "exchange",
  "paletteRemoveTags": "1",
  "paletteTool": "bcdice",
  "paletteUseBuff": "1",
  "paletteUseVar": "1",
  "partsNum": 2,
  "perception": "Five senses",
  "reputation": "8",
  "reputation+": "13",
  "weakness": "Fire damage +3 points",
  "result": "OK",
  "sheetDescriptionM": "分類:Mythical Beast　知能:Average　知覚:Five senses　反応:Hostile\n言語:None　生息地:Forests, Mountains, Lakeside\n弱点:Fire damage +3 points\n先制値:11　生命抵抗力:5（12）　精神抵抗力:5（12）",
  "sheetDescriptionS": "分類:Mythical Beast\n弱点:Fire damage +3 points\n先制値:11　生命抵抗力:5（12）　精神抵抗力:5（12）",
  "sin": "0",
  "skills": "<p><strong>►Loud Roar</strong></p><p>The Airloo can let loose a loud bellowing roar.Roll 2d, and if the roll is 10 or more, a new Airloo appears on the battlefield. The position of the new Airloo is the rearguard area of the Airloo's faction in Simplified Combat, or 15m away in any direction determined by the GM from the position where this ability was used in Standard/Advanced Combat. The new Airloo will begin to act to protect its comrades after 10 seconds (1 round).The GM may adjust the number of Airloo appearing from this unique skill (even to 0, if appropriate), according to the situation.This unique skill cannot be used on consecutive turns.</p><p><strong>⏩Stratagem & Maneuver / 1 Area (5m Radius)</strong></p><p>Can use [Surging Offense I] (Physical Damage +1).Every third turn uses [Maneuver: Unexpected Blow I] (Accuracy +2, Damage +2). If there are no characters eligible to be effected by a Stratagem, these abilities will not be used.</p><p><strong>🗨Power Strike I</strong></p><p>They can deal an additional 4 damage on their next attack. However, any Evasion Check made by them this turn receives a -2 penalty.</p><br><br><p><strong>🗨Taunting Strike I</strong></p><p>A Body can make an attack with reduced damage by -2.If the attack hits, the opponent must attack (with any type of attack) the Body as much as possible within the next 10 seconds (1 round). This does not work for characters with an Intellect score of 18 or higher or on monsters with \"Intelligence: High\".</p>",
  "status1Accuracy": "5",
  "status1AccuracyFix": 12,
  "status1Damage": "2d+1",
  "status1Defense": "2",
  "status1Evasion": "5",
  "status1EvasionFix": 12,
  "status1Hp": "26",
  "status1Mp": "18",
  "status1Style": "Horns (Head)",
  "status2Accuracy": "4",
  "status2AccuracyFix": 11,
  "status2Damage": "2d+2",
  "status2Defense": "3",
  "status2Evasion": "4",
  "status2EvasionFix": 11,
  "status2Hp": "30",
  "status2Mp": "11",
  "status2Style": "Hooves (Body)",
  "statusNum": 2,
  "taxa": "Mythical Beast",
  "type": "m",
  "unitStatus": {
    "Horns (Head):HP": "26/26",
    "Horns (Head):MP": "18",
    "Hooves (Body):HP": "30/30",
    "Hooves (Body):MP": "11"
  },
  "unitExceptStatus": {
    "HP": 2,
    "MP": 2,
    "Defense": 2
  },
  "loots1Num": "2～7",
  "loots1Item": "None",
  "loots2Num": "8～11",
  "loots2Item": "Fur (150G/Red A)",
  "loots3Num": "12+",
  "loots3Item": "Big Horn (1,000G/Red S)",
  "fortitude": "5",
  "willpower": "5"
}