{
  "description": "<p>Al-Mi'raj is a mythical beast in the shape of a rabbit about 50cm long with a single sharp horn on its head. Using its magic power, it catches prey animals off guard, skewers them with its sharp horn, and then feeds on them. Sometimes, a human who approaches the animal may be fooled by the animal's charm and become a victim.</p>",
  "disposition": "Hungry",
  "habitat": "Forests, Plains, Mountains",
  "initiative": "8",
  "intellect": "Low",
  "language": "None",
  "lootsNum": 3,
  "monsterName": "Al-Mi'raj",
  "mndResist": "3",
  "vitResist": "4",
  "lv": "2",
  "parts": "",
  "coreParts": "",
  "mobility": "15 (4 Legs)/-",
  "mode": "save",
  "paletteInsertType": "exchange",
  "paletteRemoveTags": "1",
  "paletteTool": "bcdice",
  "paletteUseBuff": "1",
  "paletteUseVar": "1",
  "partsNum": 1,
  "perception": "Five senses",
  "reputation": "10",
  "reputation+": "13",
  "weakness": "Physical damage +2 points",
  "result": "OK",
  "sheetDescriptionM": "分類:Mythical Beast　知能:Low　知覚:Five senses　反応:Hungry\n言語:None　生息地:Forests, Plains, Mountains\n弱点:Physical damage +2 points\n先制値:8　生命抵抗力:4（11）　精神抵抗力:3（10）",
  "sheetDescriptionS": "分類:Mythical Beast\n弱点:Physical damage +2 points\n先制値:8　生命抵抗力:4（11）　精神抵抗力:3（10）",
  "sin": "0",
  "skills": "<p><strong>◯Lovely Eyes / 4 (11) / Willpower / Negates</strong></p><p>A character who sees Al-Mi'raj at the start of their turn must make a Willpower check. If they fail, they will be less hostile and receive a -2 penalty to their Accuracy check for the next 10 seconds (1 round).A character who has received 1 or more points of applied damage from Al-Mi'raj will not be affected by this unique skill for a period of one day. Also, this effect is Psychic type.</p><p><strong>🗨Power Strike I</strong></p><p>They can deal an additional 4 damage on their next attack. However, any Evasion Check made by them this turn receives a -2 penalty.</p>",
  "status1Accuracy": "4",
  "status1AccuracyFix": 11,
  "status1Damage": "2d+2",
  "status1Defense": "1",
  "status1Evasion": "5",
  "status1EvasionFix": 12,
  "status1Hp": "20",
  "status1Mp": "13",
  "status1Style": "Horn",
  "statusNum": 1,
  "taxa": "Mythical Beast",
  "type": "m",
  "unitStatus": {
    "Horn:HP": "20/20",
    "Horn:MP": "13"
  },
  "unitExceptStatus": {
    "HP": 1,
    "MP": 1,
    "Defense": 1
  },
  "loots1Num": "2～7",
  "loots1Item": "None",
  "loots2Num": "8～10",
  "loots2Item": "Fur (150G/Red A)",
  "loots3Num": "11+",
  "loots3Item": "Al-Mi'raj Horn (300G/Red A)",
  "fortitude": "4",
  "willpower": "3"
}