{
  "description": "<p>This particular construct has a bacterium that causes the Golden Disease, which eventually turns a person's entire body into gold. While someone with the Golden Disease eventually dies and stiffens into a golden statue, their entire body is not actually gold. However, unscrupulous salesmen will attempt to sell these bodies as golden statues in hopes of duping people out of their hard-earned money.</p>",
  "disposition": "Hostile",
  "habitat": "Forests, Ruins, Cave",
  "initiative": "14",
  "intellect": "Animal",
  "language": "None",
  "lootsNum": 3,
  "monsterName": "Alchemy Tooth",
  "mndResist": "13",
  "vitResist": "12",
  "lv": "10",
  "parts": "",
  "coreParts": "",
  "mobility": "18(Crawling)",
  "mode": "save",
  "paletteInsertType": "exchange",
  "paletteRemoveTags": "1",
  "paletteTool": "bcdice",
  "paletteUseBuff": "1",
  "paletteUseVar": "1",
  "partsNum": 1,
  "perception": "Magic",
  "reputation": "14",
  "reputation+": "17",
  "weakness": "Physical damage +2 points",
  "result": "OK",
  "sheetDescriptionM": "分類:Construct　知能:Animal　知覚:Magic　反応:Hostile\n言語:None　生息地:Forests, Ruins, Cave\n弱点:Physical damage +2 points\n先制値:14　生命抵抗力:12（19）　精神抵抗力:13（20）",
  "sheetDescriptionS": "分類:Construct\n弱点:Physical damage +2 points\n先制値:14　生命抵抗力:12（19）　精神抵抗力:13（20）",
  "sin": "0",
  "skills": "<p><strong>◯Golden Disease/15 (22)/Fortitude/Negates</strong></p><p>If the Bite attack hits, it infects the target with a \"Golden Disease\" disease.Target immediately receives a 2d disease magic damage and an additional 1d disease magic damage at the end of each round (no additional checks are needed in that case).As the disease deals damage, golden spots spread from the wound, eventually turning the whole body gold. If the target dies from this disease, after 24 hours, their entire body is stiff gold, and the character cannot be resurrected.The Golden Serum earned from defeating an Alchemy Tooth can be used to cure this disease (but not the HP lost). If taken in advance, it will prevent the character from catching this disease for up to 24 hours.A Major Action is needed to take Golden Serum.</p><p><strong>◯Continuous Attack</strong></p><p>If an Alchemy Tooth successfully hits a target in melee, it may make a second attack against the same target.</p><p><strong>◯Poison Immunity, ◯Disease Immunity, ◯Psychic Type Immunity</strong></p><p></p><p><strong>◯Limited Healing</strong></p><p>Effects which can heal Construct HP are very limited, and mostly come from Spiritualism Magic and some special items.Healing effects such as Divine Magic, Fairy Magic, and Nature Magic cannot restore a Construct's HP.</p><p><strong>◯Can Be Detected</strong></p><p>Constructs can be detected with the [Sense Magic] spell and similar effects.</p>",
  "status1Accuracy": "14",
  "status1AccuracyFix": 21,
  "status1Damage": "2d+9",
  "status1Defense": "10",
  "status1Evasion": "11",
  "status1EvasionFix": 18,
  "status1Hp": "83",
  "status1Mp": "0",
  "status1Style": "Bite",
  "statusNum": 1,
  "taxa": "Construct",
  "type": "m",
  "unitStatus": {
    "Bite:HP": "83/83",
    "Bite:MP": "0/0"
  },
  "unitExceptStatus": {
    "HP": 1,
    "MP": 1,
    "Defense": 1
  },
  "loots1Num": "Always",
  "loots1Item": "Golden Serum (300G/Gold A) x 1d",
  "loots2Num": "2～8",
  "loots2Item": "None",
  "loots3Num": "9+",
  "loots3Item": "Golden Scales (600G/Gold Red A)",
  "fortitude": "12",
  "willpower": "13"
}