{
  "description": "<p>This is a warrior that is proficient in the Alchemist class. It uses a variety of Evocations as well as weapon attacks. They are not as skilled as a warrior but can use both attacks and support depending on the actions of those they are working with.</p><p>The color of the material cards obtained as loot is randomly determined if necessary.</p>",
  "disposition": "Neutral",
  "habitat": "Various",
  "initiative": "14",
  "intellect": "Average",
  "language": "Trade Common, Regional Dialect, Magitech",
  "lootsNum": 2,
  "monsterName": "Alchemist Scholar",
  "mndResist": "11",
  "vitResist": "11",
  "lv": "8",
  "parts": "",
  "coreParts": "",
  "mobility": "16",
  "mode": "save",
  "paletteInsertType": "exchange",
  "paletteRemoveTags": "1",
  "paletteTool": "bcdice",
  "paletteUseBuff": "1",
  "paletteUseVar": "1",
  "partsNum": 1,
  "perception": "Five senses",
  "reputation": "11",
  "reputation+": "0",
  "weakness": "None",
  "result": "OK",
  "sheetDescriptionM": "分類:Humanoid　知能:Average　知覚:Five senses　反応:Neutral\n言語:Trade Common, Regional Dialect, Magitech　生息地:Various\n弱点:None\n先制値:14　生命抵抗力:11（18）　精神抵抗力:11（18）",
  "sheetDescriptionS": "分類:Humanoid\n弱点:None\n先制値:14　生命抵抗力:11（18）　精神抵抗力:11（18）",
  "sin": "0",
  "skills": "<p><strong>►⏩Evocations/10 (17)</strong></p><p>It can use [Vorpal Weapon], [Critical Ray], [Barkmail], [Paralyzing Mist], [Heal Spray], [Poison Needle], and [Manadown] evocations. All Evocations are used at A rank. There is no limit to the number of cards; Alchemist Scholar can use as many cards as needed.When used with a Major Action, the Evocation check is performed with the standard value, success value, described in the heading of this ability; when used with a Minor Action, the success value is treated as 0.</p><p><strong>◯Sword's Grace/Change Fate</strong></p><p>Once per day, they may change the result of a Skill Check or Damage roll, by switching the faces of the rolled 2d to the opposite sides and adding +1 to it.</p>",
  "status1Accuracy": "11",
  "status1AccuracyFix": 18,
  "status1Damage": "2d+10",
  "status1Defense": "8",
  "status1Evasion": "10",
  "status1EvasionFix": 17,
  "status1Hp": "65",
  "status1Mp": "18",
  "status1Style": "Weapon",
  "statusNum": 1,
  "taxa": "Humanoid",
  "type": "m",
  "unitStatus": {
    "Weapon:HP": "65/65",
    "Weapon:MP": "18"
  },
  "unitExceptStatus": {
    "HP": 1,
    "MP": 1,
    "Defense": 1
  },
  "loots1Num": "Always",
  "loots1Item": "Alchemy Kit (100G)",
  "loots2Num": "Always",
  "loots2Item": "A Rank Material Card (100G) x 2d",
  "fortitude": "11",
  "willpower": "11"
}