{
  "description": "<p>This is a sound device made in the Magic Civilization Period to repel intruders. A large horn is mounted on the top of the pedestal-like body, and it has four short legs for moving and two long, thin hands for operating the device on the top.</p><p>When the monster detects an intruder in the house, it lures them with its spellsongs and draws them into a trap. After that, the monster attacks the intruder with its arms and spellsongs.</p><p>The type of spellsong that can be played is specified at the time of creation, and it seems that some of them play other spellsongs rather than [Curiosity].</p>",
  "disposition": "Instructed",
  "habitat": "Ruins",
  "initiative": "15",
  "intellect": "Servant",
  "language": "Arcana",
  "lootsNum": 3,
  "monsterName": "Alert Gramophone",
  "mndResist": "12",
  "vitResist": "11",
  "lv": "9",
  "parts": "",
  "coreParts": "",
  "mobility": "10 (4 Legs)",
  "mode": "save",
  "paletteInsertType": "exchange",
  "paletteRemoveTags": "1",
  "paletteTool": "bcdice",
  "paletteUseBuff": "1",
  "paletteUseVar": "1",
  "partsNum": 1,
  "perception": "Magic",
  "reputation": "15",
  "reputation+": "18",
  "weakness": "Physical damage +2 points",
  "result": "OK",
  "sheetDescriptionM": "分類:Construct　知能:Servant　知覚:Magic　反応:Instructed\n言語:Arcana　生息地:Ruins\n弱点:Physical damage +2 points\n先制値:15　生命抵抗力:11（18）　精神抵抗力:12（19）",
  "sheetDescriptionS": "分類:Construct\n弱点:Physical damage +2 points\n先制値:15　生命抵抗力:11（18）　精神抵抗力:12（19）",
  "sin": "0",
  "skills": "<p><strong>◯Limited 2 Actions</strong></p><p>The monster can perform two Major Actions in one round. However, one must be a melee attack with Arm, and the other must be either a [►Basic Spellsongs] [►Special Spellsong] or [►Finale].</p><p><strong>►Basic Spellsongs 5 Level/12 (19)/All areas (50m radius)</strong></p><p></p><p><strong>►Special Spellsong [Curiosity]/12 (19)/All areas (50m radius)</strong></p><p>Plays spellsong [Curiosity]. This unique skill can only be used if the current value of this monster's HP is at least half of the maximum value (rounded up).</p><p><strong>►[Finale: Screaming Snake-pit Symphony]/12 (19)/Willpower/Half</strong></p><p>Uses [Finale: Screaming Snake-pit Symphony] within \"Range: 2 (50m)\" to deal 2d+10 Curse magic damage to up to 3 targets.This unique skill can only be used if the current value of this monster's HP is less than half of the maximum value (rounded up).</p><p><strong>◯Poison Immunity, ◯Disease Immunity, ◯Psychic Type Immunity</strong></p><p></p><p><strong>◯Limited Healing</strong></p><p>Effects which can heal Construct HP are very limited, and mostly come from Spiritualism Magic and some special items.Healing effects such as Divine Magic, Fairy Magic, and Nature Magic cannot restore a Construct's HP.</p><p><strong>◯Can Be Detected</strong></p><p>Constructs can be detected with the [Sense Magic] spell and similar effects.</p>",
  "status1Accuracy": "11",
  "status1AccuracyFix": 18,
  "status1Damage": "2d+11",
  "status1Defense": "7",
  "status1Evasion": "11",
  "status1EvasionFix": 18,
  "status1Hp": "79",
  "status1Mp": "-",
  "status1Style": "Arm",
  "statusNum": 1,
  "taxa": "Construct",
  "type": "m",
  "unitStatus": {
    "Arm:HP": "79/79",
    "Arm:MP": "-"
  },
  "unitExceptStatus": {
    "HP": 1,
    "MP": 1,
    "Defense": 1
  },
  "loots1Num": "2～9",
  "loots1Item": "Plain Trumpet (50G/Black White B)",
  "loots2Num": "10～13",
  "loots2Item": "Exquisite Horn (900G/Black White A)",
  "loots3Num": "14+",
  "loots3Item": "Luxury Horn (5,800G/Black White S)",
  "fortitude": "11",
  "willpower": "12"
}