{
  "description": "<p>This archer handles arrows coated with a special narcotic poison. They are characterized by their burnished faces, sharp horns and fangs, and reddish body hair.</p><p>It has been hypothesized that a mixture of Bolg and Ogre would result in this appearance.</p><p>Some researchers have corroborated this, but it's far from conclusive, and it is not fully accepted.</p>",
  "disposition": "Hostile",
  "habitat": "Forests, Mountains, Wilderness",
  "initiative": "13",
  "intellect": "Average",
  "language": "Trade Common, Barbaric, Youma, Drakish",
  "lootsNum": 4,
  "monsterName": "Alkaloid Arrow",
  "mndResist": "6",
  "vitResist": "7",
  "lv": "5",
  "parts": "",
  "coreParts": "",
  "mobility": "12/-",
  "mode": "save",
  "paletteInsertType": "exchange",
  "paletteRemoveTags": "1",
  "paletteTool": "bcdice",
  "paletteUseBuff": "1",
  "paletteUseVar": "1",
  "partsNum": 1,
  "perception": "Five Senses",
  "reputation": "10",
  "reputation+": "14",
  "weakness": "Accuracy +1",
  "result": "OK",
  "sheetDescriptionM": "分類:Barbarous　知能:Average　知覚:Five Senses　反応:Hostile\n言語:Trade Common, Barbaric, Youma, Drakish　生息地:Forests, Mountains, Wilderness\n弱点:Accuracy +1\n先制値:13　生命抵抗力:7（14）　精神抵抗力:6（13）",
  "sheetDescriptionS": "分類:Barbarous\n弱点:Accuracy +1\n先制値:13　生命抵抗力:7（14）　精神抵抗力:6（13）",
  "sin": "3",
  "skills": "<p><strong>►Bow</strong></p><p>With \"Range/Area: 2 (20m) / Shot,\" makes a ranged attack with a bow. Accuracy and Damage are the same as normal attacks.</p><p><strong>◯Targeting</strong></p><p>Stray shots cannot occur with [►Bow].</p><p><strong>◯Phytotoxin/6 (13)/Fortitude/Negates</strong></p><p>If a [►Bow] attack hits, the target suffers -2 Evasion for 3 minutes (18 rounds). This effect does not stack with itself. This is a Poison-type effect.</p>",
  "status1Accuracy": "7",
  "status1AccuracyFix": 14,
  "status1Damage": "2d+7",
  "status1Defense": "5",
  "status1Evasion": "5",
  "status1EvasionFix": 12,
  "status1Hp": "42",
  "status1Mp": "15",
  "status1Style": "Weapon",
  "statusNum": 1,
  "taxa": "Barbarous",
  "type": "m",
  "unitStatus": {
    "Weapon:HP": "42/42",
    "Weapon:MP": "15"
  },
  "unitExceptStatus": {
    "HP": 1,
    "MP": 1,
    "Defense": 1
  },
  "loots1Num": "Always",
  "loots1Item": "High-quality Weapon (150G / Black-White A)",
  "loots2Num": "2～7",
  "loots2Item": "None",
  "loots3Num": "8～10",
  "loots3Item": "Vial of Phytotoxin (150G / Green-White A)",
  "loots4Num": "11+",
  "loots4Item": "Bottle of Phytotoxin (300G / Green-White A)",
  "fortitude": "7",
  "willpower": "6"
}