{
  "description": "<p>Alraunes are plant monsters that look like small children, around 80cm tall, with large white flowers blooming out of their heads. Very timid, they will attempt to escape immediately when startled, but are curious and will watch from a distance if possible. Alraunes have a child-like personality, and if treated appropriately can be made to be fond of humans.</p>",
  "disposition": "Neutral",
  "habitat": "Plains, Forests",
  "initiative": "7",
  "intellect": "Low",
  "language": "Trade Common",
  "lootsNum": 2,
  "monsterName": "Alraune",
  "mndResist": "4",
  "vitResist": "2",
  "lv": "1",
  "parts": "",
  "coreParts": "",
  "mobility": "10/-",
  "mode": "save",
  "paletteInsertType": "exchange",
  "paletteRemoveTags": "1",
  "paletteTool": "bcdice",
  "paletteUseBuff": "1",
  "paletteUseVar": "1",
  "partsNum": 1,
  "perception": "Five Senses",
  "reputation": "9",
  "reputation+": "12",
  "weakness": "Physical Damage +2",
  "result": "OK",
  "sheetDescriptionM": "分類:Plant　知能:Low　知覚:Five Senses　反応:Neutral\n言語:Trade Common　生息地:Plains, Forests\n弱点:Physical Damage +2\n先制値:7　生命抵抗力:2（9）　精神抵抗力:4（11）",
  "sheetDescriptionS": "分類:Plant\n弱点:Physical Damage +2\n先制値:7　生命抵抗力:2（9）　精神抵抗力:4（11）",
  "sin": "0",
  "skills": "<p><strong>►Piercing Scream/3 (10)/Willpower/Negates</strong></p><p>The Alraune lets out a high-pitched scream and stuns \"Target: All Area (20m Radius)/All\" within \"Range: Caster.\" This effect is treated as a Psychic (Weak) type.The target will fall prone as soon as it is stunned.</p>",
  "status1Accuracy": "1",
  "status1AccuracyFix": 8,
  "status1Damage": "2d-2",
  "status1Defense": "0",
  "status1Evasion": "3",
  "status1EvasionFix": 10,
  "status1Hp": "11",
  "status1Mp": "3",
  "status1Style": "Slam",
  "statusNum": 1,
  "taxa": "Plant",
  "type": "m",
  "unitStatus": {
    "Slam:HP": "11/11",
    "Slam:MP": "3"
  },
  "unitExceptStatus": {
    "HP": 1,
    "MP": 1,
    "Defense": 1
  },
  "loots1Num": "2～8",
  "loots1Item": "None",
  "loots2Num": "9+",
  "loots2Item": "Mysterious Seeds (100G / Green A)",
  "fortitude": "2",
  "willpower": "4"
}