{
  "description": "<p>Amalthea is a fairy who appears in the form of a slightly plump, rounded female figure, holding in her hand's magical horn that can heal and bring luck.</p><p>She is called the Mother of Fairies and guards the secluded regions where they live.</p>",
  "disposition": "Friendly",
  "habitat": "Secluded Regions",
  "initiative": "20",
  "intellect": "High",
  "language": "Trade Common, Sylvan",
  "lootsNum": 0,
  "monsterName": "Amalthea",
  "mndResist": "20",
  "vitResist": "19",
  "lv": "15",
  "parts": "",
  "coreParts": "",
  "mobility": "22",
  "mode": "save",
  "paletteInsertType": "exchange",
  "paletteRemoveTags": "1",
  "paletteTool": "bcdice",
  "paletteUseBuff": "1",
  "paletteUseVar": "1",
  "partsNum": 1,
  "perception": "Five senses",
  "reputation": "19",
  "reputation+": "21",
  "weakness": "Physical damage +2 points",
  "result": "OK",
  "sheetDescriptionM": "分類:Fairy　知能:High　知覚:Five senses　反応:Friendly\n言語:Trade Common, Sylvan　生息地:Secluded Regions\n弱点:Physical damage +2 points\n先制値:20　生命抵抗力:19（26）　精神抵抗力:20（27）",
  "sheetDescriptionS": "分類:Fairy\n弱点:Physical damage +2 points\n先制値:20　生命抵抗力:19（26）　精神抵抗力:20（27）",
  "sin": "0",
  "skills": "<p><strong>◯Olden/Type: Light & Dark/Magic Power 19 (26)</strong></p><p></p><p><strong>◯🗨►Magic Aptitude</strong></p><p>They can use the Combat Feats [Targeting], [Magic Convergence], [Magic Control], [Hawk Eye], [Universal Metamagic], [Rune Master], and [Wordbreak].</p><p><strong>►Horn of Fertility/Can't</strong></p><p>Amalthea touches \"Target: 1 Character\" with \"Range: Touch\" to restore 100 HP.At the same time, the target gains the effect of automatic success without rolling any dice the first time it performs an Evasion, Fortitude, Willpower, or Death Check afterward. This effect lasts until the automatic success occurs, or for 3 minutes (18 rounds). Suppose the target receives this effect more than once during the duration. In that case, only the HP recovery effect occurs, and the automatic success effect of the check does not accumulate (the target gains the right to automatic success on a different check).Undead, Construct, and Magitech characters are immune to this ability</p>",
  "status1Accuracy": "19",
  "status1AccuracyFix": 26,
  "status1Damage": "2d+16",
  "status1Defense": "19",
  "status1Evasion": "19",
  "status1EvasionFix": 26,
  "status1Hp": "135",
  "status1Mp": "123",
  "status1Style": "Fists",
  "statusNum": 1,
  "taxa": "Fairy",
  "type": "m",
  "unitStatus": {
    "Fists:HP": "135/135",
    "Fists:MP": "123"
  },
  "unitExceptStatus": {
    "HP": 1,
    "MP": 1,
    "Defense": 1
  },
  "fortitude": "19",
  "willpower": "20"
}