{
  "description": "<p>This is a two-headed poison snake with a head at each end of its body. It has bat-like wings, but they are small and degenerate, and it cannot fly. It moves by rolling around like a wheel, with one head clamped onto the other.</p><p>In addition to having a poisonous bite, it is also known to breathe poisonous gas, Some scholars believe that, like Wyverns, it may have some connection to dragons.</p><p>Preferring cold climates, they mainly live in caves. There, they wait for prey to wander in, kill them with poisonous gas, and devour them.</p>",
  "disposition": "Hostile",
  "habitat": "Cave, Cold Region, Alpine",
  "initiative": "14",
  "intellect": "Low",
  "language": "None",
  "lootsNum": 4,
  "monsterName": "Amphisbaena",
  "mndResist": "9",
  "vitResist": "10",
  "lv": "7",
  "parts": "2 (Head x 2)",
  "coreParts": "None",
  "mobility": "20 (Rotation)",
  "mode": "save",
  "paletteInsertType": "exchange",
  "paletteRemoveTags": "1",
  "paletteTool": "bcdice",
  "paletteUseBuff": "1",
  "paletteUseVar": "1",
  "partsNum": 2,
  "perception": "Five senses (Darkvision)",
  "reputation": "12",
  "reputation+": "18",
  "weakness": "Magic damage +2 points",
  "result": "OK",
  "sheetDescriptionM": "分類:Mythical Beast　知能:Low　知覚:Five senses (Darkvision)　反応:Hostile\n言語:None　生息地:Cave, Cold Region, Alpine\n弱点:Magic damage +2 points\n先制値:14　生命抵抗力:10（17）　精神抵抗力:9（16）",
  "sheetDescriptionS": "分類:Mythical Beast\n弱点:Magic damage +2 points\n先制値:14　生命抵抗力:10（17）　精神抵抗力:9（16）",
  "sin": "0",
  "skills": "<p><strong>◯Poison Immunity</strong></p><p></p><br><br><p><strong>◯Poison/10 (17)/Fortitude/Negates</strong></p><p>If the Bite hits, it deals 8 poison magic damage to the target.</p><p><strong>►Poisonous Gas Breath/10 (17)/Fortitude/Half</strong></p><p>Within \"Range/Area: 2 (20m)/ Shot\" spits out poison gas in \"1 area (3m Radius) / 5\", dealing 2d Poison magic damage to the targets.This ability cannot be used for consecutive turns.</p>",
  "status1Accuracy": "10",
  "status1AccuracyFix": 17,
  "status1Damage": "2d+9",
  "status1Defense": "7",
  "status1Evasion": "9",
  "status1EvasionFix": 16,
  "status1Hp": "42",
  "status1Mp": "19",
  "status1Style": "Bite (Head)",
  "status2Accuracy": "10",
  "status2AccuracyFix": 17,
  "status2Damage": "2d+9",
  "status2Defense": "7",
  "status2Evasion": "9",
  "status2EvasionFix": 16,
  "status2Hp": "42",
  "status2Mp": "19",
  "status2Style": "Bite (Head)",
  "statusNum": 2,
  "taxa": "Mythical Beast",
  "type": "m",
  "unitStatus": {
    "Bite (Head):HP": "42/42",
    "Bite (Head):MP": "19"
  },
  "unitExceptStatus": {
    "HP": 2,
    "MP": 2,
    "Defense": 2
  },
  "loots1Num": "2～4",
  "loots1Item": "Snake Skin (20G/Red B)",
  "loots2Num": "5～7",
  "loots2Item": "Fine Snake Skin (120G/Red A)",
  "loots3Num": "8～11",
  "loots3Item": "Premium Snake Skin (320G/Red A)",
  "loots4Num": "12+",
  "loots4Item": "Mythical Snake Skin (1,600G/Red S)",
  "fortitude": "10",
  "willpower": "9"
}