{
  "description": "<p>A large snake, an Anaconda measures around 2m in length. Its preferred method of attack is to hide in trees as though it were a large vine, then drop down onto unsuspecting prey. The coils of an Anaconda can constrict and suffocate something as large as a cow. The skin of the Anaconda is prized for its capabilities when turned into leather, and adventurers are often sent to procure such skins.</p>",
  "disposition": "Hungry",
  "habitat": "Forests, Plains, Caves",
  "initiative": "11",
  "intellect": "Animal",
  "language": "None",
  "lootsNum": 3,
  "monsterName": "Anaconda",
  "mndResist": "4",
  "vitResist": "6",
  "lv": "3",
  "parts": "",
  "coreParts": "",
  "mobility": "15(Crawling)",
  "mode": "save",
  "paletteInsertType": "exchange",
  "paletteRemoveTags": "1",
  "paletteTool": "bcdice",
  "paletteUseBuff": "1",
  "paletteUseVar": "1",
  "partsNum": 1,
  "perception": "Five senses (Darkvision)",
  "reputation": "8",
  "reputation+": "12",
  "weakness": "+2 Magic Damage",
  "result": "OK",
  "sheetDescriptionM": "分類:Animal　知能:Animal　知覚:Five senses (Darkvision)　反応:Hungry\n言語:None　生息地:Forests, Plains, Caves\n弱点:+2 Magic Damage\n先制値:11　生命抵抗力:6（13）　精神抵抗力:4（11）",
  "sheetDescriptionS": "分類:Animal\n弱点:+2 Magic Damage\n先制値:11　生命抵抗力:6（13）　精神抵抗力:4（11）",
  "sin": "0",
  "skills": "<p><strong>◯Entanglement</strong></p><p>A successful hit from a Constrict attack entangles the target. In each round, the Anaconda hits the entangled target automatically and makes all Accuracy and Evasion Checks with a -2 penalty.When the target tries to escape, use the de-bonding rules.While entangled by this unique skill, the Anaconda cannot attack other characters. If the monster itself wants to release the target, it can do so with a Minor Action.</p>",
  "status1Accuracy": "5",
  "status1AccuracyFix": 12,
  "status1Damage": "2d+3",
  "status1Defense": "4",
  "status1Evasion": "3",
  "status1EvasionFix": 10,
  "status1Hp": "29",
  "status1Mp": "9",
  "status1Style": "Constrict",
  "statusNum": 1,
  "taxa": "Animal",
  "type": "m",
  "unitStatus": {
    "Constrict:HP": "29/29",
    "Constrict:MP": "9"
  },
  "unitExceptStatus": {
    "HP": 1,
    "MP": 1,
    "Defense": 1
  },
  "loots1Num": "2～5",
  "loots1Item": "Snake Skin (20G/Red B)",
  "loots2Num": "6～9",
  "loots2Item": "Fine Snake Skin (150G/Red A)",
  "loots3Num": "10+",
  "loots3Item": "Premium Snake Skin (320G/Red A)",
  "fortitude": "6",
  "willpower": "4"
}