{
  "description": "<p>This monster is a powerful Undead that was created with magic from the grudges of the dead from before the Magic Civilization Period. It is extremely rare to encounter them as they are few and buried inside deep dungeons and ruins.</p><p>Like the Ghost, some of them have past knowledge and memories, but their memories are from so long ago that even the source of their hatred is often unclear. Their goals are fuzzy and may appear and disappear from time to time. It is said that if their true desire is identified and fulfilled, their memories will return, and they will disappear.</p>",
  "disposition": "Hostile",
  "habitat": "Various",
  "initiative": "22",
  "intellect": "High",
  "language": "Trade Common, Regional Dialect, Arcana",
  "lootsNum": 0,
  "monsterName": "Ancient Ghost",
  "mndResist": "18",
  "vitResist": "19",
  "lv": "15",
  "parts": "",
  "coreParts": "",
  "mobility": "-/16 (Floating)",
  "mode": "save",
  "paletteInsertType": "exchange",
  "paletteRemoveTags": "1",
  "paletteTool": "bcdice",
  "paletteUseBuff": "1",
  "paletteUseVar": "1",
  "partsNum": 1,
  "perception": "Five Senses",
  "reputation": "16",
  "reputation+": "22",
  "weakness": "Magic Damage +2",
  "result": "OK",
  "sheetDescriptionM": "分類:Undead　知能:High　知覚:Five Senses　反応:Hostile\n言語:Trade Common, Regional Dialect, Arcana　生息地:Various\n弱点:Magic Damage +2\n先制値:22　生命抵抗力:19（26）　精神抵抗力:18（25）",
  "sheetDescriptionS": "分類:Undead\n弱点:Magic Damage +2\n先制値:22　生命抵抗力:19（26）　精神抵抗力:18（25）",
  "sin": "0",
  "skills": "<p><strong>◯Normal Weapon Immunity</strong></p><p></p><p><strong>◯2 Actions</strong></p><p>The Ancient Ghost can perform 2 Major Actions in one round.</p><p><strong>►Tempting Lure/17 (24)/Willpower/Negates</strong></p><p>Whispers temptation to \"Target: 1 Entire Character\" in \"Range/Area: 1 (10m)/Target\". If the target fails the Willpower check, the Ancient Ghost may have that character move according to its own whim. If no instructions are given, the target will just stand there. A target under this effect moves slowly and cannot make any attack or cast a spell.This effect is treated as Psychic type (Weak) and lasts for one day.</p><p><strong>⏩Fear Aura/18 (25)/Willpower/Negates</strong></p><p>Whispers sinisterly to \"Target: All Areas (50m Radius)/All\" within \"Range: Caster\", causing them to cower in fear. Targets that fail the Willpower check take a -2 penalty to its Success Value when making melee, shooting attacks or casting a spell against this monster or while in a skirmish containing this monster against any other character inside. If a character fails the Willpower check with a Success Value of 21 or less, they must move as far as possible to get out of range of this unique skill (If the movement is blocked by a skirmish area they need to prepare to withdraw). This effect is treated as Psychic type, and lasts for 10 seconds (1 round).This unique skill can be used only once per round</p>",
  "status1Accuracy": "17",
  "status1AccuracyFix": 24,
  "status1Damage": "2d+15",
  "status1Defense": "0",
  "status1Evasion": "17",
  "status1EvasionFix": 24,
  "status1Hp": "184",
  "status1Mp": "184",
  "status1Style": "Slam",
  "statusNum": 1,
  "taxa": "Undead",
  "type": "m",
  "unitStatus": {
    "Slam:HP": "184/184",
    "Slam:MP": "184"
  },
  "unitExceptStatus": {
    "HP": 1,
    "MP": 1,
    "Defense": 1
  },
  "fortitude": "19",
  "willpower": "18"
}