{
  "description": "<p>These odd Barbarous have a humanoid upper body growing out of the lower body of a giant scorpion.</p><p>Living in deserts and around ruins, Androscorpions are reasonably capable Artificers in their own right. They will often be seen carrying and wearing the various spoils of their expeditions, whether armor, weapons, or strong magical artifacts.</p>",
  "disposition": "Hostile",
  "habitat": "Desert, Ruins",
  "initiative": "12",
  "intellect": "Average",
  "language": "Barbaric, Androscorpion, Magitech",
  "lootsNum": 4,
  "monsterName": "Androscorpion",
  "mndResist": "7",
  "vitResist": "7",
  "lv": "5",
  "parts": "2 (Upper Body / Lower Body)",
  "coreParts": "Upper Body",
  "mobility": "15 (Many Legs)",
  "mode": "save",
  "paletteInsertType": "exchange",
  "paletteRemoveTags": "1",
  "paletteTool": "bcdice",
  "paletteUseBuff": "1",
  "paletteUseVar": "1",
  "partsNum": 2,
  "perception": "Five senses (Darkvision)",
  "reputation": "12",
  "reputation+": "15",
  "weakness": "Physical damage +2 points",
  "result": "OK",
  "sheetDescriptionM": "分類:Barbarous　知能:Average　知覚:Five senses (Darkvision)　反応:Hostile\n言語:Barbaric, Androscorpion, Magitech　生息地:Desert, Ruins\n弱点:Physical damage +2 points\n先制値:12　生命抵抗力:7（14）　精神抵抗力:7（14）",
  "sheetDescriptionS": "分類:Barbarous\n弱点:Physical damage +2 points\n先制値:12　生命抵抗力:7（14）　精神抵抗力:7（14）",
  "sin": "4",
  "skills": "<p><strong>►Magitech 4 Level / Magic Power 6 (13)</strong></p><p></p><p><strong>►Gunfire/6 (13)/Evasion/Neg</strong></p><p>An Androscorpion can attack with a readied gun, whose Max. Magazine is 4, range is 2 (20m), and Critical Threshold is 10.</p><p><strong>◯Targeting</strong></p><p>Stray shots cannot occur.</p><br><br><p><strong>◯Poison/5 (12)/Fortitude/Neg</strong></p><p>If the Androscorpion's Lower Body hits with their Tail attack, the target will receive an extra 6 poison-type damage.</p><p><strong>◯Weakening</strong></p><p>When the Lower Body section is reduced to 0 HP or fewer, the Androscorpion receives a -2 penalty for Evasion.</p>",
  "status1Accuracy": "7",
  "status1AccuracyFix": 14,
  "status1Damage": "2d+5",
  "status1Defense": "6",
  "status1Evasion": "7",
  "status1EvasionFix": 14,
  "status1Hp": "34",
  "status1Mp": "26",
  "status1Style": "Weapon (Upper Body)",
  "status2Accuracy": "8",
  "status2AccuracyFix": 15,
  "status2Damage": "2d+4",
  "status2Defense": "5",
  "status2Evasion": "6",
  "status2EvasionFix": 13,
  "status2Hp": "38",
  "status2Mp": "12",
  "status2Style": "Tail (Lower Body)",
  "statusNum": 2,
  "taxa": "Barbarous",
  "type": "m",
  "unitStatus": {
    "Weapon (Upper Body):HP": "34/34",
    "Weapon (Upper Body):MP": "26",
    "Tail (Lower Body):HP": "38/38",
    "Tail (Lower Body):MP": "12"
  },
  "unitExceptStatus": {
    "HP": 2,
    "MP": 2,
    "Defense": 2
  },
  "loots1Num": "Always",
  "loots1Item": "Scorpion Shell (50G/Red B)",
  "loots2Num": "2 -6",
  "loots2Item": "None",
  "loots3Num": "7～11",
  "loots3Item": "Poison Stinger (100G/Red A)",
  "loots4Num": "12+",
  "loots4Item": "Poison Stinger with Intact Poison Sac (800G/Red A)",
  "fortitude": "7",
  "willpower": "7"
}