{
  "description": "<p>This is a mythical beast that looks like an antelope. Its mouth resembles a human-like shape, and it can speak Humanoid languages.</p><p>Its goal is to protect the deep and quiet environment of the forest. When an invasion occurs in their territory, they will try to guide invaders out of the forest and, if impossible, eliminate them.</p><p>In some cases, they have been seen spending time with Humanoids and others who have chosen to live in symbiosis with the forest.</p>",
  "disposition": "Neutral",
  "habitat": "Forests, Mountains",
  "initiative": "13",
  "intellect": "Average",
  "language": "Trade Common, Arcana",
  "lootsNum": 3,
  "monsterName": "Antar",
  "mndResist": "10",
  "vitResist": "10",
  "lv": "7",
  "parts": "",
  "coreParts": "",
  "mobility": "15 (4 Legs)",
  "mode": "save",
  "paletteInsertType": "exchange",
  "paletteRemoveTags": "1",
  "paletteTool": "bcdice",
  "paletteUseBuff": "1",
  "paletteUseVar": "1",
  "partsNum": 1,
  "perception": "Five senses",
  "reputation": "15",
  "reputation+": "18",
  "weakness": "Magic damage +2 points",
  "result": "OK",
  "sheetDescriptionM": "分類:Mythical Beast　知能:Average　知覚:Five senses　反応:Neutral\n言語:Trade Common, Arcana　生息地:Forests, Mountains\n弱点:Magic damage +2 points\n先制値:13　生命抵抗力:10（17）　精神抵抗力:10（17）",
  "sheetDescriptionS": "分類:Mythical Beast\n弱点:Magic damage +2 points\n先制値:13　生命抵抗力:10（17）　精神抵抗力:10（17）",
  "sin": "0",
  "skills": "<p><strong>►Nature Magic 7 Level/Magic Power 10 (17)</strong></p><p></p><p><strong>◯🗨Magic Aptitude</strong></p><p>They can use the Combat Feats [Targeting], [Magic Convergence], [Magic Control].</p><p><strong>⏩Wrath of the Forest</strong></p><p>It expresses anger at those who disturb the forest.For 3 minutes (18 rounds), its Accuracy and Spellcasting checks get a +1 bonus.This ability can be used only when its HP is less than half. After using this ability, Antar cannot cancel the effect by itself and will not stop fighting until it eliminates the enemy.</p>",
  "status1Accuracy": "8",
  "status1AccuracyFix": 15,
  "status1Damage": "2d+8",
  "status1Defense": "6",
  "status1Evasion": "9",
  "status1EvasionFix": 16,
  "status1Hp": "52",
  "status1Mp": "68",
  "status1Style": "Horns",
  "statusNum": 1,
  "taxa": "Mythical Beast",
  "type": "m",
  "unitStatus": {
    "Horns:HP": "52/52",
    "Horns:MP": "68"
  },
  "unitExceptStatus": {
    "HP": 1,
    "MP": 1,
    "Defense": 1
  },
  "loots1Num": "2～6",
  "loots1Item": "None",
  "loots2Num": "7～10",
  "loots2Item": "Grayish-White Fur (600G/Red A)",
  "loots3Num": "11+",
  "loots3Item": "Silvery-White Fur (2,100G/Gold Red S)",
  "fortitude": "10",
  "willpower": "10"
}