{
  "description": "<p>A young person who has just started taking on assassination work. They have little experience in actual combat, and try their best to eliminate enemies outside of combat.</p>",
  "disposition": "Neutral",
  "habitat": "Various",
  "initiative": "11",
  "intellect": "Average",
  "language": "Trade Common, Regional Dialect, Learned Magic Language",
  "lootsNum": 3,
  "monsterName": "Apprentice Assassin",
  "mndResist": "4",
  "vitResist": "5",
  "lv": "3",
  "parts": "",
  "coreParts": "",
  "mobility": "15/-",
  "mode": "save",
  "paletteInsertType": "exchange",
  "paletteRemoveTags": "1",
  "paletteTool": "bcdice",
  "paletteUseBuff": "1",
  "paletteUseVar": "1",
  "partsNum": 1,
  "perception": "Five Senses",
  "reputation": "6",
  "reputation+": "-",
  "weakness": "None",
  "result": "OK",
  "sheetDescriptionM": "分類:Humanoid　知能:Average　知覚:Five Senses　反応:Neutral\n言語:Trade Common, Regional Dialect, Learned Magic Language　生息地:Various\n弱点:None\n先制値:11　生命抵抗力:5（12）　精神抵抗力:4（11）",
  "sheetDescriptionS": "分類:Humanoid\n弱点:None\n先制値:11　生命抵抗力:5（12）　精神抵抗力:4（11）",
  "sin": "0",
  "skills": "<p><strong>◯Sword's Grace/Change Fate</strong></p><p>Once per day, they may choose to change the result of a Skill Check or Damage roll, by switching the faces of the rolled 2d to the opposite sides.</p><p><strong>🗨Desperate Strike I</strong></p><p>Add +5 damage to a successful Weapon attack. At the same time, the Apprentice Assassin receives 5 points of fixed damage to HP.If the attack is not successful, the Assassin does not receive any fixed damage.</p>",
  "status1Accuracy": "4",
  "status1AccuracyFix": 11,
  "status1Damage": "2d+2",
  "status1Defense": "2",
  "status1Evasion": "4",
  "status1EvasionFix": 11,
  "status1Hp": "19",
  "status1Mp": "9",
  "status1Style": "Weapon",
  "statusNum": 1,
  "taxa": "Humanoid",
  "type": "m",
  "unitStatus": {
    "Weapon:HP": "19/19",
    "Weapon:MP": "9"
  },
  "unitExceptStatus": {
    "HP": 1,
    "MP": 1,
    "Defense": 1
  },
  "loots1Num": "2～6",
  "loots1Item": "None",
  "loots2Num": "7～9",
  "loots2Item": "Bag of Silver (50G/-)",
  "loots3Num": "10+",
  "loots3Item": "Gem (150G/Gold A)",
  "fortitude": "5",
  "willpower": "4"
}