{
  "description": "<p>It is a very powerful Arakcruder (see p. 77). They justify their violent nature by defining justice as simply being strong. When cornered, they go berserk and begin to rampage without restraint.</p>",
  "disposition": "Hostile",
  "habitat": "Mountains",
  "initiative": "18",
  "intellect": "Low",
  "language": "Aviary, Barbaric",
  "lootsNum": 4,
  "monsterName": "Arakcruder Predator",
  "mndResist": "12",
  "vitResist": "13",
  "lv": "10",
  "parts": "",
  "coreParts": "",
  "mobility": "10/40 (Flying)",
  "mode": "save",
  "paletteInsertType": "exchange",
  "paletteRemoveTags": "1",
  "paletteTool": "bcdice",
  "paletteUseBuff": "1",
  "paletteUseVar": "1",
  "partsNum": 1,
  "perception": "Five senses",
  "reputation": "15",
  "reputation+": "18",
  "weakness": "Accuracy +1",
  "result": "OK",
  "sheetDescriptionM": "分類:Barbarous　知能:Low　知覚:Five senses　反応:Hostile\n言語:Aviary, Barbaric　生息地:Mountains\n弱点:Accuracy +1\n先制値:18　生命抵抗力:13（20）　精神抵抗力:12（19）",
  "sheetDescriptionS": "分類:Barbarous\n弱点:Accuracy +1\n先制値:18　生命抵抗力:13（20）　精神抵抗力:12（19）",
  "sin": "4",
  "skills": "<p><strong>◯Flight</strong></p><p>This monster receives a +1 bonus to Accuracy and Evasion only for melee attacks.</p><p><strong>◯Spear Pursuit</strong></p><p>A monster's spear can be used as a melee attack against an opponent who has been attacked with a beak.Accuracy check and damage are the same as those of the beak. This effect is effective only when the monster is Flying.</p><p><strong>🗨Cleave II</strong></p><p>This ability can only be used with [◯Spear Pursuit]. It attacks with a weapon up to 5 characters within the skirmish in which it resides.</p><p><strong>⏩△Techniques</strong></p><p>They may use the [Cat's Eyes], [Bear Muscle], [Gazelle Feet], [Recovery (5 pts.)], and [Beetleskin] Techniques.</p><p><strong>◯Rage</strong></p><p>This effect appears automatically when this monster's current HP becomes less than half its maximum value (rounding up) and disappears automatically when its HP recovers to more than half its maximum value.The monster becomes frenzied and attacks indiscriminately and without regard for the consequences. In all melee attacks, the target is randomly selected from among possible targets, friend or foe. When declaring [🗨Cleave II], select 5 targets at random (or all of them if there are fewer than 5 suitable targets).All melee attacks gain a +2 bonus to Accuracy checks and +4 points to damage. At the same time, the monster receives a -2 penalty on Evasion checks.While this effect is in effect, this monster cannot use the [Recovery] Technique.</p>",
  "status1Accuracy": "12",
  "status1AccuracyFix": 19,
  "status1Damage": "2d+12",
  "status1Defense": "8",
  "status1Evasion": "12",
  "status1EvasionFix": 19,
  "status1Hp": "88",
  "status1Mp": "24",
  "status1Style": "Beak",
  "statusNum": 1,
  "taxa": "Barbarous",
  "type": "m",
  "unitStatus": {
    "Beak:HP": "88/88",
    "Beak:MP": "24"
  },
  "unitExceptStatus": {
    "HP": 1,
    "MP": 1,
    "Defense": 1
  },
  "loots1Num": "Always",
  "loots1Item": "Gems (300G/Gold A)",
  "loots2Num": "2～4",
  "loots2Item": "Beautiful Feathers (30G/Gold Red B)",
  "loots3Num": "5～11",
  "loots3Item": "Seven-colored Feather (200G/Gold Red A)",
  "loots4Num": "12+",
  "loots4Item": "Dazzling Feathers (2,000G/Gold Red S)",
  "fortitude": "13",
  "willpower": "12"
}