{
  "description": "<p>Arakcruders are a type of Barbarous with their entire body is covered with feathers, and heads resembles a bird of prey. It has a pair of large wings growing from their arms. It is about 2 meters tall, but its wing span is twice that when flying. Although their ability to manipulate objects with their hands has degenerated significantly, they can use their legs like hands while flying, and they mainly live in this way. When they have no choice but to walk, they walk upright.</p><p>They are territorial and live in groups, building primitive dwellings in caves, cliffs, or on the tops of large trees, often using floating rocks (see CR I, p. 341) as their strongholds. Although belligerent and ferocious, they revere Garuda (see p. 97) as the King of the Flying Barbarous, and many serve them.</p>",
  "disposition": "Hostile",
  "habitat": "Mountains",
  "initiative": "13",
  "intellect": "Average",
  "language": "Aviary, Barbaric",
  "lootsNum": 3,
  "monsterName": "Arakcruder",
  "mndResist": "6",
  "vitResist": "7",
  "lv": "5",
  "parts": "",
  "coreParts": "",
  "mobility": "10/30(Flying)",
  "mode": "save",
  "paletteInsertType": "exchange",
  "paletteRemoveTags": "1",
  "paletteTool": "bcdice",
  "paletteUseBuff": "1",
  "paletteUseVar": "1",
  "partsNum": 1,
  "perception": "Five senses",
  "reputation": "12",
  "reputation+": "14",
  "weakness": "Accuracy +1",
  "result": "OK",
  "sheetDescriptionM": "分類:Barbarous　知能:Average　知覚:Five senses　反応:Hostile\n言語:Aviary, Barbaric　生息地:Mountains\n弱点:Accuracy +1\n先制値:13　生命抵抗力:7（14）　精神抵抗力:6（13）",
  "sheetDescriptionS": "分類:Barbarous\n弱点:Accuracy +1\n先制値:13　生命抵抗力:7（14）　精神抵抗力:6（13）",
  "sin": "3",
  "skills": "<p><strong>◯Flight</strong></p><p>This monster receives a +1 bonus to Accuracy and Evasion only for melee attacks.</p><p><strong>◯Spear Pursuit</strong></p><p>A monster's spear can be used as a melee attack against an opponent who has been attacked with a beak.Accuracy check and damage are the same as those of the beak. This effect is effective only when the monster is Flying.</p>",
  "status1Accuracy": "7",
  "status1AccuracyFix": 14,
  "status1Damage": "2d+5",
  "status1Defense": "4",
  "status1Evasion": "7",
  "status1EvasionFix": 14,
  "status1Hp": "39",
  "status1Mp": "13",
  "status1Style": "Beak",
  "statusNum": 1,
  "taxa": "Barbarous",
  "type": "m",
  "unitStatus": {
    "Beak:HP": "39/39",
    "Beak:MP": "13"
  },
  "unitExceptStatus": {
    "HP": 1,
    "MP": 1,
    "Defense": 1
  },
  "loots1Num": "2～6",
  "loots1Item": "None",
  "loots2Num": "7～9",
  "loots2Item": "Beautiful Feathers (30G/Gold Red B)",
  "loots3Num": "10+",
  "loots3Item": "Seven-colored Feather (200G/Gold Red A)",
  "fortitude": "7",
  "willpower": "6"
}