{
  "description": "<p>Among the Arakcruder (see p. 77), these are the ones most skilled with spears, who lead their tribes in hunting and eliminating foreign enemies.</p>",
  "disposition": "Hostile",
  "habitat": "Mountains",
  "initiative": "16",
  "intellect": "Average",
  "language": "Avian, Barbaric",
  "lootsNum": 3,
  "monsterName": "Arakcruder Hunter",
  "mndResist": "10",
  "vitResist": "10",
  "lv": "8",
  "parts": "",
  "coreParts": "",
  "mobility": "10/35(Flying)",
  "mode": "save",
  "paletteInsertType": "exchange",
  "paletteRemoveTags": "1",
  "paletteTool": "bcdice",
  "paletteUseBuff": "1",
  "paletteUseVar": "1",
  "partsNum": 1,
  "perception": "Five senses",
  "reputation": "14",
  "reputation+": "16",
  "weakness": "Accuracy +1",
  "result": "OK",
  "sheetDescriptionM": "分類:Barbarous　知能:Average　知覚:Five senses　反応:Hostile\n言語:Avian, Barbaric　生息地:Mountains\n弱点:Accuracy +1\n先制値:16　生命抵抗力:10（17）　精神抵抗力:10（17）",
  "sheetDescriptionS": "分類:Barbarous\n弱点:Accuracy +1\n先制値:16　生命抵抗力:10（17）　精神抵抗力:10（17）",
  "sin": "3",
  "skills": "<p><strong>◯Flight</strong></p><p>This monster receives a +1 bonus to Accuracy and Evasion only for melee attacks.</p><p><strong>◯Spear Pursuit</strong></p><p>This monster's spear can be used as a melee attack against an opponent who has been attacked with a beak.Accuracy check and damage are the same as those of the beak. This effect is effective only when the monster is Flying.</p><p><strong>🗨Cleave I</strong></p><p>This ability can only be used with [◯Spear Pursuit]. It can attack up to 3 characters within reach with melee attacks, but the damage will be reduced by -3. If more than one is hit, the damage is determined individually.</p><p><strong>⏩△Techniques</strong></p><p>They may use the [Cat's Eyes], [Bear Muscle], [Gazelle Feet], and [Beetleskin] Techniques.</p>",
  "status1Accuracy": "10",
  "status1AccuracyFix": 17,
  "status1Damage": "2d+9",
  "status1Defense": "6",
  "status1Evasion": "10",
  "status1EvasionFix": 17,
  "status1Hp": "77",
  "status1Mp": "18",
  "status1Style": "Beak",
  "statusNum": 1,
  "taxa": "Barbarous",
  "type": "m",
  "unitStatus": {
    "Beak:HP": "77/77",
    "Beak:MP": "18"
  },
  "unitExceptStatus": {
    "HP": 1,
    "MP": 1,
    "Defense": 1
  },
  "loots1Num": "Always",
  "loots1Item": "Gems (150G/Gold A)",
  "loots2Num": "2～7",
  "loots2Item": "Beautiful Feathers (30G/Gold Red B)",
  "loots3Num": "8+",
  "loots3Item": "Seven-colored Feather (200G/Gold Red A)",
  "fortitude": "10",
  "willpower": "10"
}