{
  "description": "<p>Arbors are Barbarous that live deep within the forest. They resemble Humans but have white skin like snow and white or light green hair. They have large eye-like patterns on their forehead and all over their body.</p><p>Arbors are considered close relatives of Meria. Although they do not have flowers, their ecology and body structure are similar to those of the long-lived Meria. According to legend, during the War of the Gods, the trees in the forests that Dwarves burned to make large quantities of armor took human form with the hatred fueled by Ignis. Arbors especially hate Dwarves and are also enemies of Artificers, since their forests were massively cut down during the Magitech Civilization Period.</p><p>Arbors are skilled at spy missions and may engage in intelligence, reconnaissance, and sabotage in cooperation with Drakes and other Upper Barbarous (see ML p. 60).</p><p>They have a small number of soulscars and are not affected by Swords of Protection, so they may lead Ogres (see p. 83) to infiltrate the city. However, since Arbors themselves do not have the shapeshifting ability, it is relatively easy to detect their disguise. Even if they are discovered, Arbors are not only excellent sword-wielders, but also fearsome Fairy and Nature magic- users with the ability to make people feel the fire of rage.</p>",
  "disposition": "Hostile",
  "habitat": "Forests",
  "initiative": "14",
  "intellect": "Average",
  "language": "Trade Common, Barbaric, Drakish, Sylvan",
  "lootsNum": 3,
  "monsterName": "Arbor",
  "mndResist": "9",
  "vitResist": "9",
  "lv": "6",
  "parts": "",
  "coreParts": "",
  "mobility": "16",
  "mode": "save",
  "paletteInsertType": "exchange",
  "paletteRemoveTags": "1",
  "paletteTool": "bcdice",
  "paletteUseBuff": "1",
  "paletteUseVar": "1",
  "partsNum": 1,
  "perception": "Five Senses",
  "reputation": "14",
  "reputation+": "17",
  "weakness": "Fire damage + 3 points",
  "result": "OK",
  "sheetDescriptionM": "分類:Barbarous　知能:Average　知覚:Five Senses　反応:Hostile\n言語:Trade Common, Barbaric, Drakish, Sylvan　生息地:Forests\n弱点:Fire damage + 3 points\n先制値:14　生命抵抗力:9（16）　精神抵抗力:9（16）",
  "sheetDescriptionS": "分類:Barbarous\n弱点:Fire damage + 3 points\n先制値:14　生命抵抗力:9（16）　精神抵抗力:9（16）",
  "sin": "2",
  "skills": "<p><strong>►Magic (1 system) 5 Level / Magic Power 8 (15)</strong></p><p>An Arbor can cast either Fairy Magic or Nature Magic at the 5th level.In the case of Fairy Magic, the types used are \"Earth\" and \"Fire\".</p><p><strong>◯🗨Magic Aptitude</strong></p><p>They can use the Combat Feats [Targeting], [Metamagic/Targets], and [Multi-Action].</p><p><strong>►Weapons of Raging Fire</strong></p><p>Sows weapons with its own angry fire. The Arbor empowers up to 5 targets within an area (3m radius) centered on itself with fire. Empowered targets now deal Fire-type damage, and their melee and ranged weapons are treated as magical weapons for 3 minutes (18 rounds), granting +2 points to physical damage (not magic damage).Using this effect consumes 8 points of MP.</p>",
  "status1Accuracy": "9",
  "status1AccuracyFix": 16,
  "status1Damage": "2d+7",
  "status1Defense": "4",
  "status1Evasion": "7",
  "status1EvasionFix": 14,
  "status1Hp": "52",
  "status1Mp": "36",
  "status1Style": "Weapon",
  "statusNum": 1,
  "taxa": "Barbarous",
  "type": "m",
  "unitStatus": {
    "Weapon:HP": "52/52",
    "Weapon:MP": "36"
  },
  "unitExceptStatus": {
    "HP": 1,
    "MP": 1,
    "Defense": 1
  },
  "loots1Num": "Always",
  "loots1Item": "Ominous Branches (130G/Red Green A)",
  "loots2Num": "2～8",
  "loots2Item": "None",
  "loots3Num": "9+",
  "loots3Item": "Fiery Residue (900G/Gold A)",
  "fortitude": "9",
  "willpower": "9"
}