{
  "description": "<p>This is an Arbor leader, an experienced member of the clan. The number of eye-like patterns on their body has been increasing with age, and they look more mischievous.</p><p>They lead the younger Arbors and Ogres in attacks and sabotage of Humanoid cities and strongholds.</p><p>They are skilled defenders and fire fighters, adept at surrounding their targets and ensuring that the job gets done.</p><p>They also seem to be able to mate with long-lived Meria, and long-lived Meria have been seen living together with Arbor Seniors in captivity.</p>",
  "disposition": "Hostile",
  "habitat": "Forests",
  "initiative": "16",
  "intellect": "Average",
  "language": "Trade Common, Barbaric, Drakish, Sylvan",
  "lootsNum": 4,
  "monsterName": "Arbor Senior",
  "mndResist": "11",
  "vitResist": "11",
  "lv": "8",
  "parts": "",
  "coreParts": "",
  "mobility": "18",
  "mode": "save",
  "paletteInsertType": "exchange",
  "paletteRemoveTags": "1",
  "paletteTool": "bcdice",
  "paletteUseBuff": "1",
  "paletteUseVar": "1",
  "partsNum": 1,
  "perception": "Five Senses",
  "reputation": "16",
  "reputation+": "19",
  "weakness": "Fire damage + 3 points",
  "result": "OK",
  "sheetDescriptionM": "分類:Barbarous　知能:Average　知覚:Five Senses　反応:Hostile\n言語:Trade Common, Barbaric, Drakish, Sylvan　生息地:Forests\n弱点:Fire damage + 3 points\n先制値:16　生命抵抗力:11（18）　精神抵抗力:11（18）",
  "sheetDescriptionS": "分類:Barbarous\n弱点:Fire damage + 3 points\n先制値:16　生命抵抗力:11（18）　精神抵抗力:11（18）",
  "sin": "2",
  "skills": "<p><strong>►Magic (1 system) 7 Level / Magic Power 10 (17)</strong></p><p>An Arbor Senior can cast either Fairy Magic or Nature Magic at 7th level.In the case of Fairy Magic, the types used are \"Earth\" and \"Fire\".</p><p><strong>◯🗨Magic Aptitude</strong></p><p>They can use the Combat Feats [Targeting], [Hawk Eye], [Metamagic/Targets], and [Multi-Action].</p><p><strong>►Flame Shield</strong></p><p>The Arbor Senior creates a wall of fire with his anger. It is placed in front of up to 5 targets within a 3m radius of the Arbor Senior, and the target gains +3 Defense for 3 minutes (18 rounds). Also, any character who uses a melee attack or \"Range: Touch\" effect against the target during the duration of this effect will receive 5 fire magic damage after the damage or effect applied. There is no resistance against this damage, but reducing magic damage and fire damage are effective.</p>",
  "status1Accuracy": "11",
  "status1AccuracyFix": 18,
  "status1Damage": "2d+10",
  "status1Defense": "6",
  "status1Evasion": "9",
  "status1EvasionFix": 16,
  "status1Hp": "68",
  "status1Mp": "46",
  "status1Style": "Weapon",
  "statusNum": 1,
  "taxa": "Barbarous",
  "type": "m",
  "unitStatus": {
    "Weapon:HP": "68/68",
    "Weapon:MP": "46"
  },
  "unitExceptStatus": {
    "HP": 1,
    "MP": 1,
    "Defense": 1
  },
  "loots1Num": "Always",
  "loots1Item": "Ominous Branches (130G/Red Green A) x 2",
  "loots2Num": "2～6",
  "loots2Item": "None",
  "loots3Num": "7～10",
  "loots3Item": "Fiery Residue (900G/Gold A)",
  "loots4Num": "11+",
  "loots4Item": "Vindictive Residue (2,400G/Gold S)",
  "fortitude": "11",
  "willpower": "11"
}