{
  "description": "<p>This is the chief of the village of Arbors. At first glance, there is no difference from the young Arbor. However, their eye-like patterns have increased, and their skin shows bark-like cracks.</p><p>They are even more adept at magic, and their ability to control fire is also formidable.</p><p>In large Arbor villages, several elders may rule in the council. These settlements are very powerful and dangerous. The elders may serve as counselors to Drakes and other Upper Barbarous and are skilled at intelligence work.</p>",
  "disposition": "Hostile",
  "habitat": "Forests",
  "initiative": "18",
  "intellect": "Average",
  "language": "Trade Common, Barbaric, Drakish, Sylvan",
  "lootsNum": 3,
  "monsterName": "Arbor Elder",
  "mndResist": "13",
  "vitResist": "13",
  "lv": "10",
  "parts": "",
  "coreParts": "",
  "mobility": "20",
  "mode": "save",
  "paletteInsertType": "exchange",
  "paletteRemoveTags": "1",
  "paletteTool": "bcdice",
  "paletteUseBuff": "1",
  "paletteUseVar": "1",
  "partsNum": 1,
  "perception": "Five senses",
  "reputation": "18",
  "reputation+": "21",
  "weakness": "Fire damage +3 points",
  "result": "OK",
  "sheetDescriptionM": "分類:Barbarous　知能:Average　知覚:Five senses　反応:Hostile\n言語:Trade Common, Barbaric, Drakish, Sylvan　生息地:Forests\n弱点:Fire damage +3 points\n先制値:18　生命抵抗力:13（20）　精神抵抗力:13（20）",
  "sheetDescriptionS": "分類:Barbarous\n弱点:Fire damage +3 points\n先制値:18　生命抵抗力:13（20）　精神抵抗力:13（20）",
  "sin": "2",
  "skills": "<p><strong>►Magic (1 system) 10 Level /Magic Power 13 (20)</strong></p><p>Arbor Senior can cast either Fairy Magic or Nature Magic at the 10th level. In the case of Fairy Magic, the types used are \"Earth\" and \"Fire\".</p><p><strong>◯🗨Magic Aptitude</strong></p><p>They can use the Combat Feats [Targeting], [Magic Convergence], [Magic Control], [Hawk Eye], [Metamagic/Targets],[Multi-Action].</p><p><strong>►Roaring Fire Armor</strong></p><p>Arbor cloaks in its rage themself and its surroundings in a suit of flaming armor. Up to 10 targets in 1 area (3m radius) around the Arbor Elder treat their weapons as fire-type magic weapons (that still deal physical damage) and gain +2 points of damage for 10 seconds (1 round). At the same time, the target's Defense is reduced by 12 points.This effect can be used only once per round, and it costs 10 MP.</p>",
  "status1Accuracy": "13",
  "status1AccuracyFix": 20,
  "status1Damage": "2d+10",
  "status1Defense": "8",
  "status1Evasion": "11",
  "status1EvasionFix": 18,
  "status1Hp": "85",
  "status1Mp": "59",
  "status1Style": "Weapon",
  "statusNum": 1,
  "taxa": "Barbarous",
  "type": "m",
  "unitStatus": {
    "Weapon:HP": "85/85",
    "Weapon:MP": "59"
  },
  "unitExceptStatus": {
    "HP": 1,
    "MP": 1,
    "Defense": 1
  },
  "loots1Num": "Always",
  "loots1Item": "Ominous Branches (130G/Red Green A) x 1d",
  "loots2Num": "2～8",
  "loots2Item": "Fiery Residue (900G/Gold A)",
  "loots3Num": "9+",
  "loots3Item": "Vindictive Residue (2,400G/Gold S)",
  "fortitude": "13",
  "willpower": "13"
}