{
  "description": "<p>An Areigo who holds the rank of leader. They are sometimes charged with giving orders and maintaining discipline with Barbarous legions, but it is rare that they are able to fully fulfill this role.</p>",
  "disposition": "Hostile",
  "habitat": "Plains, Ruins",
  "initiative": "16",
  "intellect": "Average",
  "language": "Barbaric, Youma, Drakish",
  "lootsNum": 4,
  "monsterName": "Areigo Akid",
  "mndResist": "10",
  "vitResist": "11",
  "lv": "8",
  "parts": "",
  "coreParts": "",
  "mobility": "20/-",
  "mode": "save",
  "paletteInsertType": "exchange",
  "paletteRemoveTags": "1",
  "paletteTool": "bcdice",
  "paletteUseBuff": "1",
  "paletteUseVar": "1",
  "partsNum": 1,
  "perception": "Five Senses (Darkvision)",
  "reputation": "15",
  "reputation+": "18",
  "weakness": "Physical Damage +2",
  "result": "OK",
  "sheetDescriptionM": "分類:Barbarous　知能:Average　知覚:Five Senses (Darkvision)　反応:Hostile\n言語:Barbaric, Youma, Drakish　生息地:Plains, Ruins\n弱点:Physical Damage +2\n先制値:16　生命抵抗力:11（18）　精神抵抗力:10（17）",
  "sheetDescriptionS": "分類:Barbarous\n弱点:Physical Damage +2\n先制値:16　生命抵抗力:11（18）　精神抵抗力:10（17）",
  "sin": "4",
  "skills": "<p><strong>⏩Stratagem & Maneuvers/All Areas (30m Radius)</strong></p><p>Can use [Surging Offense II: Whirlwind] (Accuracy +1).Every third turn uses [Maneuver: Unexpected Blow I] (Accuracy +2, Damage +2). If there are no characters eligible to be effected by a Stratagem, these abilities will not be used.</p><p><strong>►Self-Destruction/10 (17)/Fortitude/Half</strong></p><p>\"Range: Caster\", \"Target: 1 area (6m Radius)/20\" deals 2d+8 Bludgeoning magic damage, and then the Areigo's HP becomes 0 and it dies.</p>",
  "status1Accuracy": "10",
  "status1AccuracyFix": 17,
  "status1Damage": "2d+10",
  "status1Defense": "6",
  "status1Evasion": "10",
  "status1EvasionFix": 17,
  "status1Hp": "67",
  "status1Mp": "31",
  "status1Style": "Battle Flag",
  "statusNum": 1,
  "taxa": "Barbarous",
  "type": "m",
  "unitStatus": {
    "Battle Flag:HP": "67/67",
    "Battle Flag:MP": "31"
  },
  "unitExceptStatus": {
    "HP": 1,
    "MP": 1,
    "Defense": 1
  },
  "loots1Num": "Always",
  "loots1Item": "Barbarous Flag (2000G / Red Green S)",
  "loots2Num": "2～9",
  "loots2Item": "Explosive Reactant Crystal Debris (600G / Red Black A)",
  "loots3Num": "10+",
  "loots3Item": "Fragment of Explosive Reactant Crystal (1600G / Red",
  "loots4Num": "Black S)",
  "loots4Item": "VALUE NOT SET",
  "fortitude": "11",
  "willpower": "10"
}