{
  "description": "<p>A Barbarous with a frail body but a plump abdomen. By pounding its belly like a gong, it boosts the morale of its surrounding comrades.</p><p>Its stomach contains a high density of crystallized mana, which it can explode at will.</p>",
  "disposition": "Hostile",
  "habitat": "Plains, Ruins",
  "initiative": "13",
  "intellect": "Average",
  "language": "Barbaric, Youma, Drakish",
  "lootsNum": 4,
  "monsterName": "Areigo",
  "mndResist": "6",
  "vitResist": "7",
  "lv": "5",
  "parts": "",
  "coreParts": "",
  "mobility": "20/-",
  "mode": "save",
  "paletteInsertType": "exchange",
  "paletteRemoveTags": "1",
  "paletteTool": "bcdice",
  "paletteUseBuff": "1",
  "paletteUseVar": "1",
  "partsNum": 1,
  "perception": "Five Senses (Darkvision)",
  "reputation": "12",
  "reputation+": "15",
  "weakness": "Physical Damage +2",
  "result": "OK",
  "sheetDescriptionM": "分類:Barbarous　知能:Average　知覚:Five Senses (Darkvision)　反応:Hostile\n言語:Barbaric, Youma, Drakish　生息地:Plains, Ruins\n弱点:Physical Damage +2\n先制値:13　生命抵抗力:7（14）　精神抵抗力:6（13）",
  "sheetDescriptionS": "分類:Barbarous\n弱点:Physical Damage +2\n先制値:13　生命抵抗力:7（14）　精神抵抗力:6（13）",
  "sin": "4",
  "skills": "<p><strong>⏩Stratagem & Maneuvers/1 Area (5m Radius)</strong></p><p>Can use [Surging Offense I] (Physical Damage +1).Every third turn, uses [Maneuver: Unexpected Blow I] (Accuracy +2, Damage +2). If there are no characters eligible to be affected by a Stratagem, these abilities will not be used.</p><p><strong>►Self-Destruction/7 (14)/Fortitude/Half</strong></p><p>\"Range: Caster\", \"Target: 1 area (3m Radius)/5\" deals 2d+5 Bludgeoning magic damage, and then the Areigo's HP becomes 0 and it dies.</p>",
  "status1Accuracy": "7",
  "status1AccuracyFix": 14,
  "status1Damage": "2d+5",
  "status1Defense": "3",
  "status1Evasion": "6",
  "status1EvasionFix": 13,
  "status1Hp": "34",
  "status1Mp": "13",
  "status1Style": "Battle Flag",
  "statusNum": 1,
  "taxa": "Barbarous",
  "type": "m",
  "unitStatus": {
    "Battle Flag:HP": "34/34",
    "Battle Flag:MP": "13"
  },
  "unitExceptStatus": {
    "HP": 1,
    "MP": 1,
    "Defense": 1
  },
  "loots1Num": "Always",
  "loots1Item": "Barbarous Flag (2000G/Red Green S)",
  "loots2Num": "2～8",
  "loots2Item": "None",
  "loots3Num": "9～12",
  "loots3Item": "Explosive Reactant Crystal Debris (600G/Red Black A)",
  "loots4Num": "13+",
  "loots4Item": "Fragment of Explosive Reactant Crystal (1600G/Red Black S)",
  "fortitude": "7",
  "willpower": "6"
}