{
  "description": "<p>An Areigo Tactician. Areigo rarely command from the vanguard of the army, so it is considered to be the de facto highest rank amongst them.</p>",
  "disposition": "Hostile",
  "habitat": "Plains, Ruins",
  "initiative": "21",
  "intellect": "Average",
  "language": "Barbaric, Youma, Drakish",
  "lootsNum": 4,
  "monsterName": "Areigo Daved",
  "mndResist": "15",
  "vitResist": "15",
  "lv": "12",
  "parts": "",
  "coreParts": "",
  "mobility": "20/-",
  "mode": "save",
  "paletteInsertType": "exchange",
  "paletteRemoveTags": "1",
  "paletteTool": "bcdice",
  "paletteUseBuff": "1",
  "paletteUseVar": "1",
  "partsNum": 1,
  "perception": "Five Senses (Darkvision)",
  "reputation": "18",
  "reputation+": "21",
  "weakness": "Physical Damage +2",
  "result": "OK",
  "sheetDescriptionM": "分類:Barbarous　知能:Average　知覚:Five Senses (Darkvision)　反応:Hostile\n言語:Barbaric, Youma, Drakish　生息地:Plains, Ruins\n弱点:Physical Damage +2\n先制値:21　生命抵抗力:15（22）　精神抵抗力:15（22）",
  "sheetDescriptionS": "分類:Barbarous\n弱点:Physical Damage +2\n先制値:21　生命抵抗力:15（22）　精神抵抗力:15（22）",
  "sin": "4",
  "skills": "<p><strong>⏩Stratagem & Maneuvers / All Areas (50m Radius)</strong></p><p>Can use [Surging Offense IV: Blaze] (+3 Physical Damage).Every third turn uses [Maneuver: Unexpected Blow II] (Accuracy +4, Damage +4). If there are no characters eligible to be effected by a Stratagem, these abilities will not be used.</p><p><strong>►Life in Death / 15 (22) / Fortitude / Half</strong></p><p>At \"Range: Caster\" and \"Target: 1 area (6m Radius) / 20, deals 2d+12 Bludgeoning magic damage. This ability can be used only once, and Areigo Daved HP is reduced to 1 HP after it is used.</p>",
  "status1Accuracy": "15",
  "status1AccuracyFix": 22,
  "status1Damage": "2d+16",
  "status1Defense": "10",
  "status1Evasion": "15",
  "status1EvasionFix": 22,
  "status1Hp": "116",
  "status1Mp": "49",
  "status1Style": "Battle Flag",
  "statusNum": 1,
  "taxa": "Barbarous",
  "type": "m",
  "unitStatus": {
    "Battle Flag:HP": "116/116",
    "Battle Flag:MP": "49"
  },
  "unitExceptStatus": {
    "HP": 1,
    "MP": 1,
    "Defense": 1
  },
  "loots1Num": "Always",
  "loots1Item": "Noble Barbarous' Banner (5500G Red Green S)",
  "loots2Num": "2～6",
  "loots2Item": "None",
  "loots3Num": "7～10",
  "loots3Item": "Explosive Reactant Crystal Debris (600G / Red Black A)",
  "loots4Num": "11+",
  "loots4Item": "Fragment of Explosive Reactant Crystal (1600G / Red Black S)",
  "fortitude": "15",
  "willpower": "15"
}