{
  "description": "<p>Argagis is a Daemon that resembles an armadillo covered with a hard shell. It is characterized by its extreme strength and sturdiness. Its defense is further strengthened by its rounded back, which forms a considerable sphere that crushes its enemies. It does not have a high intellect and often follows other Daemons as a guard.</p>",
  "disposition": "Hostile",
  "habitat": "Labyrinths, Ruins",
  "initiative": "14",
  "intellect": "Low",
  "language": "Daemonic",
  "lootsNum": 3,
  "monsterName": "Argagis",
  "mndResist": "9",
  "vitResist": "10",
  "lv": "7",
  "parts": "",
  "coreParts": "",
  "mobility": "15 (4 Legs)",
  "mode": "save",
  "paletteInsertType": "exchange",
  "paletteRemoveTags": "1",
  "paletteTool": "bcdice",
  "paletteUseBuff": "1",
  "paletteUseVar": "1",
  "partsNum": 1,
  "perception": "Five senses (Darkvision)",
  "reputation": "13",
  "reputation+": "16",
  "weakness": "Water/Ice damage +3 points",
  "result": "OK",
  "sheetDescriptionM": "分類:Daemon　知能:Low　知覚:Five senses (Darkvision)　反応:Hostile\n言語:Daemonic　生息地:Labyrinths, Ruins\n弱点:Water/Ice damage +3 points\n先制値:14　生命抵抗力:10（17）　精神抵抗力:9（16）",
  "sheetDescriptionS": "分類:Daemon\n弱点:Water/Ice damage +3 points\n先制値:14　生命抵抗力:10（17）　精神抵抗力:9（16）",
  "sin": "0",
  "skills": "<p><strong>◯Multiple Actions = 2 times</strong></p><p></p><p><strong>◯Continuous Attack</strong></p><p>If a monster successfully hits a target in melee, it may make a second attack against the same target.</p><p><strong>🗨Ball Roll</strong></p><p>Argagis increases its Defense by +3 points and movement by +15m. At the same time, its damage is reduced by -3.</p><p><strong>🗨△Cover I</strong></p><p>Can use [Cover I] combat feat.</p><p><strong>🗨All-Out Attack</strong></p><p>A Slam can deal an additional 8 damage on its next attack. However, any Evasion check made by this section this turn receives a -3 penalty as a risk.</p>",
  "status1Accuracy": "8",
  "status1AccuracyFix": 15,
  "status1Damage": "2d+11",
  "status1Defense": "9",
  "status1Evasion": "7",
  "status1EvasionFix": 14,
  "status1Hp": "66",
  "status1Mp": "12",
  "status1Style": "Slam",
  "statusNum": 1,
  "taxa": "Daemon",
  "type": "m",
  "unitStatus": {
    "Slam:HP": "66/66",
    "Slam:MP": "12"
  },
  "unitExceptStatus": {
    "HP": 1,
    "MP": 1,
    "Defense": 1
  },
  "loots1Num": "Always",
  "loots1Item": "Daemon's Blood (100G/Red A)",
  "loots2Num": "2～10",
  "loots2Item": "Sturdy Shell (200G/Red A)",
  "loots3Num": "11+",
  "loots3Item": "High-Quality Shell (1,200G/Red S)",
  "fortitude": "10",
  "willpower": "9"
}