{
  "description": "<p>An arms-bearing merchant. They have learned a number of self-defense techniques to use against opponents, and make use of their wits to protect themselves when in danger.</p>",
  "disposition": "Neutral",
  "habitat": "Various",
  "initiative": "8",
  "intellect": "Average",
  "language": "Trade Common, Regional Dialect",
  "lootsNum": 3,
  "monsterName": "Armed Merchant",
  "mndResist": "2",
  "vitResist": "3",
  "lv": "1",
  "parts": "",
  "coreParts": "",
  "mobility": "11/-",
  "mode": "save",
  "paletteInsertType": "exchange",
  "paletteRemoveTags": "1",
  "paletteTool": "bcdice",
  "paletteUseBuff": "1",
  "paletteUseVar": "1",
  "partsNum": 1,
  "perception": "Five Senses",
  "reputation": "4",
  "reputation+": "-",
  "weakness": "None",
  "result": "OK",
  "sheetDescriptionM": "分類:Humanoid　知能:Average　知覚:Five Senses　反応:Neutral\n言語:Trade Common, Regional Dialect　生息地:Various\n弱点:None\n先制値:8　生命抵抗力:3（10）　精神抵抗力:2（9）",
  "sheetDescriptionS": "分類:Humanoid\n弱点:None\n先制値:8　生命抵抗力:3（10）　精神抵抗力:2（9）",
  "sin": "0",
  "skills": "<p><strong>◯Sword's Grace/Change Fate</strong></p><p>Once per day, they may choose to change the result of a Skill Check or Damage roll, by switching the faces of the rolled 2d to the opposite sides.</p><p><strong>►Barricade</strong></p><p>Places an improvised obstacle in front of the merchant to hide for 10 seconds (1 round), granting +4 Defense, and rendering them unable to be targeted by ranged attacks or magic from a different area (Simplified Combat) or from a distance of 10m or greater (Standard/Advanced Combat). This improvised obstacle is treated as a Wooden Fence (thickness: 2cm) (see CR III, p. 122)This ability can only be used once.</p>",
  "status1Accuracy": "3",
  "status1AccuracyFix": 10,
  "status1Damage": "2d+1",
  "status1Defense": "2",
  "status1Evasion": "2",
  "status1EvasionFix": 9,
  "status1Hp": "13",
  "status1Mp": "10",
  "status1Style": "Weapon",
  "statusNum": 1,
  "taxa": "Humanoid",
  "type": "m",
  "unitStatus": {
    "Weapon:HP": "13/13",
    "Weapon:MP": "10"
  },
  "unitExceptStatus": {
    "HP": 1,
    "MP": 1,
    "Defense": 1
  },
  "loots1Num": "2～5",
  "loots1Item": "None",
  "loots2Num": "6～9",
  "loots2Item": "Bag of Silver (30G/-)",
  "loots3Num": "10+",
  "loots3Item": "Bag of Silver (50G/-)",
  "fortitude": "3",
  "willpower": "2"
}