{
  "description": "<p>Hoodlings are a small Youma common on the Alframe continent. They are ugly and have grayish skin. They have large heads, long, slender limbs, and walk with a forward slant.</p><p>They hate their look and hide by wearing hoods. Also, they hate beautiful things and especially enjoy killing Humans and Elves.</p><p>Arrow Hoodlings are armed with bows and prefer to surround their prey in groups, shooting and killing them all at once.</p>",
  "disposition": "Hostile",
  "habitat": "Various",
  "initiative": "9",
  "intellect": "Low",
  "language": "Barbaric, Youma",
  "lootsNum": 3,
  "monsterName": "Arrow Hoodling",
  "mndResist": "3",
  "vitResist": "2",
  "lv": "1",
  "parts": "",
  "coreParts": "",
  "mobility": "10",
  "mode": "save",
  "paletteInsertType": "exchange",
  "paletteRemoveTags": "1",
  "paletteTool": "bcdice",
  "paletteUseBuff": "1",
  "paletteUseVar": "1",
  "partsNum": 1,
  "perception": "Five senses",
  "reputation": "6",
  "reputation+": "11",
  "weakness": "Magic Damage +2 points",
  "result": "OK",
  "sheetDescriptionM": "分類:Barbarous　知能:Low　知覚:Five senses　反応:Hostile\n言語:Barbaric, Youma　生息地:Various\n弱点:Magic Damage +2 points\n先制値:9　生命抵抗力:2（9）　精神抵抗力:3（10）",
  "sheetDescriptionS": "分類:Barbarous\n弱点:Magic Damage +2 points\n先制値:9　生命抵抗力:2（9）　精神抵抗力:3（10）",
  "sin": "1",
  "skills": "<p><strong>►Bow</strong></p><p>Shooting Attack with a bow at \"Range: 2 (20m)\". Accuracy check and damage are the same as a normal attack.</p><p><strong>◯Targeting</strong></p><p>Stray shots cannot occur.</p>",
  "status1Accuracy": "3",
  "status1AccuracyFix": 10,
  "status1Damage": "2d+1",
  "status1Defense": "1",
  "status1Evasion": "0",
  "status1EvasionFix": 7,
  "status1Hp": "10",
  "status1Mp": "10",
  "status1Style": "Weapon",
  "statusNum": 1,
  "taxa": "Barbarous",
  "type": "m",
  "unitStatus": {
    "Weapon:HP": "10/10",
    "Weapon:MP": "10"
  },
  "unitExceptStatus": {
    "HP": 1,
    "MP": 1,
    "Defense": 1
  },
  "loots1Num": "Always",
  "loots1Item": "Crude Weapon (10G/Black White B)",
  "loots2Num": "2～7",
  "loots2Item": "None",
  "loots3Num": "8+",
  "loots3Item": "Dirty Hood (20G/White B)",
  "fortitude": "2",
  "willpower": "3"
}