{
  "description": "<p>A high level marksman and Magitech user, with enough skill and attack power to slay foes with a preemptive strike. In combat, they prefer to split away from their allies and strike down their opponents from hidden vantage position.</p>",
  "disposition": "Neutral",
  "habitat": "Various",
  "initiative": "19",
  "intellect": "Average",
  "language": "Trade Common, Regional Dialect, Magitech",
  "lootsNum": 5,
  "monsterName": "Artificer Sniper",
  "mndResist": "15",
  "vitResist": "15",
  "lv": "12",
  "parts": "",
  "coreParts": "",
  "mobility": "16/-",
  "mode": "save",
  "paletteInsertType": "exchange",
  "paletteRemoveTags": "1",
  "paletteTool": "bcdice",
  "paletteUseBuff": "1",
  "paletteUseVar": "1",
  "partsNum": 1,
  "perception": "Five Senses",
  "reputation": "15",
  "reputation+": "-",
  "weakness": "None",
  "result": "OK",
  "sheetDescriptionM": "分類:Humanoid　知能:Average　知覚:Five Senses　反応:Neutral\n言語:Trade Common, Regional Dialect, Magitech　生息地:Various\n弱点:None\n先制値:19　生命抵抗力:15（22）　精神抵抗力:15（22）",
  "sheetDescriptionS": "分類:Humanoid\n弱点:None\n先制値:19　生命抵抗力:15（22）　精神抵抗力:15（22）",
  "sin": "0",
  "skills": "<p><strong>◯Sword's Grace/Change Fate</strong></p><p>Once per day, they may choose to change the result of a Skill Check or Damage roll, by switching the faces of the rolled 2d to the opposite sides.</p><p><strong>►Magitech 10 Level/Magic Power 14 (21)</strong></p><p></p><p><strong>◯🗨Magic/Gunfire Aptitude</strong></p><p>Knows [Targeting], [Magic Convergence], [Magic Control], and [Hawk Eye] Combat Feats.</p><p><strong>►Gunfire / 16 (23) / Evasion / Negates</strong></p><p>Performs a Ranged Attack using a gun with the following data (Name, req. Strength, etc. are omitted).</p>",
  "status1Accuracy": "16",
  "status1AccuracyFix": 23,
  "status1Damage": "2d+15",
  "status1Defense": "5",
  "status1Evasion": "14",
  "status1EvasionFix": 21,
  "status1Hp": "85",
  "status1Mp": "76",
  "status1Style": "Weapon",
  "statusNum": 1,
  "taxa": "Humanoid",
  "type": "m",
  "unitStatus": {
    "Weapon:HP": "85/85",
    "Weapon:MP": "76"
  },
  "unitExceptStatus": {
    "HP": 1,
    "MP": 1,
    "Defense": 1
  },
  "loots1Num": "Always",
  "loots1Item": "Magisphere (Large) (500G/-)",
  "loots2Num": "2～5",
  "loots2Item": "None",
  "loots3Num": "6～8",
  "loots3Item": "Bag of Silver (300G/-) x2d",
  "loots4Num": "9～12",
  "loots4Item": "Bag of Silver (400G/-) x2d",
  "loots5Num": "13+",
  "loots5Item": "Customized Weapon (5000G/Black White S)",
  "fortitude": "15",
  "willpower": "15"
}