{
  "description": "<p>The upper body of this fairy resembles a beautiful human female figure, while the lower body resembles that of a fish, similar to the mermaid in legends. They are often mistaken for humans, as they are often seen bathing in water.</p><p>These fairies possess the ability to freeze or slow down the movement of those who approach or touch them. This ability leads them to appear primarily at night, in order to avoid encounters with people.</p>",
  "disposition": "Friendly",
  "habitat": "Lakesides, Swamps",
  "initiative": "18",
  "intellect": "Average",
  "language": "Sylvan, Trade common",
  "lootsNum": 0,
  "monsterName": "Asrai",
  "mndResist": "16",
  "vitResist": "16",
  "lv": "13",
  "parts": "",
  "coreParts": "",
  "mobility": "-/18 (Swimming)",
  "mode": "save",
  "paletteInsertType": "exchange",
  "paletteRemoveTags": "1",
  "paletteTool": "bcdice",
  "paletteUseBuff": "1",
  "paletteUseVar": "1",
  "partsNum": 1,
  "perception": "Magic",
  "reputation": "20",
  "reputation+": "23",
  "weakness": "Fire damage + 3 points",
  "result": "OK",
  "sheetDescriptionM": "分類:Fairy　知能:Average　知覚:Magic　反応:Friendly\n言語:Sylvan, Trade common　生息地:Lakesides, Swamps\n弱点:Fire damage + 3 points\n先制値:18　生命抵抗力:16（23）　精神抵抗力:16（23）",
  "sheetDescriptionS": "分類:Fairy\n弱点:Fire damage + 3 points\n先制値:18　生命抵抗力:16（23）　精神抵抗力:16（23）",
  "sin": "0",
  "skills": "<p><strong>◯Type: Water/Ice / Magic Power 17 (24)</strong></p><p></p><p><strong>◯Underwater Specialization</strong></p><p>Can move in water without penalties and restrictions.Conversely, all action checks are subject to a -2 penalty on the ground.</p><p><strong>◯🗨Magic Aptitude</strong></p><p>They can use the Combat Feats [Targeting], [Metamagic/Targets], [Magic Convergence], [Magic Control], and [Multi-Action].</p><p><strong>◯Cold Skin / Can't</strong></p><p>A target attempting a melee attack against this monster and dealing damage suffers 1d+4 Water/Ice type magic damage after the damage is dealt</p>",
  "status1Accuracy": "15",
  "status1AccuracyFix": 22,
  "status1Damage": "2d+14",
  "status1Defense": "14",
  "status1Evasion": "15",
  "status1EvasionFix": 22,
  "status1Hp": "120",
  "status1Mp": "113",
  "status1Style": "Arm",
  "statusNum": 1,
  "taxa": "Fairy",
  "type": "m",
  "unitStatus": {
    "Arm:HP": "120/120",
    "Arm:MP": "113"
  },
  "unitExceptStatus": {
    "HP": 1,
    "MP": 1,
    "Defense": 1
  },
  "fortitude": "16",
  "willpower": "16"
}