{
  "description": "<p>This is a leader of bandits. They always have three to five men or priests with them. They fight with their weapons on the frontlines.</p>",
  "disposition": "Neutral",
  "habitat": "Various",
  "initiative": "12",
  "intellect": "Average",
  "language": "Trade Common, Regional Dialect",
  "lootsNum": 3,
  "monsterName": "Bandit Leader",
  "mndResist": "5",
  "vitResist": "6",
  "lv": "4",
  "parts": "",
  "coreParts": "",
  "mobility": "14",
  "mode": "save",
  "paletteInsertType": "exchange",
  "paletteRemoveTags": "1",
  "paletteTool": "bcdice",
  "paletteUseBuff": "1",
  "paletteUseVar": "1",
  "partsNum": 1,
  "perception": "Five senses",
  "reputation": "7",
  "reputation+": "0",
  "weakness": "None",
  "result": "OK",
  "sheetDescriptionM": "分類:Humanoid　知能:Average　知覚:Five senses　反応:Neutral\n言語:Trade Common, Regional Dialect　生息地:Various\n弱点:None\n先制値:12　生命抵抗力:6（13）　精神抵抗力:5（12）",
  "sheetDescriptionS": "分類:Humanoid\n弱点:None\n先制値:12　生命抵抗力:6（13）　精神抵抗力:5（12）",
  "sin": "0",
  "skills": "<p><strong>🗨Power Strike I</strong></p><p>They can deal an additional +4 damage on their next attack. However, any Evasion Check made by them this turn receives a -2 penalty.</p><p><strong>◯Sword's Grace/Change Fate</strong></p><p>Once per day, they may choose to change the result of a Skill Check or Damage roll by switching the faces of the rolled 2d to the opposite sides.</p>",
  "status1Accuracy": "6",
  "status1AccuracyFix": 13,
  "status1Damage": "2d+7",
  "status1Defense": "4",
  "status1Evasion": "6",
  "status1EvasionFix": 13,
  "status1Hp": "30",
  "status1Mp": "15",
  "status1Style": "Weapon",
  "statusNum": 1,
  "taxa": "Humanoid",
  "type": "m",
  "unitStatus": {
    "Weapon:HP": "30/30",
    "Weapon:MP": "15"
  },
  "unitExceptStatus": {
    "HP": 1,
    "MP": 1,
    "Defense": 1
  },
  "loots1Num": "2～6",
  "loots1Item": "None",
  "loots2Num": "7～10",
  "loots2Item": "Bag of Silver (50G) x 1d",
  "loots3Num": "11+",
  "loots3Item": "Bag of Silver (50G) x 2d",
  "fortitude": "6",
  "willpower": "5"
}