{
  "description": "<p>These bandits carry weapons and attack merchants and travelers. If they go out in the wilds, they are called thugs or bandits; if they go out on the sea, they are pirates. This data represents those who use bows as weapons among them.</p><p>They are the lowest level in a large organization, but they may operate in groups of three to five people. Such small groups mainly target those with low protection and are unlikely to challenge strong or numerous enemies.</p><p>This data can also be used to represent lower level soldiers or villagers who use a bow.</p>",
  "disposition": "Neutral",
  "habitat": "Various",
  "initiative": "10",
  "intellect": "Average",
  "language": "Trade Common, Regional Dialect",
  "lootsNum": 3,
  "monsterName": "Bandit Archer",
  "mndResist": "4",
  "vitResist": "3",
  "lv": "2",
  "parts": "",
  "coreParts": "",
  "mobility": "12",
  "mode": "save",
  "paletteInsertType": "exchange",
  "paletteRemoveTags": "1",
  "paletteTool": "bcdice",
  "paletteUseBuff": "1",
  "paletteUseVar": "1",
  "partsNum": 1,
  "perception": "Five senses",
  "reputation": "5",
  "reputation+": "0",
  "weakness": "None",
  "result": "OK",
  "sheetDescriptionM": "分類:Humanoid　知能:Average　知覚:Five senses　反応:Neutral\n言語:Trade Common, Regional Dialect　生息地:Various\n弱点:None\n先制値:10　生命抵抗力:3（10）　精神抵抗力:4（11）",
  "sheetDescriptionS": "分類:Humanoid\n弱点:None\n先制値:10　生命抵抗力:3（10）　精神抵抗力:4（11）",
  "sin": "0",
  "skills": "<p><strong>◯Bow</strong></p><p>An attack with a Bow is treated as a Shooting Attack with \"Range: 2 (30m)\".</p><p><strong>◯Targeting</strong></p><p>Stray shots cannot occur.</p><p><strong>◯Sword's Grace/Change Fate</strong></p><p>Once per day, they may choose to change the result of a Skill Check or Damage roll, by switching the faces of the rolled 2d to the opposite sides.</p>",
  "status1Accuracy": "4",
  "status1AccuracyFix": 11,
  "status1Damage": "2d+1",
  "status1Defense": "3",
  "status1Evasion": "0",
  "status1EvasionFix": 7,
  "status1Hp": "17",
  "status1Mp": "12",
  "status1Style": "Bow",
  "statusNum": 1,
  "taxa": "Humanoid",
  "type": "m",
  "unitStatus": {
    "Bow:HP": "17/17",
    "Bow:MP": "12"
  },
  "unitExceptStatus": {
    "HP": 1,
    "MP": 1,
    "Defense": 1
  },
  "loots1Num": "2～6",
  "loots1Item": "None",
  "loots2Num": "7～9",
  "loots2Item": "Bag of Silver (50G)",
  "loots3Num": "10+",
  "loots3Item": "Bag of Silver (50G) x 1d",
  "fortitude": "3",
  "willpower": "4"
}