{
  "description": "<p>A spirit that takes the appearance of a nude woman, Banniks are subservient fairies found around hot springs and other naturally occurring warm water. They only wish to see cleanliness and may even offer to create a hot spring in order to help travelers wash away dirt and grime. However, Banniks are known to become irrationally angry if someone dirty refuses to head to a hot spring and will lash out in anger.</p>",
  "disposition": "Neutral",
  "habitat": "Hot Springs",
  "initiative": "10",
  "intellect": "Average",
  "language": "Trade Common, Sylvan",
  "lootsNum": 0,
  "monsterName": "Bannik",
  "mndResist": "5",
  "vitResist": "5",
  "lv": "3",
  "parts": "",
  "coreParts": "",
  "mobility": "12/12 (Swimming)",
  "mode": "save",
  "paletteInsertType": "exchange",
  "paletteRemoveTags": "1",
  "paletteTool": "bcdice",
  "paletteUseBuff": "1",
  "paletteUseVar": "1",
  "partsNum": 1,
  "perception": "Five senses",
  "reputation": "10",
  "reputation+": "14",
  "weakness": "Fire damage +3 points",
  "result": "OK",
  "sheetDescriptionM": "分類:Fairy　知能:Average　知覚:Five senses　反応:Neutral\n言語:Trade Common, Sylvan　生息地:Hot Springs\n弱点:Fire damage +3 points\n先制値:10　生命抵抗力:5（12）　精神抵抗力:5（12）",
  "sheetDescriptionS": "分類:Fairy\n弱点:Fire damage +3 points\n先制値:10　生命抵抗力:5（12）　精神抵抗力:5（12）",
  "sin": "0",
  "skills": "<p><strong>◯Type: Water/Ice/Magic Power 5 (12)</strong></p><p></p><p><strong>◯Underwater Aptitude</strong></p><p></p><p><strong>◯Water Body</strong></p><p>Blunt weapons treat the Bannik's Defense as 3 points higher.</p><p><strong>◯Fire Vulnerability</strong></p><p>When Bannik is hit by Fire-type damage, it takes an extra 3 damage.</p><p><strong>🗨Magic Aptitude</strong></p><p>A Bannik can use the Combat Feat [Metamagic Distance].</p><p><strong>►Healing Hot Spring</strong></p><p>The Bannik can change water into a hot spring at the optimal temperature for bathing at a rate of 2 MP per 50 liters of water to be changed.Soaking in the waters for an hour will recover 5 HP and MP, but staying longer than an hour will not recover any more</p>",
  "status1Accuracy": "5",
  "status1AccuracyFix": 12,
  "status1Damage": "2d+2",
  "status1Defense": "4",
  "status1Evasion": "3",
  "status1EvasionFix": 10,
  "status1Hp": "17",
  "status1Mp": "24",
  "status1Style": "Fist",
  "statusNum": 1,
  "taxa": "Fairy",
  "type": "m",
  "unitStatus": {
    "Fist:HP": "17/17",
    "Fist:MP": "24"
  },
  "unitExceptStatus": {
    "HP": 1,
    "MP": 1,
    "Defense": 1
  },
  "fortitude": "5",
  "willpower": "5"
}