{
  "description": "<p>A Banshee is the vengeful spirit of a woman who died in sorrow after suffering a terrible betrayal, seeking to share her fate with others. Its screams can shake even the most stoic of adventurers, and it is said that death comes to those who've heard the wail of a Banshee. Though they tend to appear as a beautiful woman, Banshees turn as ugly as a mummy when unleashing their wail on others. Upon defeat, a Banshee will disappear entirely, leaving behind only beautiful crystals, physical remnants of their powerful emotions.</p>",
  "disposition": "Hostile",
  "habitat": "Various",
  "initiative": "17",
  "intellect": "Low",
  "language": "Arcana",
  "lootsNum": 2,
  "monsterName": "Banshee",
  "mndResist": "13",
  "vitResist": "10",
  "lv": "9",
  "parts": "",
  "coreParts": "",
  "mobility": "-/21(Floating)",
  "mode": "save",
  "paletteInsertType": "exchange",
  "paletteRemoveTags": "1",
  "paletteTool": "bcdice",
  "paletteUseBuff": "1",
  "paletteUseVar": "1",
  "partsNum": 1,
  "perception": "Magic",
  "reputation": "12",
  "reputation+": "19",
  "weakness": "Energy damage +3 points",
  "result": "OK",
  "sheetDescriptionM": "分類:Undead　知能:Low　知覚:Magic　反応:Hostile\n言語:Arcana　生息地:Various\n弱点:Energy damage +3 points\n先制値:17　生命抵抗力:10（17）　精神抵抗力:13（20）",
  "sheetDescriptionS": "分類:Undead\n弱点:Energy damage +3 points\n先制値:17　生命抵抗力:10（17）　精神抵抗力:13（20）",
  "sin": "0",
  "skills": "<p><strong>◯2 Actions</strong></p><p>Banshee can perform two Major Actions in one round.</p><p><strong>►Truespeech Magic, Spiritualism Magic 7 Level/Magic Power 10 (27)</strong></p><p></p><p><strong>🗨Magic Aptitude</strong></p><p>A Banshee can use the Combat Feat [Universal Metamagic].</p><p><strong>►Maddening Scream/13 (20)/Willpower/ Negates</strong></p><p>The Banshee makes a high-pitched wail within \"Range: Caster,\" causing everyone within a \"Target: All Areas (20m Radius)/All\" to go mad. A character affected by this effect must randomly select a target for their attacks, casting spells, and other effects. The character is free to choose actions, use Minor Actions, declare active combat feats, etc.The target of an action taken by a frenzied character is chosen at random after checking possible targets by the range and other conditions just before the Skill Check for the action is taken. This effect lasts for 3 minutes (18 rounds), but it also disappears when the affected character inflicts a total of 45 points of applied damage to a character in their own faction. A character released from the effect of applied damage accumulation cannot receive the effect of [►Maddening Scream] for 1 day afterward (if the effect is released by any other method, it may receive the effect anew). If a character who has been affected by this effect is affected again, the duration of the effect is refreshed, but the accumulated applied damage is until the effect is removed as it is.This effect is treated as Psychic type.Banshee can use this ability only once per round.</p><p><strong>◯Poison Immunity, ◯Disease Immunity, ◯Psychic Type (Weak) Immunity</strong></p><p></p><p><strong>◯Unstable Healing</strong></p><p>Healing effects such as Divine Magic and items like Unicorn's Horn will damage Undead instead.Magitech, Fairy Magic, Nature Magic, etc. healing has no effect on the Undead.Spiritualism Magic and a few other healing effects can restore an Undead's HP.</p>",
  "status1Accuracy": "10",
  "status1AccuracyFix": 17,
  "status1Damage": "2d+7",
  "status1Defense": "10",
  "status1Evasion": "12",
  "status1EvasionFix": 19,
  "status1Hp": "72",
  "status1Mp": "73",
  "status1Style": "Claws",
  "statusNum": 1,
  "taxa": "Undead",
  "type": "m",
  "unitStatus": {
    "Claws:HP": "72/72",
    "Claws:MP": "73"
  },
  "unitExceptStatus": {
    "HP": 1,
    "MP": 1,
    "Defense": 1
  },
  "loots1Num": "2～7",
  "loots1Item": "Crystal Tears of Resentment (500G/White A)",
  "loots2Num": "8+",
  "loots2Item": "Crystal Tears of Sorrow (1,000G/White S)",
  "fortitude": "10",
  "willpower": "13"
}