{
  "description": "<p>This is a large Kagner specialized for transporting Maris Barba and capable of storing three Maris Barba.</p><p>It was assumed that Kagner would move to the vicinity of the operation area and launch Maris Barba to attack the base, but there is no record of its actual use in battle. The number of Barba Kagner found at ruins is extremely small, and they are also known as \"phantom Magitechs.\"</p>",
  "disposition": "Instructed",
  "habitat": "Ruins",
  "initiative": "15",
  "intellect": "Servant",
  "language": "Magitech",
  "lootsNum": 4,
  "monsterName": "Barba Kagner",
  "mndResist": "12",
  "vitResist": "12",
  "lv": "9",
  "parts": "3 (Right Side / Left Side / Cart)",
  "coreParts": "None",
  "mobility": "10 (Wheeled)",
  "mode": "save",
  "paletteInsertType": "exchange",
  "paletteRemoveTags": "1",
  "paletteTool": "bcdice",
  "paletteUseBuff": "1",
  "paletteUseVar": "1",
  "partsNum": 3,
  "perception": "Mechanical",
  "reputation": "16",
  "reputation+": "19",
  "weakness": "Lightning damage +3 points",
  "result": "OK",
  "sheetDescriptionM": "分類:Magitech　知能:Servant　知覚:Mechanical　反応:Instructed\n言語:Magitech　生息地:Ruins\n弱点:Lightning damage +3 points\n先制値:15　生命抵抗力:12（19）　精神抵抗力:12（19）",
  "sheetDescriptionS": "分類:Magitech\n弱点:Lightning damage +3 points\n先制値:15　生命抵抗力:12（19）　精神抵抗力:12（19）",
  "sin": "0",
  "skills": "<p><strong>◯Mechanical Body</strong></p><p>It is immune to criticals from edged weapons.</p><p><strong>◯Poison Immunity, ◯Disease Immunity, ◯Psychic Type Immunity</strong></p><p></p><p><strong>◯Limited Healing</strong></p><p>Effects which can heal Magitech HP are very limited, and mostly come from Spiritualism Magic and some special items.Healing effects such as Divine Magic, Fairy Magic, and Nature Magic cannot restore a Magitech's HP.</p><p><strong>◯Can Be Detected</strong></p><p>Magitech can be detected with the [Sense Magic] spell and similar effects.</p><br><br><p><strong>◯Gun</strong></p><p>The Machine Gun is treated as a gun weapon with a \"Range: 2 (20m)\" and a maximum magazine of 3.</p><p><strong>◯Targeting & Hawk Eye</strong></p><p>Stray shots cannot occur. It also can aim through skirmishes at targets on the other side.</p><p><strong>►Reload</strong></p><p>Reloads bullet into the Machine Gun.</p><br><br><p><strong>►Maris Barba Launch</strong></p><p>One stored Maris Barba is launched. The launched Maris Barba appears in the same position (area, coordinate) as this monster and performs movement and actions starting next round.This ability cannot be used on consecutive turns. It can be used up to 3 times.</p><p><strong>►Sprinkle Repair Liquid/Can't</strong></p><p>Applies Magitech restoring liquid to \"Target: 1 Character\" (including itself) with \"Range: Touch,\" and if the target is a Magitech, its HP is restored by 2d+10 points.This ability cannot be used on consecutive turns.</p><p><strong>◯Stranded</strong></p><p>If the HP of the Cart section becomes 0 or less, the Right Side and Left Side receive a -4 penalty on Evasion checks.</p>",
  "status1Accuracy": "12",
  "status1AccuracyFix": 19,
  "status1Damage": "2d+9",
  "status1Defense": "7",
  "status1Evasion": "13",
  "status1EvasionFix": 20,
  "status1Hp": "68",
  "status1Mp": "-",
  "status1Style": "Machine Gun (Right Side)",
  "status2Accuracy": "12",
  "status2AccuracyFix": 19,
  "status2Damage": "2d+9",
  "status2Defense": "7",
  "status2Evasion": "13",
  "status2EvasionFix": 20,
  "status2Hp": "68",
  "status2Mp": "-",
  "status2Style": "Machine Gun (Left Side)",
  "status3Accuracy": "11",
  "status3AccuracyFix": 18,
  "status3Damage": "2d+14",
  "status3Defense": "10",
  "status3Evasion": "11",
  "status3EvasionFix": 18,
  "status3Hp": "85",
  "status3Mp": "-",
  "status3Style": "Wheels (Cart)",
  "statusNum": 3,
  "taxa": "Magitech",
  "type": "m",
  "unitStatus": {
    "Machine Gun (Right Side):HP": "68/68",
    "Machine Gun (Right Side):MP": "-",
    "Machine Gun (Left Side):HP": "68/68",
    "Machine Gun (Left Side):MP": "-",
    "Wheels (Cart):HP": "85/85",
    "Wheels (Cart):MP": "-"
  },
  "unitExceptStatus": {
    "HP": 3,
    "MP": 3,
    "Defense": 3
  },
  "loots1Num": "Always",
  "loots1Item": "Iron (20G/Black B)",
  "loots2Num": "2～8",
  "loots2Item": "Rare Magitech Components (900G/Black White A)",
  "loots3Num": "9～12",
  "loots3Item": "Mysterious Magitech Components (2,400G/Black White S)",
  "loots4Num": "13+",
  "loots4Item": "Trove of Magical Components (7,600G/Black White S)",
  "fortitude": "12",
  "willpower": "12"
}