{
  "description": "<p>During the Magitech Civilization Period, the tactic of attacking from the air to the ground in large-scale field battles and sieges was devised, and the Barba series of Magitech was developed to realize this tactic.</p><p>It looks like a spider about 50 cm in length and moves by floating with a small air sac on its back. It holds a Bursting Shell between its legs, which it drops to attack a wide area.</p>",
  "disposition": "Instructed",
  "habitat": "Ruins, Mountains",
  "initiative": "11",
  "intellect": "Servant",
  "language": "Magitech",
  "lootsNum": 4,
  "monsterName": "Barba",
  "mndResist": "5",
  "vitResist": "6",
  "lv": "4",
  "parts": "",
  "coreParts": "",
  "mobility": "-/10(Floating)",
  "mode": "save",
  "paletteInsertType": "exchange",
  "paletteRemoveTags": "1",
  "paletteTool": "bcdice",
  "paletteUseBuff": "1",
  "paletteUseVar": "1",
  "partsNum": 1,
  "perception": "Mechanical",
  "reputation": "11",
  "reputation+": "14",
  "weakness": "Physical damage +2 points",
  "result": "OK",
  "sheetDescriptionM": "分類:Magitech　知能:Servant　知覚:Mechanical　反応:Instructed\n言語:Magitech　生息地:Ruins, Mountains\n弱点:Physical damage +2 points\n先制値:11　生命抵抗力:6（13）　精神抵抗力:5（12）",
  "sheetDescriptionS": "分類:Magitech\n弱点:Physical damage +2 points\n先制値:11　生命抵抗力:6（13）　精神抵抗力:5（12）",
  "sin": "0",
  "skills": "<p><strong>►Bursting Shell Drop/6 (13)/Willpower/ Half</strong></p><p>The bursting shell is dropped on the top of the target.With \"Range: Caster,\" this attack deals 2d+5 Fire magic damage to \"Target: 1 area (3m Radius)/5\".This ability can only be used once.</p><p><strong>◯Poison Immunity, ◯Disease Immunity, ◯Psychic Type Immunity</strong></p><p></p><p><strong>◯Limited Healing</strong></p><p>Effects which can heal Magitech HP are very limited, and mostly come from Spiritualism Magic and some special items.Healing effects such as Divine Magic, Fairy Magic, and Nature Magic cannot restore a Magitech's HP.</p><p><strong>◯Can Be Detected</strong></p><p>Magitech can be detected with the [Sense Magic] spell and similar effects.</p>",
  "status1Accuracy": "6",
  "status1AccuracyFix": 13,
  "status1Damage": "2d+5",
  "status1Defense": "3",
  "status1Evasion": "6",
  "status1EvasionFix": 13,
  "status1Hp": "31",
  "status1Mp": "0",
  "status1Style": "Legs",
  "statusNum": 1,
  "taxa": "Magitech",
  "type": "m",
  "unitStatus": {
    "Legs:HP": "31/31",
    "Legs:MP": "0/0"
  },
  "unitExceptStatus": {
    "HP": 1,
    "MP": 1,
    "Defense": 1
  },
  "loots1Num": "Always",
  "loots1Item": "Iron (20G/Black B)",
  "loots2Num": "2～5",
  "loots2Item": "None",
  "loots3Num": "6～9",
  "loots3Item": "Crude Magitech Components (100G/Black White A)",
  "loots4Num": "10+",
  "loots4Item": "Magitech Components (300G/Black White A)",
  "fortitude": "6",
  "willpower": "5"
}