{
  "description": "<p>This is an even larger version of the Dorn series, with a mobile mechanism attached to its base. It was prepared for combat, and there are records of its use in large-scale battles against Barbarous. Few still exist, and their remnants are sometimes found in ruins or Barbarous territory.</p>",
  "disposition": "Instructed",
  "habitat": "Ruins",
  "initiative": "12",
  "intellect": "Servant",
  "language": "None",
  "lootsNum": 4,
  "monsterName": "Barren Dorn",
  "mndResist": "8",
  "vitResist": "8",
  "lv": "6",
  "parts": "3 (Right Side / Left Side / Wheels)",
  "coreParts": "None",
  "mobility": "16 (Wheeled)",
  "mode": "save",
  "paletteInsertType": "exchange",
  "paletteRemoveTags": "1",
  "paletteTool": "bcdice",
  "paletteUseBuff": "1",
  "paletteUseVar": "1",
  "partsNum": 3,
  "perception": "Mechanical",
  "reputation": "13",
  "reputation+": "16",
  "weakness": "Lightning damage +3 points",
  "result": "OK",
  "sheetDescriptionM": "分類:Magitech　知能:Servant　知覚:Mechanical　反応:Instructed\n言語:None　生息地:Ruins\n弱点:Lightning damage +3 points\n先制値:12　生命抵抗力:8（15）　精神抵抗力:8（15）",
  "sheetDescriptionS": "分類:Magitech\n弱点:Lightning damage +3 points\n先制値:12　生命抵抗力:8（15）　精神抵抗力:8（15）",
  "sin": "0",
  "skills": "<p><strong>◯Mechanical Body</strong></p><p>It is immune to criticals from edged weapons.</p><p><strong>◯Poison Immunity, ◯Disease Immunity, ◯Psychic Type Immunity</strong></p><p></p><p><strong>◯Limited Healing</strong></p><p>Effects which can heal Magitech HP are very limited, and mostly come from Spiritualism Magic and some special items.Healing effects such as Divine Magic, Fairy Magic, and Nature Magic cannot restore a Magitech's HP.</p><p><strong>◯Can Be Detected</strong></p><p>Magitech can be detected with the [Sense Magic] spell and similar effects.</p><br><br><p><strong>🗨Red-hot Blade</strong></p><p>Blade becomes red-hot. If the attack hits, the damage dealt will be fire type, and the target's Defense will be treated as halved (rounded up).</p><br><br><p><strong>►Hammer Throw & Pull Back/7 (14)/Evasion/Negates</strong></p><p>It can throw a hammer and immediately pull it back.With \"Target: 1 Character\" and \"Range/Area: 1 (10m)/ Shot\" deals 2d+7 physical damage.The section that uses this ability takes a -1 penalty to its Evasion check until the beginning of its next turn.</p><br><br><p><strong>◯Slalom Drive</strong></p><p>Wheel attacks can be made on up to two targets at the same time; Accuracy checks are made only once at a time, and damage should be determined individually.</p><p><strong>►Random Drive</strong></p><p>Until the beginning of the next turn, the Right Side and Left Side gain a +2 bonus to Evasion checks.This ability cannot be used on consecutive turns.</p>",
  "status1Accuracy": "8",
  "status1AccuracyFix": 15,
  "status1Damage": "2d+6",
  "status1Defense": "6",
  "status1Evasion": "7",
  "status1EvasionFix": 14,
  "status1Hp": "49",
  "status1Mp": "0",
  "status1Style": "Blade (Right Side)",
  "status2Accuracy": "8",
  "status2AccuracyFix": 15,
  "status2Damage": "2d+9",
  "status2Defense": "6",
  "status2Evasion": "7",
  "status2EvasionFix": 14,
  "status2Hp": "49",
  "status2Mp": "0",
  "status2Style": "Hammer (Left Side)",
  "status3Accuracy": "9",
  "status3AccuracyFix": 16,
  "status3Damage": "2d+7",
  "status3Defense": "8",
  "status3Evasion": "6",
  "status3EvasionFix": 13,
  "status3Hp": "43",
  "status3Mp": "0",
  "status3Style": "Wheels (Wheels)",
  "statusNum": 3,
  "taxa": "Magitech",
  "type": "m",
  "unitStatus": {
    "Blade (Right Side):HP": "49/49",
    "Blade (Right Side):MP": "0/0",
    "Hammer (Left Side):HP": "49/49",
    "Hammer (Left Side):MP": "0/0",
    "Wheels (Wheels):HP": "43/43",
    "Wheels (Wheels):MP": "0/0"
  },
  "unitExceptStatus": {
    "HP": 3,
    "MP": 3,
    "Defense": 3
  },
  "loots1Num": "Always",
  "loots1Item": "Iron (20G/Black B) x 3",
  "loots2Num": "2～7",
  "loots2Item": "Crude Magitech Components (100G/Black White A)",
  "loots3Num": "8～11",
  "loots3Item": "Magitech Components (300G/Black White A)",
  "loots4Num": "12+",
  "loots4Item": "Rare Magitech Components (900G/Black White A)",
  "fortitude": "8",
  "willpower": "8"
}