{
  "description": "<p>Barusa Biyone is an upper Daemon that takes the form of an upright white bear wearing black full-body armor. It stands 7 meters tall and has glowing red eyes, like a bright fire.</p><p>Legend has it that it lived in a frozen place in the Daemon world where everything was at absolute zero, which may explain its preference for silence (oddly enough, the armor that covers its entire body makes no sound). If anything disturbs the silence, it will attack mercilessly.</p><p>Barusa Biyone is immensely confident in its armor and is accustomed to mocking those who cannot break it, treating them like small insects. However, if an enemy manages to break its armor, Barusa Biyone will acknowledge them and destroy them first.</p>",
  "disposition": "Hostile",
  "habitat": "Labyrinths, Ruins",
  "initiative": "20",
  "intellect": "High",
  "language": "Daemonic",
  "lootsNum": 4,
  "monsterName": "Barusa Biyone",
  "mndResist": "20",
  "vitResist": "22",
  "lv": "15",
  "parts": "3 (Head / Body / Legs)",
  "coreParts": "Head",
  "mobility": "20",
  "mode": "save",
  "paletteInsertType": "exchange",
  "paletteRemoveTags": "1",
  "paletteTool": "bcdice",
  "paletteUseBuff": "1",
  "paletteUseVar": "1",
  "partsNum": 3,
  "perception": "Five senses (Darkvision)",
  "reputation": "19",
  "reputation+": "23",
  "weakness": "Fire damage +3 points",
  "result": "OK",
  "sheetDescriptionM": "分類:Daemon　知能:High　知覚:Five senses (Darkvision)　反応:Hostile\n言語:Daemonic　生息地:Labyrinths, Ruins\n弱点:Fire damage +3 points\n先制値:20　生命抵抗力:22（29）　精神抵抗力:20（27）",
  "sheetDescriptionS": "分類:Daemon\n弱点:Fire damage +3 points\n先制値:20　生命抵抗力:22（29）　精神抵抗力:20（27）",
  "sin": "0",
  "skills": "<p><strong>◯Poison Immunity, ◯Disease Immunity, ◯Water/Ice Immunity</strong></p><p></p><p><strong>◯Margin of Strength</strong></p><p>The [►Blizzard Breath], [🗨Power Strike II], and [⏩Mobile Form] abilities are not used until any section has less than 100 HP.</p><br><br><p><strong>►Blizzard Breath/18 (25)/Fortitude/Half</strong></p><p>The Barusa Biyone vomits a mass of cold air with \"Range/Area: 2 (30m)/ Shot\" in \"Target: 1 area (Radius 6m)/20\", dealing 2d+20 Water/Ice magic damage.This unique skill cannot be used on consecutive turns.</p><p><strong>►Soul Freezing Roar/17 (24)/Willpower/Negates</strong></p><p>Barusa Biyone lets out a soul-chilling roar, terrifying everone within \"Range: Caster\" \"Target: All Areas (Radius 30m)/All\". The target must move farther than 30 meters from Barusa Biyone if possible, or if movement is not enough, Full Move to get as far away as possible. Any affected character in a skirmish must always declare to withdraw. The affected targets cannot attack Barusa Biyone with melee or ranged attacks, nor can it be directly targeted by the \"Target: 1 Character\" magic or effects.This effect lasts only for 10 seconds (1 round) and is Psychic type.</p><br><br><p><strong>◯Multiple Actions = 2 times</strong></p><p></p><p><strong>🗨Power Strike II</strong></p><p>A Barusa Biyone can deal an additional +12 damage on their next attack. However, any Evasion Check made by them this turn receives a -2 penalty.</p><p><strong>►Twin Strike & Double Attack</strong></p><p>A Barusa Biyone can make two Iron Claws attacks each round. They may choose to attack different characters with each attack.</p><p><strong>⏩Mobile Form</strong></p><p>The armor covering the entire body transforms, making it easier to move and attack. The Body section gains a +4 bonus for Accuracy, Evasion, and +4 for Damage. At the same time, Defense is reduced by -10.This unique skill, once used, cannot be deactivated until the combat is over.</p><br><br><p><strong>◯Attack Obstacle = Impossible, +4 & +4 • None</strong></p><p>Barusa Biyone's size precludes attacks. The Head section cannot be the target of melee attacks and gains a +4 bonus on Evasion checks against ranged attacks.The Body section receives a +4 bonus to Evasion checks against melee attacks.When the Legs fall to 0 HP or lower, this effect disappears.</p>",
  "status1Accuracy": "20",
  "status1AccuracyFix": 27,
  "status1Damage": "2d+18",
  "status1Defense": "18",
  "status1Evasion": "18",
  "status1EvasionFix": 25,
  "status1Hp": "147",
  "status1Mp": "90",
  "status1Style": "Bite (Head)",
  "status2Accuracy": "19",
  "status2AccuracyFix": 26,
  "status2Damage": "2d+16",
  "status2Defense": "20",
  "status2Evasion": "17",
  "status2EvasionFix": 24,
  "status2Hp": "150",
  "status2Mp": "36",
  "status2Style": "Iron Claws (Body)",
  "status3Accuracy": "20",
  "status3AccuracyFix": 27,
  "status3Damage": "2d+18",
  "status3Defense": "18",
  "status3Evasion": "18",
  "status3EvasionFix": 25,
  "status3Hp": "132",
  "status3Mp": "42",
  "status3Style": "Stamp (Legs)",
  "statusNum": 3,
  "taxa": "Daemon",
  "type": "m",
  "unitStatus": {
    "Bite (Head):HP": "147/147",
    "Bite (Head):MP": "90",
    "Iron Claws (Body):HP": "150/150",
    "Iron Claws (Body):MP": "36",
    "Stamp (Legs):HP": "132/132",
    "Stamp (Legs):MP": "42"
  },
  "unitExceptStatus": {
    "HP": 3,
    "MP": 3,
    "Defense": 3
  },
  "loots1Num": "Always",
  "loots1Item": "Crystallized Great Daemon's Blood (1,600G/Red S)",
  "loots2Num": "2～7",
  "loots2Item": "None",
  "loots3Num": "8～12",
  "loots3Item": "Jet Black Helmet (5,000G/Black White S)",
  "loots4Num": "13+",
  "loots4Item": "Jet Black Armor (12,000G/Black White SS)",
  "fortitude": "22",
  "willpower": "20"
}