{
  "description": "<p>Indistinguishable from Humans at first glance, a Basilisk is a Barbarous with the power of petrification. Basilisks often wear blindfolds to suppress their petrifying gaze until they find the right target.</p><p>Even then, the petrifying gaze can be used through the blindfold.</p><p>Often found in deserts, they collect various lesser Barbarous as followers and enslaved people, though they have a rivalry with Drakes regarding who is stronger.</p><p>Petrified animal fragments and other debris are often found near the Basilisk's birthplace.</p><p>For the Monstrous form of this monster, see Basilisk (Monstrous Form).</p>",
  "disposition": "Neutral",
  "habitat": "Desert, Ruins",
  "initiative": "14",
  "intellect": "High",
  "language": "Trade Common, Barbaric, Basilisk, Drakish, Youma, Arcana",
  "lootsNum": 3,
  "monsterName": "Basilisk (Human Form)",
  "mndResist": "9",
  "vitResist": "9",
  "lv": "8",
  "parts": "",
  "coreParts": "",
  "mobility": "18",
  "mode": "save",
  "paletteInsertType": "exchange",
  "paletteRemoveTags": "1",
  "paletteTool": "bcdice",
  "paletteUseBuff": "1",
  "paletteUseVar": "1",
  "partsNum": 1,
  "perception": "Five senses",
  "reputation": "13",
  "reputation+": "16",
  "weakness": "Water/Ice damage + 3 points",
  "result": "OK",
  "sheetDescriptionM": "分類:Barbarous　知能:High　知覚:Five senses　反応:Neutral\n言語:Trade Common, Barbaric, Basilisk, Drakish, Youma, Arcana　生息地:Desert, Ruins\n弱点:Water/Ice damage + 3 points\n先制値:14　生命抵抗力:9（16）　精神抵抗力:9（16）",
  "sheetDescriptionS": "分類:Barbarous\n弱点:Water/Ice damage + 3 points\n先制値:14　生命抵抗力:9（16）　精神抵抗力:9（16）",
  "sin": "4",
  "skills": "<p><strong>◯Poison Immunity, ◯Disease Immunity</strong></p><p></p><p><strong>►Truespeech Magic 7 Level/Magic Power 10 (17)</strong></p><p></p><p><strong>🗨►Magic Aptitude</strong></p><p>They can use the Combat Feats [Multi-Action], [Universal Metamagic], and [Wordbreak].</p><p><strong>⏩Petrifying Gaze/9 (16)/Willpower/Negates</strong></p><p>With \"Range/Area: 50m / Target\", it stares at the enemy and gives the effect of Petrifaction (Dexterity or Agility/-6).If the target of this unique skill is the one who holds the mirror, and if their Willpower's success value is 4 or more points higher than the Target Number, the gaze can bounce off them back to the Basilisk, always affecting them without a check even if the Basilisk is blindfolded. This unique skill is of Curse type.This unique skill can be used only once per round.</p><p><strong>◯Poison Blood/11 (18)/Fortitude/Neg</strong></p><p>Anyone who deals damage to this monster in the same skirmish will receive 2d Poison magic damage at the end of their turn.</p><p><strong>►Monstrous Form</strong></p><p>The monster transforms into its monstrous form. For data on the monstrous form, see Basilisk (Monstrous Form). HP and MP are restored to their maximum values, and all effects of spells and the like are removed. When [►Monstrous Form] was activated, only the Body section is treated as if it made a Major Action. The Head section may still take a Major Action on this turn. Also, the Evil Eye can use [⏩Petrifying Gaze] if it has not already used it for its turn.[⏩△Instant Humanification] cannot be used for 1 hour immediately after using [►Monstrous Form].</p>",
  "status1Accuracy": "10",
  "status1AccuracyFix": 17,
  "status1Damage": "2d+12",
  "status1Defense": "9",
  "status1Evasion": "9",
  "status1EvasionFix": 16,
  "status1Hp": "69",
  "status1Mp": "45",
  "status1Style": "Weapon",
  "statusNum": 1,
  "taxa": "Barbarous",
  "type": "m",
  "unitStatus": {
    "Weapon:HP": "69/69",
    "Weapon:MP": "45"
  },
  "unitExceptStatus": {
    "HP": 1,
    "MP": 1,
    "Defense": 1
  },
  "loots1Num": "Always",
  "loots1Item": "Basilisk Blood (200G/Red A)",
  "loots2Num": "2～10",
  "loots2Item": "None",
  "loots3Num": "11+",
  "loots3Item": "Petrifying Eyes (1,200G/Gold Red Black S)",
  "fortitude": "9",
  "willpower": "9"
}