{
  "description": "<p>The true identity of a Basilisk, this eight-legged beast looks like a lizard 5m long. While the Basilisk's intelligence and speed are a little lower in this form, the ability to petrify foes has increased, making the Basilisk even more dangerous.</p><p>Most Basilisks feel that this form is quite ugly and hate being seen by others in this form. As such, they will almost certainly try to kill or petrify those who see this hideous form.</p><p>For the Human form of this monster, see Basilisk (Human Form).</p>",
  "disposition": "Hostile",
  "habitat": "Desert, Ruins",
  "initiative": "15",
  "intellect": "Low",
  "language": "Trade Common, Barbaric, Basilisk, Drakish, Youma, Arcana",
  "lootsNum": 4,
  "monsterName": "Basilisk (Monstrous Form)",
  "mndResist": "10",
  "vitResist": "10",
  "lv": "9",
  "parts": "3 (Evil Eye / Head / Body)",
  "coreParts": "Head",
  "mobility": "12 (Many Legs)",
  "mode": "save",
  "paletteInsertType": "exchange",
  "paletteRemoveTags": "1",
  "paletteTool": "bcdice",
  "paletteUseBuff": "1",
  "paletteUseVar": "1",
  "partsNum": 3,
  "perception": "Five senses",
  "reputation": "11",
  "reputation+": "16",
  "weakness": "Water/Ice damage + 3 points",
  "result": "OK",
  "sheetDescriptionM": "分類:Barbarous　知能:Low　知覚:Five senses　反応:Hostile\n言語:Trade Common, Barbaric, Basilisk, Drakish, Youma, Arcana　生息地:Desert, Ruins\n弱点:Water/Ice damage + 3 points\n先制値:15　生命抵抗力:10（17）　精神抵抗力:10（17）",
  "sheetDescriptionS": "分類:Barbarous\n弱点:Water/Ice damage + 3 points\n先制値:15　生命抵抗力:10（17）　精神抵抗力:10（17）",
  "sin": "4",
  "skills": "<p><strong>◯Poison Immunity, ◯Disease Immunity</strong></p><p></p><p><strong>◯Poison Blood/12 (19)/Fortitude/Neg</strong></p><p>It is the same as the unique skill of Basilisk (Human Form), except for a different target number.</p><br><br><p><strong>⏩Petrifying Gaze/10 (17)/Willpower/Neg</strong></p><p>It is the same as the unique petrifaction skill of Basilisk (Human Form), except for a different target number.</p><br><br><p><strong>►Truespeech Magic 7 Level/Magic Power 8 (15)</strong></p><p></p><p><strong>🗨►Magic Aptitude</strong></p><p>They can use the Combat Feats [Multi-Action], [Universal Metamagic], and [Wordbreak].</p><br><br><p><strong>⏩△Instant Humanification</strong></p><p>It instantly transforms into Human form. Refer to Basilisk (Human Form) for data on the Human form. If the Body section has suffered HP or MP damage or has been affected by magic or other effects, these are carried over to the Human form. If its HP is less than 0, it immediately falls unconscious.[⏩△Instant Humanification] cannot be used for 1 hour immediately after using [►Monstrous Form].</p><p><strong>◯Weakening</strong></p><p>When the Body section is reduced to 0 HP or fewer, the Evil Eye and Head sections of the Basilisk (Monstrous Form) receive a -2 penalty for Evasion.</p>",
  "status1Accuracy": "-",
  "status1AccuracyFix": null,
  "status1Damage": "-",
  "status1Defense": "3",
  "status1Evasion": "13",
  "status1EvasionFix": 20,
  "status1Hp": "45",
  "status1Mp": "22",
  "status1Style": "None (Evil Eye)",
  "status2Accuracy": "10",
  "status2AccuracyFix": 17,
  "status2Damage": "2d+10",
  "status2Defense": "8",
  "status2Evasion": "12",
  "status2EvasionFix": 19,
  "status2Hp": "73",
  "status2Mp": "45",
  "status2Style": "Bite (Head)",
  "status3Accuracy": "12",
  "status3AccuracyFix": 19,
  "status3Damage": "2d+14",
  "status3Defense": "10",
  "status3Evasion": "10",
  "status3EvasionFix": 17,
  "status3Hp": "82",
  "status3Mp": "33",
  "status3Style": "Talon (Body)",
  "statusNum": 3,
  "taxa": "Barbarous",
  "type": "m",
  "unitStatus": {
    "None (Evil Eye):HP": "45/45",
    "None (Evil Eye):MP": "22",
    "Bite (Head):HP": "73/73",
    "Bite (Head):MP": "45",
    "Talon (Body):HP": "82/82",
    "Talon (Body):MP": "33"
  },
  "unitExceptStatus": {
    "HP": 3,
    "MP": 3,
    "Defense": 3
  },
  "loots1Num": "Always",
  "loots1Item": "Basilisk Blood (200G/Red A)",
  "loots2Num": "2～10",
  "loots2Item": "None",
  "loots3Num": "11～12",
  "loots3Item": "Petrifying Eyes (1,200G/Gold Red Black S)",
  "loots4Num": "13+",
  "loots4Item": "Petrifying Fangs (3,200G/Gold Red Black S)",
  "fortitude": "10",
  "willpower": "10"
}