{
  "description": "<p>This Magitech is a guard for important places and objects, shaped like a humanoid with a series of small and large cylindrical cans awkwardly interlinked together.</p><p>If anything approaches the place or thing it is guarding, it warns in Magitech, and if the warning is not heeded, it will attack to subdue it.</p>",
  "disposition": "Instructed",
  "habitat": "Ruins",
  "initiative": "11",
  "intellect": "Servant",
  "language": "Magitech",
  "lootsNum": 4,
  "monsterName": "Beep ARC",
  "mndResist": "6",
  "vitResist": "6",
  "lv": "4",
  "parts": "",
  "coreParts": "",
  "mobility": "12",
  "mode": "save",
  "paletteInsertType": "exchange",
  "paletteRemoveTags": "1",
  "paletteTool": "bcdice",
  "paletteUseBuff": "1",
  "paletteUseVar": "1",
  "partsNum": 1,
  "perception": "Magitech",
  "reputation": "12",
  "reputation+": "14",
  "weakness": "Water/Ice Damage +3",
  "result": "OK",
  "sheetDescriptionM": "分類:Magitech　知能:Servant　知覚:Magitech　反応:Instructed\n言語:Magitech　生息地:Ruins\n弱点:Water/Ice Damage +3\n先制値:11　生命抵抗力:6（13）　精神抵抗力:6（13）",
  "sheetDescriptionS": "分類:Magitech\n弱点:Water/Ice Damage +3\n先制値:11　生命抵抗力:6（13）　精神抵抗力:6（13）",
  "sin": "0",
  "skills": "<p><strong>⏩Shock Baton</strong></p><p>For 10 seconds (1 round), attacks are treated as Lightning magical weapon attacks and deal +4 damage.While this skill is active, a Death Check made by any character reduced to 0 or lower HP by a weapon attack from the Beep ARC will not fail, except if double 1s are rolled.Using this ability consumes 2 points of MP.</p><p><strong>◯Low Power Operation</strong></p><p>If the Beep ARC's MP becomes 0, both its Accuracy and Evasion receive a -2 penalty.</p><p><strong>◯Poison Immunity, ◯Disease Immunity, ◯Psychic Type Immunity</strong></p><p></p><p><strong>◯Limited Healing</strong></p><p>Effects which can heal Magitech HP are very limited, and mostly come from Spiritualism Magic and some special items.Healing effects such as Divine Magic, Fairy Magic, and Nature Magic cannot restore a Magitech's HP.</p><p><strong>◯Can Be Detected</strong></p><p>Magitech can be detected with the [Sense Magic] spell and similar effects.</p>",
  "status1Accuracy": "6",
  "status1AccuracyFix": 13,
  "status1Damage": "2d+2",
  "status1Defense": "4",
  "status1Evasion": "5",
  "status1EvasionFix": 12,
  "status1Hp": "32",
  "status1Mp": "10",
  "status1Style": "Weapon",
  "statusNum": 1,
  "taxa": "Magitech",
  "type": "m",
  "unitStatus": {
    "Weapon:HP": "32/32",
    "Weapon:MP": "10"
  },
  "unitExceptStatus": {
    "HP": 1,
    "MP": 1,
    "Defense": 1
  },
  "loots1Num": "Always",
  "loots1Item": "Iron (20G / Black B)",
  "loots2Num": "2～5",
  "loots2Item": "None",
  "loots3Num": "6～9",
  "loots3Item": "Crude Magitech Components (100G / Black White A)",
  "loots4Num": "10+",
  "loots4Item": "Magitech Components (300G / Black White A)",
  "fortitude": "6",
  "willpower": "6"
}