{
  "description": "<p>A Belladonna appears at first glance to be a green-skinned Humanoid, but upon closer investigation is actually a plant whose vines have been so entwined with each other they can take the shape of a human. By taking a humanoid shape, the Belladonna can move much more easily to attack prey and will drain nutrients from anything it has killed, animal or otherwise. It will also hide in forests, using its plant body to disguise itself before surprising prey.</p><p>The vines of a Belladonna contain a horrific poison, causing high fevers, nausea, and even death from just a touch. However, the leaves from the Belladonna's vines can be turned into an antidote for this contact poison, so it is recommended to slay the Belladonna before the poison spreads throughout the victim's body.</p>",
  "disposition": "Hostile",
  "habitat": "Forests, Meadow",
  "initiative": "12",
  "intellect": "None",
  "language": "None",
  "lootsNum": 3,
  "monsterName": "Belladonna",
  "mndResist": "14",
  "vitResist": "16",
  "lv": "12",
  "parts": "2 (Upper Body / Lower Body)",
  "coreParts": "None",
  "mobility": "15",
  "mode": "save",
  "paletteInsertType": "exchange",
  "paletteRemoveTags": "1",
  "paletteTool": "bcdice",
  "paletteUseBuff": "1",
  "paletteUseVar": "1",
  "partsNum": 2,
  "perception": "Magic",
  "reputation": "16",
  "reputation+": "20",
  "weakness": "Fire damage +3 points",
  "result": "OK",
  "sheetDescriptionM": "分類:Plant　知能:None　知覚:Magic　反応:Hostile\n言語:None　生息地:Forests, Meadow\n弱点:Fire damage +3 points\n先制値:12　生命抵抗力:16（23）　精神抵抗力:14（21）",
  "sheetDescriptionS": "分類:Plant\n弱点:Fire damage +3 points\n先制値:12　生命抵抗力:16（23）　精神抵抗力:14（21）",
  "sin": "0",
  "skills": "<p><strong>◯Psychic Immunity</strong></p><p></p><p><strong>◯Persistent Poison/16 (23)/Fortitude/Negates</strong></p><p>If the Belladonna melee attack hits, the target will be poisoned.A character affected by poison immediately suffers 2d Poison magic damage and continues to suffer similar damage every hour (without Fortitude checks). This effect persists unless the poison is removed, but it is not cumulative.The Belladonna Leaves characters can get when they kill this monster contains a counterpoison that can remove the effects of this poison without contested checks. One leaf can heal 1 person.</p><br><br><p><strong>►Snaring Vines/14 (21)/Fortitude/Negates</strong></p><p>As a Major Action, the Belladonna can use its Vine to ensnare a target in the same skirmish. If the target fails to resist, they are ensnared, unable to move, and receive a -4 penalty to Evasion checks.When the target tries to escape, use the de-bonding rules.The monster has a large number of vines, and even if it has already entangled a character with [►Snaring Vines], it can still make a Melee Attack or a new [►Snaring Vines], regardless of the number of vines, even if it has already entangled a character with [►Snaring Vines].</p>",
  "status1Accuracy": "15",
  "status1AccuracyFix": 22,
  "status1Damage": "2d+10",
  "status1Defense": "12",
  "status1Evasion": "14",
  "status1EvasionFix": 21,
  "status1Hp": "116",
  "status1Mp": "14",
  "status1Style": "Vine (Upper Body)",
  "status2Accuracy": "13",
  "status2AccuracyFix": 20,
  "status2Damage": "2d+12",
  "status2Defense": "13",
  "status2Evasion": "13",
  "status2EvasionFix": 20,
  "status2Hp": "128",
  "status2Mp": "16",
  "status2Style": "Slam (Lower Body)",
  "statusNum": 2,
  "taxa": "Plant",
  "type": "m",
  "unitStatus": {
    "Vine (Upper Body):HP": "116/116",
    "Vine (Upper Body):MP": "14",
    "Slam (Lower Body):HP": "128/128",
    "Slam (Lower Body):MP": "16"
  },
  "unitExceptStatus": {
    "HP": 2,
    "MP": 2,
    "Defense": 2
  },
  "loots1Num": "Always",
  "loots1Item": "Belladonna Leaves (150G/Green A) x 1d",
  "loots2Num": "2～8",
  "loots2Item": "None",
  "loots3Num": "9+",
  "loots3Item": "Poisonous Flower (500G/Green A)",
  "fortitude": "16",
  "willpower": "14"
}