{
  "description": "<p>This plant hides on the ground, similar to Needle Archers. However, the needles launched by Big Archers are much more resilient and can carry a couple of different debilitating poisons as well.</p>",
  "disposition": "Hostile",
  "habitat": "Forests",
  "initiative": "7",
  "intellect": "None",
  "language": "None",
  "lootsNum": 3,
  "monsterName": "Big Archer",
  "mndResist": "6",
  "vitResist": "8",
  "lv": "6",
  "parts": "",
  "coreParts": "",
  "mobility": "-/-",
  "mode": "save",
  "paletteInsertType": "exchange",
  "paletteRemoveTags": "1",
  "paletteTool": "bcdice",
  "paletteUseBuff": "1",
  "paletteUseVar": "1",
  "partsNum": 1,
  "perception": "Magic",
  "reputation": "10",
  "reputation+": "15",
  "weakness": "Fire damage +3",
  "result": "OK",
  "sheetDescriptionM": "分類:Plant　知能:None　知覚:Magic　反応:Hostile\n言語:None　生息地:Forests\n弱点:Fire damage +3\n先制値:7　生命抵抗力:8（15）　精神抵抗力:6（13）",
  "sheetDescriptionS": "分類:Plant\n弱点:Fire damage +3\n先制値:7　生命抵抗力:8（15）　精神抵抗力:6（13）",
  "sin": "0",
  "skills": "<p><strong>◯Psychic Immunity</strong></p><p></p><p><strong>◯Vine Network</strong></p><p>A Big Archer has thin vines stretching out 2-3 Areas (10m Radius) around itself. If characters don't successfully make a Danger Sense check against Target Number of 16, they will step into it unknowingly and become surprised by Big Archer.In the event of a Surprise attack, the Big Archer is placed in the Frontline Area in Simplified Combat. In Standard and Advanced Combat, all PCs are placed within a 10m radius of the monster.</p><p><strong>◯Flying Needles</strong></p><p>A Needle attack can also be performed as a shooting attack with \"Range: 1 (10m).\"</p><p><strong>◯No Blind Spot</strong></p><p>Within the [◯Vine Network], a Big Archer can ignore shielding (Standard/Advanced Combat) with Needle attacks, and will not suffer Stray Shots if it shoots into the skirmish.</p><p><strong>◯Poison Needles / 8 (15) / Fortitude / Negates</strong></p><p>The Big Archer has two possible poisons it can use with its Needles. If the Big Archer deals 1 or more applied damage with their Needle attack, the target must immediately make a Fortitude check.Rotting Poison: If the target fails to resist, they receive an extra 7 Poison-type damage.Paralyzing Poison: If the target fails to resist, they receive a -2 penalty to Accuracy and Evasion checks for 10 seconds (1 round). This effect is not cumulative.</p><p><strong>🗨Million Needles</strong></p><p>A Big Archer may attack all characters (enemies and allies) within range of the [◯Vine Network] simultaneously during its turn.</p>",
  "status1Accuracy": "7",
  "status1AccuracyFix": 14,
  "status1Damage": "2d+8",
  "status1Defense": "2",
  "status1Evasion": "4",
  "status1EvasionFix": 11,
  "status1Hp": "60",
  "status1Mp": "14",
  "status1Style": "Needle",
  "statusNum": 1,
  "taxa": "Plant",
  "type": "m",
  "unitStatus": {
    "Needle:HP": "60/60",
    "Needle:MP": "14"
  },
  "unitExceptStatus": {
    "HP": 1,
    "MP": 1,
    "Defense": 1
  },
  "loots1Num": "2～4",
  "loots1Item": "None",
  "loots2Num": "5～8",
  "loots2Item": "Poisonous Needle (50G / Green B) ",
  "loots3Num": "9+",
  "loots3Item": "Strong Vine",
  "fortitude": "8",
  "willpower": "6"
}