{
  "description": "<p>It is a small magical machine, about the size of a small bag, that also serves as an alarm beacon. Floating at low speeds, they emit a loud alarm if they detect an intruder. They come in a variety of shapes, but most are cone or triangular pyramids with a tapered end.</p><p>There are often cases where multiple Bits accompany other Magitech machines to provide support.</p>",
  "disposition": "Instructed",
  "habitat": "Ruins",
  "initiative": "7",
  "intellect": "Servant",
  "language": "None",
  "lootsNum": 2,
  "monsterName": "Bit",
  "mndResist": "2",
  "vitResist": "2",
  "lv": "1",
  "parts": "",
  "coreParts": "",
  "mobility": "-/15 (Floating)",
  "mode": "save",
  "paletteInsertType": "exchange",
  "paletteRemoveTags": "1",
  "paletteTool": "bcdice",
  "paletteUseBuff": "1",
  "paletteUseVar": "1",
  "partsNum": 1,
  "perception": "Mechanical",
  "reputation": "7",
  "reputation+": "11",
  "weakness": "Bludgeoning Damage +3",
  "result": "OK",
  "sheetDescriptionM": "分類:Magitech　知能:Servant　知覚:Mechanical　反応:Instructed\n言語:None　生息地:Ruins\n弱点:Bludgeoning Damage +3\n先制値:7　生命抵抗力:2（9）　精神抵抗力:2（9）",
  "sheetDescriptionS": "分類:Magitech\n弱点:Bludgeoning Damage +3\n先制値:7　生命抵抗力:2（9）　精神抵抗力:2（9）",
  "sin": "0",
  "skills": "<p><strong>►Blitz / 2 (9) / Fortitude / Half</strong></p><p>Fires an electric shock at \"Target: 1 Character\" within \"Range: Touch,\" dealing 2d-2 Lightning magic damage.</p><p><strong>◯Poison Immunity, ◯Disease Immunity, ◯Psychic Type Immunity</strong></p><p></p><p><strong>◯Limited Healing</strong></p><p>Effects which can heal Magitech HP are very limited, and mostly come from Spiritualism Magic and some special items.Healing effects such as Divine Magic, Fairy Magic, and Nature Magic cannot restore a Magitech's HP.</p><p><strong>◯Can Be Detected</strong></p><p>Magitech can be detected with the [Sense Magic] spell and similar effects.</p>",
  "status1Accuracy": "-",
  "status1AccuracyFix": null,
  "status1Damage": "-",
  "status1Defense": "1",
  "status1Evasion": "3",
  "status1EvasionFix": 10,
  "status1Hp": "12",
  "status1Mp": "-",
  "status1Style": "None",
  "statusNum": 1,
  "taxa": "Magitech",
  "type": "m",
  "unitStatus": {
    "None:HP": "12/12",
    "None:MP": "-"
  },
  "unitExceptStatus": {
    "HP": 1,
    "MP": 1,
    "Defense": 1
  },
  "loots1Num": "2～10",
  "loots1Item": "None",
  "loots2Num": "11+",
  "loots2Item": "Old Recording Device (100G / Black White A)",
  "fortitude": "2",
  "willpower": "2"
}