{
  "description": "<p>This fairy has a shadowy texture and takes the form of a hound. It stands about 2m tall and is more proficient in melee attacks than Fairy Magic.</p><p>It can communicate with others in Sylvan, but it tends to make others uncomfortable with sarcastic remarks.</p>",
  "disposition": "Neutral",
  "habitat": "Swamps, Caves",
  "initiative": "15",
  "intellect": "Average",
  "language": "Sylvan",
  "lootsNum": 0,
  "monsterName": "Black Hound",
  "mndResist": "10",
  "vitResist": "10",
  "lv": "7",
  "parts": "",
  "coreParts": "",
  "mobility": "20 (4 Legs)",
  "mode": "save",
  "paletteInsertType": "exchange",
  "paletteRemoveTags": "1",
  "paletteTool": "bcdice",
  "paletteUseBuff": "1",
  "paletteUseVar": "1",
  "partsNum": 1,
  "perception": "Magic",
  "reputation": "14",
  "reputation+": "17",
  "weakness": "Accuracy +1",
  "result": "OK",
  "sheetDescriptionM": "分類:Fairy　知能:Average　知覚:Magic　反応:Neutral\n言語:Sylvan　生息地:Swamps, Caves\n弱点:Accuracy +1\n先制値:15　生命抵抗力:10（17）　精神抵抗力:10（17）",
  "sheetDescriptionS": "分類:Fairy\n弱点:Accuracy +1\n先制値:15　生命抵抗力:10（17）　精神抵抗力:10（17）",
  "sin": "0",
  "skills": "<p><strong>◯Type: Dark / Magic Power 10 (17)</strong></p><p></p><p><strong>►Twin Strike & Double Attack</strong></p><p>Can make two Bite attacks each round, though each attack requires its own Accuracy check. They may choose to attack different characters with each attack.</p><p><strong>◯🗨Magic Aptitude</strong></p><p>They can use the Combat Feats [Targeting] and [Metamagic/Targets].</p><p><strong>◯Painful Strike</strong></p><p>If the 2d roll of the damage roll is 10 or more, the damage is increased by an additional +7 points</p>",
  "status1Accuracy": "10",
  "status1AccuracyFix": 17,
  "status1Damage": "2d+8",
  "status1Defense": "6",
  "status1Evasion": "9",
  "status1EvasionFix": 16,
  "status1Hp": "60",
  "status1Mp": "44",
  "status1Style": "Bite",
  "statusNum": 1,
  "taxa": "Fairy",
  "type": "m",
  "unitStatus": {
    "Bite:HP": "60/60",
    "Bite:MP": "44"
  },
  "unitExceptStatus": {
    "HP": 1,
    "MP": 1,
    "Defense": 1
  },
  "fortitude": "10",
  "willpower": "10"
}