{
  "description": "<p>A Humanoid archer who prefers black clothing in order to fade into the shadows of the night. They have some experience in combat and are quite threatening when firing from the rearguard. If precautions are not taken, adventurers could find themselves facing unexpected difficulties in dealing with them.</p>",
  "disposition": "Neutral",
  "habitat": "Various",
  "initiative": "12",
  "intellect": "Average",
  "language": "Trade Common, Regional Dialect, Learned Magic Language",
  "lootsNum": 3,
  "monsterName": "Black-Clad Archer",
  "mndResist": "5",
  "vitResist": "4",
  "lv": "3",
  "parts": "",
  "coreParts": "",
  "mobility": "13/-",
  "mode": "save",
  "paletteInsertType": "exchange",
  "paletteRemoveTags": "1",
  "paletteTool": "bcdice",
  "paletteUseBuff": "1",
  "paletteUseVar": "1",
  "partsNum": 1,
  "perception": "Five Senses",
  "reputation": "6",
  "reputation+": "-",
  "weakness": "None",
  "result": "OK",
  "sheetDescriptionM": "分類:Humanoid　知能:Average　知覚:Five Senses　反応:Neutral\n言語:Trade Common, Regional Dialect, Learned Magic Language　生息地:Various\n弱点:None\n先制値:12　生命抵抗力:4（11）　精神抵抗力:5（12）",
  "sheetDescriptionS": "分類:Humanoid\n弱点:None\n先制値:12　生命抵抗力:4（11）　精神抵抗力:5（12）",
  "sin": "0",
  "skills": "<p><strong>◯Sword's Grace/Change Fate</strong></p><p>Once per day, they may choose to change the result of a Skill Check or Damage roll, by switching the faces of the rolled 2d to the opposite sides.</p><p><strong>◯Bow</strong></p><p>Attacks with a Bow are treated as Ranged Attacks with Range 2 (30m).</p><p><strong>◯Targeting</strong></p><p>Stray shots cannot occur.</p><p><strong>⏩Technique</strong></p><p>Can use the Techniques [Cat's Eyes] and [Bear Muscle].</p>",
  "status1Accuracy": "5",
  "status1AccuracyFix": 12,
  "status1Damage": "2d+4",
  "status1Defense": "2",
  "status1Evasion": "4",
  "status1EvasionFix": 11,
  "status1Hp": "21",
  "status1Mp": "12",
  "status1Style": "Bow",
  "statusNum": 1,
  "taxa": "Humanoid",
  "type": "m",
  "unitStatus": {
    "Bow:HP": "21/21",
    "Bow:MP": "12"
  },
  "unitExceptStatus": {
    "HP": 1,
    "MP": 1,
    "Defense": 1
  },
  "loots1Num": "2～6",
  "loots1Item": "None",
  "loots2Num": "7～11",
  "loots2Item": "Bag of Silver (100G/-) x 1d",
  "loots3Num": "12+",
  "loots3Item": "Gem (150G/Gold A) x 1d",
  "fortitude": "4",
  "willpower": "5"
}