{
  "description": "<p>It is a small ferret whose entire body is covered with steel gray body hair. The fur is as sharp as a blade, and can slice through skin just by touching it. The ferret's front paws are covered with stiff hairs that resemble blades. The ferret will attack its prey as it passes by, capturing it when it is vulnerable.</p><p>They are ferocious for their size and will attack large opponents without regard to their size in order to protect their territory.</p>",
  "disposition": "Hostile",
  "habitat": "Grasslands, Hills",
  "initiative": "22",
  "intellect": "Animal",
  "language": "None",
  "lootsNum": 4,
  "monsterName": "Blade Storm",
  "mndResist": "13",
  "vitResist": "14",
  "lv": "11",
  "parts": "",
  "coreParts": "",
  "mobility": "40 (4 Legs)/-",
  "mode": "save",
  "paletteInsertType": "exchange",
  "paletteRemoveTags": "1",
  "paletteTool": "bcdice",
  "paletteUseBuff": "1",
  "paletteUseVar": "1",
  "partsNum": 1,
  "perception": "Five senses",
  "reputation": "17",
  "reputation+": "20",
  "weakness": "Earth Damage + 3 points",
  "result": "OK",
  "sheetDescriptionM": "分類:Animal　知能:Animal　知覚:Five senses　反応:Hostile\n言語:None　生息地:Grasslands, Hills\n弱点:Earth Damage + 3 points\n先制値:22　生命抵抗力:14（21）　精神抵抗力:13（20）",
  "sheetDescriptionS": "分類:Animal\n弱点:Earth Damage + 3 points\n先制値:22　生命抵抗力:14（21）　精神抵抗力:13（20）",
  "sin": "0",
  "skills": "<p><strong>►3 Attacks (Flexible)</strong></p><p>The monster uses multiple weapons and makes three attacks in one round. After making one attack the monster can choose whether to make the next attack on the same target or on a different target of their choice.</p><p><strong>◯Sleeping Poison / 13 (20) / Fortitude / Negates</strong></p><p>If the Paw Blade attack hits, the target is put to sleep. This effect is of the Poison type, and countermeasures against Poison are effective.After the target falls asleep, the effect is also treated as a Psychic type. It is possible to bring the target back to consciousness with the [Sanity] spell. However, since this effect is not a Psychic type (Weak), the target cannot be simply woken up using Major Action.</p>",
  "status1Accuracy": "14",
  "status1AccuracyFix": 21,
  "status1Damage": "2d+14",
  "status1Defense": "10",
  "status1Evasion": "13",
  "status1EvasionFix": 20,
  "status1Hp": "90",
  "status1Mp": "34",
  "status1Style": "Paw Blade",
  "statusNum": 1,
  "taxa": "Animal",
  "type": "m",
  "unitStatus": {
    "Paw Blade:HP": "90/90",
    "Paw Blade:MP": "34"
  },
  "unitExceptStatus": {
    "HP": 1,
    "MP": 1,
    "Defense": 1
  },
  "loots1Num": "Always",
  "loots1Item": "Broken Paw Blade (400G/Red A)",
  "loots2Num": "2～8",
  "loots2Item": "None",
  "loots3Num": "9～11",
  "loots3Item": "Wired Hair (870G/Red Black A)",
  "loots4Num": "12+",
  "loots4Item": "Sharp Wired Hair (2,880G/Red Black S)",
  "fortitude": "14",
  "willpower": "13"
}