{
  "description": "<p>This huge elephant-like animal continuously emits fire from its entire body and stands about 6 meters tall. It is adapted to volcanic regions, and the fire on its skin is not emitted from its own body but is ignited by rubbing its body against the surrounding magma to keep the fire going.</p><p>When angered, they secrete a viscous liquid from their skin, increasing the intensity of their flames.</p>",
  "disposition": "Hungry",
  "habitat": "Volcano",
  "initiative": "21",
  "intellect": "Animal",
  "language": "None",
  "lootsNum": 4,
  "monsterName": "Blazing Mammoth",
  "mndResist": "19",
  "vitResist": "20",
  "lv": "15",
  "parts": "2 (Head / Body)",
  "coreParts": "Head",
  "mobility": "25 (4 Legs)",
  "mode": "save",
  "paletteInsertType": "exchange",
  "paletteRemoveTags": "1",
  "paletteTool": "bcdice",
  "paletteUseBuff": "1",
  "paletteUseVar": "1",
  "partsNum": 2,
  "perception": "Five senses",
  "reputation": "22",
  "reputation+": "25",
  "weakness": "Water/Ice damage + 3 points",
  "result": "OK",
  "sheetDescriptionM": "分類:Animal　知能:Animal　知覚:Five senses　反応:Hungry\n言語:None　生息地:Volcano\n弱点:Water/Ice damage + 3 points\n先制値:21　生命抵抗力:20（27）　精神抵抗力:19（26）",
  "sheetDescriptionS": "分類:Animal\n弱点:Water/Ice damage + 3 points\n先制値:21　生命抵抗力:20（27）　精神抵抗力:19（26）",
  "sin": "0",
  "skills": "<p><strong>◯Fire Immunity</strong></p><p></p><br><br><p><strong>◯2 Actions</strong></p><p>Can perform two Major Actions in one round.</p><p><strong>►Fire Shower/19 (26)/Fortitude/Half</strong></p><p>Raising its snout high, it blows fireballs. The fireball deals 2d+25 fire magic damage to \"Target: 1 area(3m Radius/5\" within \"Range: Caster.\"This ability can only be used once every 20 seconds (2 rounds).</p><p><strong>►Throw/17 (24)/Evasion/Negates</strong></p><p>The Blazing Mammoth attempts to grab a \"Target: 1 Character\" within \"Range: Touch.\" If successful, the target is thrown to the rearguard area of their faction (Simplified Combat) or in any direction chosen by this monster at 30m (Standard Combat) and falls down, taking 45 points of fall damage.</p><br><br><p><strong>◯Attack Obstacle = +4 • None</strong></p><p>Blazing Mammoth's height prevents enemies from attacking its head.The Head receives a +4 bonus to Evasion checks against melee attacks. This effect disappears when the Body section falls to 0 HP or lower.</p><p><strong>►Trample with Both Feet</strong></p><p>The Blazing Mammoth may Trample twice during the same turn but must attack two different characters.</p><p><strong>◯Flame-clad/Can't</strong></p><p>The body surface of the Body section is always covered with fire. Any character in the same position (area, coordinate) as this monster will receive 6 fire magic damage at the end of this monster's turn.This ability is lost when the HP of the Body section becomes less than 0.</p><p><strong>⏩Burning Rage</strong></p><p>The damage caused by [◯Flame-clad] is increased by +2 points for 3 minutes (18 rounds). This bonus is accumulated up to 3 times (max +6 points).To use this ability, the monster must spend 5 points of HP. Also, it can use this ability only once per round.</p>",
  "status1Accuracy": "19",
  "status1AccuracyFix": 26,
  "status1Damage": "2d+22",
  "status1Defense": "13",
  "status1Evasion": "17",
  "status1EvasionFix": 24,
  "status1Hp": "135",
  "status1Mp": "26",
  "status1Style": "Bite (Head)",
  "status2Accuracy": "18",
  "status2AccuracyFix": 25,
  "status2Damage": "2d+24",
  "status2Defense": "15",
  "status2Evasion": "16",
  "status2EvasionFix": 23,
  "status2Hp": "144",
  "status2Mp": "19",
  "status2Style": "Trample (Body)",
  "statusNum": 2,
  "taxa": "Animal",
  "type": "m",
  "unitStatus": {
    "Bite (Head):HP": "135/135",
    "Bite (Head):MP": "26",
    "Trample (Body):HP": "144/144",
    "Trample (Body):MP": "19"
  },
  "unitExceptStatus": {
    "HP": 2,
    "MP": 2,
    "Defense": 2
  },
  "loots1Num": "2～8",
  "loots1Item": "Damaged Ivory Tusk (100G/Gold Red A)",
  "loots2Num": "9～10",
  "loots2Item": "Red Ivory Tusk (1,600G/Gold Red S)",
  "loots3Num": "11～12",
  "loots3Item": "Crimson Ivory Tusk (3,600G/Gold Red S)",
  "loots4Num": "13+",
  "loots4Item": "Crimson Lotus Ivory Tusk (6,600G/Gold Red S)",
  "fortitude": "20",
  "willpower": "19"
}