{
  "description": "<p>A Blob is a translucent, light-green jelly that is highly acidic to the point of being able to dissolve metal. Originally the result of a magical experiment gone wrong, it now mindlessly divides itself to increase its population. Occasionally, an expiring Blob will release a harmless miniature version of itself without the acidity. This \"mini-Blob\" can be taken as a pet.</p>",
  "disposition": "Hostile",
  "habitat": "Ruins, Labyrinths",
  "initiative": "10",
  "intellect": "None",
  "language": "None",
  "lootsNum": 3,
  "monsterName": "Blob",
  "mndResist": "9",
  "vitResist": "11",
  "lv": "4",
  "parts": "",
  "coreParts": "",
  "mobility": "3",
  "mode": "save",
  "paletteInsertType": "exchange",
  "paletteRemoveTags": "1",
  "paletteTool": "bcdice",
  "paletteUseBuff": "1",
  "paletteUseVar": "1",
  "partsNum": 1,
  "perception": "Magic",
  "reputation": "10",
  "reputation+": "14",
  "weakness": "Fire damage +3 points",
  "result": "OK",
  "sheetDescriptionM": "分類:Construct　知能:None　知覚:Magic　反応:Hostile\n言語:None　生息地:Ruins, Labyrinths\n弱点:Fire damage +3 points\n先制値:10　生命抵抗力:11（18）　精神抵抗力:9（16）",
  "sheetDescriptionS": "分類:Construct\n弱点:Fire damage +3 points\n先制値:10　生命抵抗力:11（18）　精神抵抗力:9（16）",
  "sin": "0",
  "skills": "<p><strong>◯Engulf / 7 (14) / Fortitude / Negates</strong></p><p>If a Slam attack hits, the Blob engulfs the target into its body. The target cannot move or perform any Major Actions and suffers 2d+1 magic damage at the end of each of the monster's turns.An engulfed target can only perform one Fortitude Check on its turn, and if it s쳮ds, it can escape. After this check, the target's turn ends immediately, regardless of the result.</p><p><strong>◯Soft Body</strong></p><p>Bludgeoning weapons treat the Defense of Blob section as 5 points higher. Also, Throw or similar attacks deal no damage and have no effect.</p><p><strong>◯Acidic Body</strong></p><p>Anyone who attacks or receives an attack from a Blob will have their weapon or armor dissolve into nothing after 24 hours. This can be avoided by washing the affected weapon or armor with alcohol or wine within that 24 hours.</p><p><strong>◯Poison Immunity, ◯Disease Immunity, ◯Psychic Type Immunity</strong></p><p></p><p><strong>◯Limited Healing</strong></p><p>Effects which can heal Construct HP are very limited, and mostly come from Spiritualism Magic and some special items.Healing effects such as Divine Magic, Fairy Magic, and Nature Magic cannot restore a Construct's HP.</p><p><strong>◯Can Be Detected</strong></p><p>Constructs can be detected with the [Sense Magic] spell and similar effects.</p>",
  "status1Accuracy": "5",
  "status1AccuracyFix": 12,
  "status1Damage": "2d+3",
  "status1Defense": "0",
  "status1Evasion": "4",
  "status1EvasionFix": 11,
  "status1Hp": "50",
  "status1Mp": "0",
  "status1Style": "Slam",
  "statusNum": 1,
  "taxa": "Construct",
  "type": "m",
  "unitStatus": {
    "Slam:HP": "50/50",
    "Slam:MP": "0/0"
  },
  "unitExceptStatus": {
    "HP": 1,
    "MP": 1,
    "Defense": 1
  },
  "loots1Num": "Always",
  "loots1Item": "Jelly-like Material (100G/Red A)",
  "loots2Num": "2～11",
  "loots2Item": "None",
  "loots3Num": "12+",
  "loots3Item": "Mini-Blob (1,500G/Red S)",
  "fortitude": "11",
  "willpower": "9"
}