{
  "description": "<p>This is an irregularly shaped mass of reddish-black liquid. It is believed to be the result of the thoughts of people who have sunk into bottomless swamps. The liquid moves about and constantly changes its shape. It can harm living beings due to its toxic composition.</p>",
  "disposition": "Hostile",
  "habitat": "Swamps, Forests",
  "initiative": "14",
  "intellect": "None",
  "language": "None",
  "lootsNum": 0,
  "monsterName": "Blood Swamp",
  "mndResist": "11",
  "vitResist": "12",
  "lv": "9",
  "parts": "",
  "coreParts": "",
  "mobility": "10 (Fluid)",
  "mode": "save",
  "paletteInsertType": "exchange",
  "paletteRemoveTags": "1",
  "paletteTool": "bcdice",
  "paletteUseBuff": "1",
  "paletteUseVar": "1",
  "partsNum": 1,
  "perception": "Magic",
  "reputation": "16",
  "reputation+": "19",
  "weakness": "Fire damage + 3 points",
  "result": "OK",
  "sheetDescriptionM": "分類:Undead　知能:None　知覚:Magic　反応:Hostile\n言語:None　生息地:Swamps, Forests\n弱点:Fire damage + 3 points\n先制値:14　生命抵抗力:12（19）　精神抵抗力:11（18）",
  "sheetDescriptionS": "分類:Undead\n弱点:Fire damage + 3 points\n先制値:14　生命抵抗力:12（19）　精神抵抗力:11（18）",
  "sin": "0",
  "skills": "<p><strong>◯Normal Weapon Immunity</strong></p><p></p><p><strong>◯Attitude Control</strong></p><p>It does not fall prone under any effect.</p><p><strong>◯Morphogenesis</strong></p><p>It is constantly wriggling and changing its form.At the beginning of its turn, roll 1d, and for 10 seconds (1 round), the damage is increased by the rolled value, and Defense is decreased by the rolled value.</p><p><strong>⏩Blood Strike/10 (18)/Fortitude/Half</strong></p><p>Within \"Range: Touch\", Blood Swamp showers \"Target: 1 Character\" with his/her own blood, dealing 2d magic damage and blinding it for 3 minutes (18 rounds). This effect is Poison type. This effect can be used only once per 10 seconds (1 round).</p><p><strong>◯Poison Immunity, ◯Disease Immunity, ◯Psychic Type (Weak) Immunity</strong></p><p></p><p><strong>◯Unstable Healing</strong></p><p>Healing effects such as Divine Magic and items like Unicorn's Horn will damage Undead instead.Magitech, Fairy Magic, Nature Magic, etc. healing has no effect on the Undead.Spiritualism Magic and a few other healing effects can restore an Undead's HP.</p>",
  "status1Accuracy": "11",
  "status1AccuracyFix": 18,
  "status1Damage": "2d+6",
  "status1Defense": "6",
  "status1Evasion": "10",
  "status1EvasionFix": 17,
  "status1Hp": "72",
  "status1Mp": "40",
  "status1Style": "Fist",
  "statusNum": 1,
  "taxa": "Undead",
  "type": "m",
  "unitStatus": {
    "Fist:HP": "72/72",
    "Fist:MP": "40"
  },
  "unitExceptStatus": {
    "HP": 1,
    "MP": 1,
    "Defense": 1
  },
  "fortitude": "12",
  "willpower": "11"
}