{
  "description": "<p>Plants with large petals as red as blood, these root-less plants will chase prey down, albeit slowly. Also referred to as \"flesh-eating flowers,\" these plants will capture both animals and Humanoids alike, slowly dissolving their prey for nutrition.</p><p>If the flower is in full bloom and fed a healthy amount of blood, the petals of the plant can be distilled into quality medicine. Rarely a few fruits of the bloody petal can be found as well.</p><p>This monster has only one Trunk but has 3 to 5 Petals. The GM can use 2 + (half of 1d) to randomly determine the amount of Petals, if necessary.</p><p>Hoodlings like to feed Humanoids to these flowers and may lure them in by pretending to flee.</p>",
  "disposition": "Hostile",
  "habitat": "Forests",
  "initiative": "10",
  "intellect": "None",
  "language": "None",
  "lootsNum": 3,
  "monsterName": "Bloody Petal",
  "mndResist": "9",
  "vitResist": "11",
  "lv": "5",
  "parts": "4-6 (Body / Petal x 3-5)",
  "coreParts": "None",
  "mobility": "5 (Many Legs)",
  "mode": "save",
  "paletteInsertType": "exchange",
  "paletteRemoveTags": "1",
  "paletteTool": "bcdice",
  "paletteUseBuff": "1",
  "paletteUseVar": "1",
  "partsNum": 2,
  "perception": "Magic",
  "reputation": "11",
  "reputation+": "14",
  "weakness": "Fire damage + 3 points",
  "result": "OK",
  "sheetDescriptionM": "分類:Plant　知能:None　知覚:Magic　反応:Hostile\n言語:None　生息地:Forests\n弱点:Fire damage + 3 points\n先制値:10　生命抵抗力:11（18）　精神抵抗力:9（16）",
  "sheetDescriptionS": "分類:Plant\n弱点:Fire damage + 3 points\n先制値:10　生命抵抗力:11（18）　精神抵抗力:9（16）",
  "sin": "0",
  "skills": "<p><strong>◯Regeneration = 5 points</strong></p><p>At the end of each round, the Body and all remaining Petal sections recover 5 HP. If a Petal has 0 or less HP, it has no effect on this unique skill.If the Body has 0 or less HP, this effect disappears.</p><br><br><p><strong>◯Paralysis Poison/7 (14)/Fortitude/Negates</strong></p><p>If a Petal attack hits, the target suffers a -1 penalty to Accuracy and Evasion check for 10 seconds (1 round). This effect is not cumulative.This effect is of the Poison type.</p>",
  "status1Accuracy": "-",
  "status1AccuracyFix": null,
  "status1Damage": "-",
  "status1Defense": "2",
  "status1Evasion": "5",
  "status1EvasionFix": 12,
  "status1Hp": "58",
  "status1Mp": "20",
  "status1Style": "None (Body)",
  "status2Accuracy": "7",
  "status2AccuracyFix": 14,
  "status2Damage": "2d+8",
  "status2Defense": "1",
  "status2Evasion": "6",
  "status2EvasionFix": 13,
  "status2Hp": "23",
  "status2Mp": "8",
  "status2Style": "Petal (Petal) x 3-5",
  "statusNum": 2,
  "taxa": "Plant",
  "type": "m",
  "unitStatus": {
    "None (Body):HP": "58/58",
    "None (Body):MP": "20",
    "Petal (Petal) x 3-5:HP": "23/23",
    "Petal (Petal) x 3-5:MP": "8"
  },
  "unitExceptStatus": {
    "HP": 2,
    "MP": 2,
    "Defense": 2
  },
  "loots1Num": "Always",
  "loots1Item": "Crimson Petals (120G/Green A)",
  "loots2Num": "2～8",
  "loots2Item": "None",
  "loots3Num": "9+",
  "loots3Item": "Red Berries (300G/Green A)",
  "fortitude": "11",
  "willpower": "9"
}