{
  "description": "<p>Bloodlings are a species of Blood Suckers created by Nosferatu, but it is clearly an inferior species. When Bloodlings are born, only a certain percentage of them survive, and the reason for this is unclear.</p><p>Bloodlings take on the form of a human with bat wings for arms. At night, they fly around, emitting a high-pitched, sad cry, targeting the weakest enemies.</p><p>Nosferatu can be expected to be nearby wherever these creatures are found.</p>",
  "disposition": "Hostile",
  "habitat": "Various",
  "initiative": "12",
  "intellect": "Low",
  "language": "Regional Dialect",
  "lootsNum": 2,
  "monsterName": "Bloodling",
  "mndResist": "6",
  "vitResist": "5",
  "lv": "3",
  "parts": "",
  "coreParts": "",
  "mobility": "12/24(Flying)",
  "mode": "save",
  "paletteInsertType": "exchange",
  "paletteRemoveTags": "1",
  "paletteTool": "bcdice",
  "paletteUseBuff": "1",
  "paletteUseVar": "1",
  "partsNum": 1,
  "perception": "Magic",
  "reputation": "10",
  "reputation+": "14",
  "weakness": "HP Recovery (deals damage instead), +3 points",
  "result": "OK",
  "sheetDescriptionM": "分類:Undead　知能:Low　知覚:Magic　反応:Hostile\n言語:Regional Dialect　生息地:Various\n弱点:HP Recovery (deals damage instead), +3 points\n先制値:12　生命抵抗力:5（12）　精神抵抗力:6（13）",
  "sheetDescriptionS": "分類:Undead\n弱点:HP Recovery (deals damage instead), +3 points\n先制値:12　生命抵抗力:5（12）　精神抵抗力:6（13）",
  "sin": "0",
  "skills": "<p><strong>►Vampire Bite/4 (11)/Evasion/Negates</strong></p><p>Bites an enemy character in the skirmish in which it resides, dealing 2d-1 physical damage. The Bloodling heals HP equal to the applied damage dealt.</p><p><strong>◯Vampire Body</strong></p><p>As long as a Bloodling is under sunlight, it takes 3 magic damage at the end of its turn and receives a -2 penalty to all Accuracy and Evasion Checks. This damage cannot be reduced in any way.</p><p><strong>◯Flight</strong></p><p>A Bloodling receives a +1 bonus to Accuracy and Evasion only for melee attacks.</p><p><strong>◯Poison Immunity, ◯Disease Immunity, ◯Psychic Type (Weak) Immunity</strong></p><p></p><p><strong>◯Unstable Healing</strong></p><p>Healing effects such as Divine Magic and items like Unicorn's Horn will damage Undead instead.Magitech, Fairy Magic, Nature Magic, etc. healing has no effect on the Undead.Spiritualism Magic and a few other healing effects can restore an Undead's HP.</p>",
  "status1Accuracy": "5",
  "status1AccuracyFix": 12,
  "status1Damage": "2d+2",
  "status1Defense": "3",
  "status1Evasion": "4",
  "status1EvasionFix": 11,
  "status1Hp": "24",
  "status1Mp": "6",
  "status1Style": "Claws",
  "statusNum": 1,
  "taxa": "Undead",
  "type": "m",
  "unitStatus": {
    "Claws:HP": "24/24",
    "Claws:MP": "6"
  },
  "unitExceptStatus": {
    "HP": 1,
    "MP": 1,
    "Defense": 1
  },
  "loots1Num": "2～9",
  "loots1Item": "None",
  "loots2Num": "10+",
  "loots2Item": "Corrupted Ash (300G/Gold A)",
  "fortitude": "5",
  "willpower": "6"
}