{
  "description": "<p>A person drained by a Lesser Vampire then revived into a subservient unlife, a Blood Sucker is still a dangerous monster to encounter.</p><p>With pale skin and bloody eyes, they lack the grace of their sires and stand out as something unnatural. Their memories are distorted. They will attack humans and animals alike to stave off hunger and thirst.</p><p>Due to their vulnerability to sunlight, Blood Suckers move and attack solely at night.</p>",
  "disposition": "Hostile",
  "habitat": "Various",
  "initiative": "13",
  "intellect": "Low",
  "language": "Regional Dialect",
  "lootsNum": 2,
  "monsterName": "Blood Sucker",
  "mndResist": "7",
  "vitResist": "8",
  "lv": "6",
  "parts": "",
  "coreParts": "",
  "mobility": "15",
  "mode": "save",
  "paletteInsertType": "exchange",
  "paletteRemoveTags": "1",
  "paletteTool": "bcdice",
  "paletteUseBuff": "1",
  "paletteUseVar": "1",
  "partsNum": 1,
  "perception": "Magic",
  "reputation": "12",
  "reputation+": "15",
  "weakness": "HP Recovery (deals damage instead), +3 points",
  "result": "OK",
  "sheetDescriptionM": "分類:Undead　知能:Low　知覚:Magic　反応:Hostile\n言語:Regional Dialect　生息地:Various\n弱点:HP Recovery (deals damage instead), +3 points\n先制値:13　生命抵抗力:8（15）　精神抵抗力:7（14）",
  "sheetDescriptionS": "分類:Undead\n弱点:HP Recovery (deals damage instead), +3 points\n先制値:13　生命抵抗力:8（15）　精神抵抗力:7（14）",
  "sin": "0",
  "skills": "<p><strong>◯Continuous Attack</strong></p><p>If a Blood Sucker successfully hits a target in melee, it may make a second attack against the same target.</p><p><strong>⏩Gaze/7 (14)/Willpower/Negates</strong></p><p>Blood Suckers may attempt to paralyze with \"Target: 1 Character\" within \"Range/Area: 50m / Target\". If the target fails to resist the Gaze, they are paralyzed for 10 seconds (1 round) and cannot take any Minor Actions or active combat feats.This unique skill can be used only once per round.</p><p><strong>►Vampire Bite/7 (14)/Evasion/Negates</strong></p><p>The Blood Sucker bites a target in the same skirmish, dealing 2d+4 Physical damage. The Blood Sucker heals HP equal to the applied damage dealt.</p><p><strong>◯Regeneration = 3 points</strong></p><p>At the end of each round, a Blood Sucker recovers 3 HP. This has no effect if the Blood Sucker is at 0 HP or lower.</p><p><strong>◯Vampire Body</strong></p><p>As long as a Blood Sucker is under sunlight, it takes 6 magic damage at the end of its turn and receives a -2 penalty to all Accuracy and Evasion Checks. This damage cannot be reduced in any way, and the Blood Sucker cannot use their [◯Regeneration] unique skill.</p><p><strong>◯Poison Immunity, ◯Disease Immunity, ◯Psychic Type (Weak) Immunity</strong></p><p></p><p><strong>◯Unstable Healing</strong></p><p>Healing effects such as Divine Magic and items like Unicorn's Horn will damage Undead instead.Magitech, Fairy Magic, Nature Magic, etc. healing has no effect on the Undead.Spiritualism Magic and a few other healing effects can restore an Undead's HP.</p>",
  "status1Accuracy": "8",
  "status1AccuracyFix": 15,
  "status1Damage": "2d+7",
  "status1Defense": "6",
  "status1Evasion": "7",
  "status1EvasionFix": 14,
  "status1Hp": "49",
  "status1Mp": "6",
  "status1Style": "Claws",
  "statusNum": 1,
  "taxa": "Undead",
  "type": "m",
  "unitStatus": {
    "Claws:HP": "49/49",
    "Claws:MP": "6"
  },
  "unitExceptStatus": {
    "HP": 1,
    "MP": 1,
    "Defense": 1
  },
  "loots1Num": "2～8",
  "loots1Item": "None",
  "loots2Num": "9+",
  "loots2Item": "Corrupted Ash (300G/Gold A)",
  "fortitude": "8",
  "willpower": "7"
}