{
  "description": "<p>They are upper-level Dark Trolls and are in charge of leading the Trolls. They are always ready to fight without compromise to not disappoint their enemies.</p><p>Fighting is the highest priority in their life, and they teach other Trolls how to fight and defeat any opponent.</p>",
  "disposition": "Hostile",
  "habitat": "Ruins",
  "initiative": "18",
  "intellect": "High",
  "language": "Trade Common, Barbaric, Giantish",
  "lootsNum": 4,
  "monsterName": "Blood Troll",
  "mndResist": "16",
  "vitResist": "18",
  "lv": "13",
  "parts": "",
  "coreParts": "",
  "mobility": "21",
  "mode": "save",
  "paletteInsertType": "exchange",
  "paletteRemoveTags": "1",
  "paletteTool": "bcdice",
  "paletteUseBuff": "1",
  "paletteUseVar": "1",
  "partsNum": 1,
  "perception": "Five senses (Darkvision)",
  "reputation": "17",
  "reputation+": "20",
  "weakness": "+2 Magic Damage",
  "result": "OK",
  "sheetDescriptionM": "分類:Barbarous　知能:High　知覚:Five senses (Darkvision)　反応:Hostile\n言語:Trade Common, Barbaric, Giantish　生息地:Ruins\n弱点:+2 Magic Damage\n先制値:18　生命抵抗力:18（25）　精神抵抗力:16（23）",
  "sheetDescriptionS": "分類:Barbarous\n弱点:+2 Magic Damage\n先制値:18　生命抵抗力:18（25）　精神抵抗力:16（23）",
  "sin": "4",
  "skills": "<p><strong>►Divine Magic 13 Level / Magic Power 17 (24)</strong></p><p></p><p><strong>🗨►Magic Aptitude</strong></p><p>A Blood Troll can use the Combat Feats [Metamagic/Targets], Multi-Action, and [Wordbreak].</p><p><strong>🗨 Mana Strike = +17 damage</strong></p><p>A Blood Troll may deal an additional +17 damage to their next melee attack. If they do, at risk, they receive a -2 penalty to Fortitude and Willpower checks until their next turn.</p><p><strong>◯Dark Regeneration = 10 points</strong></p><p>At the end of each round, a Blood Troll recovers 10 HP. This has no effect if the Blood Troll is at 0 HP or lower or is under sunlight.</p><p><strong>◯Weakened</strong></p><p>As long as a Blood Troll is under sunlight, it receives a -2 penalty to all Accuracy and Evasion Checks.</p>",
  "status1Accuracy": "18",
  "status1AccuracyFix": 25,
  "status1Damage": "2d+14",
  "status1Defense": "14",
  "status1Evasion": "15",
  "status1EvasionFix": 22,
  "status1Hp": "123",
  "status1Mp": "88",
  "status1Style": "Weapon",
  "statusNum": 1,
  "taxa": "Barbarous",
  "type": "m",
  "unitStatus": {
    "Weapon:HP": "123/123",
    "Weapon:MP": "88"
  },
  "unitExceptStatus": {
    "HP": 1,
    "MP": 1,
    "Defense": 1
  },
  "loots1Num": "Always",
  "loots1Item": "Troll's Black Blood (500G/Red A)",
  "loots2Num": "2～6",
  "loots2Item": "Gems (300G/Gold A) x 1d",
  "loots3Num": "7～11",
  "loots3Item": "Strange Holy Symbol (3,300G/White S)",
  "loots4Num": "12+",
  "loots4Item": "Strange God Statue (6,200G/Gold White S)",
  "fortitude": "18",
  "willpower": "16"
}