{
  "description": "<p>This is a Bolg  Youma fighter who has trained their body to the utmost limit and is filled with a strong presence beyond ordinary people's reach. Although they are hand-to-hand fighters, it is said that they can do more than an ordinary army just alone, and they are trusted by the upper Barbarous as a trump card in local battles.</p><p>Bolg Suppressors specialize in striking enemies with the heels of their palms, knocking them down in the process. They then look down fiercely at their fallen opponent, defeating their spirit.</p>",
  "disposition": "Hostile",
  "habitat": "Forests, Mountain, Cave",
  "initiative": "21",
  "intellect": "Average",
  "language": "Barbaric, Youma",
  "lootsNum": 4,
  "monsterName": "Bolg Suppressor",
  "mndResist": "16",
  "vitResist": "18",
  "lv": "14",
  "parts": "",
  "coreParts": "",
  "mobility": "20",
  "mode": "save",
  "paletteInsertType": "exchange",
  "paletteRemoveTags": "1",
  "paletteTool": "bcdice",
  "paletteUseBuff": "1",
  "paletteUseVar": "1",
  "partsNum": 1,
  "perception": "Five senses (Darkvision)",
  "reputation": "19",
  "reputation+": "24",
  "weakness": "Physical damage +2 points",
  "result": "OK",
  "sheetDescriptionM": "分類:Barbarous　知能:Average　知覚:Five senses (Darkvision)　反応:Hostile\n言語:Barbaric, Youma　生息地:Forests, Mountain, Cave\n弱点:Physical damage +2 points\n先制値:21　生命抵抗力:18（25）　精神抵抗力:16（23）",
  "sheetDescriptionS": "分類:Barbarous\n弱点:Physical damage +2 points\n先制値:21　生命抵抗力:18（25）　精神抵抗力:16（23）",
  "sin": "4",
  "skills": "<p><strong>►Twin Strike & Double Attack</strong></p><p>Can make two Fist attacks each round, though each attack requires its own Accuracy check. They may choose to attack different characters with each attack.</p><p><strong>◯Counter</strong></p><p>This is the same effect as the combat feat [Counter].</p><p><strong>◯Crushing Palm Strike (Fall)/17 (24)/Fortitude/Neg</strong></p><p>If the target is hit by a Fist attack, the target will fall prone on failed Fortitude check.</p><p><strong>◯Crushing Palm Strike (Withering)/17 (24)/Willpower/Neg</strong></p><p>If the target is hit by a Fist attack and fails the Willpower check, the target may not speak or declare any Minor Action or active combat feats for the next 10 seconds (1 round). This effect is of the psychic type.</p><p><strong>⏩Pressure Point/17 (24)/Willpower/Neg</strong></p><p>Roll 1d. Bolg Suppressor hits the target with its powerful aura, receiving 10 fixed damage to its MP if it rolls \"1-3\" and to its HP if it rolls \"4-6\".This effect can be used only once in 10 seconds (1 round) and consumes 10 points of its own MP when used.</p>",
  "status1Accuracy": "17",
  "status1AccuracyFix": 24,
  "status1Damage": "2d+18",
  "status1Defense": "7",
  "status1Evasion": "16",
  "status1EvasionFix": 23,
  "status1Hp": "122",
  "status1Mp": "26",
  "status1Style": "Fist",
  "statusNum": 1,
  "taxa": "Barbarous",
  "type": "m",
  "unitStatus": {
    "Fist:HP": "122/122",
    "Fist:MP": "26"
  },
  "unitExceptStatus": {
    "HP": 1,
    "MP": 1,
    "Defense": 1
  },
  "loots1Num": "Always",
  "loots1Item": "Barbarous' Orders (500G/White A)",
  "loots2Num": "2～4",
  "loots2Item": "Battle Gear (30G/White B)",
  "loots3Num": "5～10",
  "loots3Item": "Soldier's Outfit (500G/White A)",
  "loots4Num": "11+",
  "loots4Item": "Golden Battle Outfit (3,200G/Gold White S)",
  "fortitude": "18",
  "willpower": "16"
}