{
  "description": "<p>These are heavily-armed warriors of the Bolg tribe of Youma. Armed with a shield and a greatsword, they will do their best to crush their enemies without fear of being wounded.</p>",
  "disposition": "Hostile",
  "habitat": "Forests, Mountains, Caves",
  "initiative": "10",
  "intellect": "Low",
  "language": "Barbaric, Youma",
  "lootsNum": 2,
  "monsterName": "Bolg Heavy Arm",
  "mndResist": "6",
  "vitResist": "7",
  "lv": "5",
  "parts": "",
  "coreParts": "",
  "mobility": "12",
  "mode": "save",
  "paletteInsertType": "exchange",
  "paletteRemoveTags": "1",
  "paletteTool": "bcdice",
  "paletteUseBuff": "1",
  "paletteUseVar": "1",
  "partsNum": 1,
  "perception": "Five senses (Darkvision)",
  "reputation": "10",
  "reputation+": "15",
  "weakness": "Physical damage +2 points",
  "result": "OK",
  "sheetDescriptionM": "分類:Barbarous　知能:Low　知覚:Five senses (Darkvision)　反応:Hostile\n言語:Barbaric, Youma　生息地:Forests, Mountains, Caves\n弱点:Physical damage +2 points\n先制値:10　生命抵抗力:7（14）　精神抵抗力:6（13）",
  "sheetDescriptionS": "分類:Barbarous\n弱点:Physical damage +2 points\n先制値:10　生命抵抗力:7（14）　精神抵抗力:6（13）",
  "sin": "3",
  "skills": "<p><strong>🗨Power Strike I</strong></p><p>They can deal an additional 4 damage on their next attack. However, any Evasion Check made by them this turn receives a -2 penalty.</p><p><strong>◯Painful Strike</strong></p><p>If the 2d roll of the damage roll is 10 or more, the damage is increased by an additional +6 points.</p>",
  "status1Accuracy": "6",
  "status1AccuracyFix": 13,
  "status1Damage": "2d+6",
  "status1Defense": "8",
  "status1Evasion": "5",
  "status1EvasionFix": 12,
  "status1Hp": "36",
  "status1Mp": "17",
  "status1Style": "Weapon",
  "statusNum": 1,
  "taxa": "Barbarous",
  "type": "m",
  "unitStatus": {
    "Weapon:HP": "36/36",
    "Weapon:MP": "17"
  },
  "unitExceptStatus": {
    "HP": 1,
    "MP": 1,
    "Defense": 1
  },
  "loots1Num": "2～7",
  "loots1Item": "High-quality Weapon (150/Black White A)",
  "loots2Num": "8+",
  "loots2Item": "Extravagant Weapon (500G/Black White A)",
  "fortitude": "7",
  "willpower": "6"
}