{
  "description": "<p>These are the leaders of a small group of Bolg Youma tribesmen.</p><p>Armed with a two-handed greatsword, they exhibit overwhelming combat prowess.</p><p>They make their home in underground labyrinths and ruins and repeatedly attack Human settlements. Bolgs believe that the bigger the weapon, the stronger they are, and they are more daring and bold in their fighting style.</p>",
  "disposition": "Hostile",
  "habitat": "Forests, Mountains, Caves",
  "initiative": "11",
  "intellect": "Low",
  "language": "Barbaric, Youma",
  "lootsNum": 3,
  "monsterName": "Bolg Highlander",
  "mndResist": "5",
  "vitResist": "5",
  "lv": "4",
  "parts": "",
  "coreParts": "",
  "mobility": "16",
  "mode": "save",
  "paletteInsertType": "exchange",
  "paletteRemoveTags": "1",
  "paletteTool": "bcdice",
  "paletteUseBuff": "1",
  "paletteUseVar": "1",
  "partsNum": 1,
  "perception": "Five senses (Darkvision)",
  "reputation": "9",
  "reputation+": "14",
  "weakness": "Physical damage +2 points",
  "result": "OK",
  "sheetDescriptionM": "分類:Barbarous　知能:Low　知覚:Five senses (Darkvision)　反応:Hostile\n言語:Barbaric, Youma　生息地:Forests, Mountains, Caves\n弱点:Physical damage +2 points\n先制値:11　生命抵抗力:5（12）　精神抵抗力:5（12）",
  "sheetDescriptionS": "分類:Barbarous\n弱点:Physical damage +2 points\n先制値:11　生命抵抗力:5（12）　精神抵抗力:5（12）",
  "sin": "2",
  "skills": "<p><strong>🗨Repeated Strike I</strong></p><p>Can make two Accuracy checks; if one hits, the damage is dealt once.</p><p><strong>◯Painful Strike</strong></p><p>If the 2d roll of the damage roll is 10 or more, the damage is increased by an additional +6 points.</p>",
  "status1Accuracy": "5",
  "status1AccuracyFix": 12,
  "status1Damage": "2d+5",
  "status1Defense": "3",
  "status1Evasion": "5",
  "status1EvasionFix": 12,
  "status1Hp": "29",
  "status1Mp": "14",
  "status1Style": "Weapon",
  "statusNum": 1,
  "taxa": "Barbarous",
  "type": "m",
  "unitStatus": {
    "Weapon:HP": "29/29",
    "Weapon:MP": "14"
  },
  "unitExceptStatus": {
    "HP": 1,
    "MP": 1,
    "Defense": 1
  },
  "loots1Num": "2～5",
  "loots1Item": "Keen Weapon (100G/Black White A)",
  "loots2Num": "6～9",
  "loots2Item": "High-quality Weapon (150G/Black White A)",
  "loots3Num": "10+",
  "loots3Item": "Extravagant Weapon (500G/Black White A)",
  "fortitude": "5",
  "willpower": "5"
}