{
  "description": "<p>This is a Bolg Youma assassin who specializes in fast attacks. Their role is to target and strike the key commanders of the enemy army.</p>",
  "disposition": "Hostile",
  "habitat": "Forests, Mountains",
  "initiative": "19",
  "intellect": "Average",
  "language": "Barbaric, Drakish, Youma",
  "lootsNum": 4,
  "monsterName": "Bolg Assassinator",
  "mndResist": "11",
  "vitResist": "13",
  "lv": "10",
  "parts": "",
  "coreParts": "",
  "mobility": "21",
  "mode": "save",
  "paletteInsertType": "exchange",
  "paletteRemoveTags": "1",
  "paletteTool": "bcdice",
  "paletteUseBuff": "1",
  "paletteUseVar": "1",
  "partsNum": 1,
  "perception": "Five senses (Darkvision)",
  "reputation": "15",
  "reputation+": "19",
  "weakness": "Physical damage +2 points",
  "result": "OK",
  "sheetDescriptionM": "分類:Barbarous　知能:Average　知覚:Five senses (Darkvision)　反応:Hostile\n言語:Barbaric, Drakish, Youma　生息地:Forests, Mountains\n弱点:Physical damage +2 points\n先制値:19　生命抵抗力:13（20）　精神抵抗力:11（18）",
  "sheetDescriptionS": "分類:Barbarous\n弱点:Physical damage +2 points\n先制値:19　生命抵抗力:13（20）　精神抵抗力:11（18）",
  "sin": "3",
  "skills": "<p><strong>◯Fast Action</strong></p><p>During the first round of combat, if the monster wins initiative, it may take two Major Actions that round.</p><p><strong>◯Shadow Sneak</strong></p><p>Can leave, pass through skirmishes without movement blocking and Prepare to Withdraw action.</p><p><strong>►Double Attack</strong></p><p>It can attack the same target twice in one action with its Weapon.</p><p><strong>◯Painful Strike</strong></p><p>If the 2d roll of the damage roll is 10 or more, the damage is increased by an additional +6 points.</p>",
  "status1Accuracy": "11",
  "status1AccuracyFix": 18,
  "status1Damage": "2d+11",
  "status1Defense": "6",
  "status1Evasion": "11",
  "status1EvasionFix": 18,
  "status1Hp": "81",
  "status1Mp": "24",
  "status1Style": "Weapon",
  "statusNum": 1,
  "taxa": "Barbarous",
  "type": "m",
  "unitStatus": {
    "Weapon:HP": "81/81",
    "Weapon:MP": "24"
  },
  "unitExceptStatus": {
    "HP": 1,
    "MP": 1,
    "Defense": 1
  },
  "loots1Num": "Always",
  "loots1Item": "Barbarous Decree (500G/White A)",
  "loots2Num": "2～7",
  "loots2Item": "Extravagant Weapon (500G/Black White A) x 2",
  "loots3Num": "8～12",
  "loots3Item": "Well-Kept Weapon (1,000G/Black White S) x 2",
  "loots4Num": "13+",
  "loots4Item": "Rare Weapon (4,000G/Black White S) x 2",
  "fortitude": "13",
  "willpower": "11"
}