{
  "description": "<p>Bolgs are Barbarous Youma which are larger, stronger, and hairier than Humans.</p><p>They have bluish skin, and most of their body hair is white. They are characterized by their large fangs and ferocious nature.</p><p>They prefer swords, spears, long-handled weapons, etc. Their intellect is low, they love a fight, and they will fight to the death because they believe they can turn the tables no matter how unfavorable the odds are.</p><p>They are also good at training animals and mounts and can force a mount or other inferior Barbarous to serve them.</p>",
  "disposition": "Hostile",
  "habitat": "Forests, Mountains, Caves",
  "initiative": "11",
  "intellect": "Low",
  "language": "Barbaric, Youma",
  "lootsNum": 2,
  "monsterName": "Bolg",
  "mndResist": "4",
  "vitResist": "4",
  "lv": "3",
  "parts": "",
  "coreParts": "",
  "mobility": "14",
  "mode": "save",
  "paletteInsertType": "exchange",
  "paletteRemoveTags": "1",
  "paletteTool": "bcdice",
  "paletteUseBuff": "1",
  "paletteUseVar": "1",
  "partsNum": 1,
  "perception": "Five senses (Darkvision)",
  "reputation": "7",
  "reputation+": "13",
  "weakness": "Physical damage +2 points",
  "result": "OK",
  "sheetDescriptionM": "分類:Barbarous　知能:Low　知覚:Five senses (Darkvision)　反応:Hostile\n言語:Barbaric, Youma　生息地:Forests, Mountains, Caves\n弱点:Physical damage +2 points\n先制値:11　生命抵抗力:4（11）　精神抵抗力:4（11）",
  "sheetDescriptionS": "分類:Barbarous\n弱点:Physical damage +2 points\n先制値:11　生命抵抗力:4（11）　精神抵抗力:4（11）",
  "sin": "2",
  "skills": "<p><strong>◯Painful Strike</strong></p><p>If the 2d roll of the damage roll is 10 or more, the damage is increased by an additional +6 points.</p>",
  "status1Accuracy": "4",
  "status1AccuracyFix": 11,
  "status1Damage": "2d+4",
  "status1Defense": "3",
  "status1Evasion": "4",
  "status1EvasionFix": 11,
  "status1Hp": "23",
  "status1Mp": "10",
  "status1Style": "Weapon",
  "statusNum": 1,
  "taxa": "Barbarous",
  "type": "m",
  "unitStatus": {
    "Weapon:HP": "23/23",
    "Weapon:MP": "10"
  },
  "unitExceptStatus": {
    "HP": 1,
    "MP": 1,
    "Defense": 1
  },
  "loots1Num": "2～6",
  "loots1Item": "Weapon (30G/Black White B)",
  "loots2Num": "7+",
  "loots2Item": "High-quality Weapon (150G/Black White A)",
  "fortitude": "4",
  "willpower": "4"
}