{
  "description": "<p>At first glance, this appears to be a mounted knight in armor. However, as the Bone Knight draws near, it's easy to see the skull peering out of the armor, its malice towards the living almost tangible. An old knight from the Magic Civilization age is searching for their lost lord and will let nothing get in their way. Though dead for a while, a Bone Knight's swordsmanship and magical prowess remain as sharp as they were, making the undead knight a truly fearsome foe.</p>",
  "disposition": "Hostile",
  "habitat": "Wilderness, Cemetery",
  "initiative": "16",
  "intellect": "Average",
  "language": "Arcana",
  "lootsNum": 3,
  "monsterName": "Bone Knight",
  "mndResist": "11",
  "vitResist": "13",
  "lv": "9",
  "parts": "2 (Rider / Horse)",
  "coreParts": "Rider",
  "mobility": "30 (4 Legs)",
  "mode": "save",
  "paletteInsertType": "exchange",
  "paletteRemoveTags": "1",
  "paletteTool": "bcdice",
  "paletteUseBuff": "1",
  "paletteUseVar": "1",
  "partsNum": 2,
  "perception": "Magic",
  "reputation": "14",
  "reputation+": "17",
  "weakness": "HP Recovery (deals damage instead), +3 points",
  "result": "OK",
  "sheetDescriptionM": "分類:Undead　知能:Average　知覚:Magic　反応:Hostile\n言語:Arcana　生息地:Wilderness, Cemetery\n弱点:HP Recovery (deals damage instead), +3 points\n先制値:16　生命抵抗力:13（20）　精神抵抗力:11（18）",
  "sheetDescriptionS": "分類:Undead\n弱点:HP Recovery (deals damage instead), +3 points\n先制値:16　生命抵抗力:13（20）　精神抵抗力:11（18）",
  "sin": "0",
  "skills": "<p><strong>◯Normal Weapon Immunity, ◯Poison Immunity, ◯Disease Immunity, ◯Psychic Type (Weak) Immunity</strong></p><p></p><p><strong>◯Unstable Healing</strong></p><p>Healing effects such as Divine Magic and items like Unicorn's Horn will damage Undead instead.Magitech, Fairy Magic, Nature Magic, etc. healing has no effect on the Undead.Spiritualism Magic and a few other healing effects can restore an Undead's HP.</p><br><br><p><strong>►Spiritualism Magic 8 Level /Magic Power 11 (18)</strong></p><p></p><p><strong>◯🗨Magic Aptitude</strong></p><p>They can use the Combat Feats [Targeting], [Magic Convergence], [Magic Control], and [Universal Metamagic].</p><p><strong>►Twin Strike & Double Attack</strong></p><p>It can make two Weapon attacks each round, though each attack requires its Accuracy check. They may choose to attack different characters with each attack.</p><br><br><p><strong>🗨Power Strike I</strong></p><p>They can deal an additional 4 damage on their next attack. However, any Evasion Check made by them this turn receives a -2 penalty.</p><p><strong>◯Attack Obstacle = +2 • None</strong></p><p>The enormity of the Horse prevents foes from attacking the Knight.The Rider receives a +2 bonus to Evasion checks against melee attacks. When the Horse falls to 0 HP or lower, this effect disappears.</p>",
  "status1Accuracy": "12",
  "status1AccuracyFix": 19,
  "status1Damage": "2d+13",
  "status1Defense": "11",
  "status1Evasion": "11",
  "status1EvasionFix": 18,
  "status1Hp": "77",
  "status1Mp": "58",
  "status1Style": "Weapon (Rider)",
  "status2Accuracy": "11",
  "status2AccuracyFix": 18,
  "status2Damage": "2d+10",
  "status2Defense": "8",
  "status2Evasion": "10",
  "status2EvasionFix": 17,
  "status2Hp": "63",
  "status2Mp": "28",
  "status2Style": "Hoof (Horse)",
  "statusNum": 2,
  "taxa": "Undead",
  "type": "m",
  "unitStatus": {
    "Weapon (Rider):HP": "77/77",
    "Weapon (Rider):MP": "58",
    "Hoof (Horse):HP": "63/63",
    "Hoof (Horse):MP": "28"
  },
  "unitExceptStatus": {
    "HP": 2,
    "MP": 2,
    "Defense": 2
  },
  "loots1Num": "Always",
  "loots1Item": "Ghostly Reins (900G/White A)",
  "loots2Num": "2～9",
  "loots2Item": "None",
  "loots3Num": "10+",
  "loots3Item": "Bone Knight Helmet (4,200G/Black White S)",
  "fortitude": "13",
  "willpower": "11"
}