{
  "description": "<p>This is a golem made from the bones of an animal, and all that remains is the skeleton of the original animal.</p>",
  "disposition": "Instructed",
  "habitat": "Various",
  "initiative": "12",
  "intellect": "Servant",
  "language": "None",
  "lootsNum": 2,
  "monsterName": "Bone Animal",
  "mndResist": "6",
  "vitResist": "6",
  "lv": "4",
  "parts": "",
  "coreParts": "",
  "mobility": "14 (4 Legs)",
  "mode": "save",
  "paletteInsertType": "exchange",
  "paletteRemoveTags": "1",
  "paletteTool": "bcdice",
  "paletteUseBuff": "1",
  "paletteUseVar": "1",
  "partsNum": 1,
  "perception": "Magic",
  "reputation": "12",
  "reputation+": "15",
  "weakness": "Bludgeoning damage +3 points",
  "result": "OK",
  "sheetDescriptionM": "分類:Golem　知能:Servant　知覚:Magic　反応:Instructed\n言語:None　生息地:Various\n弱点:Bludgeoning damage +3 points\n先制値:12　生命抵抗力:6（13）　精神抵抗力:6（13）",
  "sheetDescriptionS": "分類:Golem\n弱点:Bludgeoning damage +3 points\n先制値:12　生命抵抗力:6（13）　精神抵抗力:6（13）",
  "sin": "0",
  "skills": "<p><strong>◯Bone Body</strong></p><p>Bone Animal is immune to criticals from edged weapons.<div class=\"golemitems\"></p><p><strong>Maximum of Enhancing Items = 3</strong></p><p>Tiger's Eye Rivet (Small) (150) (◯Continuous Attack)└Golden Tiger's Eye Rivet (Small) (300) (◯Continuous Attack II)Spinel Horn (Small) (150) (►Charge)Amber Eye (Small) (500) (◯Ultimate Aim = +4 Accuracy)Garnet of Vitality (Small) (200) (◯HP Enhancement = Max HP +5)Red Iron Blood (Small) (100) (◯Mobility Enhancement = Movement +5) </div></p>",
  "status1Accuracy": "6",
  "status1AccuracyFix": 13,
  "status1Damage": "2d+5",
  "status1Defense": "5",
  "status1Evasion": "5",
  "status1EvasionFix": 12,
  "status1Hp": "32",
  "status1Mp": "0",
  "status1Style": "Bite",
  "statusNum": 1,
  "taxa": "Golem",
  "type": "m",
  "unitStatus": {
    "Bite:HP": "32/32",
    "Bite:MP": "0/0"
  },
  "unitExceptStatus": {
    "HP": 1,
    "MP": 1,
    "Defense": 1
  },
  "loots1Num": "2～8",
  "loots1Item": "None",
  "loots2Num": "9+",
  "loots2Item": "Enchanted Animal Bones (250G/Gold Red A)",
  "fortitude": "6",
  "willpower": "6"
}