{
  "description": "<p>A Bone Hound is an Undead grotesque quadruped. Its body is stripped of flesh, except for the face, the only remaining part. The skeletal creature is unnervingly agile and emits poison from its face, which still clings to putrid flesh.</p>",
  "disposition": "Hostile",
  "habitat": "Ruins",
  "initiative": "11",
  "intellect": "Animal",
  "language": "None",
  "lootsNum": 3,
  "monsterName": "Bone Hound",
  "mndResist": "6",
  "vitResist": "6",
  "lv": "4",
  "parts": "2 (Head / Body)",
  "coreParts": "Head",
  "mobility": "20 (4 Legs)",
  "mode": "save",
  "paletteInsertType": "exchange",
  "paletteRemoveTags": "1",
  "paletteTool": "bcdice",
  "paletteUseBuff": "1",
  "paletteUseVar": "1",
  "partsNum": 2,
  "perception": "Magic",
  "reputation": "10",
  "reputation+": "13",
  "weakness": "HP Recovery (deals damage instead) +3 points",
  "result": "OK",
  "sheetDescriptionM": "分類:Undead　知能:Animal　知覚:Magic　反応:Hostile\n言語:None　生息地:Ruins\n弱点:HP Recovery (deals damage instead) +3 points\n先制値:11　生命抵抗力:6（13）　精神抵抗力:6（13）",
  "sheetDescriptionS": "分類:Undead\n弱点:HP Recovery (deals damage instead) +3 points\n先制値:11　生命抵抗力:6（13）　精神抵抗力:6（13）",
  "sin": "0",
  "skills": "<p><strong>◯Poison Immunity, ◯Disease Immunity, ◯Psychic Type (Weak) Immunity</strong></p><p></p><p><strong>◯Unstable Healing</strong></p><p>Healing effects such as Divine Magic and items like Unicorn's Horn will damage Undead instead.Magitech, Fairy Magic, Nature Magic, etc. healing has no effect on the Undead.Spiritualism Magic and a few other healing effects can restore an Undead's HP.</p><br><br><p><strong>►Poison Breath/6 (13)/Fortitude/Half</strong></p><p>With \"Range/Area: 1 (10m)/Shot,\" spits poison at \"Target: 1 Character\", dealing 2d+2 poison magic damage.This effect cannot be used on consecutive turns.</p><br><br><p><strong>🗨Tail Sweep</strong></p><p>The monster can use its tail to attack up to 3 targets in the same skirmish. This ability cannot be used on consecutive turns.</p>",
  "status1Accuracy": "7",
  "status1AccuracyFix": 14,
  "status1Damage": "2d+5",
  "status1Defense": "5",
  "status1Evasion": "6",
  "status1EvasionFix": 13,
  "status1Hp": "27",
  "status1Mp": "11",
  "status1Style": "Bite (Head)",
  "status2Accuracy": "6",
  "status2AccuracyFix": 13,
  "status2Damage": "2d+7",
  "status2Defense": "5",
  "status2Evasion": "5",
  "status2EvasionFix": 12,
  "status2Hp": "33",
  "status2Mp": "14",
  "status2Style": "Tail (Body)",
  "statusNum": 2,
  "taxa": "Undead",
  "type": "m",
  "unitStatus": {
    "Bite (Head):HP": "27/27",
    "Bite (Head):MP": "11",
    "Tail (Body):HP": "33/33",
    "Tail (Body):MP": "14"
  },
  "unitExceptStatus": {
    "HP": 2,
    "MP": 2,
    "Defense": 2
  },
  "loots1Num": "Always",
  "loots1Item": "Beast Skull (60G/Red B)",
  "loots2Num": "4～9",
  "loots2Item": "None",
  "loots3Num": "10+",
  "loots3Item": "Twisted Bones (130G/Red A)",
  "fortitude": "6",
  "willpower": "6"
}