{
  "description": "<p>This is a monstrous bird without feathers, with a wingspan of an adult of 7 to 10 meters. It has a reptilian-like body and is said to be a kind of pterosaur. They are ferocious; when they catch their prey, they go on a rampage and kill, pecking it. After the meal, it often becomes a paradise for carrion-eating animals. Such animals can be seen running in flocks on the ground, following this monster bird soaring in the sky.</p><p>Its membrane is prized as a material for leather goods.</p>",
  "disposition": "Hostile",
  "habitat": "Forests",
  "initiative": "17",
  "intellect": "Animal",
  "language": "None",
  "lootsNum": 3,
  "monsterName": "Brafotes",
  "mndResist": "11",
  "vitResist": "12",
  "lv": "9",
  "parts": "4 (Head / Body / Wing x 2)",
  "coreParts": "Head",
  "mobility": "40/40 (Flying)",
  "mode": "save",
  "paletteInsertType": "exchange",
  "paletteRemoveTags": "1",
  "paletteTool": "bcdice",
  "paletteUseBuff": "1",
  "paletteUseVar": "1",
  "partsNum": 4,
  "perception": "Five senses",
  "reputation": "15",
  "reputation+": "18",
  "weakness": "Magic damage +2 points",
  "result": "OK",
  "sheetDescriptionM": "分類:Animal　知能:Animal　知覚:Five senses　反応:Hostile\n言語:None　生息地:Forests\n弱点:Magic damage +2 points\n先制値:17　生命抵抗力:12（19）　精神抵抗力:11（18）",
  "sheetDescriptionS": "分類:Animal\n弱点:Magic damage +2 points\n先制値:17　生命抵抗力:12（19）　精神抵抗力:11（18）",
  "sin": "0",
  "skills": "<p><strong>►Gale Breath/11 (18)/Fortitude/Half</strong></p><p>With \"Range/Area: 2 (30m) / Shot\", it exhales a violent wind in \"1 area (3m Radius) / 5\", dealing 2d+8 wind magic damage to the target.This ability cannot be used on consecutive turns.</p><br><br><p><strong>🗨Tail Sweep</strong></p><p>The monster can use its tail to attack up to 5 targets in the same skirmish. An Accuracy check is made on all characters at once, and damage is determined individually.This attack cannot be used in consecutive rounds.</p><p><strong>◯Attack Obstacle = Impossible • Impossible</strong></p><p>Its body hinders attacks on the head.The Head section cannot be attacked, whether melee or ranged. When the Body falls to 0 HP or lower, this effect disappears.</p><br><br><p><strong>◯Flight II</strong></p><p>All sections receive a +2 bonus to Accuracy and Evasion only for melee attacks.This unique skill is lost if the Wing section is reduced to 0 or less HP.</p>",
  "status1Accuracy": "12",
  "status1AccuracyFix": 19,
  "status1Damage": "2d+12",
  "status1Defense": "9",
  "status1Evasion": "11",
  "status1EvasionFix": 18,
  "status1Hp": "77",
  "status1Mp": "14",
  "status1Style": "Beak (Head)",
  "status2Accuracy": "13",
  "status2AccuracyFix": 20,
  "status2Damage": "2d+10",
  "status2Defense": "10",
  "status2Evasion": "10",
  "status2EvasionFix": 17,
  "status2Hp": "89",
  "status2Mp": "22",
  "status2Style": "Tail (Body)",
  "status3Accuracy": "11",
  "status3AccuracyFix": 18,
  "status3Damage": "2d+9",
  "status3Defense": "8",
  "status3Evasion": "9",
  "status3EvasionFix": 16,
  "status3Hp": "56",
  "status3Mp": "8",
  "status3Style": "Wing (Wing)",
  "status4Accuracy": "11",
  "status4AccuracyFix": 18,
  "status4Damage": "2d+9",
  "status4Defense": "8",
  "status4Evasion": "9",
  "status4EvasionFix": 16,
  "status4Hp": "56",
  "status4Mp": "8",
  "status4Style": "Wing (Wing)",
  "statusNum": 4,
  "taxa": "Animal",
  "type": "m",
  "unitStatus": {
    "Beak (Head):HP": "77/77",
    "Beak (Head):MP": "14",
    "Tail (Body):HP": "89/89",
    "Tail (Body):MP": "22",
    "Wing (Wing):HP": "56/56",
    "Wing (Wing):MP": "8"
  },
  "unitExceptStatus": {
    "HP": 4,
    "MP": 4,
    "Defense": 4
  },
  "loots1Num": "2～6",
  "loots1Item": "Saurian Membrane (100G/Red A)",
  "loots2Num": "7～12",
  "loots2Item": "Black Membrane (500G/Red A)",
  "loots3Num": "13+",
  "loots3Item": "Obsidian Membrane (3,000G/Red S)",
  "fortitude": "12",
  "willpower": "11"
}