{
  "description": "<p>This bird-shaped golem is made by layering thin sheets of brass.</p>",
  "disposition": "Instructed",
  "habitat": "Various",
  "initiative": "13",
  "intellect": "Servant",
  "language": "None",
  "lootsNum": 3,
  "monsterName": "Brasswing",
  "mndResist": "8",
  "vitResist": "8",
  "lv": "6",
  "parts": "2 (Head / Body)",
  "coreParts": "None",
  "mobility": "-/25 (Flying)",
  "mode": "save",
  "paletteInsertType": "exchange",
  "paletteRemoveTags": "1",
  "paletteTool": "bcdice",
  "paletteUseBuff": "1",
  "paletteUseVar": "1",
  "partsNum": 2,
  "perception": "Magic",
  "reputation": "11",
  "reputation+": "15",
  "weakness": "Bludgeoning Damage +3 points",
  "result": "OK",
  "sheetDescriptionM": "分類:Golem　知能:Servant　知覚:Magic　反応:Instructed\n言語:None　生息地:Various\n弱点:Bludgeoning Damage +3 points\n先制値:13　生命抵抗力:8（15）　精神抵抗力:8（15）",
  "sheetDescriptionS": "分類:Golem\n弱点:Bludgeoning Damage +3 points\n先制値:13　生命抵抗力:8（15）　精神抵抗力:8（15）",
  "sin": "0",
  "skills": "<p><strong>◯Brass Body</strong></p><p>A Brasswing is immune to criticals from edged weapons and all magic damage, except for Energy-type damage.</p><br><br><p><strong>◯Flight</strong></p><p>A Brasswing receives a +1 bonus to Accuracy and Evasion only for melee attacks.<div class=\"golemitems\"></p><p><strong>Maximum of Enhancing Items = 3</strong></p><p></p><p><strong>※Head Only</strong></p><p>Bright Red Ruby (Medium) (1,600)►Flame Breath/8 (15)/Fortitude/HalfGolem spits out the fire with \"Range/Area: 2 (20m)/ Shot\" and \"Target: 1 area (3m Radius)/5,\" dealing 2d+6 Fire magic damage. This ability cannot be used on consecutive turns. It also cannot be used on the turn immediately after using [►Lightning].Amethyst of Purple Lightning (Medium) (1,600)►Lightning/8 (15)/Fortitude/HalfGolem unleashes an electrical bolt with \"Range/Area: 30m/Line\", dealing 2d+6 Lightning magic damage to the target. This ability cannot be used on consecutive turns. It also cannot be used on the turn immediately after using [►Flame Breath].Calcite Compound Eyes (Medium) (800) (◯Breath Control)</p><p><strong>※Body Only</strong></p><p>Obsidian Shield (Medium) (600) (🗨△Cover II)Malachite Feather (Medium) (600) (🗨All-Out Attack=Damage +8, Evasion -3)</p><p><strong>※Any Section</strong></p><p>Amber Eye (Medium) (2,000) (◯Ultimate Aim = +4 Accuracy)Garnet of Vitality (Medium) (800) (◯HP Enhancement = Max HP +10)Shimmering Onyx (Medium) (600) (◯Mana Coating = Magic damage -3)</p><p><strong>※All Section Must be Equipped</strong></p><p>Red Iron Blood (Medium) (400) (◯Mobility Enhancement = Movement +5)Yellow Flint (Medium) (800) (◯Fast Reaction = [Footwork]) </div></p>",
  "status1Accuracy": "8",
  "status1AccuracyFix": 15,
  "status1Damage": "2d+6",
  "status1Defense": "5",
  "status1Evasion": "7",
  "status1EvasionFix": 14,
  "status1Hp": "40",
  "status1Mp": "0",
  "status1Style": "Beak (Head)",
  "status2Accuracy": "8",
  "status2AccuracyFix": 15,
  "status2Damage": "2d+6",
  "status2Defense": "5",
  "status2Evasion": "7",
  "status2EvasionFix": 14,
  "status2Hp": "40",
  "status2Mp": "0",
  "status2Style": "Claws (Body)",
  "statusNum": 2,
  "taxa": "Golem",
  "type": "m",
  "unitStatus": {
    "Beak (Head):HP": "40/40",
    "Beak (Head):MP": "0/0",
    "Claws (Body):HP": "40/40",
    "Claws (Body):MP": "0/0"
  },
  "unitExceptStatus": {
    "HP": 2,
    "MP": 2,
    "Defense": 2
  },
  "loots1Num": "2～5",
  "loots1Item": "None",
  "loots2Num": "6～12",
  "loots2Item": "Magical Brass (400G/Gold Black A)",
  "loots3Num": "13+",
  "loots3Item": "Mithril (2,600G/Gold S)",
  "fortitude": "8",
  "willpower": "8"
}