{
  "description": "<p>This is a golem made of bronze about 3 to 4 meters tall.</p>",
  "disposition": "Instructed",
  "habitat": "Various",
  "initiative": "9",
  "intellect": "Servant",
  "language": "None",
  "lootsNum": 2,
  "monsterName": "Bronze Golem",
  "mndResist": "12",
  "vitResist": "12",
  "lv": "9",
  "parts": "2 (Right Side / Left Side)",
  "coreParts": "None",
  "mobility": "11",
  "mode": "save",
  "paletteInsertType": "exchange",
  "paletteRemoveTags": "1",
  "paletteTool": "bcdice",
  "paletteUseBuff": "1",
  "paletteUseVar": "1",
  "partsNum": 2,
  "perception": "Magic",
  "reputation": "14",
  "reputation+": "20",
  "weakness": "Energy damage +3 points",
  "result": "OK",
  "sheetDescriptionM": "分類:Golem　知能:Servant　知覚:Magic　反応:Instructed\n言語:None　生息地:Various\n弱点:Energy damage +3 points\n先制値:9　生命抵抗力:12（19）　精神抵抗力:12（19）",
  "sheetDescriptionS": "分類:Golem\n弱点:Energy damage +3 points\n先制値:9　生命抵抗力:12（19）　精神抵抗力:12（19）",
  "sin": "0",
  "skills": "<p><strong>◯Bronze Body</strong></p><p>The Bronze Golem is immune to criticals from edged weapons and all non-Energy-type Magic damage.<div class=\"golemitems\"></p><p><strong>Maximum of Enhancing Items = 5</strong></p><p></p><p><strong>※Any Section</strong></p><p>Obsidian Shield (Large) (3,000) (🗨△Cover II)Corundum Protection (Large) (2,000) (◯Guardian II)Jet Sign (Large) (2,000) (🗨Aimed Attack = +2 Accuracy and -4 damage)Sunstone Brilliance (Large) (6,000) (►Brand=Next attack cannot be evaded, damage +6)Amber Eye (Large) (10,000) (◯Ultimate Aim = +4 Accuracy)Garnet of Vitality (Large) (4,000) (◯HP Enhancement = Max HP +15)└Focused Garnet of Vitality (Large) (6,000) (◯Improved HP Enhancement = Max HP +15)Shimmering Onyx (Large) (600) (◯Mana Coating = Magic damage -3)</p><p><strong>※All Section Must be Equipped</strong></p><p>Coral Branch (Large) (2,000) (◯Block)Red Iron Blood (Large) (2,000) (◯Mobility Enhancement = Movement +5)Moonstone of Serenity (Large) (5,000) (Golem loses its Weak Point (it becomes \"None\"))Quartz Disruptor (Large) (5,000) (◯Type Resistance) </div></p>",
  "status1Accuracy": "11",
  "status1AccuracyFix": 18,
  "status1Damage": "2d+16",
  "status1Defense": "14",
  "status1Evasion": "8",
  "status1EvasionFix": 15,
  "status1Hp": "65",
  "status1Mp": "0",
  "status1Style": "Fist (Right Side)",
  "status2Accuracy": "11",
  "status2AccuracyFix": 18,
  "status2Damage": "2d+16",
  "status2Defense": "14",
  "status2Evasion": "8",
  "status2EvasionFix": 15,
  "status2Hp": "65",
  "status2Mp": "0",
  "status2Style": "Fist (Left Side)",
  "statusNum": 2,
  "taxa": "Golem",
  "type": "m",
  "unitStatus": {
    "Fist (Right Side):HP": "65/65",
    "Fist (Right Side):MP": "0/0",
    "Fist (Left Side):HP": "65/65",
    "Fist (Left Side):MP": "0/0"
  },
  "unitExceptStatus": {
    "HP": 2,
    "MP": 2,
    "Defense": 2
  },
  "loots1Num": "2～7",
  "loots1Item": "Magic Bronze (420G/Gold Black A)",
  "loots2Num": "8+",
  "loots2Item": "Mithril (2,600G/Gold S)",
  "fortitude": "12",
  "willpower": "12"
}