{
  "description": "<p>It is one of the larger Vargs and more ferocious than the regular Varg. Only a Barbarous with recognized strength will be allowed to ride on its back.</p>",
  "disposition": "Neutral",
  "habitat": "Forests, Plains, Hills",
  "initiative": "18",
  "intellect": "Low",
  "language": "Vargian",
  "lootsNum": 4,
  "monsterName": "Brutal Varg",
  "mndResist": "10",
  "vitResist": "12",
  "lv": "8",
  "parts": "",
  "coreParts": "",
  "mobility": "20 (4 Legs)",
  "mode": "save",
  "paletteInsertType": "exchange",
  "paletteRemoveTags": "1",
  "paletteTool": "bcdice",
  "paletteUseBuff": "1",
  "paletteUseVar": "1",
  "partsNum": 1,
  "perception": "Five senses (Darkvision)",
  "reputation": "13",
  "reputation+": "18",
  "weakness": "Fire damage + 3 points",
  "result": "OK",
  "sheetDescriptionM": "分類:Mythical Beast　知能:Low　知覚:Five senses (Darkvision)　反応:Neutral\n言語:Vargian　生息地:Forests, Plains, Hills\n弱点:Fire damage + 3 points\n先制値:18　生命抵抗力:12（19）　精神抵抗力:10（17）",
  "sheetDescriptionS": "分類:Mythical Beast\n弱点:Fire damage + 3 points\n先制値:18　生命抵抗力:12（19）　精神抵抗力:10（17）",
  "sin": "0",
  "skills": "<p><strong>◯Coordination</strong></p><p>A Brutal Varg gains a bonus to their Accuracy equal to the number of other Vargs (of any type) in the same skirmish, up to a maximum of +4.</p><p><strong>◯Rage</strong></p><p>When another Varg (of any type) in the same skirmish is defeated, the Brutal Varg gains a cumulative +2 bonus to damage for 10 seconds (1 round).The GM decides when a Varg is defeated (incapacitated or dead).</p><p><strong>🗨Power Strike I</strong></p><p>A Varg can deal an additional 4 damage on their next attack. However, any Evasion Check made by them this turn receives a -2 penalty.</p>",
  "status1Accuracy": "11",
  "status1AccuracyFix": 18,
  "status1Damage": "2d+12",
  "status1Defense": "7",
  "status1Evasion": "11",
  "status1EvasionFix": 18,
  "status1Hp": "78",
  "status1Mp": "27",
  "status1Style": "Bite",
  "statusNum": 1,
  "taxa": "Mythical Beast",
  "type": "m",
  "unitStatus": {
    "Bite:HP": "78/78",
    "Bite:MP": "27"
  },
  "unitExceptStatus": {
    "HP": 1,
    "MP": 1,
    "Defense": 1
  },
  "loots1Num": "2～4",
  "loots1Item": "Mythical Beast Hide (140G/Red A)",
  "loots2Num": "5～7",
  "loots2Item": "Fine Mythical Beast Hide (300G/Red A)",
  "loots3Num": "8～11",
  "loots3Item": "Beautiful Mythical Beast Hide (800G/Gold Red A)",
  "loots4Num": "12+",
  "loots4Item": "Silver-white Mythical Beast Hide (3,600G/Gold Red S)",
  "fortitude": "12",
  "willpower": "10"
}