{
  "description": "<p>A giant monster about 1m in diameter, a Buckbaird has one giant eye in the front and many much smaller eyes around its body. It's covered in fine black fur and floats using a mysterious power. The front eye has incredible magical power and can fire five different rays at targets in front of it. Due to the structure of the eye, only one ray can be used at a time. In combat, the Buckbaird combines the usage of these rays with incredibly fast tackling attacks, making it dangerous both in melee and at a range.</p><p>There are many mysteries about the ecology of the Buckbaird, and it is thought that they are the creation of some mad wizard during the Magic Civilization period. However, their origin and diet are unknown, and even their thoughts and possible breeding habits are an absolute mystery. What little is known is they enjoy the spaces in underground labyrinths.</p><p>Although it can speak Arcana for guidance, it is unable to communicate and speaks a stream of unintelligible gibberish one-sidedly.</p>",
  "disposition": "Hostile",
  "habitat": "Labyrinths, Ruins",
  "initiative": "18",
  "intellect": "High",
  "language": "None",
  "lootsNum": 4,
  "monsterName": "Buckbaird",
  "mndResist": "16",
  "vitResist": "16",
  "lv": "12",
  "parts": "",
  "coreParts": "",
  "mobility": "-/14 (Flying)",
  "mode": "save",
  "paletteInsertType": "exchange",
  "paletteRemoveTags": "1",
  "paletteTool": "bcdice",
  "paletteUseBuff": "1",
  "paletteUseVar": "1",
  "partsNum": 1,
  "perception": "Magic",
  "reputation": "18",
  "reputation+": "21",
  "weakness": "Physical damage +2 points",
  "result": "OK",
  "sheetDescriptionM": "分類:Construct　知能:High　知覚:Magic　反応:Hostile\n言語:None　生息地:Labyrinths, Ruins\n弱点:Physical damage +2 points\n先制値:18　生命抵抗力:16（23）　精神抵抗力:16（23）",
  "sheetDescriptionS": "分類:Construct\n弱点:Physical damage +2 points\n先制値:18　生命抵抗力:16（23）　精神抵抗力:16（23）",
  "sin": "0",
  "skills": "<p><strong>◯Triple Attack & Inconsistent</strong></p><p>Buckbaird can take three Major Actions in one round. They are chosen randomly from among Slams and five types of eye rays.</p><p><strong>►Eye Ray/15 (22)/Willpower/Negates</strong></p><p>With \"Range: 20m\" and \"Area: Shot,\" a ray of light is shot from the magic eye at one enemy character. Buckbaird has five types of rays. A character cannot be targeted by more than one Eye Ray but can be targeted by Slams and one Eye Ray.1: Paralyzing RayThe target reduces their Dexterity and Agility by 12 points (to a minimum of 0) for 30 seconds (3 rounds). For fixed value characters, each paralyzing ray adds a -2 penalty to Accuracy and Evasion checks, respectively. This effect is cumulative.2: Sleep RayThe target falls into a deep sleep for 3 hours. This effect is Psychic type. Target cannot be woken up by normal means. This effect can be dispelled via magic means by contested check.3: Frost RayFrost Ray deals 2d+20 Water/Ice damage to the target.4: Brainwashing RayThose affected will follow the Buckbaird's orders and move to protect it for the next one minute (6 rounds). Orders given cannot be harmful to the target. Without a specific command, the target will act to protect the Buckbaird. This effect is Psychic type.5: Rust RayThose affected lose all metal objects of A-Rank or lower, including weapons, armor, shields, and accessories.S-Rank metal objects, as well as those from the Magic Civilization and earlier, remain unaffected.</p><p><strong>◯Flight</strong></p><p>A Buckbaird receives a +1 bonus to Accuracy and Evasion only for melee attacks.</p><p><strong>◯Poison Immunity, ◯Disease Immunity, ◯Psychic Type Immunity</strong></p><p></p><p><strong>◯Limited Healing</strong></p><p>Effects which can heal Construct HP are very limited, and mostly come from Spiritualism Magic and some special items.Healing effects such as Divine Magic, Fairy Magic, and Nature Magic cannot restore a Construct's HP.</p><p><strong>◯Can Be Detected</strong></p><p>Constructs can be detected with the [Sense Magic] spell and similar effects.</p>",
  "status1Accuracy": "14",
  "status1AccuracyFix": 21,
  "status1Damage": "2d+16",
  "status1Defense": "11",
  "status1Evasion": "14",
  "status1EvasionFix": 21,
  "status1Hp": "117",
  "status1Mp": "90",
  "status1Style": "Slam",
  "statusNum": 1,
  "taxa": "Construct",
  "type": "m",
  "unitStatus": {
    "Slam:HP": "117/117",
    "Slam:MP": "90"
  },
  "unitExceptStatus": {
    "HP": 1,
    "MP": 1,
    "Defense": 1
  },
  "loots1Num": "Always",
  "loots1Item": "Giant Eyeball (500G/Red A)",
  "loots2Num": "2～8",
  "loots2Item": "Crystallized Magical Eye (1,000G/Gold Red S)",
  "loots3Num": "9～12",
  "loots3Item": "Crystallized Magical Eyes (1,000G/Gold Red S) x 1d",
  "loots4Num": "13+",
  "loots4Item": "Crystallized Magical Eyes (1,000G/Gold Red S) x 2d",
  "fortitude": "16",
  "willpower": "16"
}