{
  "description": "<p>This Daemon has long arms, a burly body, and large horns on its head. They are as tall as 5 meters, and their arms are as thick and sturdy as logs.</p><p>Bugaradre's poisons, which are released from his shoulders, have the power to destroy anything and everything. Almost anything except stone and metal will melt away and turn into a swamp. This swamp will have the same poisonous gas as Bugaradre itself.</p><p>Bugaradre feels compelled to expand the swamp, moving about it and corrupting its surroundings. One unchecked Bugaradre can destroy a nation.</p><p>Once a swamp has been created, it can only be patiently purified with [Cure Poison] or [Purification], or it will recover naturally in decades or centuries.</p>",
  "disposition": "Hostile",
  "habitat": "Swamps, Ruins",
  "initiative": "16",
  "intellect": "Average",
  "language": "Daemonic",
  "lootsNum": 4,
  "monsterName": "Bugaradre",
  "mndResist": "13",
  "vitResist": "14",
  "lv": "10",
  "parts": "3 (Body / Arm x 2)",
  "coreParts": "Body",
  "mobility": "10/-",
  "mode": "save",
  "paletteInsertType": "exchange",
  "paletteRemoveTags": "1",
  "paletteTool": "bcdice",
  "paletteUseBuff": "1",
  "paletteUseVar": "1",
  "partsNum": 3,
  "perception": "Five Senses (Darkvision)",
  "reputation": "16",
  "reputation+": "20",
  "weakness": "Fire Damage +3",
  "result": "OK",
  "sheetDescriptionM": "分類:Daemon　知能:Average　知覚:Five Senses (Darkvision)　反応:Hostile\n言語:Daemonic　生息地:Swamps, Ruins\n弱点:Fire Damage +3\n先制値:16　生命抵抗力:14（21）　精神抵抗力:13（20）",
  "sheetDescriptionS": "分類:Daemon\n弱点:Fire Damage +3\n先制値:16　生命抵抗力:14（21）　精神抵抗力:13（20）",
  "sin": "0",
  "skills": "<p><strong>◯Poison & Disease Immunity</strong></p><p></p><br><br><p><strong>►Spiritualism Magic 8 Level/Magic Power 10 (17)</strong></p><p></p><p><strong>◯🗨►Magical Aptitude</strong></p><p>The Bugaradre can use the Combat Feats [Targeting], [Universal Metamagic], and [Wordbreak].</p><p><strong>◯Noxious Gas / 13 (20) / Fortitude / Negates</strong></p><p>Within \"Range: Caster\" and \"Target: 1 area (3m Radius/Space)\" Bugaradre is surrounded by pale purple poisonous gas. Characters within the above range receive 3 Poison magic damage at the start of their turn.</p><p><strong>►Putrid Poison Shell / 13 (20) / Fortitude / Negates</strong></p><p>Fires projectiles filled with deadly poison from the humps on both its shoulders within \"Range/Area: 2 (30m) / Shot\", scattering poisonous liquid in \"Target: 1 Area (6m radius / 20)\". A struck target receives 2d+5 points of Poison magic damage for every Normal Move, Full Move, and Major Action it performs thereafter (without Fortitude checks). This effect is of the Poison type, permanent, and is not cumulative.The Demon's Detoxification Gland loot received from this monster automatically removes the effect of the poison (one gland per person).</p><br><br><p><strong>◯Substitution</strong></p><p>When the Body suffers damage from a melee or ranged attack, an Arm can take the damage instead. The applied damage to the Body applied as- is to the Arm (without recalculation). This unique skill can only be used once per round for each Arm.Bugaradre cannot be used against melee attacks or ranged attacks that have multiple targets at the same time.</p><p><strong>🗨Cleave I</strong></p><p>It can attack up to 3 characters that can be reached with melee attacks, but the damage will be reduced by -3.</p><p><strong>◯Regeneration = 5 Points</strong></p><p>At the end of each round, an Arm recovers 5 HP. This has no effect if this Arm section has 0 HP or lower.</p>",
  "status1Accuracy": "-",
  "status1AccuracyFix": null,
  "status1Damage": "-",
  "status1Defense": "11",
  "status1Evasion": "12",
  "status1EvasionFix": 19,
  "status1Hp": "101",
  "status1Mp": "47",
  "status1Style": "None (Body)",
  "status2Accuracy": "13",
  "status2AccuracyFix": 20,
  "status2Damage": "2d+12",
  "status2Defense": "13",
  "status2Evasion": "11",
  "status2EvasionFix": 18,
  "status2Hp": "92",
  "status2Mp": "20",
  "status2Style": "Claw (Arm)",
  "status3Accuracy": "13",
  "status3AccuracyFix": 20,
  "status3Damage": "2d+12",
  "status3Defense": "13",
  "status3Evasion": "11",
  "status3EvasionFix": 18,
  "status3Hp": "92",
  "status3Mp": "20",
  "status3Style": "Claw (Arm)",
  "statusNum": 3,
  "taxa": "Daemon",
  "type": "m",
  "unitStatus": {
    "None (Body):HP": "101/101",
    "None (Body):MP": "47",
    "Claw (Arm):HP": "92/92",
    "Claw (Arm):MP": "20"
  },
  "unitExceptStatus": {
    "HP": 3,
    "MP": 3,
    "Defense": 3
  },
  "loots1Num": "Always",
  "loots1Item": "Crystallized Daemon's Blood (800G/Red A)",
  "loots2Num": "Always",
  "loots2Item": "Daemon's Detoxification Gland (300G / Red A) x 1d",
  "loots3Num": "2～8",
  "loots3Item": "Daemon's Horn (600G/Red A)",
  "loots4Num": "9+",
  "loots4Item": "Large Daemon's Horn (1,400G/Red S)",
  "fortitude": "14",
  "willpower": "13"
}