{
  "description": "<p>This is a larger version of the Dorn, with a shooting mechanism on both hammers, which allows them to attack an opponent at a distance.</p>",
  "disposition": "Instructed",
  "habitat": "Ruins",
  "initiative": "10",
  "intellect": "Servant",
  "language": "None",
  "lootsNum": 4,
  "monsterName": "Burrdorn",
  "mndResist": "6",
  "vitResist": "6",
  "lv": "4",
  "parts": "2 (Right Side/Left Side)",
  "coreParts": "None",
  "mobility": "14 (Wheels)",
  "mode": "save",
  "paletteInsertType": "exchange",
  "paletteRemoveTags": "1",
  "paletteTool": "bcdice",
  "paletteUseBuff": "1",
  "paletteUseVar": "1",
  "partsNum": 2,
  "perception": "Mechanical",
  "reputation": "11",
  "reputation+": "14",
  "weakness": "Lightning damage +3 points",
  "result": "OK",
  "sheetDescriptionM": "分類:Magitech　知能:Servant　知覚:Mechanical　反応:Instructed\n言語:None　生息地:Ruins\n弱点:Lightning damage +3 points\n先制値:10　生命抵抗力:6（13）　精神抵抗力:6（13）",
  "sheetDescriptionS": "分類:Magitech\n弱点:Lightning damage +3 points\n先制値:10　生命抵抗力:6（13）　精神抵抗力:6（13）",
  "sin": "0",
  "skills": "<p><strong>◯Mechanical Body</strong></p><p>It is immune to criticals from edged weapons.</p><p><strong>◯Poison Immunity, ◯Disease Immunity, ◯Psychic Type Immunity</strong></p><p></p><p><strong>◯Limited Healing</strong></p><p>Effects which can heal Magitech HP are very limited, and mostly come from Spiritualism Magic and some special items.Healing effects such as Divine Magic, Fairy Magic, and Nature Magic cannot restore a Magitech's HP.</p><p><strong>◯Can Be Detected</strong></p><p>Magitech can be detected with the [Sense Magic] spell and similar effects.</p><p><strong>►Hammer Throw & Pull Back/5 (12)/Evasion/Negates</strong></p><p>It can throw a hammer and immediately pull it back.With \"Target: 1 Character\" and \"Range/Area: 1 (10m)/ Shot\" deals 2d+4 physical damage.The section that uses this ability takes a -1 penalty to its Evasion check until the beginning of its next turn.</p>",
  "status1Accuracy": "6",
  "status1AccuracyFix": 13,
  "status1Damage": "2d+6",
  "status1Defense": "4",
  "status1Evasion": "5",
  "status1EvasionFix": 12,
  "status1Hp": "32",
  "status1Mp": "0",
  "status1Style": "Hammer (Right Side)",
  "status2Accuracy": "6",
  "status2AccuracyFix": 13,
  "status2Damage": "2d+6",
  "status2Defense": "4",
  "status2Evasion": "5",
  "status2EvasionFix": 12,
  "status2Hp": "32",
  "status2Mp": "0",
  "status2Style": "Hammer (Left Side)",
  "statusNum": 2,
  "taxa": "Magitech",
  "type": "m",
  "unitStatus": {
    "Hammer (Right Side):HP": "32/32",
    "Hammer (Right Side):MP": "0/0",
    "Hammer (Left Side):HP": "32/32",
    "Hammer (Left Side):MP": "0/0"
  },
  "unitExceptStatus": {
    "HP": 2,
    "MP": 2,
    "Defense": 2
  },
  "loots1Num": "Always",
  "loots1Item": "Iron (20G/Black B)",
  "loots2Num": "2～5",
  "loots2Item": "None",
  "loots3Num": "6～9",
  "loots3Item": "Crude Magitech Components (100G/Black White A)",
  "loots4Num": "10+",
  "loots4Item": "Magitech Components (300G/Black White A)",
  "fortitude": "6",
  "willpower": "6"
}