{
  "description": "<p>A warrior branch of the Androscorpions, Caesarscorpions have often seen leading groups in sorties or at the head of a squadron of Androscorpions in emergencies. As the name says, Caesarscorpions have a pair of large pincers that can cut through enemies like scissors through paper.</p>",
  "disposition": "Hostile",
  "habitat": "Desert, Ruins",
  "initiative": "14",
  "intellect": "Average",
  "language": "Barbaric, Androscorpion, Magitech",
  "lootsNum": 4,
  "monsterName": "Caesarscorpion",
  "mndResist": "9",
  "vitResist": "9",
  "lv": "7",
  "parts": "3 (Upper Body / Pincers / Lower Body)",
  "coreParts": "Upper Body",
  "mobility": "17 (Many Legs)",
  "mode": "save",
  "paletteInsertType": "exchange",
  "paletteRemoveTags": "1",
  "paletteTool": "bcdice",
  "paletteUseBuff": "1",
  "paletteUseVar": "1",
  "partsNum": 3,
  "perception": "Five senses (Darkvision)",
  "reputation": "13",
  "reputation+": "18",
  "weakness": "Physical damage +2 points",
  "result": "OK",
  "sheetDescriptionM": "分類:Barbarous　知能:Average　知覚:Five senses (Darkvision)　反応:Hostile\n言語:Barbaric, Androscorpion, Magitech　生息地:Desert, Ruins\n弱点:Physical damage +2 points\n先制値:14　生命抵抗力:9（16）　精神抵抗力:9（16）",
  "sheetDescriptionS": "分類:Barbarous\n弱点:Physical damage +2 points\n先制値:14　生命抵抗力:9（16）　精神抵抗力:9（16）",
  "sin": "4",
  "skills": "<p><strong>►Magitech 5 Level/Magic Power 7 (14)</strong></p><p></p><p><strong>►Gunfire/7 (14)/Evasion/Neg</strong></p><p>A Caesarscorpion can attack with a readied gun, whose Max. Magazine is 4, the range is 2 (30m), and the Critical Threshold is 10.</p><p><strong>◯Targeting</strong></p><p>Stray shots cannot occur.</p><br><br><p><strong>◯Poison/8 (15)/Fortitude/Neg</strong></p><p>If the Caesarscorpion's Lower Body hits with their Tail attack, the target will receive an extra 8 poison-type damage.</p><p><strong>◯Weakening</strong></p><p>When the Lower Body section is reduced to 0 HP or fewer, the Upper Body and Pincers sections of the Caesarscorpion receive a -2 penalty for Evasion.</p>",
  "status1Accuracy": "9",
  "status1AccuracyFix": 16,
  "status1Damage": "2d+6",
  "status1Defense": "7",
  "status1Evasion": "9",
  "status1EvasionFix": 16,
  "status1Hp": "56",
  "status1Mp": "35",
  "status1Style": "Weapon (Upper Body)",
  "status2Accuracy": "9",
  "status2AccuracyFix": 16,
  "status2Damage": "2d+10",
  "status2Defense": "4",
  "status2Evasion": "8",
  "status2EvasionFix": 15,
  "status2Hp": "37",
  "status2Mp": "14",
  "status2Style": "Pincers (Pincers)",
  "status3Accuracy": "8",
  "status3AccuracyFix": 15,
  "status3Damage": "2d+7",
  "status3Defense": "8",
  "status3Evasion": "8",
  "status3EvasionFix": 15,
  "status3Hp": "67",
  "status3Mp": "16",
  "status3Style": "Tail (Lower Body)",
  "statusNum": 3,
  "taxa": "Barbarous",
  "type": "m",
  "unitStatus": {
    "Weapon (Upper Body):HP": "56/56",
    "Weapon (Upper Body):MP": "35",
    "Pincers (Pincers):HP": "37/37",
    "Pincers (Pincers):MP": "14",
    "Tail (Lower Body):HP": "67/67",
    "Tail (Lower Body):MP": "16"
  },
  "unitExceptStatus": {
    "HP": 3,
    "MP": 3,
    "Defense": 3
  },
  "loots1Num": "Always",
  "loots1Item": "Scorpion Shell (50G/Red B)",
  "loots2Num": "2～6",
  "loots2Item": "None",
  "loots3Num": "7～10",
  "loots3Item": "Poison Stinger with Intact Poison Sac (800G/Red A)",
  "loots4Num": "11+",
  "loots4Item": "Poison Stinger with Deadly Poison Sac (1,200G/Red S)",
  "fortitude": "9",
  "willpower": "9"
}