{
  "description": "<p>This ice fairy takes the form of a small, ugly old woman. She is known with awe as a guardian of inaccessible places in snowy and alpine mountains.</p>",
  "disposition": "Neutral",
  "habitat": "Swamps, Snowy Mountains",
  "initiative": "17",
  "intellect": "Average",
  "language": "Sylvan, Trade common",
  "lootsNum": 0,
  "monsterName": "Cailleach",
  "mndResist": "15",
  "vitResist": "13",
  "lv": "11",
  "parts": "",
  "coreParts": "",
  "mobility": "15/-",
  "mode": "save",
  "paletteInsertType": "exchange",
  "paletteRemoveTags": "1",
  "paletteTool": "bcdice",
  "paletteUseBuff": "1",
  "paletteUseVar": "1",
  "partsNum": 1,
  "perception": "Magic",
  "reputation": "18",
  "reputation+": "21",
  "weakness": "Fire damage +3 points",
  "result": "OK",
  "sheetDescriptionM": "分類:Fairy　知能:Average　知覚:Magic　反応:Neutral\n言語:Sylvan, Trade common　生息地:Swamps, Snowy Mountains\n弱点:Fire damage +3 points\n先制値:17　生命抵抗力:13（20）　精神抵抗力:15（22）",
  "sheetDescriptionS": "分類:Fairy\n弱点:Fire damage +3 points\n先制値:17　生命抵抗力:13（20）　精神抵抗力:15（22）",
  "sin": "0",
  "skills": "<p><strong>◯Type: Water/Ice / Magic Power 14 (21)</strong></p><p></p><p><strong>◯Ice Hammer</strong></p><p>Hammer attacks deal Water/Ice physical damage.</p><p><strong>◯🗨Magic Aptitude</strong></p><p>They can use the Combat Feats [Targeting], [Metamagic/Targets], [Magic Convergence], [Magic Control], and [Multi-Action].</p><p><strong>►Ice Breath / 13 (20) / Fortitude / Half</strong></p><p>It exhales cold air from its mouth causing a long chill.Within \"Range / Area: 2 (30m) / Shot\" deals to the \"Target: 1 Area (5m Radius) / 15\" 2d+14 magic damage, with the effect of Petrifaction (Dexterity or Agility/-6) (see CR II, p. 329, ML, p. 71).Using this effect consumes 10 MP.Both damage and petrifaction effects are Water/Ice and Disease type</p>",
  "status1Accuracy": "12",
  "status1AccuracyFix": 19,
  "status1Damage": "2d+10",
  "status1Defense": "9",
  "status1Evasion": "13",
  "status1EvasionFix": 20,
  "status1Hp": "88",
  "status1Mp": "106",
  "status1Style": "Hammer",
  "statusNum": 1,
  "taxa": "Fairy",
  "type": "m",
  "unitStatus": {
    "Hammer:HP": "88/88",
    "Hammer:MP": "106"
  },
  "unitExceptStatus": {
    "HP": 1,
    "MP": 1,
    "Defense": 1
  },
  "fortitude": "13",
  "willpower": "15"
}