{
  "description": "<p>Cait Sith is an olden fairy. It is an upright, cute cat-like creature, about one meter long. They like to help anyone in need. They can easily learn languages, and once they hear a language, they can use it within a short period of time.</p>",
  "disposition": "Friendly",
  "habitat": "Secluded Regions",
  "initiative": "13",
  "intellect": "Average",
  "language": "Various",
  "lootsNum": 0,
  "monsterName": "Cait Sith",
  "mndResist": "9",
  "vitResist": "9",
  "lv": "7",
  "parts": "",
  "coreParts": "",
  "mobility": "14",
  "mode": "save",
  "paletteInsertType": "exchange",
  "paletteRemoveTags": "1",
  "paletteTool": "bcdice",
  "paletteUseBuff": "1",
  "paletteUseVar": "1",
  "partsNum": 1,
  "perception": "Five senses",
  "reputation": "9",
  "reputation+": "16",
  "weakness": "Accuracy +1",
  "result": "OK",
  "sheetDescriptionM": "分類:Fairy　知能:Average　知覚:Five senses　反応:Friendly\n言語:Various　生息地:Secluded Regions\n弱点:Accuracy +1\n先制値:13　生命抵抗力:9（16）　精神抵抗力:9（16）",
  "sheetDescriptionS": "分類:Fairy\n弱点:Accuracy +1\n先制値:13　生命抵抗力:9（16）　精神抵抗力:9（16）",
  "sin": "0",
  "skills": "<p><strong>◯Olden/Type: Light & Dark/Magic Power 10 (17)</strong></p><p></p><p><strong>◯🗨Magic Aptitude</strong></p><p>Echo can use the Combat Feats [Targeting], [Hawk Eye], and [Universal Metamagic].</p><p><strong>◯Service/11 (18)</strong></p><p>The skill allows entertaining guests. Cait Sith can use this success value 11 (18) for non-combat Dexterity or Intelligence-based skill checks</p>",
  "status1Accuracy": "9",
  "status1AccuracyFix": 16,
  "status1Damage": "2d+5",
  "status1Defense": "5",
  "status1Evasion": "10",
  "status1EvasionFix": 17,
  "status1Hp": "52",
  "status1Mp": "52",
  "status1Style": "Slam",
  "statusNum": 1,
  "taxa": "Fairy",
  "type": "m",
  "unitStatus": {
    "Slam:HP": "52/52",
    "Slam:MP": "52"
  },
  "unitExceptStatus": {
    "HP": 1,
    "MP": 1,
    "Defense": 1
  },
  "fortitude": "9",
  "willpower": "9"
}