{
  "description": "<p>A beetle of over 2m in length. Though they lack horns or pincers, they possess long legs capable of dexterous action. It is possible for them to fly while gripping a human child, and there have been rare incidents where livestock have been abducted.</p>",
  "disposition": "Hungry",
  "habitat": "Mountains, Forests",
  "initiative": "13",
  "intellect": "Animal",
  "language": "None",
  "lootsNum": 3,
  "monsterName": "Capture Beetle",
  "mndResist": "5(12)",
  "vitResist": "8(15)",
  "lv": "5",
  "parts": "",
  "coreParts": "",
  "mobility": "5 (5 Legs) / 20 (Flying)",
  "mode": "save",
  "paletteInsertType": "exchange",
  "paletteRemoveTags": "1",
  "paletteTool": "bcdice",
  "paletteUseBuff": "1",
  "paletteUseVar": "1",
  "partsNum": 1,
  "perception": "Five Senses",
  "reputation": "12",
  "reputation+": "14",
  "weakness": "Physical Damage +2",
  "result": "OK",
  "sheetDescriptionM": "分類:Animal　知能:Animal　知覚:Five Senses　反応:Hungry\n言語:None　生息地:Mountains, Forests\n弱点:Physical Damage +2\n先制値:13　生命抵抗力:8(15)（15）　精神抵抗力:5(12)（12）",
  "sheetDescriptionS": "分類:Animal\n弱点:Physical Damage +2\n先制値:13　生命抵抗力:8(15)（15）　精神抵抗力:5(12)（12）",
  "sin": "0",
  "skills": "<p><strong>◯Flight</strong></p><p>A Capture Beetle receives a +1 bonus to Accuracy and Evasion only for melee attacks.</p><p><strong>►Rock Throwing / 4 (11) / Evasion / Negates</strong></p><p>The Beetle grabs a nearby rock and hurls it as an attack. This is treated as a Thrown Weapon attack, and has a \"Range: 1 (10m)\" and a \"Target: 1 Character\", and deals 2d+9 of physical damage.This ability cannot be used on consecutive turns.</p>",
  "status1Accuracy": "7",
  "status1AccuracyFix": 14,
  "status1Damage": "2d+6",
  "status1Defense": "6",
  "status1Evasion": "6",
  "status1EvasionFix": 13,
  "status1Hp": "42",
  "status1Mp": "8",
  "status1Style": "Legs",
  "statusNum": 1,
  "taxa": "Animal",
  "type": "m",
  "unitStatus": {
    "Legs:HP": "42/42",
    "Legs:MP": "8"
  },
  "unitExceptStatus": {
    "HP": 1,
    "MP": 1,
    "Defense": 1
  },
  "loots1Num": "2～5",
  "loots1Item": "Beetle Shell (30G / Red B)",
  "loots2Num": "6～9",
  "loots2Item": "Good Quality Shell (150G / Red A)",
  "loots3Num": "10+",
  "loots3Item": "Superior Shell (750G / Red A)",
  "fortitude": "8(15)",
  "willpower": "5(12)"
}