{
  "description": "<p>It is a bipedal golem made of a jet-black alloy, but with long arms that reach to the ground and huge hands.</p><p>As the guardian of places and treasures, it is known to throw anything that approaches and never allows it to pass.</p>",
  "disposition": "Instructed",
  "habitat": "Labyrinths, Ruins",
  "initiative": "18",
  "intellect": "Servant",
  "language": "None",
  "lootsNum": 3,
  "monsterName": "Carbide Claws",
  "mndResist": "18",
  "vitResist": "18",
  "lv": "14",
  "parts": "2 (Right Side / Left Side)",
  "coreParts": "None",
  "mobility": "17",
  "mode": "save",
  "paletteInsertType": "exchange",
  "paletteRemoveTags": "1",
  "paletteTool": "bcdice",
  "paletteUseBuff": "1",
  "paletteUseVar": "1",
  "partsNum": 2,
  "perception": "Magic",
  "reputation": "19",
  "reputation+": "25",
  "weakness": "Accuracy +1",
  "result": "OK",
  "sheetDescriptionM": "分類:Construct　知能:Servant　知覚:Magic　反応:Instructed\n言語:None　生息地:Labyrinths, Ruins\n弱点:Accuracy +1\n先制値:18　生命抵抗力:18（25）　精神抵抗力:18（25）",
  "sheetDescriptionS": "分類:Construct\n弱点:Accuracy +1\n先制値:18　生命抵抗力:18（25）　精神抵抗力:18（25）",
  "sin": "0",
  "skills": "<p><strong>◯Knowledge = Conjurer Class</strong></p><p>Those with Conjurer will automatically s쳮d in the Monster Knowledge check for this monster. But they still must roll to know its weak point.</p><p><strong>◯Superalloy Body</strong></p><p>It is immune to criticals from magical or weapon attacks.</p><p><strong>►Throw/17 (24)/Evasion/Negates</strong></p><p>The Carbide Claws attempts to grab a \"Target: 1 Character\" within \"Range: Touch.\" If successful, the target is thrown to the rearguard area of their faction (Simplified Combat) or in any direction chosen by this monster at 30m (Standard Combat) and falls down, taking 45 points of fall damage.</p><p><strong>◯Poison Immunity, ◯Disease Immunity, ◯Psychic Type Immunity</strong></p><p></p><p><strong>◯Limited Healing</strong></p><p>Effects which can heal Construct HP are very limited, and mostly come from Spiritualism Magic and some special items.Healing effects such as Divine Magic, Fairy Magic, and Nature Magic cannot restore a Construct's HP.</p><p><strong>◯Can Be Detected</strong></p><p>Constructs can be detected with the [Sense Magic] spell and similar effects.</p>",
  "status1Accuracy": "18",
  "status1AccuracyFix": 25,
  "status1Damage": "2d+21",
  "status1Defense": "20",
  "status1Evasion": "14",
  "status1EvasionFix": 21,
  "status1Hp": "120",
  "status1Mp": "-",
  "status1Style": "Fist (Right Side)",
  "status2Accuracy": "18",
  "status2AccuracyFix": 25,
  "status2Damage": "2d+21",
  "status2Defense": "20",
  "status2Evasion": "14",
  "status2EvasionFix": 21,
  "status2Hp": "120",
  "status2Mp": "-",
  "status2Style": "Fist (Left Side)",
  "statusNum": 2,
  "taxa": "Construct",
  "type": "m",
  "unitStatus": {
    "Fist (Right Side):HP": "120/120",
    "Fist (Right Side):MP": "-",
    "Fist (Left Side):HP": "120/120",
    "Fist (Left Side):MP": "-"
  },
  "unitExceptStatus": {
    "HP": 2,
    "MP": 2,
    "Defense": 2
  },
  "loots1Num": "Always",
  "loots1Item": "Magic Iron Ingot (680G/Gold Black A) x 1d",
  "loots2Num": "2～9",
  "loots2Item": "Mithril (2,600G/Gold S)",
  "loots3Num": "10+",
  "loots3Item": "Pure Mithril (8,800G/Gold S)",
  "fortitude": "18",
  "willpower": "18"
}