{
  "description": "<p>This magical device was created as a \"dream food table\" in the Magic Civilization Period. Underneath the four-legged rectangular table, storage is installed to store foodstuffs. The table is equipped with a long, thin arm that serves the food to the table.</p><p>Many of those that remain today have malfunctioned. It restrains those seated and does not release them until all the food that appears endlessly has been consumed. Those who try to force their way out or harm them are punished with serving arms and stored in the storage as food for the next visitor. Malfunctioning storage will also most likely lose its ability to keep food fresh.</p>",
  "disposition": "Instructed",
  "habitat": "Ruins",
  "initiative": "16",
  "intellect": "Servant",
  "language": "None",
  "lootsNum": 3,
  "monsterName": "Carnage Table",
  "mndResist": "3",
  "vitResist": "4",
  "lv": "10",
  "parts": "3 (Table / Serving Arms x 2)",
  "coreParts": "Table",
  "mobility": "10 (4 Legs)",
  "mode": "save",
  "paletteInsertType": "exchange",
  "paletteRemoveTags": "1",
  "paletteTool": "bcdice",
  "paletteUseBuff": "1",
  "paletteUseVar": "1",
  "partsNum": 3,
  "perception": "Magic",
  "reputation": "17",
  "reputation+": "20",
  "weakness": "Physical damage +2 points",
  "result": "OK",
  "sheetDescriptionM": "分類:Construct　知能:Servant　知覚:Magic　反応:Instructed\n言語:None　生息地:Ruins\n弱点:Physical damage +2 points\n先制値:16　生命抵抗力:4（11）　精神抵抗力:3（10）",
  "sheetDescriptionS": "分類:Construct\n弱点:Physical damage +2 points\n先制値:16　生命抵抗力:4（11）　精神抵抗力:3（10）",
  "sin": "0",
  "skills": "<p><strong>◯Limited Healing</strong></p><p>Effects which can heal Construct HP are very limited, and mostly come from Spiritualism Magic and some special items.Healing effects such as Divine Magic, Fairy Magic, and Nature Magic cannot restore a Construct's HP.</p><p><strong>◯Can Be Detected</strong></p><p>Constructs can be detected with the [Sense Magic] spell and similar effects.</p><br><br><p><strong>►Food Temptation/13 (20)/Fortitude/Negates</strong></p><p>Puts out a meal that looks attractive on the table and lures the target with the look and smell of the food.All the characters in the same position (coordinates or area) as the storage section will eat the food on the table on failed resistance check.After that, characters at the end of each turn of the Table section will receive 3 Poison magic damage (9 maximum damage total). When Table section HP becomes 0 or less, it disappears.</p><p><strong>►Public Kitchen/13 (20)/Willpower/Negates</strong></p><p>The storage area under the dining table temporarily becomes transparent and visible, giving a graphic view of the food being prepared.With \"Range: Caster\" and \"Target: 2-3 areas (10m Radius)/All,\" targets cannot take Minor Actions for 10 seconds (1 round) (Major Action and active combat feat still can be declared). For the same duration receiving HP or MP recovery effects, the amount of recovery will be reduced by half (rounded up).</p><br><br><p><strong>►Rampant Dishes/15 (22)/Evasion/Negates</strong></p><p>Throws many dishes. The effect will cause a 2d+12 physical damage to \"Target: 1 area (3m Radius) / 5\" at \"Range /Area: 2 (20m) / Shot\" and will consume 10 MP.</p><p><strong>►Forced Seating/13 (20)/Evasion/Negates</strong></p><p>The character is forcibly seated at the dining table. The seated character automatically fails the Fortitude and Willpower check for the ability used by the Table section without rolling any dice.</p><p><strong>◯Attack Obstacle = Impossible • Impossible</strong></p><p>Its body hinders attacks.The Table section cannot be attacked, whether melee or ranged. This effect disappears when any of the Serving Arms falls to 0 HP or lower.</p>",
  "status1Accuracy": "-",
  "status1AccuracyFix": null,
  "status1Damage": "-",
  "status1Defense": "12",
  "status1Evasion": "13",
  "status1EvasionFix": 20,
  "status1Hp": "98",
  "status1Mp": "30",
  "status1Style": "None (Table)",
  "status2Accuracy": "14",
  "status2AccuracyFix": 21,
  "status2Damage": "2d+14",
  "status2Defense": "10",
  "status2Evasion": "12",
  "status2EvasionFix": 19,
  "status2Hp": "85",
  "status2Mp": "30",
  "status2Style": "Tableware (Serving Arms)",
  "status3Accuracy": "14",
  "status3AccuracyFix": 21,
  "status3Damage": "2d+14",
  "status3Defense": "10",
  "status3Evasion": "12",
  "status3EvasionFix": 19,
  "status3Hp": "85",
  "status3Mp": "30",
  "status3Style": "Tableware (Serving Arms)",
  "statusNum": 3,
  "taxa": "Construct",
  "type": "m",
  "unitStatus": {
    "None (Table):HP": "98/98",
    "None (Table):MP": "30",
    "Tableware (Serving Arms):HP": "85/85",
    "Tableware (Serving Arms):MP": "30"
  },
  "unitExceptStatus": {
    "HP": 3,
    "MP": 3,
    "Defense": 3
  },
  "loots1Num": "Always",
  "loots1Item": "Silverware (50G/Black White B) x 2d",
  "loots2Num": "2～10",
  "loots2Item": "Memento (1,000G/White S)",
  "loots3Num": "11+",
  "loots3Item": "Enchanted Object (2,000G/Gold White S)",
  "fortitude": "4",
  "willpower": "3"
}