{
  "description": "<p>This is a fairy that looks like a translucent adult male with a solid physique. They have long hair and a long beard and wear only a loincloth around their body. They can speak, but they only swear intrinsically, making communicating difficult.</p>",
  "disposition": "Neutral",
  "habitat": "Waterfront",
  "initiative": "17",
  "intellect": "Average",
  "language": "Trade Common, Sylvan",
  "lootsNum": 0,
  "monsterName": "Caron",
  "mndResist": "14",
  "vitResist": "14",
  "lv": "11",
  "parts": "",
  "coreParts": "",
  "mobility": "15",
  "mode": "save",
  "paletteInsertType": "exchange",
  "paletteRemoveTags": "1",
  "paletteTool": "bcdice",
  "paletteUseBuff": "1",
  "paletteUseVar": "1",
  "partsNum": 1,
  "perception": "Five senses",
  "reputation": "14",
  "reputation+": "19",
  "weakness": "Accuracy +1",
  "result": "OK",
  "sheetDescriptionM": "分類:Fairy　知能:Average　知覚:Five senses　反応:Neutral\n言語:Trade Common, Sylvan　生息地:Waterfront\n弱点:Accuracy +1\n先制値:17　生命抵抗力:14（21）　精神抵抗力:14（21）",
  "sheetDescriptionS": "分類:Fairy\n弱点:Accuracy +1\n先制値:17　生命抵抗力:14（21）　精神抵抗力:14（21）",
  "sin": "0",
  "skills": "<p><strong>◯Type: Dark/Magic Power 15 (22)</strong></p><p></p><p><strong>◯🗨Magic Aptitude</strong></p><p>They can use the Combat Feats [Targeting], [Magic Convergence], [Magic Control], and [Universal Metamagic].</p><p><strong>►Wave of Hatred/15 (22)/Willpower/Negates</strong></p><p>Within \"Range: Caster\" and \"Target: 1 area (6m Radius)/All\" causes hatred to grow in targets' hearts.The target cannot cast spells and other unique skills that target other than themself for 30 seconds (3 rounds), except those that directly deal damage. Anything that causes some effect simultaneously as the damage is allowed, along with any collateral effects.This effect is of the Psychic type</p>",
  "status1Accuracy": "14",
  "status1AccuracyFix": 21,
  "status1Damage": "2d+13",
  "status1Defense": "12",
  "status1Evasion": "14",
  "status1EvasionFix": 21,
  "status1Hp": "102",
  "status1Mp": "97",
  "status1Style": "Fist",
  "statusNum": 1,
  "taxa": "Fairy",
  "type": "m",
  "unitStatus": {
    "Fist:HP": "102/102",
    "Fist:MP": "97"
  },
  "unitExceptStatus": {
    "HP": 1,
    "MP": 1,
    "Defense": 1
  },
  "fortitude": "14",
  "willpower": "14"
}