{
  "description": "<p>A Catoblepas is a mythical beast about 3 meters long with the head of a pig and the body of a buffalo. Its eyes are iridescent and shiny, and it petrifies people by looking at them, regardless of their intentions. It can sense its surroundings even while blinded, so it usually lives with its eyes closed.</p><p>Self-righteous and solitary, it regards anyone who approaches them as an enemy. Its skin has power that repels evil, and in rare cases, the effect remains even after death and can be sold for a high price.</p>",
  "disposition": "Hostile",
  "habitat": "Lakes, Swamps",
  "initiative": "16",
  "intellect": "Average",
  "language": "None",
  "lootsNum": 3,
  "monsterName": "Catoblepas",
  "mndResist": "12",
  "vitResist": "12",
  "lv": "9",
  "parts": "",
  "coreParts": "",
  "mobility": "15 (4 Legs)/15(Swimming)",
  "mode": "save",
  "paletteInsertType": "exchange",
  "paletteRemoveTags": "1",
  "paletteTool": "bcdice",
  "paletteUseBuff": "1",
  "paletteUseVar": "1",
  "partsNum": 1,
  "perception": "Magic",
  "reputation": "17",
  "reputation+": "20",
  "weakness": "Fire damage + 3 points",
  "result": "OK",
  "sheetDescriptionM": "分類:Mythical Beast　知能:Average　知覚:Magic　反応:Hostile\n言語:None　生息地:Lakes, Swamps\n弱点:Fire damage + 3 points\n先制値:16　生命抵抗力:12（19）　精神抵抗力:12（19）",
  "sheetDescriptionS": "分類:Mythical Beast\n弱点:Fire damage + 3 points\n先制値:16　生命抵抗力:12（19）　精神抵抗力:12（19）",
  "sin": "0",
  "skills": "<p><strong>◯Lightning Immunity, ◯Disease Immunity, ◯Curse Immunity</strong></p><p></p><p><strong>◯Underwater Aptitude</strong></p><p></p><p><strong>⏩Petrified Hooves/12 (19)/Willpower/Negates</strong></p><p>Catoblepas stares at 1 character with \"Range/Area: 2 (50m) / Target\". On failed save target is petrified (Dexterity, Agility/-6) (see ML p. 71).This effect is treated as a Curse type.This unique skill can be used up to twice per round, but targets must be different.</p>",
  "status1Accuracy": "12",
  "status1AccuracyFix": 19,
  "status1Damage": "2d+14",
  "status1Defense": "10",
  "status1Evasion": "11",
  "status1EvasionFix": 18,
  "status1Hp": "82",
  "status1Mp": "41",
  "status1Style": "Hooves",
  "statusNum": 1,
  "taxa": "Mythical Beast",
  "type": "m",
  "unitStatus": {
    "Hooves:HP": "82/82",
    "Hooves:MP": "41"
  },
  "unitExceptStatus": {
    "HP": 1,
    "MP": 1,
    "Defense": 1
  },
  "loots1Num": "Always",
  "loots1Item": "Petrifying Hooves (1,200G/Gold Red Black S) x 2",
  "loots2Num": "2～9",
  "loots2Item": "None",
  "loots3Num": "10+",
  "loots3Item": "Slimy Skin (680G/Red A)",
  "fortitude": "12",
  "willpower": "12"
}