{
  "description": "<p>It is a heavily armed Centaur that specializes in physical attacks and does not use Fairy Magic. It is the first one to enter the battlefield and is responsible for breaking the enemy's defense line into pieces.</p>",
  "disposition": "Hostile",
  "habitat": "Plains",
  "initiative": "18",
  "intellect": "Average",
  "language": "Barbaric, Centaur",
  "lootsNum": 3,
  "monsterName": "Centaur Heavy Knight",
  "mndResist": "10",
  "vitResist": "11",
  "lv": "9",
  "parts": "",
  "coreParts": "",
  "mobility": "40 (4 Legs)/-",
  "mode": "save",
  "paletteInsertType": "exchange",
  "paletteRemoveTags": "1",
  "paletteTool": "bcdice",
  "paletteUseBuff": "1",
  "paletteUseVar": "1",
  "partsNum": 1,
  "perception": "Five senses",
  "reputation": "13",
  "reputation+": "19",
  "weakness": "Earth Damage +3",
  "result": "OK",
  "sheetDescriptionM": "分類:Barbarous　知能:Average　知覚:Five senses　反応:Hostile\n言語:Barbaric, Centaur　生息地:Plains\n弱点:Earth Damage +3\n先制値:18　生命抵抗力:11（18）　精神抵抗力:10（17）",
  "sheetDescriptionS": "分類:Barbarous\n弱点:Earth Damage +3\n先制値:18　生命抵抗力:11（18）　精神抵抗力:10（17）",
  "sin": "4",
  "skills": "<p><strong>►Charge / 10 (17) / Evasion / Negates</strong></p><p>This attack can only be used after Normal Move.Centaur Heavy Knight charges, spearing an enemy character with a melee attack, dealing 2d+20 physical damage.</p><p><strong>◯Rampage</strong></p><p>After [►Charge], Centaur Heavy Knight can make additional Major Action.</p>",
  "status1Accuracy": "10",
  "status1AccuracyFix": 17,
  "status1Damage": "2d+12",
  "status1Defense": "12",
  "status1Evasion": "9",
  "status1EvasionFix": 16,
  "status1Hp": "82",
  "status1Mp": "50",
  "status1Style": "Weapon",
  "statusNum": 1,
  "taxa": "Barbarous",
  "type": "m",
  "unitStatus": {
    "Weapon:HP": "82/82",
    "Weapon:MP": "50"
  },
  "unitExceptStatus": {
    "HP": 1,
    "MP": 1,
    "Defense": 1
  },
  "loots1Num": "2～7",
  "loots1Item": "Heraldic Spear (150G / Black White A)",
  "loots2Num": "8～10",
  "loots2Item": "Well-Balanced Spear (600G / Black White A)",
  "loots3Num": "11+",
  "loots3Item": "Well-Kept Spear (1000G / Black White S)",
  "fortitude": "11",
  "willpower": "10"
}