{
  "description": "<p>These are Barbarous, with a Human's upper body connected to a horse's body. They are proud to be Barbarous, fight nobly, and prefer to make a name for themself fairly and squarely.</p><p>Centaurs also tend to be excellent soldiers, with a reputation for faithfully following orders.</p>",
  "disposition": "Neutral",
  "habitat": "Grasslands",
  "initiative": "12",
  "intellect": "Average",
  "language": "Barbaric, Centaur, Sylvan",
  "lootsNum": 3,
  "monsterName": "Centaur",
  "mndResist": "4",
  "vitResist": "5",
  "lv": "3",
  "parts": "",
  "coreParts": "",
  "mobility": "22 (4 Legs)",
  "mode": "save",
  "paletteInsertType": "exchange",
  "paletteRemoveTags": "1",
  "paletteTool": "bcdice",
  "paletteUseBuff": "1",
  "paletteUseVar": "1",
  "partsNum": 1,
  "perception": "Five senses",
  "reputation": "10",
  "reputation+": "13",
  "weakness": "Earth damage + 3 points",
  "result": "OK",
  "sheetDescriptionM": "分類:Barbarous　知能:Average　知覚:Five senses　反応:Neutral\n言語:Barbaric, Centaur, Sylvan　生息地:Grasslands\n弱点:Earth damage + 3 points\n先制値:12　生命抵抗力:5（12）　精神抵抗力:4（11）",
  "sheetDescriptionS": "分類:Barbarous\n弱点:Earth damage + 3 points\n先制値:12　生命抵抗力:5（12）　精神抵抗力:4（11）",
  "sin": "3",
  "skills": "<p><strong>►Fairy Magic 2 Level/Magic Power 4 (11)</strong></p><p>It can use Earth, Fire, Wind, and Light magic types.</p><p><strong>►Charge/5 (12)/Evasion/Negates</strong></p><p>This ability can only be used in a round in which a Normal Move is made.Charges and spears 1 enemy character as with melee attack, dealing 2d+7 physical damage.</p>",
  "status1Accuracy": "5",
  "status1AccuracyFix": 12,
  "status1Damage": "2d+2",
  "status1Defense": "2",
  "status1Evasion": "3",
  "status1EvasionFix": 10,
  "status1Hp": "25",
  "status1Mp": "18",
  "status1Style": "Weapon",
  "statusNum": 1,
  "taxa": "Barbarous",
  "type": "m",
  "unitStatus": {
    "Weapon:HP": "25/25",
    "Weapon:MP": "18"
  },
  "unitExceptStatus": {
    "HP": 1,
    "MP": 1,
    "Defense": 1
  },
  "loots1Num": "2～7",
  "loots1Item": "None",
  "loots2Num": "8～10",
  "loots2Item": "Battle Gear (30G/White B)",
  "loots3Num": "11+",
  "loots3Item": "Fine Outfit (120G/White A)",
  "fortitude": "5",
  "willpower": "4"
}