{
  "description": "<p>Spear cavalry of Centaurs (see p. 74), Impalers are often young and anxious to show off their military training. Despite their youth, Centaur Impalers are the equivalent of knights in their hierarchy and will often have subordinates following their commands. In combat, a Centaur Impaler will often seek out and fight the most potent enemy in the skirmish, looking to prove themselves in battle.</p>",
  "disposition": "Neutral",
  "habitat": "Grasslands",
  "initiative": "15",
  "intellect": "Average",
  "language": "Barbaric, Centaur, Sylvan",
  "lootsNum": 3,
  "monsterName": "Centaur Impaler",
  "mndResist": "7",
  "vitResist": "8",
  "lv": "6",
  "parts": "",
  "coreParts": "",
  "mobility": "30 (4 Legs)",
  "mode": "save",
  "paletteInsertType": "exchange",
  "paletteRemoveTags": "1",
  "paletteTool": "bcdice",
  "paletteUseBuff": "1",
  "paletteUseVar": "1",
  "partsNum": 1,
  "perception": "Five senses",
  "reputation": "11",
  "reputation+": "17",
  "weakness": "Earth damage + 3 points",
  "result": "OK",
  "sheetDescriptionM": "分類:Barbarous　知能:Average　知覚:Five senses　反応:Neutral\n言語:Barbaric, Centaur, Sylvan　生息地:Grasslands\n弱点:Earth damage + 3 points\n先制値:15　生命抵抗力:8（15）　精神抵抗力:7（14）",
  "sheetDescriptionS": "分類:Barbarous\n弱点:Earth damage + 3 points\n先制値:15　生命抵抗力:8（15）　精神抵抗力:7（14）",
  "sin": "3",
  "skills": "<p><strong>►Fairy Magic 4 Level/Magic Power 6 (13)</strong></p><p>It can use Earth, Fire, Wind, and Light types.</p><p><strong>►Charge/7 (14)/Evasion/Neg</strong></p><p>This ability can only be used in the round in which the Normal Move is made.Charges and spears 1 enemy character as with melee attack, dealing 2d+14 physical damage.</p>",
  "status1Accuracy": "8",
  "status1AccuracyFix": 15,
  "status1Damage": "2d+8",
  "status1Defense": "6",
  "status1Evasion": "7",
  "status1EvasionFix": 14,
  "status1Hp": "53",
  "status1Mp": "28",
  "status1Style": "Weapon",
  "statusNum": 1,
  "taxa": "Barbarous",
  "type": "m",
  "unitStatus": {
    "Weapon:HP": "53/53",
    "Weapon:MP": "28"
  },
  "unitExceptStatus": {
    "HP": 1,
    "MP": 1,
    "Defense": 1
  },
  "loots1Num": "2～6",
  "loots1Item": "Spear (50G/Black White B)",
  "loots2Num": "7～9",
  "loots2Item": "Heraldic Spear (150G/Black White)",
  "loots3Num": "10+",
  "loots3Item": "Well-Balanced Spear (600G/Black White A)",
  "fortitude": "8",
  "willpower": "7"
}