{
  "description": "<p>A three-headed daemon dog, a Cerberus is really more the size of a horse. Able to conjure up breath weapons of fire, ice, and poison, it can be a dangerous foe in combat. Also known as the Watchdog of Hell, Cerberuses are typically seen guarding something, whether the entrance to a labyrinth, a vault inside, or something else. While its intelligence is that of an average dog's, a Cerberus will remain loyal to its orders and will fight to the death to carry them out.</p>",
  "disposition": "Hostile",
  "habitat": "Underground Labyrinth, Ruins, Shallow Abysses",
  "initiative": "18",
  "intellect": "Animal",
  "language": "None",
  "lootsNum": 4,
  "monsterName": "Cerberus",
  "mndResist": "13",
  "vitResist": "14",
  "lv": "11",
  "parts": "4 (Head x 3 / Body)",
  "coreParts": "Heads (All)",
  "mobility": "20 (4 Legs)",
  "mode": "save",
  "paletteInsertType": "exchange",
  "paletteRemoveTags": "1",
  "paletteTool": "bcdice",
  "paletteUseBuff": "1",
  "paletteUseVar": "1",
  "partsNum": 4,
  "perception": "Five senses (Darkvision)",
  "reputation": "15",
  "reputation+": "20",
  "weakness": "Bludgeoning damage +3 points",
  "result": "OK",
  "sheetDescriptionM": "分類:Daemon　知能:Animal　知覚:Five senses (Darkvision)　反応:Hostile\n言語:None　生息地:Underground Labyrinth, Ruins, Shallow Abysses\n弱点:Bludgeoning damage +3 points\n先制値:18　生命抵抗力:14（21）　精神抵抗力:13（20）",
  "sheetDescriptionS": "分類:Daemon\n弱点:Bludgeoning damage +3 points\n先制値:18　生命抵抗力:14（21）　精神抵抗力:13（20）",
  "sin": "0",
  "skills": "<p><strong>◯Fire Immunity</strong></p><p></p><br><br><p><strong>►Three Breaths</strong></p><p>Its mouth spits one of the following breaths: Fire Breath, Blizzard Breath, or Noxious Breath. All of them have \"Range: Caster\" and \"Target: 1 area (6m Radius)/20\" around the head.The Head can choose any breath to use (or whether to attack with Bite without using breath). If more than one head breathes the same kind of breath, it is treated as a single attack with increased success value. If two heads breathe the same breath, the breath's success value has a +2 bonus, and the calculated damage is increased by +4. If all three heads breathe the same breath, the success value has a bonus of +4, and the calculated damage is increased by +8.1: Fire Breath/11 (18)/Fortitude/HalfHead exhales fire, dealing 2d+12 Fire magic damage to the affected targets.2: Blizzard Breath/10 (17)/Fortitude/HalfHead spits out a blizzard, dealing 2d+8 Water/Ice magic damage to the targets and reducing their Defense by -5 points for 30 seconds (3 rounds). This Defense reduction is non-cumulative and does not reduce Defense below 0.3: Noxious Breath/9 (16)/Fortitude/HalfHead spits poison, inflicting 2d+6 Poison magic damage to the targets, and each target incurs a -3 penalty to their Evasion checks for 30 seconds (3 rounds). This effect is not cumulative.</p><p><strong>⏩△Techniques</strong></p><p>May use the [Beetleskin] and [Bear Muscle] Techniques.</p><br><br><p><strong>◯Attack Obstacle = +4 • None</strong></p><p>Against melee attacks, the Head sections receive a +4 bonus to Evasion checks.This effect disappears when the Body section falls to 0 HP or lower.</p>",
  "status1Accuracy": "13",
  "status1AccuracyFix": 20,
  "status1Damage": "2d+16",
  "status1Defense": "10",
  "status1Evasion": "12",
  "status1EvasionFix": 19,
  "status1Hp": "99",
  "status1Mp": "35",
  "status1Style": "Bite (Head)",
  "status2Accuracy": "13",
  "status2AccuracyFix": 20,
  "status2Damage": "2d+16",
  "status2Defense": "10",
  "status2Evasion": "12",
  "status2EvasionFix": 19,
  "status2Hp": "99",
  "status2Mp": "35",
  "status2Style": "Bite (Head)",
  "status3Accuracy": "13",
  "status3AccuracyFix": 20,
  "status3Damage": "2d+16",
  "status3Defense": "10",
  "status3Evasion": "12",
  "status3EvasionFix": 19,
  "status3Hp": "99",
  "status3Mp": "35",
  "status3Style": "Bite (Head)",
  "status4Accuracy": "-",
  "status4AccuracyFix": null,
  "status4Damage": "-",
  "status4Defense": "12",
  "status4Evasion": "12",
  "status4EvasionFix": 19,
  "status4Hp": "110",
  "status4Mp": "20",
  "status4Style": "None (Body)",
  "statusNum": 4,
  "taxa": "Daemon",
  "type": "m",
  "unitStatus": {
    "Bite (Head):HP": "99/99",
    "Bite (Head):MP": "35",
    "None (Body):HP": "110/110",
    "None (Body):MP": "20"
  },
  "unitExceptStatus": {
    "HP": 4,
    "MP": 4,
    "Defense": 4
  },
  "loots1Num": "Always",
  "loots1Item": "Crystallized Daemon's Blood (800G/Red A)",
  "loots2Num": "2～7",
  "loots2Item": "None",
  "loots3Num": "8～12",
  "loots3Item": "Binding Chain (500G/Black A)",
  "loots4Num": "13+",
  "loots4Item": "Jet-black Binding Chain (3,000G/Black S)",
  "fortitude": "14",
  "willpower": "13"
}