{
  "description": "<p>These are palm-sized rocks found at Magic Civilization Period sites, etc. They are monsters that were moved out of the ground during the mining of mako stone, etc. They were called scrap stones or cheap stones and were considered of little or no value.</p><p>When a creature with mana approaches, it may start to move. It does not fly but only rolls and scoots along the ground.</p><p>They have no purpose for their behavior but move around and sometimes bump into each other. However, they are sometimes found clustered together in piles of soil, and there have been sightings of them gathering at the feet of people in ruins.</p>",
  "disposition": "Hostile",
  "habitat": "Caves, Ruins",
  "initiative": "8",
  "intellect": "None",
  "language": "None",
  "lootsNum": 3,
  "monsterName": "Cheap Stone",
  "mndResist": "3",
  "vitResist": "3",
  "lv": "2",
  "parts": "",
  "coreParts": "",
  "mobility": "8 (Rotation)",
  "mode": "save",
  "paletteInsertType": "exchange",
  "paletteRemoveTags": "1",
  "paletteTool": "bcdice",
  "paletteUseBuff": "1",
  "paletteUseVar": "1",
  "partsNum": 1,
  "perception": "Magic",
  "reputation": "7",
  "reputation+": "10",
  "weakness": "Energy type damage +3",
  "result": "OK",
  "sheetDescriptionM": "分類:Construct　知能:None　知覚:Magic　反応:Hostile\n言語:None　生息地:Caves, Ruins\n弱点:Energy type damage +3\n先制値:8　生命抵抗力:3（10）　精神抵抗力:3（10）",
  "sheetDescriptionS": "分類:Construct\n弱点:Energy type damage +3\n先制値:8　生命抵抗力:3（10）　精神抵抗力:3（10）",
  "sin": "0",
  "skills": "<p><strong>►Crawl In/2 (9)/Danger Sense/Negates</strong></p><p>It moves under the feet of \"Target: 1 Character\" within \"Range: Touch\" and causes the target to fall prone.</p><p><strong>◯Poison Immunity, ◯Disease Immunity, ◯Psychic Type Immunity</strong></p><p></p><p><strong>◯Limited Healing</strong></p><p>Effects which can heal Construct HP are very limited, and mostly come from Spiritualism Magic and some special items.Healing effects such as Divine Magic, Fairy Magic, and Nature Magic cannot restore a Construct's HP.</p><p><strong>◯Can Be Detected</strong></p><p>Constructs can be detected with the [Sense Magic] spell and similar effects.</p>",
  "status1Accuracy": "3",
  "status1AccuracyFix": 10,
  "status1Damage": "2d+1",
  "status1Defense": "3",
  "status1Evasion": "4",
  "status1EvasionFix": 11,
  "status1Hp": "13",
  "status1Mp": "-",
  "status1Style": "Slam",
  "statusNum": 1,
  "taxa": "Construct",
  "type": "m",
  "unitStatus": {
    "Slam:HP": "13/13",
    "Slam:MP": "-"
  },
  "unitExceptStatus": {
    "HP": 1,
    "MP": 1,
    "Defense": 1
  },
  "loots1Num": "2～9",
  "loots1Item": "None",
  "loots2Num": "10～11",
  "loots2Item": "Mako Stone (1 pts.) (50G)",
  "loots3Num": "12+",
  "loots3Item": "Mako Stone (2 pts.) (100G)",
  "fortitude": "3",
  "willpower": "3"
}