{
  "description": "<p>A Cherub is a mythical beast in the shape of a winged dog about 1 meter long. In some regions, it is believed to be a messenger of the gods, and it is said that those who see it will be blessed with good fortune.</p>",
  "disposition": "Neutral",
  "habitat": "Mountains",
  "initiative": "11",
  "intellect": "Average",
  "language": "Arcana",
  "lootsNum": 3,
  "monsterName": "Cherub",
  "mndResist": "7",
  "vitResist": "6",
  "lv": "5",
  "parts": "",
  "coreParts": "",
  "mobility": "20 (4 Legs) / 20 (Flying)",
  "mode": "save",
  "paletteInsertType": "exchange",
  "paletteRemoveTags": "1",
  "paletteTool": "bcdice",
  "paletteUseBuff": "1",
  "paletteUseVar": "1",
  "partsNum": 1,
  "perception": "Five senses",
  "reputation": "12",
  "reputation+": "15",
  "weakness": "Energy type damage +3 points",
  "result": "OK",
  "sheetDescriptionM": "分類:Mythical Beast　知能:Average　知覚:Five senses　反応:Neutral\n言語:Arcana　生息地:Mountains\n弱点:Energy type damage +3 points\n先制値:11　生命抵抗力:6（13）　精神抵抗力:7（14）",
  "sheetDescriptionS": "分類:Mythical Beast\n弱点:Energy type damage +3 points\n先制値:11　生命抵抗力:6（13）　精神抵抗力:7（14）",
  "sin": "0",
  "skills": "<p><strong>►Spiritualism Magic, Divine Magic 5 Level  / Magic Power 8 (15)</strong></p><p></p><p><strong>◯🗨►Magic Aptitude</strong></p><p>They can use the Combat Feats [Targeting], [Metamagic/Time], and [Wordbreak].</p><p><strong>⏩Sacred Beast Blessing</strong></p><p>Cherub pats \"Target: 1 Character\" within \"Range: Touch\" with its feathers and gives a blessing. The target recovers 3 MP at the end of its turn for 1 minute (6 rounds).This unique skill can be used only once per round.</p>",
  "status1Accuracy": "7",
  "status1AccuracyFix": 14,
  "status1Damage": "2d+8",
  "status1Defense": "5",
  "status1Evasion": "7",
  "status1EvasionFix": 14,
  "status1Hp": "38",
  "status1Mp": "46",
  "status1Style": "Bite",
  "statusNum": 1,
  "taxa": "Mythical Beast",
  "type": "m",
  "unitStatus": {
    "Bite:HP": "38/38",
    "Bite:MP": "46"
  },
  "unitExceptStatus": {
    "HP": 1,
    "MP": 1,
    "Defense": 1
  },
  "loots1Num": "2～5",
  "loots1Item": "Mythical Beast Hide (140G/Red A)",
  "loots2Num": "6～9",
  "loots2Item": "Fine Mythical Beast Hide (300G/Red A)",
  "loots3Num": "10+",
  "loots3Item": "Beautiful Mythical Beast Hide (800G/Gold Red A)",
  "fortitude": "6",
  "willpower": "7"
}