{
  "description": "<p>This Construct resembles a treasure chest and has the ability to move its powerful arms and small legs in and out as it pleases. There is speculation that it may be a type of Golem that was created in the past, but there is no certainty.</p>",
  "disposition": "Instructed",
  "habitat": "Ruins",
  "initiative": "10",
  "intellect": "Servant",
  "language": "None",
  "lootsNum": 3,
  "monsterName": "Chest Mimic",
  "mndResist": "5",
  "vitResist": "5",
  "lv": "3",
  "parts": "",
  "coreParts": "",
  "mobility": "-/-",
  "mode": "save",
  "paletteInsertType": "exchange",
  "paletteRemoveTags": "1",
  "paletteTool": "bcdice",
  "paletteUseBuff": "1",
  "paletteUseVar": "1",
  "partsNum": 1,
  "perception": "Magic",
  "reputation": "10",
  "reputation+": "14",
  "weakness": "Accuracy +1",
  "result": "OK",
  "sheetDescriptionM": "分類:Construct　知能:Servant　知覚:Magic　反応:Instructed\n言語:None　生息地:Ruins\n弱点:Accuracy +1\n先制値:10　生命抵抗力:5（12）　精神抵抗力:5（12）",
  "sheetDescriptionS": "分類:Construct\n弱点:Accuracy +1\n先制値:10　生命抵抗力:5（12）　精神抵抗力:5（12）",
  "sin": "0",
  "skills": "<p><strong>◯Mimicry / 12 / Danger Sense / Negates</strong></p><p>It disguises itself as a treasure chest. While mimicking, characters cannot perform a Monster Knowledge check on this monster. If a character approaches it unintentionally, they need to make a Danger check with Target Number 12, and if it fails, they will be surprised. Mimicry will automatically end once the monster starts to act.</p><p><strong>►Double Attack</strong></p><p>Attacks twice with Arms the same target.</p><p><strong>◯Capture</strong></p><p>If both [►Double Attack] hit the target, the target is entangled. The target cannot move, and from the next round, attacks from this monster to the target will automatically hit the target.When the target attempts to escape, it should follow de-bonding rules (see ML, p. 71).</p><p><strong>◯Poison Immunity, ◯Disease Immunity, ◯Psychic Type Immunity</strong></p><p></p><p><strong>◯Limited Healing</strong></p><p>Effects which can heal Construct HP are very limited, and mostly come from Spiritualism Magic and some special items.Healing effects such as Divine Magic, Fairy Magic, and Nature Magic cannot restore a Construct's HP.</p><p><strong>◯Can Be Detected</strong></p><p>Constructs can be detected with the [Sense Magic] spell and similar effects.</p>",
  "status1Accuracy": "4",
  "status1AccuracyFix": 11,
  "status1Damage": "2d+4",
  "status1Defense": "4",
  "status1Evasion": "3",
  "status1EvasionFix": 10,
  "status1Hp": "25",
  "status1Mp": "0",
  "status1Style": "Arm",
  "statusNum": 1,
  "taxa": "Construct",
  "type": "m",
  "unitStatus": {
    "Arm:HP": "25/25",
    "Arm:MP": "0/0"
  },
  "unitExceptStatus": {
    "HP": 1,
    "MP": 1,
    "Defense": 1
  },
  "loots1Num": "2～6",
  "loots1Item": "None",
  "loots2Num": "7～11",
  "loots2Item": "Magical Wood (200G/Red Green A)",
  "loots3Num": "12+",
  "loots3Item": "Premium Magical Wood (500G/Red Green A)",
  "fortitude": "5",
  "willpower": "5"
}