{
  "description": "<p>Chimera is fearsome in appearance, with the heads of a lion, goat, and dragon, the body of a snake used for a tail, and the wings of a massive bat on its back. Their origin is unclear, but it can only be assumed that a crazed wizard from the Magic Civilization period came up with this beast as part of some deranged experiment.</p><p>With multiple heads comes incredible intelligence, and Chimeras excel in cunning strategy. They are also ruthless and will offer hope to their opponents only to snatch it away at the last second. Chimeras also tend to have Undead and Constructs under their control and will have each head sleep at different times, making them formidable opponents to take advantage of. However, Chimeras tend to be overconfident, and it is said that this hubris may be their downfall.</p>",
  "disposition": "Hostile",
  "habitat": "Ruins",
  "initiative": "15",
  "intellect": "High",
  "language": "Trade Common, Barbaric, Draconic, Arcana",
  "lootsNum": 4,
  "monsterName": "Chimera",
  "mndResist": "12",
  "vitResist": "11",
  "lv": "9",
  "parts": "5 (Lion's Head / Goat's Head / Dragon's Head / Body / Wings)",
  "coreParts": "Heads (All)",
  "mobility": "13 (4 Legs)/25 (Flying)",
  "mode": "save",
  "paletteInsertType": "exchange",
  "paletteRemoveTags": "1",
  "paletteTool": "bcdice",
  "paletteUseBuff": "1",
  "paletteUseVar": "1",
  "partsNum": 5,
  "perception": "Five senses (Darkvision)",
  "reputation": "13",
  "reputation+": "20",
  "weakness": "Magic damage +2 points",
  "result": "OK",
  "sheetDescriptionM": "分類:Mythical Beast　知能:High　知覚:Five senses (Darkvision)　反応:Hostile\n言語:Trade Common, Barbaric, Draconic, Arcana　生息地:Ruins\n弱点:Magic damage +2 points\n先制値:15　生命抵抗力:11（18）　精神抵抗力:12（19）",
  "sheetDescriptionS": "分類:Mythical Beast\n弱点:Magic damage +2 points\n先制値:15　生命抵抗力:11（18）　精神抵抗力:12（19）",
  "sin": "0",
  "skills": "<p><strong>⏩△Techniques</strong></p><p>They may use the [Cat's Eyes], [Beetleskin], and [Recovery (5 points)] Techniques.</p><br><br><p><strong>►Spiritualism Magic 7 Level/Magic Power 10 (17)</strong></p><p></p><p><strong>◯🗨►Magic Aptitude</strong></p><p>They can use the Combat Feats [Targeting], [Magic Convergence], [Magic Control], [Universal Metamagic], and [Wordbreak].</p><br><br><p><strong>►Flame Breath/11 (18)/Fortitude/Half</strong></p><p>With \"Range/Area: 2 (50m) / Shot\", it spits fire at \"Target: 1 Character\" and deals 2d+10 Fire magic damage.</p><br><br><p><strong>◯Cursed Poison/11 (18)/Fortitude/Negates</strong></p><p>If the Snake's Bite attack hits and deals at least 1 point of applied damage, the target's Accuracy check will be reduced by -2. This effect is not cumulative.This effect is treated as a Curse type and is permanent. This effect can be removed with a spell such as [Remove Curse], but it is also automatically removed if the Body section of the Chimera that bestowed the curse falls to 0 HP or less.</p><br><br><p><strong>◯Flight</strong></p><p>A Chimera receives a +1 bonus to Accuracy and Evasion only for melee attacks. If Wings falls to 0 HP or lower, this unique skill cannot be used.</p>",
  "status1Accuracy": "11",
  "status1AccuracyFix": 18,
  "status1Damage": "2d+13",
  "status1Defense": "9",
  "status1Evasion": "10",
  "status1EvasionFix": 17,
  "status1Hp": "81",
  "status1Mp": "12",
  "status1Style": "Bite (Lion's Head)",
  "status2Accuracy": "9",
  "status2AccuracyFix": 16,
  "status2Damage": "2d+9",
  "status2Defense": "8",
  "status2Evasion": "10",
  "status2EvasionFix": 17,
  "status2Hp": "68",
  "status2Mp": "60",
  "status2Style": "Horn (Goat's Head)",
  "status3Accuracy": "10",
  "status3AccuracyFix": 17,
  "status3Damage": "2d+11",
  "status3Defense": "10",
  "status3Evasion": "10",
  "status3EvasionFix": 17,
  "status3Hp": "74",
  "status3Mp": "18",
  "status3Style": "Bite (Dragon's Head)",
  "status4Accuracy": "12",
  "status4AccuracyFix": 19,
  "status4Damage": "2d+9",
  "status4Defense": "6",
  "status4Evasion": "11",
  "status4EvasionFix": 18,
  "status4Hp": "87",
  "status4Mp": "12",
  "status4Style": "Snake's Bite (Body)",
  "status5Accuracy": "-",
  "status5AccuracyFix": null,
  "status5Damage": "-",
  "status5Defense": "8",
  "status5Evasion": "9",
  "status5EvasionFix": 16,
  "status5Hp": "59",
  "status5Mp": "12",
  "status5Style": "None (Wings)",
  "statusNum": 5,
  "taxa": "Mythical Beast",
  "type": "m",
  "unitStatus": {
    "Bite (Lion's Head):HP": "81/81",
    "Bite (Lion's Head):MP": "12",
    "Horn (Goat's Head):HP": "68/68",
    "Horn (Goat's Head):MP": "60",
    "Bite (Dragon's Head):HP": "74/74",
    "Bite (Dragon's Head):MP": "18",
    "Snake's Bite (Body):HP": "87/87",
    "Snake's Bite (Body):MP": "12",
    "None (Wings):HP": "59/59",
    "None (Wings):MP": "12"
  },
  "unitExceptStatus": {
    "HP": 5,
    "MP": 5,
    "Defense": 5
  },
  "loots1Num": "Always",
  "loots1Item": "Chimera Horn (500G/Red A)",
  "loots2Num": "Always",
  "loots2Item": "Chimera Fang (500G/Red A)",
  "loots3Num": "2～9",
  "loots3Item": "Chimera Mane (500G/Red A)",
  "loots4Num": "10+",
  "loots4Item": "Golden Chimera Mane (2,900G/Gold Red S)",
  "fortitude": "11",
  "willpower": "12"
}