{
  "description": "<p>This fairy is approximately 30cm tall and resembles a human child wearing a pointy hat. They have a cheerful and friendly demeanor and excel at using a hammer that is larger than their own body length to build and break things.</p><p>They have a fondness for searching for treasures, often found in caves.</p>",
  "disposition": "Friendly",
  "habitat": "Forests, Caves",
  "initiative": "11",
  "intellect": "Average",
  "language": "Sylvan",
  "lootsNum": 0,
  "monsterName": "Cluricaun",
  "mndResist": "7",
  "vitResist": "7",
  "lv": "5",
  "parts": "",
  "coreParts": "",
  "mobility": "14",
  "mode": "save",
  "paletteInsertType": "exchange",
  "paletteRemoveTags": "1",
  "paletteTool": "bcdice",
  "paletteUseBuff": "1",
  "paletteUseVar": "1",
  "partsNum": 1,
  "perception": "Magic",
  "reputation": "12",
  "reputation+": "15",
  "weakness": "Wind type damage +3 points",
  "result": "OK",
  "sheetDescriptionM": "分類:Fairy　知能:Average　知覚:Magic　反応:Friendly\n言語:Sylvan　生息地:Forests, Caves\n弱点:Wind type damage +3 points\n先制値:11　生命抵抗力:7（14）　精神抵抗力:7（14）",
  "sheetDescriptionS": "分類:Fairy\n弱点:Wind type damage +3 points\n先制値:11　生命抵抗力:7（14）　精神抵抗力:7（14）",
  "sin": "0",
  "skills": "<p><strong>◯Type: Earth / Magic Power 7 (14)</strong></p><p></p><p><strong>◯🗨Magic Aptitude</strong></p><p>They can use the Combat Feats [Targeting] and [Metamagic/Targets].</p><p><strong>◯Little One's Luck</strong></p><p>Upon leaving, the summoner and their companions are granted good luck.If present at the end of the combat, all characters in the summoner's faction gain +1 on the 2d Loot Determination roll for 10 minutes (60 rounds).This effect is automatically applied at the end of the battle, but it will not be applied unless the current value of this monster's MP is 15 points or more</p>",
  "status1Accuracy": "7",
  "status1AccuracyFix": 14,
  "status1Damage": "2d+7",
  "status1Defense": "6",
  "status1Evasion": "6",
  "status1EvasionFix": 13,
  "status1Hp": "41",
  "status1Mp": "26",
  "status1Style": "Hammer",
  "statusNum": 1,
  "taxa": "Fairy",
  "type": "m",
  "unitStatus": {
    "Hammer:HP": "41/41",
    "Hammer:MP": "26"
  },
  "unitExceptStatus": {
    "HP": 1,
    "MP": 1,
    "Defense": 1
  },
  "fortitude": "7",
  "willpower": "7"
}