{
  "description": "<p>This large lizard is frequently spotted at the seashore. It is well-suited to saltwater environments and can often be seen swimming in shallow waters. Although it can survive in freshwater, it may also migrate upstream beyond brackish water areas in certain cases. These lizards are carnivorous and will attack anything they encounter, often causing damage to seaside towns and villages.</p>",
  "disposition": "Hungry",
  "habitat": "Seas, Seaside",
  "initiative": "14",
  "intellect": "Animal",
  "language": "None",
  "lootsNum": 2,
  "monsterName": "Coast Lizard",
  "mndResist": "7",
  "vitResist": "9",
  "lv": "6",
  "parts": "",
  "coreParts": "",
  "mobility": "16 (4 Legs) / 20 (Swimming)",
  "mode": "save",
  "paletteInsertType": "exchange",
  "paletteRemoveTags": "1",
  "paletteTool": "bcdice",
  "paletteUseBuff": "1",
  "paletteUseVar": "1",
  "partsNum": 1,
  "perception": "Five senses (Darkvision)",
  "reputation": "13",
  "reputation+": "16",
  "weakness": "Fire damage +3 points",
  "result": "OK",
  "sheetDescriptionM": "分類:Animal　知能:Animal　知覚:Five senses (Darkvision)　反応:Hungry\n言語:None　生息地:Seas, Seaside\n弱点:Fire damage +3 points\n先制値:14　生命抵抗力:9（16）　精神抵抗力:7（14）",
  "sheetDescriptionS": "分類:Animal\n弱点:Fire damage +3 points\n先制値:14　生命抵抗力:9（16）　精神抵抗力:7（14）",
  "sin": "0",
  "skills": "<p><strong>◯Underwater Aptitude</strong></p><p></p>",
  "status1Accuracy": "8",
  "status1AccuracyFix": 15,
  "status1Damage": "2d+9",
  "status1Defense": "6",
  "status1Evasion": "7",
  "status1EvasionFix": 14,
  "status1Hp": "55",
  "status1Mp": "12",
  "status1Style": "Jaw",
  "statusNum": 1,
  "taxa": "Animal",
  "type": "m",
  "unitStatus": {
    "Jaw:HP": "55/55",
    "Jaw:MP": "12"
  },
  "unitExceptStatus": {
    "HP": 1,
    "MP": 1,
    "Defense": 1
  },
  "loots1Num": "2～8",
  "loots1Item": "Crocodile Skin (200G/Red A)",
  "loots2Num": "9+",
  "loots2Item": "Superior Crocodile Skin (600G/Red A)",
  "fortitude": "9",
  "willpower": "7"
}