{
  "description": "<p>Resembling a giant chicken with the legs and tail of a lizard, a Cockatrice is a dangerous beast, able to petrify anyone with its beak. Standing taller than most humanoids, Cockatrices are often hostile to anyone they perceive as threatening them or their nest. However, they absolutely hate Basilisks with every fiber of their being and will break off combat with others to attack one on sight.</p>",
  "disposition": "Hostile",
  "habitat": "Forests, Wilderness",
  "initiative": "15",
  "intellect": "Low",
  "language": "None",
  "lootsNum": 3,
  "monsterName": "Cockatrice",
  "mndResist": "13",
  "vitResist": "13",
  "lv": "10",
  "parts": "",
  "coreParts": "",
  "mobility": "18/18(Flying)",
  "mode": "save",
  "paletteInsertType": "exchange",
  "paletteRemoveTags": "1",
  "paletteTool": "bcdice",
  "paletteUseBuff": "1",
  "paletteUseVar": "1",
  "partsNum": 1,
  "perception": "Five senses (Darkvision)",
  "reputation": "15",
  "reputation+": "20",
  "weakness": "Water/Ice damage + 3 points",
  "result": "OK",
  "sheetDescriptionM": "分類:Mythical Beast　知能:Low　知覚:Five senses (Darkvision)　反応:Hostile\n言語:None　生息地:Forests, Wilderness\n弱点:Water/Ice damage + 3 points\n先制値:15　生命抵抗力:13（20）　精神抵抗力:13（20）",
  "sheetDescriptionS": "分類:Mythical Beast\n弱点:Water/Ice damage + 3 points\n先制値:15　生命抵抗力:13（20）　精神抵抗力:13（20）",
  "sin": "0",
  "skills": "<p><strong>◯Poison Immunity, ◯Disease Immunity, ◯Curse Immunity</strong></p><p></p><p><strong>◯Continuous Attack II</strong></p><p>If a monster successfully hits a target in melee, it may make a second attack. It can make a third attack against the same target if a second attack hits.</p><p><strong>◯Petrifying Beak/11 (18)/Willpower/Negates</strong></p><p>If the Beak attack hits, the target becomes Petrified (Agility-12) (see ML p. 71).This effect is the Curse type.</p><p><strong>⏩△Techniques</strong></p><p>They may use the [Beetleskin], [Meditation], and [Recovery (5 points)] Techniques.</p><p><strong>◯Flight</strong></p><p>A Cockatrice receives a +1 bonus to Accuracy and Evasion only for melee attacks.</p>",
  "status1Accuracy": "13",
  "status1AccuracyFix": 20,
  "status1Damage": "2d+9",
  "status1Defense": "10",
  "status1Evasion": "11",
  "status1EvasionFix": 18,
  "status1Hp": "93",
  "status1Mp": "27",
  "status1Style": "Beak",
  "statusNum": 1,
  "taxa": "Mythical Beast",
  "type": "m",
  "unitStatus": {
    "Beak:HP": "93/93",
    "Beak:MP": "27"
  },
  "unitExceptStatus": {
    "HP": 1,
    "MP": 1,
    "Defense": 1
  },
  "loots1Num": "2～9",
  "loots1Item": "None",
  "loots2Num": "7～12",
  "loots2Item": "Cockatrice Beak (1,000G/Red S)",
  "loots3Num": "13+",
  "loots3Item": "Crimson Beak (3,200G/Red S)",
  "fortitude": "13",
  "willpower": "13"
}