{
  "description": "<p>The monster is a spiral-shaped, thick vine. It moves by leaping and expanding itself like a spring. It usually wraps around the trunks of other large trees and is considered a threat on offense. It can convert its elasticity into striking power.</p>",
  "disposition": "Hostile",
  "habitat": "Forests, Swamps",
  "initiative": "11",
  "intellect": "None",
  "language": "None",
  "lootsNum": 2,
  "monsterName": "Coiled Ivy",
  "mndResist": "5",
  "vitResist": "6",
  "lv": "4",
  "parts": "",
  "coreParts": "",
  "mobility": "10(leap)",
  "mode": "save",
  "paletteInsertType": "exchange",
  "paletteRemoveTags": "1",
  "paletteTool": "bcdice",
  "paletteUseBuff": "1",
  "paletteUseVar": "1",
  "partsNum": 1,
  "perception": "Magic",
  "reputation": "11",
  "reputation+": "14",
  "weakness": "Fire damage +3 points",
  "result": "OK",
  "sheetDescriptionM": "分類:Plant　知能:None　知覚:Magic　反応:Hostile\n言語:None　生息地:Forests, Swamps\n弱点:Fire damage +3 points\n先制値:11　生命抵抗力:6（13）　精神抵抗力:5（12）",
  "sheetDescriptionS": "分類:Plant\n弱点:Fire damage +3 points\n先制値:11　生命抵抗力:6（13）　精神抵抗力:5（12）",
  "sin": "0",
  "skills": "<p><strong>◯Elasticity</strong></p><p>On a successful Evasion check against melee attacks, the Coiled Ivy gains +3 damage points on its next turn. This effect is not cumulative.</p>",
  "status1Accuracy": "6",
  "status1AccuracyFix": 13,
  "status1Damage": "2d+4",
  "status1Defense": "3",
  "status1Evasion": "6",
  "status1EvasionFix": 13,
  "status1Hp": "33",
  "status1Mp": "4",
  "status1Style": "Slam",
  "statusNum": 1,
  "taxa": "Plant",
  "type": "m",
  "unitStatus": {
    "Slam:HP": "33/33",
    "Slam:MP": "4"
  },
  "unitExceptStatus": {
    "HP": 1,
    "MP": 1,
    "Defense": 1
  },
  "loots1Num": "2～6",
  "loots1Item": "None",
  "loots2Num": "7+",
  "loots2Item": "Elastic Vines (120G/Green A)",
  "fortitude": "6",
  "willpower": "5"
}