{
  "description": "<p>This is a subspecies of Medusa that appears to have a body made entirely of translucent ice. Its snake hair has white scales, and it prefers to wear white garments. These creatures inhabit cold regions, such as snowfields and ice-covered caves, and are known as \"Evil Spirits of the Snow\" in some areas.</p>",
  "disposition": "Hostile",
  "habitat": "Cold climates",
  "initiative": "14",
  "intellect": "Average",
  "language": "Barbaric, Youma",
  "lootsNum": 3,
  "monsterName": "Cold Medusa",
  "mndResist": "8",
  "vitResist": "7",
  "lv": "6",
  "parts": "",
  "coreParts": "",
  "mobility": "14/-",
  "mode": "save",
  "paletteInsertType": "exchange",
  "paletteRemoveTags": "1",
  "paletteTool": "bcdice",
  "paletteUseBuff": "1",
  "paletteUseVar": "1",
  "partsNum": 1,
  "perception": "Five Senses (Darkvision)",
  "reputation": "14",
  "reputation+": "16",
  "weakness": "Fire Damage +3",
  "result": "OK",
  "sheetDescriptionM": "分類:Barbarous　知能:Average　知覚:Five Senses (Darkvision)　反応:Hostile\n言語:Barbaric, Youma　生息地:Cold climates\n弱点:Fire Damage +3\n先制値:14　生命抵抗力:7（14）　精神抵抗力:8（15）",
  "sheetDescriptionS": "分類:Barbarous\n弱点:Fire Damage +3\n先制値:14　生命抵抗力:7（14）　精神抵抗力:8（15）",
  "sin": "3",
  "skills": "<p><strong>◯Water/Ice Immunity</strong></p><p></p><p><strong>◯Fire Vulnerability</strong></p><p>When the Cold Medusa is hit by Fire-type damage, it takes an extra 3 damage.</p><p><strong>◯Melting Fangs</strong></p><p>If the target receives 1 or more points of applied damage of Fire type, it loses the ability of [◯Freezing Fang] for the following 10 seconds (1 round).</p><p><strong>►Simultaneous Attack</strong></p><p>A Cold Medusa's Snake Hair attacks all characters in the same position.</p><p><strong>◯Freezing Fang/7 (14)/Fortitude/Neg</strong></p><p>If a Snake Hair attack hits, the victim is petrified (Dexterity/Agility –12).Characters whose stats are reduced by 0 due to this effect (or, if the character has monster data, receives this effect 3 times), become ice statues. The ice sculpture will melt in 48 hours at room temperature, in 12 hours in heat equivalent to a bonfire, or 24 hours in heat equivalent to a torch. If the character melts, they will die and their corpse will be permanently destroyed.The effect is Curse + Water/Ice type. Even after becoming an ice statue, a character can survive as long as the curse is removed. However, normal methods of removing petrification are ineffective.</p><p><strong>◯Delicate Loot</strong></p><p>If the Cold Medusa is slain while [◯Melting Fangs] is active, the Loot \"Frozen Fang\" cannot be gained.</p>",
  "status1Accuracy": "8",
  "status1AccuracyFix": 15,
  "status1Damage": "2d+7",
  "status1Defense": "5",
  "status1Evasion": "7",
  "status1EvasionFix": 14,
  "status1Hp": "48",
  "status1Mp": "22",
  "status1Style": "Snake Hair",
  "statusNum": 1,
  "taxa": "Barbarous",
  "type": "m",
  "unitStatus": {
    "Snake Hair:HP": "48/48",
    "Snake Hair:MP": "22"
  },
  "unitExceptStatus": {
    "HP": 1,
    "MP": 1,
    "Defense": 1
  },
  "loots1Num": "2～5",
  "loots1Item": "Frozen Fang (330G/Gold Red A)",
  "loots2Num": "6～9",
  "loots2Item": "Frozen Fang (330G/Gold Red A) x 2",
  "loots3Num": "10+",
  "loots3Item": "Frozen Fang (330G/Gold Red A) x 1d",
  "fortitude": "7",
  "willpower": "8"
}