{
  "description": "<p>The souls of warriors who died without redemption have merged and become Undead. The corpses of the warriors can move and wield weapons, but their bodies are anchored in the mysterious light they carry, which connects each warrior seamlessly.</p><p>They have lost most of their sense of self, but they can still communicate. They harbor a deep hatred of the living and are willing to fight as slaves if they are promised to kill the living. However, if they feel that promises are not kept, and their desire to kill is not fulfilled, they immediately begin to rebel.</p>",
  "disposition": "Hostile",
  "habitat": "Ruins, Battlefields",
  "initiative": "12",
  "intellect": "Low",
  "language": "Trade Common, Regional Dialect",
  "lootsNum": 3,
  "monsterName": "Corpse Mass",
  "mndResist": "10",
  "vitResist": "11",
  "lv": "8",
  "parts": "4+ (Colored Light / Corpse x 3+",
  "coreParts": "Colored Light",
  "mobility": "15 (Many Legs)",
  "mode": "save",
  "paletteInsertType": "exchange",
  "paletteRemoveTags": "1",
  "paletteTool": "bcdice",
  "paletteUseBuff": "1",
  "paletteUseVar": "1",
  "partsNum": 2,
  "perception": "Magic",
  "reputation": "13",
  "reputation+": "16",
  "weakness": "HP Recovery (deals damage instead), +3 points",
  "result": "OK",
  "sheetDescriptionM": "分類:Undead　知能:Low　知覚:Magic　反応:Hostile\n言語:Trade Common, Regional Dialect　生息地:Ruins, Battlefields\n弱点:HP Recovery (deals damage instead), +3 points\n先制値:12　生命抵抗力:11（18）　精神抵抗力:10（17）",
  "sheetDescriptionS": "分類:Undead\n弱点:HP Recovery (deals damage instead), +3 points\n先制値:12　生命抵抗力:11（18）　精神抵抗力:10（17）",
  "sin": "0",
  "skills": "<p><strong>◯Cursed Light</strong></p><p>A character who makes a melee attack against this monster, regardless of success or failure, suffers 3 curse fixed damage for each attempt.</p><p><strong>◯Poison Immunity, ◯Disease Immunity, ◯Psychic Type (Weak) Immunity</strong></p><p></p><p><strong>◯Unstable Healing</strong></p><p>Healing effects such as Divine Magic and items like Unicorn's Horn will damage Undead instead.Magitech, Fairy Magic, Nature Magic, etc. healing has no effect on the Undead.Spiritualism Magic and a few other healing effects can restore an Undead's HP.</p><br><br><p><strong>◯Normal Weapon Immunity</strong></p><p></p><p><strong>◯HP Sharing</strong></p><p>Whenever this section receives damage to HP, half of the applied damage (rounded up) is allocated as fixed damage to any Corpse section so that the section itself receives only the rest of the damage. The damage cannot be allocated to a Corpse section whose HP is already 0 or less, but it is acceptable if the HP of the Corpse section becomes 0 or less as a result of the allocation.</p><p><strong>►Raise Dead</strong></p><p>Resurrects one Corpse section whose HP is 0 or less, with the maximum HP.Using this ability consumes 20 points of MP of the Colored Light section.</p><br><br><p><strong>◯Coordinated Attack</strong></p><p>If an attack on a Corpse section is evaded, the other Corpse section's attacks on that target gain a +1 to the Accuracy check against that target. This modifier is accumulated for each evaded attack. However, once any Corpse section attack hits or the monster's turn is ended, it is lost.</p>",
  "status1Accuracy": "-",
  "status1AccuracyFix": null,
  "status1Damage": "-",
  "status1Defense": "8",
  "status1Evasion": "11",
  "status1EvasionFix": 18,
  "status1Hp": "71",
  "status1Mp": "52",
  "status1Style": "None (Colored Light)",
  "status2Accuracy": "10",
  "status2AccuracyFix": 17,
  "status2Damage": "2d+10",
  "status2Defense": "7",
  "status2Evasion": "10",
  "status2EvasionFix": 17,
  "status2Hp": "63",
  "status2Mp": "11",
  "status2Style": "Weapon (Corpse x 3+)",
  "statusNum": 2,
  "taxa": "Undead",
  "type": "m",
  "unitStatus": {
    "None (Colored Light):HP": "71/71",
    "None (Colored Light):MP": "52",
    "Weapon (Corpse x 3+):HP": "63/63",
    "Weapon (Corpse x 3+):MP": "11"
  },
  "unitExceptStatus": {
    "HP": 2,
    "MP": 2,
    "Defense": 2
  },
  "loots1Num": "Always",
  "loots1Item": "Crystal Tears of Resentment (500G/White A)",
  "loots2Num": "2～6",
  "loots2Item": "Dirty Weapons (300G/Black White A)",
  "loots3Num": "7+",
  "loots3Item": "Engraved Weapon (600G/Black White A)",
  "fortitude": "11",
  "willpower": "10"
}