{
  "description": "<p>Cotton Crowns are very similar to Pamana Bees, with the only difference being the presence of white cotton wool on their heads. This cotton wool is actually a parasitic fungus that infects the Pamana Bee.</p><p>When parasitized, Pamana Bees become aggressive and start feeding on meat to gather more nutrients. Even  the normally docile worker bees, except for the Nest Guards, begin to attack other creatures indiscriminately.</p><p>Parasitized bees often become solitary and rarely return to the nest. However, in some cases, they do return and contaminate the entire hive. This leads to the production of a large number of Cotton Crowns, which aggressively consume and destroy the surrounding ecosystem.</p><p>Fortunately, the range of the Cotton Crown is limited to less than one kilometer in radius, compared to the original Pamana Bee. In addition, as the fungus-infested Queens lose their ability to lay eggs, the number of infected hives gradually decreases over time.</p><p>The mycelium of this fungus is prized as a material for \"Cotton Crown Cushions\" (see <em>Natural History of Burlight</em> p. 42). Some people even risk their lives to venture into the prairie in search of Cotton Crowns, often accompanied by the search for Pamana Bee nests.</p>",
  "disposition": "Hostile",
  "habitat": "Grasslands",
  "initiative": "12",
  "intellect": "Animal",
  "language": "None",
  "lootsNum": 3,
  "monsterName": "Cotton Crown",
  "mndResist": "5",
  "vitResist": "5",
  "lv": "4",
  "parts": "",
  "coreParts": "",
  "mobility": "-/20 (Flying)",
  "mode": "save",
  "paletteInsertType": "exchange",
  "paletteRemoveTags": "1",
  "paletteTool": "bcdice",
  "paletteUseBuff": "1",
  "paletteUseVar": "1",
  "partsNum": 1,
  "perception": "Five senses",
  "reputation": "10",
  "reputation+": "12",
  "weakness": "Accuracy +1",
  "result": "OK",
  "sheetDescriptionM": "分類:Animal　知能:Animal　知覚:Five senses　反応:Hostile\n言語:None　生息地:Grasslands\n弱点:Accuracy +1\n先制値:12　生命抵抗力:5（12）　精神抵抗力:5（12）",
  "sheetDescriptionS": "分類:Animal\n弱点:Accuracy +1\n先制値:12　生命抵抗力:5（12）　精神抵抗力:5（12）",
  "sin": "0",
  "skills": "<p><strong>◯Fire Vulnerability</strong></p><p>When the Cotton Crown is hit by Fire-type damage, it takes an extra 3 points of damage.</p><p><strong>◯Flight</strong></p><p>A Cotton Crown receives a +1 bonus to Accuracy and Evasion only for melee attacks.</p><p><strong>◯Poison / 6 (13) / Fortitude / Negates</strong></p><p>If a Poison Stinger attack hits and deals 1 or more points of applied damage, the target is dealt an additional 8 Poison magic damage.</p><p><strong>◯Disease Spores / 5 (12) / Fortitude / Negates</strong></p><p>Whenever this monster receives more than 1 point of applied damage to HP, except Fire type, it sprays spores that cause disease within \"Range: Caster\" and \"Target: 1 area (3m radius) / All\". All targets must perform Fortitude Checks immediately. If failed, the target's maximum and current values of HP and MP are both reduced by 3 points (not less than 0). This effect is cumulative, and a character whose maximum HP falls to 0 will die immediately without making a Death Check.This effect is treated as Disease type and does not heal on its own. When curing with the [Cure Disease] spell, the spell's Success Value must be compared to the initial attack score.</p><p><strong>◯Delicate Loot</strong></p><p>If Fire-type damage is dealt to this monster at least once, the roll of 2d for Loot Determination is reduced by 2.</p>",
  "status1Accuracy": "6",
  "status1AccuracyFix": 13,
  "status1Damage": "2d",
  "status1Defense": "2",
  "status1Evasion": "5",
  "status1EvasionFix": 12,
  "status1Hp": "28",
  "status1Mp": "12",
  "status1Style": "Poison Stinger",
  "statusNum": 1,
  "taxa": "Animal",
  "type": "m",
  "unitStatus": {
    "Poison Stinger:HP": "28/28",
    "Poison Stinger:MP": "12"
  },
  "unitExceptStatus": {
    "HP": 1,
    "MP": 1,
    "Defense": 1
  },
  "loots1Num": "Always",
  "loots1Item": "Thin Wings (120G/Red A)",
  "loots2Num": "2～6",
  "loots2Item": "None",
  "loots3Num": "7+",
  "loots3Item": "White Mycelium (300G/Green A)",
  "fortitude": "5",
  "willpower": "5"
}