{
  "description": "<p>These giant bears appear in forests and low mountains. They are known to be fierce and dangerous. They are especially dangerous in the fall before hibernation. Still, suppose they fail to hibernate and are active during the winter. In that case, they can be so dangerous that adventurers must be immediately dispatched to their habitat area.</p>",
  "disposition": "Hungry",
  "habitat": "Forests, Mountain",
  "initiative": "16",
  "intellect": "Animal",
  "language": "None",
  "lootsNum": 3,
  "monsterName": "Crash Bear",
  "mndResist": "9",
  "vitResist": "2",
  "lv": "8",
  "parts": "",
  "coreParts": "",
  "mobility": "20 (4 Legs)",
  "mode": "save",
  "paletteInsertType": "exchange",
  "paletteRemoveTags": "1",
  "paletteTool": "bcdice",
  "paletteUseBuff": "1",
  "paletteUseVar": "1",
  "partsNum": 1,
  "perception": "Five senses",
  "reputation": "15",
  "reputation+": "18",
  "weakness": "Magic damage +2 points",
  "result": "OK",
  "sheetDescriptionM": "分類:Animal　知能:Animal　知覚:Five senses　反応:Hungry\n言語:None　生息地:Forests, Mountain\n弱点:Magic damage +2 points\n先制値:16　生命抵抗力:2（9）　精神抵抗力:9（16）",
  "sheetDescriptionS": "分類:Animal\n弱点:Magic damage +2 points\n先制値:16　生命抵抗力:2（9）　精神抵抗力:9（16）",
  "sin": "0",
  "skills": "<p><strong>◯2 Actions</strong></p><p>Can perform two Major Actions in one round.</p><p><strong>◯Throw</strong></p><p>If the Claws attack hits, it slams the target into the ground and causes it to fall prone.</p><p><strong>►Fall On/Can't</strong></p><p>This ability can only be used if the target is character prone.The target receives 2d+18 physical damage.</p>",
  "status1Accuracy": "12",
  "status1AccuracyFix": 19,
  "status1Damage": "2d+13",
  "status1Defense": "9",
  "status1Evasion": "10",
  "status1EvasionFix": 17,
  "status1Hp": "70",
  "status1Mp": "22",
  "status1Style": "Claws",
  "statusNum": 1,
  "taxa": "Animal",
  "type": "m",
  "unitStatus": {
    "Claws:HP": "70/70",
    "Claws:MP": "22"
  },
  "unitExceptStatus": {
    "HP": 1,
    "MP": 1,
    "Defense": 1
  },
  "loots1Num": "Always",
  "loots1Item": "Glossy Fur (150G/Gold Red A)",
  "loots2Num": "2～10",
  "loots2Item": "Bear Paws (300G/Red A)",
  "loots3Num": "11+",
  "loots3Item": "Aromatic Bear Paws (1,200G/Red S)",
  "fortitude": "2",
  "willpower": "9"
}