{
  "description": "<p>This Construct is similar to a small pile of gold coins; about 20 gold coins make up one Creeping Coin. If any of them is unintentionally approached, it will jump up and spit fire. There is no end to the number of new adventurers who are burned to death by what they believed were large gold coins. Rarely, real gold coins are mixed in.</p>",
  "disposition": "Hostile",
  "habitat": "Ruins",
  "initiative": "9",
  "intellect": "None",
  "language": "None",
  "lootsNum": 2,
  "monsterName": "Creeping Coin",
  "mndResist": "2",
  "vitResist": "2",
  "lv": "2",
  "parts": "",
  "coreParts": "",
  "mobility": "-/10 (Flying)",
  "mode": "save",
  "paletteInsertType": "exchange",
  "paletteRemoveTags": "1",
  "paletteTool": "bcdice",
  "paletteUseBuff": "1",
  "paletteUseVar": "1",
  "partsNum": 1,
  "perception": "Magic",
  "reputation": "10",
  "reputation+": "13",
  "weakness": "Magic damage +2 points",
  "result": "OK",
  "sheetDescriptionM": "分類:Construct　知能:None　知覚:Magic　反応:Hostile\n言語:None　生息地:Ruins\n弱点:Magic damage +2 points\n先制値:9　生命抵抗力:2（9）　精神抵抗力:2（9）",
  "sheetDescriptionS": "分類:Construct\n弱点:Magic damage +2 points\n先制値:9　生命抵抗力:2（9）　精神抵抗力:2（9）",
  "sin": "0",
  "skills": "<p><strong>◯Mimicry / 12 / Danger Sense / Negates</strong></p><p>It disguises itself as gold coins. While it is mimicking, characters cannot perform a Monster Knowledge check on this monster. If a character approaches it unintentionally, they need to make a Danger check with Target Number 12, and if it fails, they will be surprised. Mimicry will automatically end once the monster starts to act.</p><p><strong>►Flame Breath  / 3 (10) / Fortitude / Half</strong></p><p>Within “Range / Area:1 (5m) / Shot,\" spits fire at \"Target: 1 Character\", dealing \"2d+2\" Fire-type magic damage.</p><p><strong>◯Poison Immunity, ◯Disease Immunity, ◯Psychic Type Immunity</strong></p><p></p><p><strong>◯Limited Healing</strong></p><p>Effects which can heal Construct HP are very limited, and mostly come from Spiritualism Magic and some special items.Healing effects such as Divine Magic, Fairy Magic, and Nature Magic cannot restore a Construct's HP.</p><p><strong>◯Can Be Detected</strong></p><p>Constructs can be detected with the [Sense Magic] spell and similar effects.</p>",
  "status1Accuracy": "3",
  "status1AccuracyFix": 10,
  "status1Damage": "2d-1",
  "status1Defense": "2",
  "status1Evasion": "2",
  "status1EvasionFix": 9,
  "status1Hp": "16",
  "status1Mp": "-",
  "status1Style": "Slam",
  "statusNum": 1,
  "taxa": "Construct",
  "type": "m",
  "unitStatus": {
    "Slam:HP": "16/16",
    "Slam:MP": "-"
  },
  "unitExceptStatus": {
    "HP": 1,
    "MP": 1,
    "Defense": 1
  },
  "loots1Num": "2～9",
  "loots1Item": "None",
  "loots2Num": "10+",
  "loots2Item": "Old Gold Coin (100G/Gold A)",
  "fortitude": "2",
  "willpower": "2"
}