{
  "description": "<p>This maggot is a larva that has grown to about 1m to 1m 50cm in length without becoming an adult. They are reddish-black in color and move with surprising agility.</p><p>It has a symbiotic relationship with Fossil Chrysalis  and preys on small animals that approach it.</p><p>In times of crisis, they tend to eat the allies around them, enhancing their abilities.</p>",
  "disposition": "Hostile",
  "habitat": "Ruins",
  "initiative": "12",
  "intellect": "None",
  "language": "None",
  "lootsNum": 2,
  "monsterName": "Crimson Maggot",
  "mndResist": "8",
  "vitResist": "9",
  "lv": "6",
  "parts": "",
  "coreParts": "",
  "mobility": "10(Crawling)",
  "mode": "save",
  "paletteInsertType": "exchange",
  "paletteRemoveTags": "1",
  "paletteTool": "bcdice",
  "paletteUseBuff": "1",
  "paletteUseVar": "1",
  "partsNum": 1,
  "perception": "Five senses (Darkvision)",
  "reputation": "13",
  "reputation+": "16",
  "weakness": "Water/Ice damage + 3 points",
  "result": "OK",
  "sheetDescriptionM": "分類:Animal　知能:None　知覚:Five senses (Darkvision)　反応:Hostile\n言語:None　生息地:Ruins\n弱点:Water/Ice damage + 3 points\n先制値:12　生命抵抗力:9（16）　精神抵抗力:8（15）",
  "sheetDescriptionS": "分類:Animal\n弱点:Water/Ice damage + 3 points\n先制値:12　生命抵抗力:9（16）　精神抵抗力:8（15）",
  "sin": "0",
  "skills": "<p><strong>◯Fire Immunity, ◯Psychic Immunity</strong></p><p></p><p><strong>◯Bloodsucking</strong></p><p>If a Bite attack hits, the monster's HP is restored by a value equal to the applied damage.</p><p><strong>►Cannibalism</strong></p><p>Within \"Range: Touch,\" this monster preys on other Crimson Maggots with \"Target: 1 Character\".The target dies immediately. At the same time, the monster's HP is restored to its maximum value.For the next 3 minutes (18 rounds), the Crimson Maggot using this effect, gains a +1 bonus to Accuracy checks and +2 points to damage. This effect is cumulative up to 4 times (Accuracy check +4, damage +8).</p><p><strong>◯Splashing Bodily Fluids/Can't</strong></p><p>If this monster dies (including when it is targeted by [►Cannibalism]), it sprays hot bodily fluids to \"Target: 1 area (3m Radius) / 5\" at \"Range: Caster\" and deals 1d Fire magic damage.</p>",
  "status1Accuracy": "9",
  "status1AccuracyFix": 16,
  "status1Damage": "2d+11",
  "status1Defense": "5",
  "status1Evasion": "8",
  "status1EvasionFix": 15,
  "status1Hp": "51",
  "status1Mp": "14",
  "status1Style": "Bite",
  "statusNum": 1,
  "taxa": "Animal",
  "type": "m",
  "unitStatus": {
    "Bite:HP": "51/51",
    "Bite:MP": "14"
  },
  "unitExceptStatus": {
    "HP": 1,
    "MP": 1,
    "Defense": 1
  },
  "loots1Num": "2～8",
  "loots1Item": "Reddish Black Body Fluid (70G/Red B)",
  "loots2Num": "9+",
  "loots2Item": "Red Body Fluid (550G/Gold Red A)",
  "fortitude": "9",
  "willpower": "8"
}