{
  "description": "<p>Crocodiles inhabit murky waters near rivers and swamps where they can hide from prey. Their speed while in water is incredible, and their jaws will crush any game caught within. Once dragged underwater, there is no escape.</p><p>It is said that Superior Crocodile Skins can be used for a number of goods, such as luxury bags and wallets.</p>",
  "disposition": "Hungry",
  "habitat": "Rivers, Swamps",
  "initiative": "11",
  "intellect": "Animal",
  "language": "None",
  "lootsNum": 3,
  "monsterName": "Crocodile",
  "mndResist": "6",
  "vitResist": "8",
  "lv": "5",
  "parts": "",
  "coreParts": "",
  "mobility": "12 (4 Legs)/20(Swimming)",
  "mode": "save",
  "paletteInsertType": "exchange",
  "paletteRemoveTags": "1",
  "paletteTool": "bcdice",
  "paletteUseBuff": "1",
  "paletteUseVar": "1",
  "partsNum": 1,
  "perception": "Five senses",
  "reputation": "12",
  "reputation+": "15",
  "weakness": "Magic damage +2 points",
  "result": "OK",
  "sheetDescriptionM": "分類:Animal　知能:Animal　知覚:Five senses　反応:Hungry\n言語:None　生息地:Rivers, Swamps\n弱点:Magic damage +2 points\n先制値:11　生命抵抗力:8（15）　精神抵抗力:6（13）",
  "sheetDescriptionS": "分類:Animal\n弱点:Magic damage +2 points\n先制値:11　生命抵抗力:8（15）　精神抵抗力:6（13）",
  "sin": "0",
  "skills": "<p><strong>◯Underwater Aptitude</strong></p><p></p>",
  "status1Accuracy": "7",
  "status1AccuracyFix": 14,
  "status1Damage": "2d+8",
  "status1Defense": "6",
  "status1Evasion": "6",
  "status1EvasionFix": 13,
  "status1Hp": "44",
  "status1Mp": "11",
  "status1Style": "Jaws",
  "statusNum": 1,
  "taxa": "Animal",
  "type": "m",
  "unitStatus": {
    "Jaws:HP": "44/44",
    "Jaws:MP": "11"
  },
  "unitExceptStatus": {
    "HP": 1,
    "MP": 1,
    "Defense": 1
  },
  "loots1Num": "2～8",
  "loots1Item": "None",
  "loots2Num": "9～11",
  "loots2Item": "Crocodile Skin (200G/Red A)",
  "loots3Num": "12+",
  "loots3Item": "Superior Crocodile Skin (600G/Red A)",
  "fortitude": "8",
  "willpower": "6"
}