{
  "description": "<p>This Barbarous, commonly found in the Diggad Mountains, is approximately the size of a Human and has transparent ice needles covering its body surface, similar to porcupines. As their appearance suggests, these Barbarous are well-suited to cold environments and have established their strongholds in frozen barren lands. They intermittently attack Humanoid settlements.</p><p>The \"Ice Needles\" that adorn their bodies serve as the material for Head Cooling Needles.</p>",
  "disposition": "Hostile",
  "habitat": "Cold Regions",
  "initiative": "9",
  "intellect": "Average",
  "language": "Barbaric, Youma",
  "lootsNum": 2,
  "monsterName": "Cryoblaz",
  "mndResist": "2",
  "vitResist": "3",
  "lv": "2",
  "parts": "",
  "coreParts": "",
  "mobility": "13",
  "mode": "save",
  "paletteInsertType": "exchange",
  "paletteRemoveTags": "1",
  "paletteTool": "bcdice",
  "paletteUseBuff": "1",
  "paletteUseVar": "1",
  "partsNum": 1,
  "perception": "Five senses (Darkvision)",
  "reputation": "9",
  "reputation+": "11",
  "weakness": "Fire damage +3 points",
  "result": "OK",
  "sheetDescriptionM": "分類:Barbarous　知能:Average　知覚:Five senses (Darkvision)　反応:Hostile\n言語:Barbaric, Youma　生息地:Cold Regions\n弱点:Fire damage +3 points\n先制値:9　生命抵抗力:3（10）　精神抵抗力:2（9）",
  "sheetDescriptionS": "分類:Barbarous\n弱点:Fire damage +3 points\n先制値:9　生命抵抗力:3（10）　精神抵抗力:2（9）",
  "sin": "2",
  "skills": "<p><strong>◯Water/Ice Immunity</strong></p><p></p><p><strong>⏩Freezing Stance</strong></p><p>This effect lasts for 10 seconds (1 round), does not accumulate, and consumes 3 MP when used.Damage caused by a Weapon attack becomes Water/Ice type and increases by +2. If the Cryoblaz is hit by a melee attack, the attacker will be dealt an additional 1 point of Water/Ice fixed damage for the duration, regardless of the success or failure of the melee attack.This effect ends immediately after the Cryoblaz receives 1 or more points of Fire-type applied damage without waiting 10 seconds (1 round). If it is caused by a melee attack, the effect disappears first, and the attacker will not be dealt fixed damage.</p><p><strong>◯Delicate Loot</strong></p><p>If Fire-type damage is dealt to this monster at any time during combat, the roll of 2d for Loot Determination is reduced by 2. This effect is not cumulative.</p>",
  "status1Accuracy": "3",
  "status1AccuracyFix": 10,
  "status1Damage": "2d+2",
  "status1Defense": "5",
  "status1Evasion": "3",
  "status1EvasionFix": 10,
  "status1Hp": "20",
  "status1Mp": "9",
  "status1Style": "Weapon",
  "statusNum": 1,
  "taxa": "Barbarous",
  "type": "m",
  "unitStatus": {
    "Weapon:HP": "20/20",
    "Weapon:MP": "9"
  },
  "unitExceptStatus": {
    "HP": 1,
    "MP": 1,
    "Defense": 1
  },
  "loots1Num": "8 or less",
  "loots1Item": "None",
  "loots2Num": "9+",
  "loots2Item": "Ice Needle (150G/Gold A)",
  "fortitude": "3",
  "willpower": "2"
}