{
  "description": "<p>This is a leader of the Cryoblaz, appearing in large raids. They are not the type to lead from the rear but prefer to take the lead in destroying the enemy.</p>",
  "disposition": "Hostile",
  "habitat": "Cold Regions",
  "initiative": "13",
  "intellect": "Average",
  "language": "Barbaric, Youma",
  "lootsNum": 3,
  "monsterName": "Cryodicobraz",
  "mndResist": "7",
  "vitResist": "8",
  "lv": "6",
  "parts": "",
  "coreParts": "",
  "mobility": "15",
  "mode": "save",
  "paletteInsertType": "exchange",
  "paletteRemoveTags": "1",
  "paletteTool": "bcdice",
  "paletteUseBuff": "1",
  "paletteUseVar": "1",
  "partsNum": 1,
  "perception": "Five senses (Darkvision)",
  "reputation": "13",
  "reputation+": "15",
  "weakness": "Fire damage +3 points",
  "result": "OK",
  "sheetDescriptionM": "分類:Barbarous　知能:Average　知覚:Five senses (Darkvision)　反応:Hostile\n言語:Barbaric, Youma　生息地:Cold Regions\n弱点:Fire damage +3 points\n先制値:13　生命抵抗力:8（15）　精神抵抗力:7（14）",
  "sheetDescriptionS": "分類:Barbarous\n弱点:Fire damage +3 points\n先制値:13　生命抵抗力:8（15）　精神抵抗力:7（14）",
  "sin": "4",
  "skills": "<p><strong>◯Water/Ice Immunity</strong></p><p></p><p><strong>►Twin Strike & Double Attack</strong></p><p>It can make two Weapon attacks each round, though each attack requires its own Accuracy check. They may choose to attack different characters with each attack.</p><p><strong>⏩Freezing Stance II</strong></p><p>This effect lasts for 10 seconds (1 round), does not accumulate, and consumes 5 MP when used.Damage caused by weapon attack becomes Water/Ice type and increases by +2. If a Cryodicobraz is hit by a melee attack, the attacker will be dealt an additional 2 Water/Ice fixed damage regardless of the success or failure of the melee attack.This effect ends immediately after the Cryodicobraz receives 1 or more points of Fire-type applied damage without waiting 10 seconds (1 round). If it is caused by a melee attack, the effect disappears first, and the attacker will not be dealt fixed damage.</p><p><strong>◯Delicate Loot</strong></p><p>If Fire-type damage is dealt to this monster at any time during combat, the roll of 2d for Loot Determination is reduced by 2. This effect is not cumulative.</p>",
  "status1Accuracy": "8",
  "status1AccuracyFix": 15,
  "status1Damage": "2d+6",
  "status1Defense": "7",
  "status1Evasion": "7",
  "status1EvasionFix": 14,
  "status1Hp": "49",
  "status1Mp": "19",
  "status1Style": "Weapon",
  "statusNum": 1,
  "taxa": "Barbarous",
  "type": "m",
  "unitStatus": {
    "Weapon:HP": "49/49",
    "Weapon:MP": "19"
  },
  "unitExceptStatus": {
    "HP": 1,
    "MP": 1,
    "Defense": 1
  },
  "loots1Num": "4 or less",
  "loots1Item": "None",
  "loots2Num": "5～9",
  "loots2Item": "Ice Needle (150G/Gold A)",
  "loots3Num": "10+",
  "loots3Item": "Glacial Needle (600G/Gold A)",
  "fortitude": "8",
  "willpower": "7"
}