{
  "description": "<p>This is a Cryoblaz with high combat power. They are the core of any raiding party.</p>",
  "disposition": "Hostile",
  "habitat": "Cold Regions",
  "initiative": "11",
  "intellect": "Average",
  "language": "Barbaric, Youma",
  "lootsNum": 3,
  "monsterName": "Cryodibraz",
  "mndResist": "5",
  "vitResist": "6",
  "lv": "4",
  "parts": "",
  "coreParts": "",
  "mobility": "14",
  "mode": "save",
  "paletteInsertType": "exchange",
  "paletteRemoveTags": "1",
  "paletteTool": "bcdice",
  "paletteUseBuff": "1",
  "paletteUseVar": "1",
  "partsNum": 1,
  "perception": "Five senses (Darkvision)",
  "reputation": "11",
  "reputation+": "13",
  "weakness": "Fire damage +3 points",
  "result": "OK",
  "sheetDescriptionM": "分類:Barbarous　知能:Average　知覚:Five senses (Darkvision)　反応:Hostile\n言語:Barbaric, Youma　生息地:Cold Regions\n弱点:Fire damage +3 points\n先制値:11　生命抵抗力:6（13）　精神抵抗力:5（12）",
  "sheetDescriptionS": "分類:Barbarous\n弱点:Fire damage +3 points\n先制値:11　生命抵抗力:6（13）　精神抵抗力:5（12）",
  "sin": "3",
  "skills": "<p><strong>◯Water/Ice Immunity</strong></p><p></p><p><strong>⏩Freezing Stance</strong></p><p>This effect lasts for 10 seconds (1 round), does not accumulate, and consumes 3 MP when used.Damage caused by a Weapon attack becomes Water/Ice type and increases by +2. If the Cryodibraz is hit by a melee attack, the attacker will be dealt an additional 1 point of Water/Ice fixed damage for the duration, regardless of the success or failure of the melee attack.This effect ends immediately after the Cryoblaz receives 1 or more points of Fire-type applied damage without waiting 10 seconds (1 round). If it is caused by a melee attack, the effect disappears first, and the attacker will not be dealt fixed damage.</p><p><strong>◯Delicate Loot</strong></p><p>If Fire-type damage is dealt to this monster at any time during combat, the roll of 2d for Loot Determination is reduced by 2. This effect is not cumulative.</p>",
  "status1Accuracy": "6",
  "status1AccuracyFix": 13,
  "status1Damage": "2d+4",
  "status1Defense": "6",
  "status1Evasion": "5",
  "status1EvasionFix": 12,
  "status1Hp": "30",
  "status1Mp": "11",
  "status1Style": "Weapon",
  "statusNum": 1,
  "taxa": "Barbarous",
  "type": "m",
  "unitStatus": {
    "Weapon:HP": "30/30",
    "Weapon:MP": "11"
  },
  "unitExceptStatus": {
    "HP": 1,
    "MP": 1,
    "Defense": 1
  },
  "loots1Num": "7 or less",
  "loots1Item": "None",
  "loots2Num": "8～11",
  "loots2Item": "Ice Needle (150G/Gold A)",
  "loots3Num": "12+",
  "loots3Item": "Glacial Needle (600G/Gold A)",
  "fortitude": "6",
  "willpower": "5"
}