{
  "description": "<p>Cu Sith are fairies in the form of large dogs, covered with long green fur, and are said to act as guard dogs for the fairies, often appearing with other fairies or guarding the entrances to their hiding places.</p><p>Because of this role, they are very paranoid about visitors. When they perceive you as an enemy, they will attack you mercilessly.</p>",
  "disposition": "Neutral",
  "habitat": "Secluded Regions",
  "initiative": "16",
  "intellect": "Average",
  "language": "Sylvan",
  "lootsNum": 0,
  "monsterName": "Cu Sith",
  "mndResist": "11",
  "vitResist": "12",
  "lv": "9",
  "parts": "",
  "coreParts": "",
  "mobility": "22 (4 Legs)",
  "mode": "save",
  "paletteInsertType": "exchange",
  "paletteRemoveTags": "1",
  "paletteTool": "bcdice",
  "paletteUseBuff": "1",
  "paletteUseVar": "1",
  "partsNum": 1,
  "perception": "Five senses",
  "reputation": "11",
  "reputation+": "20",
  "weakness": "Accuracy +1",
  "result": "OK",
  "sheetDescriptionM": "分類:Fairy　知能:Average　知覚:Five senses　反応:Neutral\n言語:Sylvan　生息地:Secluded Regions\n弱点:Accuracy +1\n先制値:16　生命抵抗力:12（19）　精神抵抗力:11（18）",
  "sheetDescriptionS": "分類:Fairy\n弱点:Accuracy +1\n先制値:16　生命抵抗力:12（19）　精神抵抗力:11（18）",
  "sin": "0",
  "skills": "<p><strong>◯Olden/Type: Light & Dark/Magic Power 10 (17)</strong></p><p></p><p><strong>🗨Magic Aptitude</strong></p><p>They can use the Combat Feat [Multi-Action] and [Metamagic/Targets].</p><p><strong>⏩Terror Roar/12 (19)/Willpower/Negates</strong></p><p>It roars in \"Range: Caster.\" A character who is within \"Target: All Areas (20m Radius) / All\" a 20-meter radius and fails a Willpower check suffers a -2 penalty to all checks for 3 minutes (18 rounds). This effect is of Psychic type.This ability can only be used once per round, for a total of three times per day</p>",
  "status1Accuracy": "12",
  "status1AccuracyFix": 19,
  "status1Damage": "2d+13",
  "status1Defense": "9",
  "status1Evasion": "12",
  "status1EvasionFix": 19,
  "status1Hp": "82",
  "status1Mp": "66",
  "status1Style": "Bite",
  "statusNum": 1,
  "taxa": "Fairy",
  "type": "m",
  "unitStatus": {
    "Bite:HP": "82/82",
    "Bite:MP": "66"
  },
  "unitExceptStatus": {
    "HP": 1,
    "MP": 1,
    "Defense": 1
  },
  "fortitude": "12",
  "willpower": "11"
}