{
  "description": "<p>This is a Mucus construct that can grow up to 1 meter long. It inhabits places where the smell of decay is present, and is believed to have been created to clean up dirty areas such as dark walls and sewers. It absorbs anything it comes into contact with and takes it into its body, giving it a black and muddy appearance like sludge. When discovered, it is typically exterminated by burning it with fire.</p>",
  "disposition": "Instructed",
  "habitat": "Ruins",
  "initiative": "8",
  "intellect": "None",
  "language": "None",
  "lootsNum": 3,
  "monsterName": "Culvert Slime",
  "mndResist": "6",
  "vitResist": "6",
  "lv": "3",
  "parts": "",
  "coreParts": "",
  "mobility": "8 (Flowing)",
  "mode": "save",
  "paletteInsertType": "exchange",
  "paletteRemoveTags": "1",
  "paletteTool": "bcdice",
  "paletteUseBuff": "1",
  "paletteUseVar": "1",
  "partsNum": 1,
  "perception": "Magic",
  "reputation": "10",
  "reputation+": "13",
  "weakness": "Fire damage + 3 points",
  "result": "OK",
  "sheetDescriptionM": "分類:Construct　知能:None　知覚:Magic　反応:Instructed\n言語:None　生息地:Ruins\n弱点:Fire damage + 3 points\n先制値:8　生命抵抗力:6（13）　精神抵抗力:6（13）",
  "sheetDescriptionS": "分類:Construct\n弱点:Fire damage + 3 points\n先制値:8　生命抵抗力:6（13）　精神抵抗力:6（13）",
  "sin": "0",
  "skills": "<p><strong>◯Soft Body</strong></p><p>Blunt weapons treat the Defense of Culvert Slime as 5 points higher.</p><p><strong>◯Mucus of Disease/4 (11)/Fortitude/Negates</strong></p><p>A target hit by a Slam has its Dexterity and Agility reduced by -2 points. For monster characters, roll 1d. It has its Accuracy check reduced by 1d if the roll is \"1-3\" and its Evasive check reduced by -1 point if the roll is \"4-6\".This effect is Disease type and lasts until it is removed.</p><p><strong>◯Poison Immunity, ◯Disease Immunity, ◯Psychic Type Immunity</strong></p><p></p><p><strong>◯Limited Healing</strong></p><p>Effects which can heal Construct HP are very limited, and mostly come from Spiritualism Magic and some special items.Healing effects such as Divine Magic, Fairy Magic, and Nature Magic cannot restore a Construct's HP.</p><p><strong>◯Can Be Detected</strong></p><p>Constructs can be detected with the [Sense Magic] spell and similar effects.</p>",
  "status1Accuracy": "5",
  "status1AccuracyFix": 12,
  "status1Damage": "2d+3",
  "status1Defense": "4",
  "status1Evasion": "3",
  "status1EvasionFix": 10,
  "status1Hp": "28",
  "status1Mp": "20",
  "status1Style": "Slam",
  "statusNum": 1,
  "taxa": "Construct",
  "type": "m",
  "unitStatus": {
    "Slam:HP": "28/28",
    "Slam:MP": "20"
  },
  "unitExceptStatus": {
    "HP": 1,
    "MP": 1,
    "Defense": 1
  },
  "loots1Num": "2～6",
  "loots1Item": "None",
  "loots2Num": "7～10",
  "loots2Item": "Tainted Mucus (80G/Red B)",
  "loots3Num": "11+",
  "loots3Item": "Soulscarred Mucus (440G/Red A)",
  "fortitude": "6",
  "willpower": "6"
}