{
  "description": "<p>This is a sub-species of the Sandworm. iIs territory includes muddy rivers and dark marshes. They are green and brown in color and move freely through the mud.</p>",
  "disposition": "Hungry",
  "habitat": "Rivers",
  "initiative": "12",
  "intellect": "Animal",
  "language": "None",
  "lootsNum": 3,
  "monsterName": "Culvert Worm",
  "mndResist": "7",
  "vitResist": "10",
  "lv": "6",
  "parts": "",
  "coreParts": "",
  "mobility": "20(Crawling)/25(Swimming)",
  "mode": "save",
  "paletteInsertType": "exchange",
  "paletteRemoveTags": "1",
  "paletteTool": "bcdice",
  "paletteUseBuff": "1",
  "paletteUseVar": "1",
  "partsNum": 1,
  "perception": "Five senses (Darkvision)",
  "reputation": "11",
  "reputation+": "16",
  "weakness": "Earth damage + 3 points",
  "result": "OK",
  "sheetDescriptionM": "分類:Animal　知能:Animal　知覚:Five senses (Darkvision)　反応:Hungry\n言語:None　生息地:Rivers\n弱点:Earth damage + 3 points\n先制値:12　生命抵抗力:10（17）　精神抵抗力:7（14）",
  "sheetDescriptionS": "分類:Animal\n弱点:Earth damage + 3 points\n先制値:12　生命抵抗力:10（17）　精神抵抗力:7（14）",
  "sin": "0",
  "skills": "<p><strong>◯Underwater Aptitude</strong></p><p></p>",
  "status1Accuracy": "9",
  "status1AccuracyFix": 16,
  "status1Damage": "2d+11",
  "status1Defense": "4",
  "status1Evasion": "8",
  "status1EvasionFix": 15,
  "status1Hp": "53",
  "status1Mp": "12",
  "status1Style": "Mouth",
  "statusNum": 1,
  "taxa": "Animal",
  "type": "m",
  "unitStatus": {
    "Mouth:HP": "53/53",
    "Mouth:MP": "12"
  },
  "unitExceptStatus": {
    "HP": 1,
    "MP": 1,
    "Defense": 1
  },
  "loots1Num": "2～4",
  "loots1Item": "None",
  "loots2Num": "5～8",
  "loots2Item": "Sandworm Gem (150G/Gold Red A)",
  "loots3Num": "9+",
  "loots3Item": "Green Sandworm Gem (200G/Gold Red A) x 1d",
  "fortitude": "10",
  "willpower": "7"
}