{
  "description": "<p>This is a figure of a past musician who could not let go of their obsession with their own music and became undead, continuing to perform even after their death. This is the result of a musician of the Magic Civilization Period who tried to use their strong spellsongs.</p><p>They are eccentric and stubborn and will not tolerate anyone who interferes with their playing. They are known to have several types of musical instruments in their hands, including a large keyboard. There are various theories about the source of their obsession, the musician or the instrument.</p>",
  "disposition": "Hostile",
  "habitat": "Ruins",
  "initiative": "18",
  "intellect": "High",
  "language": "Arcana",
  "lootsNum": 4,
  "monsterName": "Cursed Artist",
  "mndResist": "15",
  "vitResist": "15",
  "lv": "12",
  "parts": "2 (Musician / Instrument)",
  "coreParts": "Special, see below",
  "mobility": "20",
  "mode": "save",
  "paletteInsertType": "exchange",
  "paletteRemoveTags": "1",
  "paletteTool": "bcdice",
  "paletteUseBuff": "1",
  "paletteUseVar": "1",
  "partsNum": 2,
  "perception": "Magic",
  "reputation": "19",
  "reputation+": "22",
  "weakness": "Accuracy +1",
  "result": "OK",
  "sheetDescriptionM": "分類:Undead　知能:High　知覚:Magic　反応:Hostile\n言語:Arcana　生息地:Ruins\n弱点:Accuracy +1\n先制値:18　生命抵抗力:15（22）　精神抵抗力:15（22）",
  "sheetDescriptionS": "分類:Undead\n弱点:Accuracy +1\n先制値:18　生命抵抗力:15（22）　精神抵抗力:15（22）",
  "sin": "0",
  "skills": "<p><strong>◯Concealed Main Section</strong></p><p>The Main Section of this monster is randomly selected from Musician and Instrument section at the time of its appearance and is kept secret.In the Monster Knowledge check during Combat Preparation, if the success value is equal to or greater than the Weakness, in addition to applying weak points, Main Section will be identified.</p><p><strong>◯🗨Magic Aptitude</strong></p><p>They can use the Combat Feats [Universal Metamagic], [Targeting], [Magic Convergence], [Magic Control], and [Hawk Eye].</p><p><strong>◯Poison Immunity, ◯Disease Immunity, ◯Psychic Type (Weak) Immunity</strong></p><p></p><p><strong>◯Unstable Healing</strong></p><p>Healing effects such as Divine Magic and items like Unicorn's Horn will damage Undead instead.Magitech, Fairy Magic, Nature Magic, etc. healing has no effect on the Undead.Spiritualism Magic and a few other healing effects can restore an Undead's HP.</p><br><br><p><strong>►Truespeech Magic 11 Level /Magic Power 14 (21)</strong></p><p></p><p><strong>◯Intoxicated by Music</strong></p><p>The body is activated in response to spellsongs.If the Musician section is under the effect of any spellsong, its HP is recovered by 8 points at the end of its turn.</p><br><br><p><strong>►Basic Spellsongs 10 Level/15 (22)/All Areas (50m Radius)</strong></p><p>In addition to Basic 5th level Spellsongs, it can use [Dare].</p><p><strong>►[Finale: Dance of the Fire Dragon]/15 (22)/Willpower/Half</strong></p><p>It uses [Finale: Dance of the Fire Dragon] at \"Range: 2 (50m)\", dealing 2d+15 Fire and Wind magic damage to up to 5 targets.This ability cannot be used on consecutive turns.</p><p><strong>◯Magic Repeat</strong></p><p>The same magic cast by the Musician section in the same round is cast by the Instrument section with the exact same target and the same success value. The same amount of MP is consumed from the Instrument section.</p>",
  "status1Accuracy": "15",
  "status1AccuracyFix": 22,
  "status1Damage": "2d+15",
  "status1Defense": "9",
  "status1Evasion": "14",
  "status1EvasionFix": 21,
  "status1Hp": "115",
  "status1Mp": "88",
  "status1Style": "Bow for Playing (Musician)",
  "status2Accuracy": "-",
  "status2AccuracyFix": null,
  "status2Damage": "-",
  "status2Defense": "10",
  "status2Evasion": "15",
  "status2EvasionFix": 22,
  "status2Hp": "106",
  "status2Mp": "48",
  "status2Style": "None (Instrument)",
  "statusNum": 2,
  "taxa": "Undead",
  "type": "m",
  "unitStatus": {
    "Bow for Playing (Musician):HP": "115/115",
    "Bow for Playing (Musician):MP": "88",
    "None (Instrument):HP": "106/106",
    "None (Instrument):MP": "48"
  },
  "unitExceptStatus": {
    "HP": 2,
    "MP": 2,
    "Defense": 2
  },
  "loots1Num": "Always",
  "loots1Item": "Baffling Sheet Music (800G/White A)",
  "loots2Num": "2～9",
  "loots2Item": "None",
  "loots3Num": "10～12",
  "loots3Item": "Vintage Instrument (2,600G/Green White S)",
  "loots4Num": "13+",
  "loots4Item": "Antique Instrument (12,600G/Green White SS)",
  "fortitude": "15",
  "willpower": "15"
}