{
  "description": "<p>This is a type of Magitech used for excavating caves and underground areas. It was designed to melt and vaporize bedrock using heated left and right blades. However, it can only be used under specific conditions and seems to have only been used in areas where urban development was active during the Magitech Civilization era.</p>",
  "disposition": "Instructed",
  "habitat": "Ruins, Caves",
  "initiative": "10",
  "intellect": "Servant",
  "language": "None",
  "lootsNum": 3,
  "monsterName": "Cutting Torches",
  "mndResist": "5",
  "vitResist": "5",
  "lv": "3",
  "parts": "2 (Right Side/Left Side)",
  "coreParts": "None",
  "mobility": "12 (4 Legs)",
  "mode": "save",
  "paletteInsertType": "exchange",
  "paletteRemoveTags": "1",
  "paletteTool": "bcdice",
  "paletteUseBuff": "1",
  "paletteUseVar": "1",
  "partsNum": 2,
  "perception": "Mechanical",
  "reputation": "10",
  "reputation+": "13",
  "weakness": "Water/Ice damage + 3 points",
  "result": "OK",
  "sheetDescriptionM": "分類:Magitech　知能:Servant　知覚:Mechanical　反応:Instructed\n言語:None　生息地:Ruins, Caves\n弱点:Water/Ice damage + 3 points\n先制値:10　生命抵抗力:5（12）　精神抵抗力:5（12）",
  "sheetDescriptionS": "分類:Magitech\n弱点:Water/Ice damage + 3 points\n先制値:10　生命抵抗力:5（12）　精神抵抗力:5（12）",
  "sin": "0",
  "skills": "<p><strong>◯Cutting Blade</strong></p><p>Any attacks with Cutting Torch treat Defense as halved (rounded up).</p><p><strong>◯Cool Blade</strong></p><p>If the Cutting Torch's HP is reduced by 1 or more points due to physical damage or magical damage of Water/Ice or Lightning type, the Cutting Torch's damage is reduced by 4 points until the end of the next turn.</p><p><strong>◯Poison Immunity, ◯Disease Immunity, ◯Psychic Type Immunity</strong></p><p></p><p><strong>◯Limited Healing</strong></p><p>Effects which can heal Magitech HP are very limited, and mostly come from Spiritualism Magic and some special items.Healing effects such as Divine Magic, Fairy Magic, and Nature Magic cannot restore a Magitech's HP.</p><p><strong>◯Can Be Detected</strong></p><p>Magitech can be detected with the [Sense Magic] spell and similar effects.</p>",
  "status1Accuracy": "5",
  "status1AccuracyFix": 12,
  "status1Damage": "2d+4",
  "status1Defense": "3",
  "status1Evasion": "4",
  "status1EvasionFix": 11,
  "status1Hp": "22",
  "status1Mp": "-",
  "status1Style": "Cutting Torch (Right Side)",
  "status2Accuracy": "5",
  "status2AccuracyFix": 12,
  "status2Damage": "2d+4",
  "status2Defense": "3",
  "status2Evasion": "4",
  "status2EvasionFix": 11,
  "status2Hp": "22",
  "status2Mp": "-",
  "status2Style": "Cutting Torch (Left Side)",
  "statusNum": 2,
  "taxa": "Magitech",
  "type": "m",
  "unitStatus": {
    "Cutting Torch (Right Side):HP": "22/22",
    "Cutting Torch (Right Side):MP": "-",
    "Cutting Torch (Left Side):HP": "22/22",
    "Cutting Torch (Left Side):MP": "-"
  },
  "unitExceptStatus": {
    "HP": 2,
    "MP": 2,
    "Defense": 2
  },
  "loots1Num": "Always",
  "loots1Item": "Iron (20G/Black B) x 2",
  "loots2Num": "2～9",
  "loots2Item": "None",
  "loots3Num": "10+",
  "loots3Item": "Crude Magitech Components (100G/Black White A)",
  "fortitude": "5",
  "willpower": "5"
}