{
  "description": "<p>This is one of the Living Tree species, which walks using its roots as legs. It has an eerily twisted, humped trunk with countless thin branches.</p><p>This evil plant does not use leaves, but has excellent mental sensitivity and communicates its will to others in a kind of telepathy. The weak- minded are overwhelmed by it and become unable to act.</p><p>This tree communicates with the Otherworld, and Daemons can be summoned by opening the Abyss Gate. Scholars suspect, from its bizarre appearance, that it may be a creature that has been modified by the Otherworld Daemons to invade this world.</p>",
  "disposition": "Hostile",
  "habitat": "Forest",
  "initiative": "19",
  "intellect": "Average",
  "language": "None",
  "lootsNum": 3,
  "monsterName": "Daemonwood",
  "mndResist": "16",
  "vitResist": "17",
  "lv": "14",
  "parts": "",
  "coreParts": "",
  "mobility": "10 (Many Legs)",
  "mode": "save",
  "paletteInsertType": "exchange",
  "paletteRemoveTags": "1",
  "paletteTool": "bcdice",
  "paletteUseBuff": "1",
  "paletteUseVar": "1",
  "partsNum": 1,
  "perception": "Magic",
  "reputation": "18",
  "reputation+": "22",
  "weakness": "Fire damage +3 points",
  "result": "OK",
  "sheetDescriptionM": "分類:Plant　知能:Average　知覚:Magic　反応:Hostile\n言語:None　生息地:Forest\n弱点:Fire damage +3 points\n先制値:19　生命抵抗力:17（24）　精神抵抗力:16（23）",
  "sheetDescriptionS": "分類:Plant\n弱点:Fire damage +3 points\n先制値:19　生命抵抗力:17（24）　精神抵抗力:16（23）",
  "sin": "0",
  "skills": "<p><strong>►Open Abyss Gate</strong></p><p>Opens an Abyss Gate and summons a Daemon, just as a Warlock does. Only Daemons with monster level 13 or lower can be summoned. When a Daemonwood uses this ability, it spends \"Monster level x 2\" points of MP for the Daemon it summons. This ability cannot be used if a Daemon has already been summoned by this tree.The summoned Daemon acts according to the Daemon Action Chart (see ML p. 46), but if the roll is 1, the Daemon is sent away without doing anything (this monster does need to spend MP for canceling its action).When a new Daemon is invoked after the Daemon is returned, it cannot be the same Daemon as the one that was summoned immediately before. It must be a different type from the previous one.When this monster is defeated, the summoned Daemon is automatically sent back, and the Abyss Gate that was created disappears.</p><p><strong>⏩Oppressive Will/18 (25)/Willpower/Negates</strong></p><p>Within \"Range/Area: 2 (30m) / Target,\" pressurize the spirit of the \"Target: 1 Entire Character\" with its own thoughts.A target who fails a resistance receives a -2 penalty to any action check for the next 3 minutes (18 rounds).This effect is of a Psychic type and is cumulative without an upper limit.This ability may be used up to three times per round but may not be used more than once on the same enemy in the same round.</p>",
  "status1Accuracy": "18",
  "status1AccuracyFix": 25,
  "status1Damage": "2d+17",
  "status1Defense": "12",
  "status1Evasion": "14",
  "status1EvasionFix": 21,
  "status1Hp": "145",
  "status1Mp": "72",
  "status1Style": "Trunk",
  "statusNum": 1,
  "taxa": "Plant",
  "type": "m",
  "unitStatus": {
    "Trunk:HP": "145/145",
    "Trunk:MP": "72"
  },
  "unitExceptStatus": {
    "HP": 1,
    "MP": 1,
    "Defense": 1
  },
  "loots1Num": "Always",
  "loots1Item": "Abyss Tree Leaves (300G/Green A) x 2d",
  "loots2Num": "2～8",
  "loots2Item": "Gray Bark (400G/Green A) x 1d",
  "loots3Num": "9+",
  "loots3Item": "Magic Bark (4,000G/Gold Green S)",
  "fortitude": "17",
  "willpower": "16"
}