{
  "description": "<p>The Daemonwood tree can shed its branches that have become too thick, which in turn can transform into a humanoid creature. These creatures, known as Daemonwood Branches, are naked and wander the forest hunting animals (and occasionally Humanoids, Barbarous, or Mythical Beasts).</p><p>They bring their catch to their master, the Daemonwood, burying them in the ground for nourishment.</p><p>Despite their low intellect, Daemonwood Branches have good instincts to detect danger. If they feel that the person they have found is too strong for them, they will attempt to lure them to their master, leaving obvious tracks behind.</p>",
  "disposition": "Hostile",
  "habitat": "Forests",
  "initiative": "19",
  "intellect": "Low",
  "language": "None",
  "lootsNum": 2,
  "monsterName": "Daemonwood Branch",
  "mndResist": "14",
  "vitResist": "17",
  "lv": "13",
  "parts": "",
  "coreParts": "",
  "mobility": "20",
  "mode": "save",
  "paletteInsertType": "exchange",
  "paletteRemoveTags": "1",
  "paletteTool": "bcdice",
  "paletteUseBuff": "1",
  "paletteUseVar": "1",
  "partsNum": 1,
  "perception": "Magic",
  "reputation": "18",
  "reputation+": "21",
  "weakness": "Fire damage + 3 points",
  "result": "OK",
  "sheetDescriptionM": "分類:Plant　知能:Low　知覚:Magic　反応:Hostile\n言語:None　生息地:Forests\n弱点:Fire damage + 3 points\n先制値:19　生命抵抗力:17（24）　精神抵抗力:14（21）",
  "sheetDescriptionS": "分類:Plant\n弱点:Fire damage + 3 points\n先制値:19　生命抵抗力:17（24）　精神抵抗力:14（21）",
  "sin": "0",
  "skills": "<p><strong>►Daemon Transformation</strong></p><p>The monster transforms into any type of Daemon of 12^^th^^ level or lower, and all HP and MP are restored, and all effects it had been receiving are also lost. From its next turn, it acts as the Daemon completely.If it dies, it returns to its original form. In that case, when looting this monster, use this monster table instead of Daemon's with added +2 bonus to the loot rolls.</p>",
  "status1Accuracy": "18",
  "status1AccuracyFix": 25,
  "status1Damage": "2d+13",
  "status1Defense": "8",
  "status1Evasion": "16",
  "status1EvasionFix": 23,
  "status1Hp": "117",
  "status1Mp": "13",
  "status1Style": "Fist",
  "statusNum": 1,
  "taxa": "Plant",
  "type": "m",
  "unitStatus": {
    "Fist:HP": "117/117",
    "Fist:MP": "13"
  },
  "unitExceptStatus": {
    "HP": 1,
    "MP": 1,
    "Defense": 1
  },
  "loots1Num": "2～9",
  "loots1Item": "Gray Bark (400G/Green A)",
  "loots2Num": "10+",
  "loots2Item": "Magic Bark (4,000G/Gold Green S)",
  "fortitude": "17",
  "willpower": "14"
}