{
  "description": "<p>Armed with a dagger, this Hoodling excels in close combat.</p><p>Hoodlings are short-sighted Youma, unable to understand the battlefield, and are so eager to fight that they are blind to their surroundings. They act in groups and obey stronger Barbarous such as Goblins and Bolgs. They have no fear of death and are mainly used as slaves for their bigger cousins.</p>",
  "disposition": "Hostile",
  "habitat": "Various",
  "initiative": "9",
  "intellect": "Low",
  "language": "Barbaric, Youma",
  "lootsNum": 3,
  "monsterName": "Dagger Hoodling",
  "mndResist": "3",
  "vitResist": "2",
  "lv": "1",
  "parts": "",
  "coreParts": "",
  "mobility": "10",
  "mode": "save",
  "paletteInsertType": "exchange",
  "paletteRemoveTags": "1",
  "paletteTool": "bcdice",
  "paletteUseBuff": "1",
  "paletteUseVar": "1",
  "partsNum": 1,
  "perception": "Five senses",
  "reputation": "6",
  "reputation+": "11",
  "weakness": "Magic Damage +2 points",
  "result": "OK",
  "sheetDescriptionM": "分類:Barbarous　知能:Low　知覚:Five senses　反応:Hostile\n言語:Barbaric, Youma　生息地:Various\n弱点:Magic Damage +2 points\n先制値:9　生命抵抗力:2（9）　精神抵抗力:3（10）",
  "sheetDescriptionS": "分類:Barbarous\n弱点:Magic Damage +2 points\n先制値:9　生命抵抗力:2（9）　精神抵抗力:3（10）",
  "sin": "1",
  "skills": "<p><strong></strong></p><p>None.</p>",
  "status1Accuracy": "3",
  "status1AccuracyFix": 10,
  "status1Damage": "2d+2",
  "status1Defense": "1",
  "status1Evasion": "1",
  "status1EvasionFix": 8,
  "status1Hp": "12",
  "status1Mp": "10",
  "status1Style": "Weapon",
  "statusNum": 1,
  "taxa": "Barbarous",
  "type": "m",
  "unitStatus": {
    "Weapon:HP": "12/12",
    "Weapon:MP": "10"
  },
  "unitExceptStatus": {
    "HP": 1,
    "MP": 1,
    "Defense": 1
  },
  "loots1Num": "Always",
  "loots1Item": "Crude Weapon (10G/Black White B)",
  "loots2Num": "2～7",
  "loots2Item": "None",
  "loots3Num": "8+",
  "loots3Item": "Dirty Hood (20G/White B)",
  "fortitude": "2",
  "willpower": "3"
}