{
  "description": "<p>These thorns are as tall as a Humanoid. They are constant rustling and shaking, even when there is no wind. When an animal approaches, the thorns detach their roots, curl up and spin around, and strike the animal, attempting to tear it apart with the numerous thorns on their stems. If the thorns are defeated or driven away, they may reestablish their roots and grow again with renewed vigor, so it is hard to get rid of this weed.</p>",
  "disposition": "Hostile",
  "habitat": "Meadow, Wilderness",
  "initiative": "11",
  "intellect": "None",
  "language": "None",
  "lootsNum": 2,
  "monsterName": "Dancing Thorn",
  "mndResist": "4",
  "vitResist": "5",
  "lv": "3",
  "parts": "",
  "coreParts": "",
  "mobility": "10 (Rotation)",
  "mode": "save",
  "paletteInsertType": "exchange",
  "paletteRemoveTags": "1",
  "paletteTool": "bcdice",
  "paletteUseBuff": "1",
  "paletteUseVar": "1",
  "partsNum": 1,
  "perception": "Magic",
  "reputation": "10",
  "reputation+": "12",
  "weakness": "Fire damage +3 points",
  "result": "OK",
  "sheetDescriptionM": "分類:Plant　知能:None　知覚:Magic　反応:Hostile\n言語:None　生息地:Meadow, Wilderness\n弱点:Fire damage +3 points\n先制値:11　生命抵抗力:5（12）　精神抵抗力:4（11）",
  "sheetDescriptionS": "分類:Plant\n弱点:Fire damage +3 points\n先制値:11　生命抵抗力:5（12）　精神抵抗力:4（11）",
  "sin": "0",
  "skills": "<p><strong>◯Painful Strike</strong></p><p>If the 2d roll of the damage roll is 10 or more, the damage is increased by an additional +3 points.</p>",
  "status1Accuracy": "5",
  "status1AccuracyFix": 12,
  "status1Damage": "2d+4",
  "status1Defense": "2",
  "status1Evasion": "4",
  "status1EvasionFix": 11,
  "status1Hp": "23",
  "status1Mp": "4",
  "status1Style": "Slam",
  "statusNum": 1,
  "taxa": "Plant",
  "type": "m",
  "unitStatus": {
    "Slam:HP": "23/23",
    "Slam:MP": "4"
  },
  "unitExceptStatus": {
    "HP": 1,
    "MP": 1,
    "Defense": 1
  },
  "loots1Num": "2～8",
  "loots1Item": "None",
  "loots2Num": "9+",
  "loots2Item": "Crimson Petals (120G/Green A)",
  "fortitude": "5",
  "willpower": "4"
}