{
  "description": "<p>This is a giant water spider about 2 meters long. Although it can swim underwater, its main means of transportation is to walk on the water using its water-repellent legs dexterously.</p><p>They nest under bridges or underground in places where water flows and prey on fish and other aquatic animals.</p>",
  "disposition": "Hungry",
  "habitat": "Lakes, Swamps",
  "initiative": "12",
  "intellect": "Animal",
  "language": "None",
  "lootsNum": 3,
  "monsterName": "Dark Sweeper",
  "mndResist": "7",
  "vitResist": "7",
  "lv": "5",
  "parts": "",
  "coreParts": "",
  "mobility": "16(Many Legs)/16(Swimming)",
  "mode": "save",
  "paletteInsertType": "exchange",
  "paletteRemoveTags": "1",
  "paletteTool": "bcdice",
  "paletteUseBuff": "1",
  "paletteUseVar": "1",
  "partsNum": 1,
  "perception": "Five senses",
  "reputation": "12",
  "reputation+": "15",
  "weakness": "Physical damage +2 points",
  "result": "OK",
  "sheetDescriptionM": "分類:Animal　知能:Animal　知覚:Five senses　反応:Hungry\n言語:None　生息地:Lakes, Swamps\n弱点:Physical damage +2 points\n先制値:12　生命抵抗力:7（14）　精神抵抗力:7（14）",
  "sheetDescriptionS": "分類:Animal\n弱点:Physical damage +2 points\n先制値:12　生命抵抗力:7（14）　精神抵抗力:7（14）",
  "sin": "0",
  "skills": "<p><strong>◯Underwater Aptitude</strong></p><p></p><p><strong>►Slime Vomit/6 (13)/Fortitude/Half</strong></p><p>Up to \"Range/Area: 1 (10m) / Shot,\" this beast spits out a mass of water mixed with a sticky substance to attack \"Target: 1 Character,\"The target suffers 2d+5 Water/Ice magic damage and takes a -2 penalty on Evasion checks for a total of 3 minutes (18 rounds). The penalty to Evasion check is not cumulative and is removed if the target wipes off the sticky water with a Major Action.This ability cannot be used on consecutive turns.</p>",
  "status1Accuracy": "7",
  "status1AccuracyFix": 14,
  "status1Damage": "2d+6",
  "status1Defense": "5",
  "status1Evasion": "7",
  "status1EvasionFix": 14,
  "status1Hp": "40",
  "status1Mp": "14",
  "status1Style": "Bite",
  "statusNum": 1,
  "taxa": "Animal",
  "type": "m",
  "unitStatus": {
    "Bite:HP": "40/40",
    "Bite:MP": "14"
  },
  "unitExceptStatus": {
    "HP": 1,
    "MP": 1,
    "Defense": 1
  },
  "loots1Num": "2～7",
  "loots1Item": "None",
  "loots2Num": "8～10",
  "loots2Item": "Sticky Water (200G/Red A)",
  "loots3Num": "11+",
  "loots3Item": "Very Sticky Water (680G/Red A)",
  "fortitude": "7",
  "willpower": "7"
}