{
  "description": "<p>This is an evil hierophant, who worshipped and glorified the evil gods, and became undead by involving their followers. Even in death, they are still worshipped by the souls of the dead.</p><p>The hierophant themself has no special abilities, though they are a high priest. However, they are strengthened by the palanquin that carries them, and their power baptizes the living into death and makes them new believers.</p>",
  "disposition": "Hostile",
  "habitat": "Ruins, Abyss",
  "initiative": "25",
  "intellect": "High",
  "language": "Arcana, Drakish, Basilisk, Daemonic",
  "lootsNum": 3,
  "monsterName": "Dark Hierophant",
  "mndResist": "23",
  "vitResist": "22",
  "lv": "18",
  "parts": "2 (Body / Palanquin)",
  "coreParts": "Body",
  "mobility": "18 (Many Legs)",
  "mode": "save",
  "paletteInsertType": "exchange",
  "paletteRemoveTags": "1",
  "paletteTool": "bcdice",
  "paletteUseBuff": "1",
  "paletteUseVar": "1",
  "partsNum": 2,
  "perception": "Magic",
  "reputation": "25",
  "reputation+": "28",
  "weakness": "HP Recovery (deals damage instead), +3 points",
  "result": "OK",
  "sheetDescriptionM": "分類:Undead　知能:High　知覚:Magic　反応:Hostile\n言語:Arcana, Drakish, Basilisk, Daemonic　生息地:Ruins, Abyss\n弱点:HP Recovery (deals damage instead), +3 points\n先制値:25　生命抵抗力:22（29）　精神抵抗力:23（30）",
  "sheetDescriptionS": "分類:Undead\n弱点:HP Recovery (deals damage instead), +3 points\n先制値:25　生命抵抗力:22（29）　精神抵抗力:23（30）",
  "sin": "0",
  "skills": "<p><strong>◯Poison Immunity, ◯Disease Immunity, ◯Psychic Type (Weak) Immunity</strong></p><p></p><p><strong>◯Unstable Healing</strong></p><p>Healing effects such as Divine Magic and items like Unicorn's Horn will damage Undead instead.Magitech, Fairy Magic, Nature Magic, etc. healing has no effect on the Undead.Spiritualism Magic and a few other healing effects can restore an Undead's HP.</p><br><br><p><strong>►Divine Magic 15 Level/Magic Power 23 (30)</strong></p><p></p><p><strong>◯🗨Magic Aptitude</strong></p><p>They can use the Combat Feats [Multi-Action], [Targeting], [Magic Convergence], [Magic Control], [Universal Metamagic], [Double Cast], [Critical Cast II], and [Rune Master].</p><br><br><p><strong>►3 Attacks (Free)</strong></p><p>A countless number of ghosts swarm and attack three times per round, with separate Accuracy checks and choosing whether to attack the same target again or a different target.</p><p><strong>◯Attack Obstacle = Impossible • +4</strong></p><p>The Body cannot be attacked in melee. Against any ranged attacks, Body receives a +4 bonus to Evasion checks.This effect disappears when the Palanquin section falls to 0 HP or lower.</p><p><strong>◯Wall of Believers</strong></p><p>The Body section cannot be a target for the effects with \"Target: 1 Character\", \"Target: 1 Character X\", and \"Target: X area (YY radius)/Z\" unless it wishes to be (it still can be targeted by \"Target: 1 Entire Character\" and \"Target: X area (YY radius)/All).This effect is lost when the Palanquin section HP falls to 0 or less.</p><p><strong>►Praise the Hierophant</strong></p><p>The departed sacrifice themselves and offer distorted prayers to the being above the palanquin. This ability costs 10 HP and MP to the Palanquin section.The Body section heals HP and MP by 10 points immediately and gets a +2 bonus to action checks for 10 seconds (1 round).</p>",
  "status1Accuracy": "22",
  "status1AccuracyFix": 29,
  "status1Damage": "2d+24",
  "status1Defense": "14",
  "status1Evasion": "21",
  "status1EvasionFix": 28,
  "status1Hp": "161",
  "status1Mp": "206",
  "status1Style": "Cane (Body)",
  "status2Accuracy": "24",
  "status2AccuracyFix": 31,
  "status2Damage": "2d+21",
  "status2Defense": "16",
  "status2Evasion": "20",
  "status2EvasionFix": 27,
  "status2Hp": "145",
  "status2Mp": "26",
  "status2Style": "Fist (Palanquin)",
  "statusNum": 2,
  "taxa": "Undead",
  "type": "m",
  "unitStatus": {
    "Cane (Body):HP": "161/161",
    "Cane (Body):MP": "206",
    "Fist (Palanquin):HP": "145/145",
    "Fist (Palanquin):MP": "26"
  },
  "unitExceptStatus": {
    "HP": 2,
    "MP": 2,
    "Defense": 2
  },
  "loots1Num": "Always",
  "loots1Item": "Holy Symbol of the Evil God (600G/Black White A) x 2d",
  "loots2Num": "2～10",
  "loots2Item": "None",
  "loots3Num": "11+",
  "loots3Item": "Hierophant's Cloak (11,100G/White SS)",
  "fortitude": "22",
  "willpower": "23"
}