{
  "description": "<p>Standing at 2m tall, the Dark Bully appears entirely in shadow. A long claw grows from each hand instead of fingers, giving the appearance of the scythes of the god of death. It also has a powerful Continuous Attack unique skill and is recognized as a fearsome assassin.</p>",
  "disposition": "Hostile",
  "habitat": "Labyrinths, Ruins",
  "initiative": "15",
  "intellect": "Average",
  "language": "Daemonic",
  "lootsNum": 3,
  "monsterName": "Dark Bully",
  "mndResist": "10",
  "vitResist": "11",
  "lv": "8",
  "parts": "",
  "coreParts": "",
  "mobility": "20",
  "mode": "save",
  "paletteInsertType": "exchange",
  "paletteRemoveTags": "1",
  "paletteTool": "bcdice",
  "paletteUseBuff": "1",
  "paletteUseVar": "1",
  "partsNum": 1,
  "perception": "Five senses (Darkvision)",
  "reputation": "15",
  "reputation+": "18",
  "weakness": "Fire damage +3 points",
  "result": "OK",
  "sheetDescriptionM": "分類:Daemon　知能:Average　知覚:Five senses (Darkvision)　反応:Hostile\n言語:Daemonic　生息地:Labyrinths, Ruins\n弱点:Fire damage +3 points\n先制値:15　生命抵抗力:11（18）　精神抵抗力:10（17）",
  "sheetDescriptionS": "分類:Daemon\n弱点:Fire damage +3 points\n先制値:15　生命抵抗力:11（18）　精神抵抗力:10（17）",
  "sin": "0",
  "skills": "<p><strong>◯Continuous Attack II</strong></p><p>If a Dark Bully successfully hits a target in melee, they may make a second attack. They can make a third attack against the same target if a second attack hits.</p><p><strong>◯Fatigue Poison/9 (16)/Fortitude/Negates</strong></p><p>If a Claw attack deals at least 1 point of applied damage, the target's Evasion is reduced by a -1. This effect is Poison type and lasts for 1 hour. It is cumulative if the same effect is applied within the duration.</p><p><strong>◯Shadow Cross</strong></p><p>During a Normal Move, it temporarily disappears and appears from within any shadow at the destination. In the absence of light, it can appear from anywhere in the darkness.It does not suffer any movement blocking and is free to leave the skirmish.This ability cannot be used in consecutive turns.</p>",
  "status1Accuracy": "10",
  "status1AccuracyFix": 17,
  "status1Damage": "2d+7",
  "status1Defense": "7",
  "status1Evasion": "10",
  "status1EvasionFix": 17,
  "status1Hp": "69",
  "status1Mp": "30",
  "status1Style": "Claws",
  "statusNum": 1,
  "taxa": "Daemon",
  "type": "m",
  "unitStatus": {
    "Claws:HP": "69/69",
    "Claws:MP": "30"
  },
  "unitExceptStatus": {
    "HP": 1,
    "MP": 1,
    "Defense": 1
  },
  "loots1Num": "Always",
  "loots1Item": "Daemon's Blood (100G/Red A)",
  "loots2Num": "2～7",
  "loots2Item": "None",
  "loots3Num": "8+",
  "loots3Item": "Crystallized Daemon's Blood (800G/Red A)",
  "fortitude": "11",
  "willpower": "10"
}