{
  "description": "<p>Much leaner than a typical Troll, a Dark Troll has an excellent sense of fighting and a strong religious belief. A high-ranking member of Troll society, they stand out with their jet-black skin and dangerous aura. Dark Trolls greatly hate cowardice and will respect those who show their strength, even Humanoids who dare to stand up to the Dark Troll's immense power.</p>",
  "disposition": "Hostile",
  "habitat": "Ruins",
  "initiative": "14",
  "intellect": "Average",
  "language": "Trade Common, Barbaric, Giantish",
  "lootsNum": 3,
  "monsterName": "Dark Troll",
  "mndResist": "10",
  "vitResist": "12",
  "lv": "8",
  "parts": "",
  "coreParts": "",
  "mobility": "17",
  "mode": "save",
  "paletteInsertType": "exchange",
  "paletteRemoveTags": "1",
  "paletteTool": "bcdice",
  "paletteUseBuff": "1",
  "paletteUseVar": "1",
  "partsNum": 1,
  "perception": "Five senses (Darkvision)",
  "reputation": "13",
  "reputation+": "18",
  "weakness": "Magic damage +2 points",
  "result": "OK",
  "sheetDescriptionM": "分類:Barbarous　知能:Average　知覚:Five senses (Darkvision)　反応:Hostile\n言語:Trade Common, Barbaric, Giantish　生息地:Ruins\n弱点:Magic damage +2 points\n先制値:14　生命抵抗力:12（19）　精神抵抗力:10（17）",
  "sheetDescriptionS": "分類:Barbarous\n弱点:Magic damage +2 points\n先制値:14　生命抵抗力:12（19）　精神抵抗力:10（17）",
  "sin": "4",
  "skills": "<p><strong>►Divine Magic 7 Level/Magic Power 10 (17)</strong></p><p></p><p><strong>🗨►Magic Aptitude</strong></p><p>They can use the Combat Feats [Multi-Action], [Metamagic/Targets], and [Wordbreak].</p><p><strong>🗨Mana Strike = +10 damage</strong></p><p>May deal an additional +10 damage to their next melee attack. At risk, they take a -2 penalty to their Fortitude and Willpower checks.</p><p><strong>◯Dark Regeneration = 5 points</strong></p><p>At the end of each round, a Dark Troll recovers 5 HP. This has no effect if the Dark Troll is at 0 HP or lower or is under sunlight.</p><p><strong>◯Weakened</strong></p><p>As long as a Dark Troll is under sunlight, it receives a -2 penalty to all Accuracy and Evasion Checks.</p>",
  "status1Accuracy": "11",
  "status1AccuracyFix": 18,
  "status1Damage": "2d+12",
  "status1Defense": "9",
  "status1Evasion": "9",
  "status1EvasionFix": 16,
  "status1Hp": "77",
  "status1Mp": "44",
  "status1Style": "Weapon",
  "statusNum": 1,
  "taxa": "Barbarous",
  "type": "m",
  "unitStatus": {
    "Weapon:HP": "77/77",
    "Weapon:MP": "44"
  },
  "unitExceptStatus": {
    "HP": 1,
    "MP": 1,
    "Defense": 1
  },
  "loots1Num": "Always",
  "loots1Item": "Troll Blood (100G/Red A)",
  "loots2Num": "2～11",
  "loots2Item": "Gem (300G/Gold A) x 1d",
  "loots3Num": "12+",
  "loots3Item": "Strange Holy Symbol (3,300G/White S)",
  "fortitude": "12",
  "willpower": "10"
}