{
  "description": "<p>This is a Troll priest who is not only a skilled priest but also a capable warrior among the Dark Trolls.</p><p>Interestingly, Trolls are sworn to serve the gods rather than to fight themselves. They serve as judges of the divine battles within the Troll clan and preside over rituals. They can also serve as advisors and bless Troll officers, providing spell support to allies when confronted with powerful enemies.</p>",
  "disposition": "Neutral",
  "habitat": "Ruins",
  "initiative": "17",
  "intellect": "Average",
  "language": "Trade Common, Barbaric, Giantish",
  "lootsNum": 3,
  "monsterName": "Dark Troll Adept",
  "mndResist": "11",
  "vitResist": "13",
  "lv": "10",
  "parts": "",
  "coreParts": "",
  "mobility": "20",
  "mode": "save",
  "paletteInsertType": "exchange",
  "paletteRemoveTags": "1",
  "paletteTool": "bcdice",
  "paletteUseBuff": "1",
  "paletteUseVar": "1",
  "partsNum": 1,
  "perception": "Five senses (Darkvision)",
  "reputation": "15",
  "reputation+": "19",
  "weakness": "Magic damage +2 points",
  "result": "OK",
  "sheetDescriptionM": "分類:Barbarous　知能:Average　知覚:Five senses (Darkvision)　反応:Neutral\n言語:Trade Common, Barbaric, Giantish　生息地:Ruins\n弱点:Magic damage +2 points\n先制値:17　生命抵抗力:13（20）　精神抵抗力:11（18）",
  "sheetDescriptionS": "分類:Barbarous\n弱点:Magic damage +2 points\n先制値:17　生命抵抗力:13（20）　精神抵抗力:11（18）",
  "sin": "4",
  "skills": "<p><strong>►Divine Magic 10 Level /Magic Power 13 (20)</strong></p><p></p><p><strong>◯🗨►Magic Aptitude</strong></p><p>They can use the Combat Feats [Multi-Action], [Targeting], [Magic Convergence], [Magic Control], [Hawk Eye], [Universal Metamagic], and [Wordbreak].</p><p><strong>🗨Mana Strike = +13 damage</strong></p><p>May deal an additional +13 damage to their next melee attack. At risk, they take a -2 penalty to their Fortitude and Willpower checks.</p><p><strong>◯Dark Regeneration = 7 points</strong></p><p>At the end of each round, a Dark Troll Adept recovers 7 HP. This has no effect if the Dark Troll Adept is at 0 HP or lower or is under sunlight.</p><p><strong>◯Weakened</strong></p><p>As long as a Dark Troll is under sunlight, it receives a -2 penalty to all Accuracy and Evasion Checks.</p>",
  "status1Accuracy": "12",
  "status1AccuracyFix": 19,
  "status1Damage": "2d+13",
  "status1Defense": "10",
  "status1Evasion": "11",
  "status1EvasionFix": 18,
  "status1Hp": "97",
  "status1Mp": "54",
  "status1Style": "Weapon",
  "statusNum": 1,
  "taxa": "Barbarous",
  "type": "m",
  "unitStatus": {
    "Weapon:HP": "97/97",
    "Weapon:MP": "54"
  },
  "unitExceptStatus": {
    "HP": 1,
    "MP": 1,
    "Defense": 1
  },
  "loots1Num": "Always",
  "loots1Item": "Troll Blood (100G/Red rounds)",
  "loots2Num": "2～8",
  "loots2Item": "Gem (300G/Gold A) x 1d",
  "loots3Num": "9+",
  "loots3Item": "Strange Holy Symbol (3,300G/White S)",
  "fortitude": "13",
  "willpower": "11"
}