{
  "description": "<p>Dawn Walkers are Barbarous creatures that wear black cloaks and infiltrate humanoid habitats. They are about 1.8 meters tall, with stout, rounded backs. Their bodies are entirely covered in dark-colored body hair, and they have long, sharp claws on both hands.</p><p>They possess knowledge of stealth and carry out their duties unnoticed at the request of the Upper Barbarous. Loyal and modest, they prioritize the accomplishment of their mission above all else.</p><p>They follow Dalkhrem, Zeides, and Eiryak, and sometimes act as liaisons between their Barbarous followers and their pagan cults of Humanoids.</p>",
  "disposition": "Hostile",
  "habitat": "Ruins",
  "initiative": "13",
  "intellect": "Average",
  "language": "Trade Common, Barbaric",
  "lootsNum": 3,
  "monsterName": "Dawn Walker",
  "mndResist": "6",
  "vitResist": "6",
  "lv": "5",
  "parts": "",
  "coreParts": "",
  "mobility": "18",
  "mode": "save",
  "paletteInsertType": "exchange",
  "paletteRemoveTags": "1",
  "paletteTool": "bcdice",
  "paletteUseBuff": "1",
  "paletteUseVar": "1",
  "partsNum": 1,
  "perception": "Five senses (Darkvision)",
  "reputation": "12",
  "reputation+": "15",
  "weakness": "Accuracy +1",
  "result": "OK",
  "sheetDescriptionM": "分類:Barbarous　知能:Average　知覚:Five senses (Darkvision)　反応:Hostile\n言語:Trade Common, Barbaric　生息地:Ruins\n弱点:Accuracy +1\n先制値:13　生命抵抗力:6（13）　精神抵抗力:6（13）",
  "sheetDescriptionS": "分類:Barbarous\n弱点:Accuracy +1\n先制値:13　生命抵抗力:6（13）　精神抵抗力:6（13）",
  "sin": "2",
  "skills": "<p><strong>►Divine Magic 4 Level / Magic Power 6 (13)</strong></p><p></p><p><strong>◯🗨Magic Aptitude</strong></p><p>They can use the Combat Feats [Targeting], [Metamagic/Targets], and [Multi-Action].</p>",
  "status1Accuracy": "7",
  "status1AccuracyFix": 14,
  "status1Damage": "2d+7",
  "status1Defense": "4",
  "status1Evasion": "7",
  "status1EvasionFix": 14,
  "status1Hp": "38",
  "status1Mp": "28",
  "status1Style": "Claws",
  "statusNum": 1,
  "taxa": "Barbarous",
  "type": "m",
  "unitStatus": {
    "Claws:HP": "38/38",
    "Claws:MP": "28"
  },
  "unitExceptStatus": {
    "HP": 1,
    "MP": 1,
    "Defense": 1
  },
  "loots1Num": "Always",
  "loots1Item": "Barbarous' Orders (500G/White A)",
  "loots2Num": "2～7",
  "loots2Item": "None",
  "loots3Num": "8+",
  "loots3Item": "Night Robe (280G/White A)",
  "fortitude": "6",
  "willpower": "6"
}