{
  "description": "<p>This is a Dawn species that has developed its skills and abilities through its work. Many Humanoids mistake these monsters for Humanoid assassins or vampires, and there have been confirmed cases where such rumors were true.</p>",
  "disposition": "Hostile",
  "habitat": "Ruins",
  "initiative": "15",
  "intellect": "Average",
  "language": "Trade Common, Barbaric",
  "lootsNum": 3,
  "monsterName": "Dawn Ripper",
  "mndResist": "8",
  "vitResist": "8",
  "lv": "7",
  "parts": "",
  "coreParts": "",
  "mobility": "20",
  "mode": "save",
  "paletteInsertType": "exchange",
  "paletteRemoveTags": "1",
  "paletteTool": "bcdice",
  "paletteUseBuff": "1",
  "paletteUseVar": "1",
  "partsNum": 1,
  "perception": "Five senses (Darkvision)",
  "reputation": "14",
  "reputation+": "17",
  "weakness": "Accuracy +1",
  "result": "OK",
  "sheetDescriptionM": "分類:Barbarous　知能:Average　知覚:Five senses (Darkvision)　反応:Hostile\n言語:Trade Common, Barbaric　生息地:Ruins\n弱点:Accuracy +1\n先制値:15　生命抵抗力:8（15）　精神抵抗力:8（15）",
  "sheetDescriptionS": "分類:Barbarous\n弱点:Accuracy +1\n先制値:15　生命抵抗力:8（15）　精神抵抗力:8（15）",
  "sin": "3",
  "skills": "<p><strong>►Divine Magic 7 Level/Magic Power 9 (16)</strong></p><p></p><p><strong>◯🗨Magic Aptitude</strong></p><p>They can use the Combat Feats [Targeting], [Metamagic/Targets], and [Multi-Action].</p><p><strong>🗨Mana Strike = +9 damage</strong></p><p>A Dawn Ripper can deal an additional 9 damage on their next attack. However, any Fortitude or Willpower Check made by the Dawn Ripper this turn receives a -1 penalty.</p>",
  "status1Accuracy": "10",
  "status1AccuracyFix": 17,
  "status1Damage": "2d+9",
  "status1Defense": "7",
  "status1Evasion": "10",
  "status1EvasionFix": 17,
  "status1Hp": "56",
  "status1Mp": "46",
  "status1Style": "Claws",
  "statusNum": 1,
  "taxa": "Barbarous",
  "type": "m",
  "unitStatus": {
    "Claws:HP": "56/56",
    "Claws:MP": "46"
  },
  "unitExceptStatus": {
    "HP": 1,
    "MP": 1,
    "Defense": 1
  },
  "loots1Num": "Always",
  "loots1Item": "Barbarous Orders (500G/White A)",
  "loots2Num": "2～7",
  "loots2Item": "Night Robe (280G/White A)",
  "loots3Num": "8+",
  "loots3Item": "Robe of Darkness (780G/White A)",
  "fortitude": "8",
  "willpower": "8"
}