{
  "description": "<p>A tortured spirit trapped within a sword, the Death Sword possesses a decaying body to carry out its foul grudges. When encountering a stronger opponent, the Death Sword will seek to slay the stronger and possess that body, so it often looks for stronger and stronger foes to face.</p>",
  "disposition": "Hostile",
  "habitat": "Wilderness, Labyrinths",
  "initiative": "8",
  "intellect": "Low",
  "language": "None",
  "lootsNum": 3,
  "monsterName": "Death Sword",
  "mndResist": "6",
  "vitResist": "6",
  "lv": "4",
  "parts": "",
  "coreParts": "",
  "mobility": "14",
  "mode": "save",
  "paletteInsertType": "exchange",
  "paletteRemoveTags": "1",
  "paletteTool": "bcdice",
  "paletteUseBuff": "1",
  "paletteUseVar": "1",
  "partsNum": 1,
  "perception": "Magic",
  "reputation": "9",
  "reputation+": "12",
  "weakness": "Magic damage +2 points",
  "result": "OK",
  "sheetDescriptionM": "分類:Undead　知能:Low　知覚:Magic　反応:Hostile\n言語:None　生息地:Wilderness, Labyrinths\n弱点:Magic damage +2 points\n先制値:8　生命抵抗力:6（13）　精神抵抗力:6（13）",
  "sheetDescriptionS": "分類:Undead\n弱点:Magic damage +2 points\n先制値:8　生命抵抗力:6（13）　精神抵抗力:6（13）",
  "sin": "0",
  "skills": "<p><strong>◯►Blade of Death/5 (12)/Evasion/Negates</strong></p><p>The Death Sword slashes a \"Target: 1 Character\" within \"Range: Touch\" with a vengeful blade, dealing 10 Curse magic damage.</p><p><strong>◯Poison Immunity, ◯Disease Immunity, ◯Psychic Type (Weak) Immunity</strong></p><p></p><p><strong>◯Unstable Healing</strong></p><p>Healing effects such as Divine Magic and items like Unicorn's Horn will damage Undead instead.Magitech, Fairy Magic, Nature Magic, etc. healing has no effect on the Undead.Spiritualism Magic and a few other healing effects can restore an Undead's HP.</p>",
  "status1Accuracy": "6",
  "status1AccuracyFix": 13,
  "status1Damage": "2d+4",
  "status1Defense": "4",
  "status1Evasion": "5",
  "status1EvasionFix": 12,
  "status1Hp": "36",
  "status1Mp": "18",
  "status1Style": "Weapon",
  "statusNum": 1,
  "taxa": "Undead",
  "type": "m",
  "unitStatus": {
    "Weapon:HP": "36/36",
    "Weapon:MP": "18"
  },
  "unitExceptStatus": {
    "HP": 1,
    "MP": 1,
    "Defense": 1
  },
  "loots1Num": "Always",
  "loots1Item": "Rusty Sword (50G/Black White B)",
  "loots2Num": "2～10",
  "loots2Item": "None",
  "loots3Num": "11+",
  "loots3Item": "Ornate Sword Hilt (600G/White A)",
  "fortitude": "6",
  "willpower": "6"
}