{
  "description": "<p>A Deck Chest Trap can disguise itself as a variety of ordinary furniture, such as bookcases, doors, beds, etc. It can move its strong arms and two small legs in and out at will.</p>",
  "disposition": "Instructed",
  "habitat": "Ruins",
  "initiative": "12",
  "intellect": "Servant",
  "language": "None",
  "lootsNum": 3,
  "monsterName": "Deck Chest Trap",
  "mndResist": "8",
  "vitResist": "8",
  "lv": "5",
  "parts": "",
  "coreParts": "",
  "mobility": "14",
  "mode": "save",
  "paletteInsertType": "exchange",
  "paletteRemoveTags": "1",
  "paletteTool": "bcdice",
  "paletteUseBuff": "1",
  "paletteUseVar": "1",
  "partsNum": 1,
  "perception": "Magic",
  "reputation": "9",
  "reputation+": "13",
  "weakness": "Accuracy +1",
  "result": "OK",
  "sheetDescriptionM": "分類:Construct　知能:Servant　知覚:Magic　反応:Instructed\n言語:None　生息地:Ruins\n弱点:Accuracy +1\n先制値:12　生命抵抗力:8（15）　精神抵抗力:8（15）",
  "sheetDescriptionS": "分類:Construct\n弱点:Accuracy +1\n先制値:12　生命抵抗力:8（15）　精神抵抗力:8（15）",
  "sin": "0",
  "skills": "<p><strong>◯Mimicry/15/Danger Sense/Negates</strong></p><p>It can mimic treasure chests, furniture, and doors. While mimicking, characters cannot perform a Monster Knowledge check on this monster. If a character approaches it unintentionally, they need to make a Danger check with target number 15, and if it fails, they will be surprised (see CR I, p. 144). Mimicry will be automatically ended once the monster starts to act.This monster can be detected with [Sense Magic].</p><p><strong>►Twin Strike & Double Attack</strong></p><p>A Deck Chest Trap can make two Smash attacks each round.They may choose to attack different characters with each attack.</p><p><strong>◯Capture</strong></p><p>If both Smash attacks from [►Twin Strike & Double Attack] hit the target, the target becomes entangled by Deck Chest Trap. The target will not be able to move, and from the next round on, any attack from this monster to the entangled target will automatically hit.When the target tries to escape, use the de-bonding rules.</p><p><strong>◯Poison Immunity, ◯Disease Immunity, ◯Psychic Type Immunity</strong></p><p></p><p><strong>◯Limited Healing</strong></p><p>Effects which can heal Construct HP are very limited, and mostly come from Spiritualism Magic and some special items.Healing effects such as Divine Magic, Fairy Magic, and Nature Magic cannot restore a Construct's HP.</p><p><strong>◯Can Be Detected</strong></p><p>Constructs can be detected with the [Sense Magic] spell and similar effects.</p>",
  "status1Accuracy": "7",
  "status1AccuracyFix": 14,
  "status1Damage": "2d+6",
  "status1Defense": "6",
  "status1Evasion": "6",
  "status1EvasionFix": 13,
  "status1Hp": "39",
  "status1Mp": "0",
  "status1Style": "Arms",
  "statusNum": 1,
  "taxa": "Construct",
  "type": "m",
  "unitStatus": {
    "Arms:HP": "39/39",
    "Arms:MP": "0/0"
  },
  "unitExceptStatus": {
    "HP": 1,
    "MP": 1,
    "Defense": 1
  },
  "loots1Num": "2～5",
  "loots1Item": "None",
  "loots2Num": "6～9",
  "loots2Item": "Magical Wood (200G/Gold Green A)",
  "loots3Num": "10+",
  "loots3Item": "Premium Magical Wood (500G/Gold Green A)",
  "fortitude": "8",
  "willpower": "8"
}