{
  "description": "<p>This is a human wizard with a certain amount of experience. They may be encountered in a variety of situations.</p>",
  "disposition": "Neutral",
  "habitat": "Various",
  "initiative": "12",
  "intellect": "Average",
  "language": "Trade Common, Regional Dialect, Magic System Learned",
  "lootsNum": 4,
  "monsterName": "Dedicated Wizard",
  "mndResist": "8",
  "vitResist": "7",
  "lv": "5",
  "parts": "",
  "coreParts": "",
  "mobility": "15",
  "mode": "save",
  "paletteInsertType": "exchange",
  "paletteRemoveTags": "1",
  "paletteTool": "bcdice",
  "paletteUseBuff": "1",
  "paletteUseVar": "1",
  "partsNum": 1,
  "perception": "Five Senses",
  "reputation": "8",
  "reputation+": "0",
  "weakness": "None",
  "result": "OK",
  "sheetDescriptionM": "分類:Humanoid　知能:Average　知覚:Five Senses　反応:Neutral\n言語:Trade Common, Regional Dialect, Magic System Learned　生息地:Various\n弱点:None\n先制値:12　生命抵抗力:7（14）　精神抵抗力:8（15）",
  "sheetDescriptionS": "分類:Humanoid\n弱点:None\n先制値:12　生命抵抗力:7（14）　精神抵抗力:8（15）",
  "sin": "0",
  "skills": "<p><strong>►Magic (1 System) 5 Level/Magic Power 8 (15).</strong></p><p>Dedicated Wizard has mastered any one of the following at the 5th level: Truespeech Magic, Spiritualism Magic, Divine Magic, Fairy Magic, Nature Magic, or Summoning Arts.The types used in Fairy Magic are generally \"Fire\", \"Water/Ice\", \"Wind\", and \"Light\", but the GM may arbitrarily change to any four.</p><p><strong>◯Sword's Grace/Change Fate</strong></p><p>Once per day, they may change the result of a Skill Check or Damage roll by switching the faces of the rolled 2d to the opposite sides.</p>",
  "status1Accuracy": "4",
  "status1AccuracyFix": 11,
  "status1Damage": "2d+1",
  "status1Defense": "4",
  "status1Evasion": "5",
  "status1EvasionFix": 12,
  "status1Hp": "29",
  "status1Mp": "36",
  "status1Style": "Staff",
  "statusNum": 1,
  "taxa": "Humanoid",
  "type": "m",
  "unitStatus": {
    "Staff:HP": "29/29",
    "Staff:MP": "36"
  },
  "unitExceptStatus": {
    "HP": 1,
    "MP": 1,
    "Defense": 1
  },
  "loots1Num": "2～3",
  "loots1Item": "None",
  "loots2Num": "4～7",
  "loots2Item": "Bag of Silver (50G) x 1d",
  "loots3Num": "8～10",
  "loots3Item": "Bag of Silver (100G) x 1d",
  "loots4Num": "11+",
  "loots4Item": "Gem (150G/Gold A) x 1d",
  "fortitude": "7",
  "willpower": "8"
}