{
  "description": "<p>A mythical beast, combining the appearance of a bird with that of a beautiful woman. Quietly interacting with Humans since the Magic Civilization period, Deela Harpy now lives deep in mountains and forests. If one happens to know either the Arcana or Elven languages, it is quite possible to converse with Deela Harpy.</p><p>Often mild-mannered, a Deela Harpy avoids fights with Humanoids unless there is a compelling reason to do so. In addition, some prefer reading to talking, and some carry manuscripts of books dating back to the Magic Civilization period.</p>",
  "disposition": "Neutral",
  "habitat": "Forests, Mountain",
  "initiative": "11",
  "intellect": "Average",
  "language": "Elven, Arcana",
  "lootsNum": 2,
  "monsterName": "Deela Harpy",
  "mndResist": "5",
  "vitResist": "5",
  "lv": "3",
  "parts": "",
  "coreParts": "",
  "mobility": "13/26(Flying)",
  "mode": "save",
  "paletteInsertType": "exchange",
  "paletteRemoveTags": "1",
  "paletteTool": "bcdice",
  "paletteUseBuff": "1",
  "paletteUseVar": "1",
  "partsNum": 1,
  "perception": "Five senses (Darkvision)",
  "reputation": "8",
  "reputation+": "14",
  "weakness": "Physical damage +2 points",
  "result": "OK",
  "sheetDescriptionM": "分類:Mythical Beast　知能:Average　知覚:Five senses (Darkvision)　反応:Neutral\n言語:Elven, Arcana　生息地:Forests, Mountain\n弱点:Physical damage +2 points\n先制値:11　生命抵抗力:5（12）　精神抵抗力:5（12）",
  "sheetDescriptionS": "分類:Mythical Beast\n弱点:Physical damage +2 points\n先制値:11　生命抵抗力:5（12）　精神抵抗力:5（12）",
  "sin": "0",
  "skills": "<p><strong>►Enchanting Song / 3 (10) / Willpower / Negates</strong></p><p>Deela Harpy sings a song with \"Range/Area: 2 (20m) / Target\" to \"Target: 1 Character\". The target obeys Deela Harpy's commands in the song's lyrics.The commands must be in a language that the target understands. The commands must be simple, and the target will not obey any commands to harm themselves.This effect is treated as Psychic (Weak) type.</p>",
  "status1Accuracy": "4",
  "status1AccuracyFix": 11,
  "status1Damage": "2d",
  "status1Defense": "2",
  "status1Evasion": "5",
  "status1EvasionFix": 12,
  "status1Hp": "24",
  "status1Mp": "21",
  "status1Style": "Claws",
  "statusNum": 1,
  "taxa": "Mythical Beast",
  "type": "m",
  "unitStatus": {
    "Claws:HP": "24/24",
    "Claws:MP": "21"
  },
  "unitExceptStatus": {
    "HP": 1,
    "MP": 1,
    "Defense": 1
  },
  "loots1Num": "2～9",
  "loots1Item": "None",
  "loots2Num": "10+",
  "loots2Item": "Arcana-Language Book (170G/White A) x 1d",
  "fortitude": "5",
  "willpower": "5"
}