{
  "description": "<p>A variant of Gremlin (see CR I, p. 397 or ML, p. 72), these Barbarous have strikingly purple skin. They are also a bit larger than their kin, ending up roughly the size of a human child.</p><p>Deep Gremlins are also much more brutally cunning, going above and beyond what would normally be considered harmless pranks. For example, a Deep Gremlin \"prank\" will see them kill some livestock, [Disguise] itself as one of the dying animals, and call out to human children in order to scare and terrify them.</p>",
  "disposition": "Hostile",
  "habitat": "Plateaus, Mountains",
  "initiative": "11",
  "intellect": "Average",
  "language": "Trade Common, Barbaric, Youma",
  "lootsNum": 3,
  "monsterName": "Deep Gremlin",
  "mndResist": "5",
  "vitResist": "4",
  "lv": "4",
  "parts": "",
  "coreParts": "",
  "mobility": "10/18 (Flying)",
  "mode": "save",
  "paletteInsertType": "exchange",
  "paletteRemoveTags": "1",
  "paletteTool": "bcdice",
  "paletteUseBuff": "1",
  "paletteUseVar": "1",
  "partsNum": 1,
  "perception": "Five Senses (Darkvision)",
  "reputation": "8",
  "reputation+": "13",
  "weakness": "Wind-type damage +3",
  "result": "OK",
  "sheetDescriptionM": "分類:Barbarous　知能:Average　知覚:Five Senses (Darkvision)　反応:Hostile\n言語:Trade Common, Barbaric, Youma　生息地:Plateaus, Mountains\n弱点:Wind-type damage +3\n先制値:11　生命抵抗力:4（11）　精神抵抗力:5（12）",
  "sheetDescriptionS": "分類:Barbarous\n弱点:Wind-type damage +3\n先制値:11　生命抵抗力:4（11）　精神抵抗力:5（12）",
  "sin": "1",
  "skills": "<p><strong>►Spiritualism Magic 4 Level/Magic Power 6 (13)</strong></p><p></p><p><strong>◯Flight</strong></p><p>A Deep Gremlin receives a +1 bonus to Accuracy and Evasion only for melee attacks.</p>",
  "status1Accuracy": "4",
  "status1AccuracyFix": 11,
  "status1Damage": "2d",
  "status1Defense": "0",
  "status1Evasion": "6",
  "status1EvasionFix": 13,
  "status1Hp": "27",
  "status1Mp": "27",
  "status1Style": "Bite",
  "statusNum": 1,
  "taxa": "Barbarous",
  "type": "m",
  "unitStatus": {
    "Bite:HP": "27/27",
    "Bite:MP": "27"
  },
  "unitExceptStatus": {
    "HP": 1,
    "MP": 1,
    "Defense": 1
  },
  "loots1Num": "2～6",
  "loots1Item": "None",
  "loots2Num": "7～10",
  "loots2Item": "Strange Necklace (160G/White A)",
  "loots3Num": "11+",
  "loots3Item": "Beautiful Necklace (300G/Gold White A)",
  "fortitude": "4",
  "willpower": "5"
}