{
  "description": "<p>This sturdy Kagner is designed for transportation over rough terrain, such as mountains and wastelands. The extra fence to secure the Magitech to be transported is added to protect the Magitech even more firmly.</p>",
  "disposition": "Instructed",
  "habitat": "Ruins",
  "initiative": "11",
  "intellect": "Servant",
  "language": "Magitech",
  "lootsNum": 3,
  "monsterName": "Deg Kagner",
  "mndResist": "7",
  "vitResist": "7",
  "lv": "5",
  "parts": "",
  "coreParts": "",
  "mobility": "10 (Wheeled)",
  "mode": "save",
  "paletteInsertType": "exchange",
  "paletteRemoveTags": "1",
  "paletteTool": "bcdice",
  "paletteUseBuff": "1",
  "paletteUseVar": "1",
  "partsNum": 1,
  "perception": "Mechanical",
  "reputation": "12",
  "reputation+": "15",
  "weakness": "Lightning damage + 3 points",
  "result": "OK",
  "sheetDescriptionM": "分類:Magitech　知能:Servant　知覚:Mechanical　反応:Instructed\n言語:Magitech　生息地:Ruins\n弱点:Lightning damage + 3 points\n先制値:11　生命抵抗力:7（14）　精神抵抗力:7（14）",
  "sheetDescriptionS": "分類:Magitech\n弱点:Lightning damage + 3 points\n先制値:11　生命抵抗力:7（14）　精神抵抗力:7（14）",
  "sin": "0",
  "skills": "<p><strong>◯Mechanical Body</strong></p><p>It is immune to criticals from edged weapons.</p><p><strong>◯Mounted Magitech = 2 Characters</strong></p><p>Up to 2 Magitech characters (2 sections) can be mounted.</p><p><strong>◯Mounted Person Protection = +2 • +2</strong></p><p>A character mounted on this monster has a +2 bonus to Evasion checks against melee and ranged attacks.</p><p><strong>◯Poison Immunity, ◯Disease Immunity, ◯Psychic Type Immunity</strong></p><p></p><p><strong>◯Limited Healing</strong></p><p>Effects which can heal Magitech HP are very limited, and mostly come from Spiritualism Magic and some special items.Healing effects such as Divine Magic, Fairy Magic, and Nature Magic cannot restore a Magitech's HP.</p><p><strong>◯Can Be Detected</strong></p><p>Magitech can be detected with the [Sense Magic] spell and similar effects.</p>",
  "status1Accuracy": "7",
  "status1AccuracyFix": 14,
  "status1Damage": "2d+7",
  "status1Defense": "7",
  "status1Evasion": "7",
  "status1EvasionFix": 14,
  "status1Hp": "42",
  "status1Mp": "-",
  "status1Style": "Slam",
  "statusNum": 1,
  "taxa": "Magitech",
  "type": "m",
  "unitStatus": {
    "Slam:HP": "42/42",
    "Slam:MP": "-"
  },
  "unitExceptStatus": {
    "HP": 1,
    "MP": 1,
    "Defense": 1
  },
  "loots1Num": "Always",
  "loots1Item": "Iron (20G/Black B)",
  "loots2Num": "2～8",
  "loots2Item": "Crude Magitech Components (100G/Black White A)",
  "loots3Num": "9+",
  "loots3Item": "Magitech Components (300G/Black White A)",
  "fortitude": "7",
  "willpower": "7"
}