{
  "description": "<p>This is a giant scorpion that inhabits the deserts of the Alframe continent. Its body length, including the tail, exceeds 10 meters.</p><p>These lords of the desert usually lurk in the depths of the sand. When it recognizes an intruder in its territory, it approaches the intruder from the sand and kills it with a single strike of its deadly tail.</p><p>The shells are valuable as armor and building materials. Still, few people attempt to kill a living Desert Scorpion to steal it, instead obtaining it by searching for its rotting carcass in the desert or by picking up anything that falls by chance.</p>",
  "disposition": "Hungry",
  "habitat": "Desert",
  "initiative": "18",
  "intellect": "Animal",
  "language": "None",
  "lootsNum": 3,
  "monsterName": "Desert Scorpion",
  "mndResist": "12",
  "vitResist": "15",
  "lv": "11",
  "parts": "4 (Body / Right Pincer / Left Pincer / Tail)",
  "coreParts": "Body",
  "mobility": "25(Many Legs)/10(in sand)",
  "mode": "save",
  "paletteInsertType": "exchange",
  "paletteRemoveTags": "1",
  "paletteTool": "bcdice",
  "paletteUseBuff": "1",
  "paletteUseVar": "1",
  "partsNum": 4,
  "perception": "Five senses",
  "reputation": "17",
  "reputation+": "20",
  "weakness": "Physical Damage +2 points",
  "result": "OK",
  "sheetDescriptionM": "分類:Animal　知能:Animal　知覚:Five senses　反応:Hungry\n言語:None　生息地:Desert\n弱点:Physical Damage +2 points\n先制値:18　生命抵抗力:15（22）　精神抵抗力:12（19）",
  "sheetDescriptionS": "分類:Animal\n弱点:Physical Damage +2 points\n先制値:18　生命抵抗力:15（22）　精神抵抗力:12（19）",
  "sin": "0",
  "skills": "<p><strong>◯Many Legs</strong></p><p>It is not subject to penalties due to poor footing.</p><br><br><p><strong>◯Hide in the Sand</strong></p><p>If the character approaches within 15 meters of Desert Scorpion, if they fail the Danger Sense check with target number 18, they will receive a surprise attack (see CR I, p. 144).</p><p><strong>⏩Dusting Sand</strong></p><p>For 10 seconds (1 round), all attacks against all sections of this monster have a -1 penalty on Accuracy checks against them and Evasion checks against attacks from them. Characters with Magic perception are not affected by this.To use its ability, 5 points of HP must be consumed.</p><br><br><p><strong>🗨Decoy Attack II</strong></p><p>It gains -2 to Accuracy checks, but the damage is increased by +8 on hit.If the declared attack is evaded, the enemy receives a -2 penalty to Evasion checks for the next 10 seconds (1 round). This effect is cumulative up to -8 but is lost if the target fails an Evasion check even once.</p><br><br><p><strong>◯Dead Angle Attack</strong></p><p>If the Body section is the target of a melee attack, an Accuracy check by Tail can be performed instead of an Evasion check of the Body section. See [Counter] for the detail of the process, CR II, p. 209. In failure, the Body section suffers damage as with [Counter] feat.This ability can only be used once per 10 seconds (1 round).</p><p><strong>◯Poison/13 (20)/Fortitude/Negates</strong></p><p>If the Tail attack inflicts 1 or more applied damage, it inflicts 10 Poison magic damage to the target.</p>",
  "status1Accuracy": "13",
  "status1AccuracyFix": 20,
  "status1Damage": "2d+12",
  "status1Defense": "10",
  "status1Evasion": "13",
  "status1EvasionFix": 20,
  "status1Hp": "103",
  "status1Mp": "16",
  "status1Style": "Jaw (Body)",
  "status2Accuracy": "14",
  "status2AccuracyFix": 21,
  "status2Damage": "2d+10",
  "status2Defense": "9",
  "status2Evasion": "12",
  "status2EvasionFix": 19,
  "status2Hp": "78",
  "status2Mp": "12",
  "status2Style": "Pincer (Right)",
  "status3Accuracy": "14",
  "status3AccuracyFix": 21,
  "status3Damage": "2d+10",
  "status3Defense": "9",
  "status3Evasion": "12",
  "status3EvasionFix": 19,
  "status3Hp": "78",
  "status3Mp": "12",
  "status3Style": "Pincer (Left)",
  "status4Accuracy": "16",
  "status4AccuracyFix": 23,
  "status4Damage": "2d+11",
  "status4Defense": "8",
  "status4Evasion": "11",
  "status4EvasionFix": 18,
  "status4Hp": "71",
  "status4Mp": "11",
  "status4Style": "Tail (Tail)",
  "statusNum": 4,
  "taxa": "Animal",
  "type": "m",
  "unitStatus": {
    "Jaw (Body):HP": "103/103",
    "Jaw (Body):MP": "16",
    "Pincer (Right):HP": "78/78",
    "Pincer (Right):MP": "12",
    "Pincer (Left):HP": "78/78",
    "Pincer (Left):MP": "12",
    "Tail (Tail):HP": "71/71",
    "Tail (Tail):MP": "11"
  },
  "unitExceptStatus": {
    "HP": 4,
    "MP": 4,
    "Defense": 4
  },
  "loots1Num": "Always",
  "loots1Item": "Poison Stinger (100G/Red A)",
  "loots2Num": "2～11",
  "loots2Item": "Fine Scorpion Shell (250G/Red A)",
  "loots3Num": "12+",
  "loots3Item": "Large Scorpion Shell (2,200G/Red S)",
  "fortitude": "15",
  "willpower": "12"
}