{
  "description": "<p>This is a more experienced and mighty Diablo. While Diablos are elite Barbarous who are expected to lead the Barbarous, these lieutenants are often assistants or rangers rather than corps commanders.</p><p>They will appear as servants of the more powerful Diablos if the former. If the latter, they will often lead a small number of powerful Barbarous to raid Humanoid settlements.</p><p>Their human and Daemon forms are not comparable to that of Cadets. In particular, the Daemon form is covered with poisonous gas so foul that it can even hurt the lieutenant themself.</p><p>For the Daemon form of this monster, see Diablo Lieutenant (Daemon Form).</p>",
  "disposition": "Hostile",
  "habitat": "Wilderness, Shallow",
  "initiative": "18",
  "intellect": "High",
  "language": "Barbaric, Drakish, Daemonic",
  "lootsNum": 3,
  "monsterName": "Diablo Lieutenant (Human Form)",
  "mndResist": "13",
  "vitResist": "13",
  "lv": "10",
  "parts": "",
  "coreParts": "",
  "mobility": "20/20 (Flying)",
  "mode": "save",
  "paletteInsertType": "exchange",
  "paletteRemoveTags": "1",
  "paletteTool": "bcdice",
  "paletteUseBuff": "1",
  "paletteUseVar": "1",
  "partsNum": 1,
  "perception": "Five senses (Darkvision)",
  "reputation": "18",
  "reputation+": "21",
  "weakness": "Energy damage +3 points",
  "result": "OK",
  "sheetDescriptionM": "分類:Barbarous　知能:High　知覚:Five senses (Darkvision)　反応:Hostile\n言語:Barbaric, Drakish, Daemonic　生息地:Wilderness, Shallow\n弱点:Energy damage +3 points\n先制値:18　生命抵抗力:13（20）　精神抵抗力:13（20）",
  "sheetDescriptionS": "分類:Barbarous\n弱点:Energy damage +3 points\n先制値:18　生命抵抗力:13（20）　精神抵抗力:13（20）",
  "sin": "4",
  "skills": "<p><strong>◯Tough Skin</strong></p><p>Whenever it receives physical or magical damage of the Bludgeoning type, the damage is reduced by 3 points.</p><p><strong>◯Flight</strong></p><p>Receives a +1 bonus to Accuracy and Evasion only for melee attacks.</p><p><strong>◯Limited 2 Actions</strong></p><p>The monster can perform two Major Actions in one round. However, this is limited to one weapon melee attack and one [►Daemonic Eyes II] once each.It cannot use [🗨Cleave II] for that melee attack.</p><p><strong>🗨Cleave II</strong></p><p>It attacks with a weapon up to 5 characters within the skirmish in which it resides.</p><p><strong>►Daemonic Eyes II/Can't</strong></p><p>With a sharp look in its eyes, it makes shriveling enemies.With \"Range/Area: 1 (10m) / Target\", select any number of targets and deal each of them 3 curse fixed damage.Afterward, Diablo's HP is restored by the sum of all applied damage dealt to the targets.Using this ability consumes 3 points of MP per character targeted.</p><p><strong>⏩△Instant Daemonshift</strong></p><p>The character changes into the daemon form with Minor Actions or during Combat Preparation. For the data, see Diablo Lieutenant (Daemon Form). HP and MP are restored to their maximum values, and all effects of magic, etc., are negated. In the turn in which this unique skill is performed, only the Body section of the Daemon Form is treated as having completed the Major Action, and the Head section can make it this turn.[⏩△Instant Daemonshift] cannot be used for 3 hours immediately after the [►Humanification] was used. Also, [►Humanification] cannot be used for 1 hour immediately after [⏩△Instant Daemonshift] was used.</p>",
  "status1Accuracy": "13",
  "status1AccuracyFix": 20,
  "status1Damage": "2d+13",
  "status1Defense": "9",
  "status1Evasion": "12",
  "status1EvasionFix": 19,
  "status1Hp": "96",
  "status1Mp": "58",
  "status1Style": "Weapon",
  "statusNum": 1,
  "taxa": "Barbarous",
  "type": "m",
  "unitStatus": {
    "Weapon:HP": "96/96",
    "Weapon:MP": "58"
  },
  "unitExceptStatus": {
    "HP": 1,
    "MP": 1,
    "Defense": 1
  },
  "loots1Num": "Always",
  "loots1Item": "Abyss Shard (200G) x 2",
  "loots2Num": "2～8",
  "loots2Item": "Black Gem (300G/Gold A) x 1d",
  "loots3Num": "9+",
  "loots3Item": "Jet-Black Gem (2,200G/Gold S) x 2",
  "fortitude": "13",
  "willpower": "13"
}