{
  "description": "<p>This is a giant Diablo Cadet. Its form is reminiscent of a Daemon, and it is more powerful for it. It symbolizes awe for both the Humanoid and the Barbarous and is the cause of why Diablos are feared. The fear is also heightened by the giant Diablo becoming more aggressive and brutal.</p><p>However, after taking this form and releasing it, they cannot Daemonshift again for some time.</p><p>For the Human form of this monster, see Diablo Cadet (Human Form).</p>",
  "disposition": "Hostile",
  "habitat": "Wasteland, Shallow",
  "initiative": "14",
  "intellect": "High",
  "language": "Barbaric, Daemonic",
  "lootsNum": 4,
  "monsterName": "Diablo Cadet (Daemon Form)",
  "mndResist": "9",
  "vitResist": "9",
  "lv": "6",
  "parts": "2 (Head/Body)",
  "coreParts": "Head",
  "mobility": "20/20 (Flying)",
  "mode": "save",
  "paletteInsertType": "exchange",
  "paletteRemoveTags": "1",
  "paletteTool": "bcdice",
  "paletteUseBuff": "1",
  "paletteUseVar": "1",
  "partsNum": 2,
  "perception": "Five senses (Darkvision)",
  "reputation": "14",
  "reputation+": "17",
  "weakness": "Energy type damage +3 points",
  "result": "OK",
  "sheetDescriptionM": "分類:Barbarous　知能:High　知覚:Five senses (Darkvision)　反応:Hostile\n言語:Barbaric, Daemonic　生息地:Wasteland, Shallow\n弱点:Energy type damage +3 points\n先制値:14　生命抵抗力:9（16）　精神抵抗力:9（16）",
  "sheetDescriptionS": "分類:Barbarous\n弱点:Energy type damage +3 points\n先制値:14　生命抵抗力:9（16）　精神抵抗力:9（16）",
  "sin": "4",
  "skills": "<p><strong>◯Tough Skin</strong></p><p>Whenever it receives physical or magical damage of the bludgeoning type, it is reduced by -3 points.</p><br><br><p><strong>►Daemonic Eyes/Can't</strong></p><p>With a sharp look in its eyes, it shrivels enemies.With \"Range/Area: 1 (10m) / Target\", select any number of targets and deal each of them 2 curse magic damage. Afterward, Diablo's HP is restored by the sum of all applied damage dealt to the targets.Using this ability consumes 2 points of MP per character targeted.</p><p><strong>►Chain of Curses/8 (15)/Willpower/Half</strong></p><p>Diablo injures themselves to curse an enemy.They can select an arbitrary number of targets with \"Range: 1 (10m)\" and \"Area: Target\" and deal each of them 2d+6 Curse magic damage.To use this ability, 8 points of HP and 4 points of MP per number of targets must be consumed (HP consumption is always 8 points, regardless of the number of targets).</p><br><br><p><strong></strong></p><p>All sections receive a +1 bonus to Accuracy and Evasion only for melee attacks.If the Body section falls to 0 HP or lower, this unique skill cannot be used.</p><p><strong>🗨Cleave I</strong></p><p>It can attack up to 3 characters within reach with melee attacks, but the damage will be reduced by -3. If more than one is hit, the damage is determined individually.</p><p><strong>►Humanification</strong></p><p>It changes into its Human form. For data on the Human form, refer to Diablo Cadet (Human Form). If the Body section has suffered HP or MP damage or has been affected by magic or other effects, these are carried over to the Human form. If its HP is less than 0 after this transfer, it immediately falls unconscious.[►Humanification] cannot be used for 1 hour immediately after [►Daemonshift] was used. Also, [►Daemonshift] cannot be used for 3 hours immediately after the [►Humanification] was used.</p>",
  "status1Accuracy": "7",
  "status1AccuracyFix": 14,
  "status1Damage": "2d+7",
  "status1Defense": "4",
  "status1Evasion": "7",
  "status1EvasionFix": 14,
  "status1Hp": "44",
  "status1Mp": "26",
  "status1Style": "Bite (Head)",
  "status2Accuracy": "8",
  "status2AccuracyFix": 15,
  "status2Damage": "2d+9",
  "status2Defense": "6",
  "status2Evasion": "6",
  "status2EvasionFix": 13,
  "status2Hp": "36",
  "status2Mp": "15",
  "status2Style": "Weapon (Body)",
  "statusNum": 2,
  "taxa": "Barbarous",
  "type": "m",
  "unitStatus": {
    "Bite (Head):HP": "44/44",
    "Bite (Head):MP": "26",
    "Weapon (Body):HP": "36/36",
    "Weapon (Body):MP": "15"
  },
  "unitExceptStatus": {
    "HP": 2,
    "MP": 2,
    "Defense": 2
  },
  "loots1Num": "Always",
  "loots1Item": "Abyss Shard (200G) x 1d",
  "loots2Num": "2～5",
  "loots2Item": "Black Gem (300G/Gold A)",
  "loots3Num": "6～9",
  "loots3Item": "Black Gem (300G/Gold A) x 2",
  "loots4Num": "10+",
  "loots4Item": "Black Gem (300G/Gold A) x 1d",
  "fortitude": "9",
  "willpower": "9"
}