{
  "description": "<p>This is the Daemon form of the Diablo Lieutenant (Human Form).</p>",
  "disposition": "Hostile",
  "habitat": "Wilderness, Shallow",
  "initiative": "19",
  "intellect": "High",
  "language": "Barbaric, Drakish, Daemonic",
  "lootsNum": 4,
  "monsterName": "Diablo Lieutenant (Daemon Form)",
  "mndResist": "14",
  "vitResist": "14",
  "lv": "11",
  "parts": "2 (Head / Body)",
  "coreParts": "Head",
  "mobility": "20/20 (Flying)",
  "mode": "save",
  "paletteInsertType": "exchange",
  "paletteRemoveTags": "1",
  "paletteTool": "bcdice",
  "paletteUseBuff": "1",
  "paletteUseVar": "1",
  "partsNum": 2,
  "perception": "Five senses (Darkvision)",
  "reputation": "19",
  "reputation+": "22",
  "weakness": "Energy damage +3",
  "result": "OK",
  "sheetDescriptionM": "分類:Barbarous　知能:High　知覚:Five senses (Darkvision)　反応:Hostile\n言語:Barbaric, Drakish, Daemonic　生息地:Wilderness, Shallow\n弱点:Energy damage +3\n先制値:19　生命抵抗力:14（21）　精神抵抗力:14（21）",
  "sheetDescriptionS": "分類:Barbarous\n弱点:Energy damage +3\n先制値:19　生命抵抗力:14（21）　精神抵抗力:14（21）",
  "sin": "4",
  "skills": "<p><strong>◯Tough Skin</strong></p><p>Whenever it receives physical or magical damage of the Bludgeoning type, the damage is reduced by 3 points.</p><br><br><p><strong>◯Limited 2 Actions</strong></p><p>The monster can perform two Major Actions in one round. However, the monster must choose two different actions from the melee attack, [►Daemonic Eyes II] or [►Spray of Evil].</p><p><strong>►Daemonic Eyes II/Can't</strong></p><p>With a sharp look in its eyes, it makes shriveling enemies.With \"Range/Area: 1 (10m)/Target\", select any number of targets and deal each of them 3 curse fixed damage.Afterward, Diablo's HP is restored by the sum of all applied damage dealt to the targets.Using this ability consumes 3 points of MP per character targeted.</p><p><strong>►Evil Spray/14 (21)/Willpower/Half</strong></p><p>With \"Range: Self\" and \"Target: 2-3 areas (10m Radius)\", it releases a cursed spray and deals 2d+11 curse magic damage to the target.This effect can exclude any character from the target except itself. It never removes itself, but the resistance is always treated as a success.</p><br><br><p><strong>◯Flight</strong></p><p>Receives a +1 bonus to Accuracy and Evasion only for melee attacks.If the Body section falls to 0 HP or lower, this unique skill cannot be used.</p><p><strong>🗨Cleave II</strong></p><p>It attacks with a weapon up to 5 characters within the skirmish in which it resides.</p><p><strong>►Humanification</strong></p><p>It changes to the Human form. For data on the Human form, refer to Diablo Lieutenant (Human Form). If the Body section has suffered HP or MP damage or has been affected by magic or other effects, these are carried over to the Human form. If its HP is less than 0, it immediately falls unconscious.[►Humanification] cannot be used for 1 hour immediately after [⏩△Instant Daemonshift] was used. Also, [⏩△Instant Daemonshift] cannot be used for 3 hours immediately after the [►Humanification] was used.</p>",
  "status1Accuracy": "13",
  "status1AccuracyFix": 20,
  "status1Damage": "2d+13",
  "status1Defense": "9",
  "status1Evasion": "12",
  "status1EvasionFix": 19,
  "status1Hp": "104",
  "status1Mp": "53",
  "status1Style": "Bite (Head)",
  "status2Accuracy": "14",
  "status2AccuracyFix": 21,
  "status2Damage": "2d+16",
  "status2Defense": "11",
  "status2Evasion": "11",
  "status2EvasionFix": 18,
  "status2Hp": "86",
  "status2Mp": "38",
  "status2Style": "Weapon (Body)",
  "statusNum": 2,
  "taxa": "Barbarous",
  "type": "m",
  "unitStatus": {
    "Bite (Head):HP": "104/104",
    "Bite (Head):MP": "53",
    "Weapon (Body):HP": "86/86",
    "Weapon (Body):MP": "38"
  },
  "unitExceptStatus": {
    "HP": 2,
    "MP": 2,
    "Defense": 2
  },
  "loots1Num": "Always",
  "loots1Item": "Abyss Shard (200G) x 2",
  "loots2Num": "2～7",
  "loots2Item": "Black Gem (300G/Gold A) x 1d",
  "loots3Num": "8～12",
  "loots3Item": "Jet-Black Gem (2,200G/Gold S) x 2",
  "loots4Num": "13+",
  "loots4Item": "True Dark Gem (4,900G/Gold S)",
  "fortitude": "14",
  "willpower": "14"
}