{
  "description": "<p>This is the Daemon form of the Diablo Captain (Human Form).</p>",
  "disposition": "Hostile",
  "habitat": "Wilderness, Shallows",
  "initiative": "24",
  "intellect": "High",
  "language": "Barbaric, Drakish, Daemonic",
  "lootsNum": 4,
  "monsterName": "Diablo Captain (Daemon Form)",
  "mndResist": "20",
  "vitResist": "20",
  "lv": "16",
  "parts": "3 (Head / Right Side / Left Side)",
  "coreParts": "Head",
  "mobility": "25/25(Flying)",
  "mode": "save",
  "paletteInsertType": "exchange",
  "paletteRemoveTags": "1",
  "paletteTool": "bcdice",
  "paletteUseBuff": "1",
  "paletteUseVar": "1",
  "partsNum": 3,
  "perception": "Five senses (Darkvision)",
  "reputation": "24",
  "reputation+": "27",
  "weakness": "Energy damage +3 points",
  "result": "OK",
  "sheetDescriptionM": "分類:Barbarous　知能:High　知覚:Five senses (Darkvision)　反応:Hostile\n言語:Barbaric, Drakish, Daemonic　生息地:Wilderness, Shallows\n弱点:Energy damage +3 points\n先制値:24　生命抵抗力:20（27）　精神抵抗力:20（27）",
  "sheetDescriptionS": "分類:Barbarous\n弱点:Energy damage +3 points\n先制値:24　生命抵抗力:20（27）　精神抵抗力:20（27）",
  "sin": "4",
  "skills": "<p><strong>◯Tough Skin</strong></p><p>Whenever it receives physical or magical damage of the bludgeoning type, it is reduced by -3 points.</p><br><br><p><strong>◯Limited 2 Actions</strong></p><p>The monster can perform two Major Actions in one round. However, the monster must choose two different actions from the melee attack, [►Daemonic Eyes III] or [►Daemonic Cursed Rain].</p><p><strong>►Daemonic Eyes III/Can't</strong></p><p>Same as for Diablo Captain (Human Form).</p><p><strong>►Daemonic Cursed Rain/20 (27)/Willpower/Half</strong></p><p>First, the Head must spend 10 points of MP to use this ability. Then, roll 2d, and calculate the Intensity of the effect as \"roll + 5\".The Diablo Captain receives fixed damage of Intensity points, and at the same time, at \"Range: Caster\" and \"Target: All Areas (30m Radius)/All\" receive \"Intensity x 3\" curse magical damage. Any character within this range can be excluded from the target.</p><p><strong>►Humanification</strong></p><p>It changes to the Human form. For data on the Human form, refer to Diablo Captain (Human Form). If the Head section has suffered HP or MP damage or has been affected by magic or other effects, these are carried over to the Human form. If its HP is less than 0, it immediately falls unconscious.[►Humanification] cannot be used for 1 hour immediately after [⏩△Instant Daemonshift] was used. Also, [⏩△Instant Daemonshift] cannot be used for 3 hours immediately after the [►Humanification] was used.</p><br><br><p><strong>◯Flight II</strong></p><p>All sections receive a +2 bonus to Accuracy and Evasion only for melee attacks.If either the Right Side or Left Side section falls to 0 HP or lower, this unique skill cannot be used.</p><p><strong>🗨Cleave II</strong></p><p>It attacks with a weapon up to 5 characters within the skirmish in which it resides.</p><br><br><p><strong>◯Daemons Strengthening</strong></p><p>All Daemon monsters within \"Range: Self\" and \"Target: All Areas(30m Radius)/All\" receive a +2 bonus on all action checks except Evasion checks, and the physical and magic damage they cause is increased by +2 points.</p><br><br><p><strong>◯Barbarous Strengthening</strong></p><p>All Barbarous monsters (except this monster) within \"Range: Self\" and \"Target: All Areas(30m Radius)/All\" receive a +2 bonus on all action checks except Evasion checks, and the physical and magic damage they cause is increased by +2 points.</p>",
  "status1Accuracy": "20",
  "status1AccuracyFix": 27,
  "status1Damage": "2d+22",
  "status1Defense": "14",
  "status1Evasion": "19",
  "status1EvasionFix": 26,
  "status1Hp": "141",
  "status1Mp": "83",
  "status1Style": "Bite (Head)",
  "status2Accuracy": "21",
  "status2AccuracyFix": 28,
  "status2Damage": "2d+20",
  "status2Defense": "16",
  "status2Evasion": "17",
  "status2EvasionFix": 24,
  "status2Hp": "118",
  "status2Mp": "39",
  "status2Style": "Weapon (Right Side)",
  "status3Accuracy": "21",
  "status3AccuracyFix": 28,
  "status3Damage": "2d+20",
  "status3Defense": "16",
  "status3Evasion": "17",
  "status3EvasionFix": 24,
  "status3Hp": "118",
  "status3Mp": "39",
  "status3Style": "Weapon (Left Side)",
  "statusNum": 3,
  "taxa": "Barbarous",
  "type": "m",
  "unitStatus": {
    "Bite (Head):HP": "141/141",
    "Bite (Head):MP": "83",
    "Weapon (Right Side):HP": "118/118",
    "Weapon (Right Side):MP": "39",
    "Weapon (Left Side):HP": "118/118",
    "Weapon (Left Side):MP": "39"
  },
  "unitExceptStatus": {
    "HP": 3,
    "MP": 3,
    "Defense": 3
  },
  "loots1Num": "Always",
  "loots1Item": "Abyss Shard (200G) x 2d",
  "loots2Num": "2～4",
  "loots2Item": "Jet-Black Gem (2,200G/Gold S)",
  "loots3Num": "5～11",
  "loots3Item": "True Dark Gem (4,900G/Gold S)",
  "loots4Num": "12+",
  "loots4Item": "Abyssal Treasure (15,500G/Gold SS)",
  "fortitude": "20",
  "willpower": "20"
}