{
  "description": "<p>This is a Diablo who has led an army through age and many combat experiences.</p><p>They are a skilled commander of Barbarous and Daemons and is a master of drawing out their strengths, sometimes leading the troops, but they are also devoted to the training of young Diablos. They have a broad perspective on the expansion of Barbarous as a whole. Therefore, they are not only at odds with Humanoids but also often engage in strategic bargaining and political dealings.</p><p>When transformed into the daemon form, they expose their true ferociousness and destroy their enemies with their fighting instincts.</p><p>For the Daemon form of this monster, see Diablo Captain (Daemon Form).</p>",
  "disposition": "Hostile",
  "habitat": "Wilderness, Shallows",
  "initiative": "24",
  "intellect": "High",
  "language": "Barbaric, Drakish, Daemonic",
  "lootsNum": 4,
  "monsterName": "Diablo Captain (Human Form)",
  "mndResist": "19",
  "vitResist": "19",
  "lv": "15",
  "parts": "",
  "coreParts": "",
  "mobility": "25/25(Flying)",
  "mode": "save",
  "paletteInsertType": "exchange",
  "paletteRemoveTags": "1",
  "paletteTool": "bcdice",
  "paletteUseBuff": "1",
  "paletteUseVar": "1",
  "partsNum": 1,
  "perception": "Five senses (Darkvision)",
  "reputation": "23",
  "reputation+": "26",
  "weakness": "Energy damage +3 points",
  "result": "OK",
  "sheetDescriptionM": "分類:Barbarous　知能:High　知覚:Five senses (Darkvision)　反応:Hostile\n言語:Barbaric, Drakish, Daemonic　生息地:Wilderness, Shallows\n弱点:Energy damage +3 points\n先制値:24　生命抵抗力:19（26）　精神抵抗力:19（26）",
  "sheetDescriptionS": "分類:Barbarous\n弱点:Energy damage +3 points\n先制値:24　生命抵抗力:19（26）　精神抵抗力:19（26）",
  "sin": "4",
  "skills": "<p><strong>◯Tough Skin</strong></p><p>Whenever it receives physical or magical damage of the bludgeoning type, it is reduced by -3 points.</p><p><strong>◯Flight II</strong></p><p>Receives a +2 bonus to Accuracy and Evasion only for melee attacks.</p><p><strong>◯Limited 2 Actions</strong></p><p>The monster can perform two Major Actions in one round. However, this is limited to one weapon melee attack and one [►Daemonic Eyes III] once each.It cannot use [🗨Cleave II] for that melee attack.</p><p><strong>🗨Cleave II</strong></p><p>It attacks with a weapon up to 5 characters within the skirmish in which it resides.</p><p><strong>►Daemonic Eyes III/Can't</strong></p><p>With a sharp look in its eyes, it makes shriveling enemies.With \"Range/Area: 2 (30m) / Target\", select any number of targets and deal 10 curse fixed damage each. Afterward, Diablo's HP is restored by the sum of all applied damage dealt to the targets.Using this ability consumes 4 points of MP per character targeted.</p><p><strong>◯Barbarous and Daemons Strengthening</strong></p><p>All Barbarous and Daemon monsters except for the Diablo Captain within \"Range: Self\" and \"Target: All Areas (30m Radius) / All\" receive a +2 bonus on all action checks except Evasion checks, and the physical and magic damage they cause is increased by +2 points.</p><p><strong>⏩△Instant Daemonshift</strong></p><p>The character changes into the daemon form with Minor Actions or during Combat Preparation. For the data, see Diablo Captain (Daemon Form). HP and MP are restored to their maximum values, and all effects of magic, etc., are negated. In the turn in which this unique skill is performed, only the Head section of the Daemon Form is treated as having completed the Major Action, and the Right Side and Left Side sections can make it this turn.[⏩△Instant Daemonshift] cannot be used for 3 hours immediately after the [►Humanification] was used. Also, [►Humanification] cannot be used for 1 hour immediately after [⏩△Instant Daemonshift] was used.</p>",
  "status1Accuracy": "19",
  "status1AccuracyFix": 26,
  "status1Damage": "2d+20",
  "status1Defense": "14",
  "status1Evasion": "18",
  "status1EvasionFix": 25,
  "status1Hp": "132",
  "status1Mp": "85",
  "status1Style": "Weapon",
  "statusNum": 1,
  "taxa": "Barbarous",
  "type": "m",
  "unitStatus": {
    "Weapon:HP": "132/132",
    "Weapon:MP": "85"
  },
  "unitExceptStatus": {
    "HP": 1,
    "MP": 1,
    "Defense": 1
  },
  "loots1Num": "Always",
  "loots1Item": "Abyss Shard (200G) x 5",
  "loots2Num": "2～5",
  "loots2Item": "Jet-Black Gem (2,200G/Gold S) x 2",
  "loots3Num": "6～12",
  "loots3Item": "True Dark Gem (4,900G/Gold S) x 2",
  "loots4Num": "13+",
  "loots4Item": "Abyssal Treasure (15,500G/Gold SS) x 2",
  "fortitude": "19",
  "willpower": "19"
}