{
  "description": "<p>It is said that this race was created at the end of the Magic Civilization Period as a result of a fusion experiment between Barbarous and Daemons. Known on the Alframe continent as the upper Barbarous along with Drakes, Cadets are young candidates for leadership.</p><p>They have blue-colored skin, large and prominent horns, and black jewels in which the mana is condensed in various body parts. Although they do not have wings, they are able to float with the power of their jewels. Their facial features resemble those of Humans and Elves, and they are intimidating and highly charismatic at the same time.</p><p>While flexible, their skin instantly hardens to protect the body against strong attacks, and sharp prongs extend from the shoulders, elbows, knuckles, and fingertips (the presence varies from individual to individual). These protrusions can be pulled out to create their own weapons (mainly swords and spears).</p><p>Diablos have the ability to transform into a form similar to that of a daemon. This transformation makes them twice their size and gives them incredible power.</p><p>With numerous Bolgs (see ML p. 75) and Goblins (see ML p. 73) in their ranks, they attack the Humanoid realm with their prowess and guile.</p><p>For the Daemon form of this monster, see Diablo Cadet (Daemon Form).</p>",
  "disposition": "Hostile",
  "habitat": "Wasteland, Shallow",
  "initiative": "13",
  "intellect": "High",
  "language": "Barbaric, Daemonic",
  "lootsNum": 4,
  "monsterName": "Diablo Cadet (Human Form)",
  "mndResist": "8",
  "vitResist": "8",
  "lv": "5",
  "parts": "",
  "coreParts": "",
  "mobility": "20/20 (Flying)",
  "mode": "save",
  "paletteInsertType": "exchange",
  "paletteRemoveTags": "1",
  "paletteTool": "bcdice",
  "paletteUseBuff": "1",
  "paletteUseVar": "1",
  "partsNum": 1,
  "perception": "Five senses (Darkvision)",
  "reputation": "13",
  "reputation+": "16",
  "weakness": "Energy type damage +3 points",
  "result": "OK",
  "sheetDescriptionM": "分類:Barbarous　知能:High　知覚:Five senses (Darkvision)　反応:Hostile\n言語:Barbaric, Daemonic　生息地:Wasteland, Shallow\n弱点:Energy type damage +3 points\n先制値:13　生命抵抗力:8（15）　精神抵抗力:8（15）",
  "sheetDescriptionS": "分類:Barbarous\n弱点:Energy type damage +3 points\n先制値:13　生命抵抗力:8（15）　精神抵抗力:8（15）",
  "sin": "4",
  "skills": "<p><strong>◯Tough Skin</strong></p><p>Whenever it receives physical or magical damage of the Bludgeoning type, it is reduced by -3 points.</p><p><strong>◯Flight</strong></p><p>Receives a +1 bonus to Accuracy and Evasion only for melee attacks.</p><p><strong>🗨Cleave I</strong></p><p>It can attack up to 3 characters within its reach with melee attacks, but the damage will be reduced by -3. If more than one is hit, the damage is determined individually.</p><p><strong>►Daemonic Eyes/Can't</strong></p><p>With a sharp look in its eyes, it can shrivel enemies.With \"Range/Area: 1 (10m)/Target,\" select any number of targets and deal each of them 2 Curse magic damage. Afterward, Diablo's HP is restored by the sum of all applied damage dealt to the targets.Using this ability consumes 2 points of MP per character targeted.</p><p><strong>►Daemonshift</strong></p><p>The character changes into a Daemon form. For data, see Diablo Cadet (Daemon Form). HP and MP are restored to their maximum values, and all effects of magic, etc., are negated. In the turn in which [►Daemonshift] is performed, only the Body section of the Daemon Form is treated as having completed a Major Action, and the Head section can make its own Major Action this turn.[►Daemonshift] cannot be used for 3 hours immediately after the [►Humanification] was used. Also, [►Humanification] cannot be used for 1 hour immediately after [►Daemonshift] was used.</p>",
  "status1Accuracy": "7",
  "status1AccuracyFix": 14,
  "status1Damage": "2d+7",
  "status1Defense": "4",
  "status1Evasion": "7",
  "status1EvasionFix": 14,
  "status1Hp": "42",
  "status1Mp": "23",
  "status1Style": "Weapon",
  "statusNum": 1,
  "taxa": "Barbarous",
  "type": "m",
  "unitStatus": {
    "Weapon:HP": "42/42",
    "Weapon:MP": "23"
  },
  "unitExceptStatus": {
    "HP": 1,
    "MP": 1,
    "Defense": 1
  },
  "loots1Num": "Always",
  "loots1Item": "Abyss Shard (200G)",
  "loots2Num": "2～6",
  "loots2Item": "Black Gem (300G/Gold A)",
  "loots3Num": "7～10",
  "loots3Item": "Black Gem (300G/Gold A) x 2",
  "loots4Num": "11+",
  "loots4Item": "Black Gem (300G/Gold A) x 1d",
  "fortitude": "8",
  "willpower": "8"
}