{
  "description": "<p>A Diadema is a construct that resembles a small Shallow Abyss. It appears as a sphere of blurred blackness, approximately 50 cm in size.</p><p>Using Summoning Arts to a limited extent, it attacks by temporarily manifesting a body part, such as Daemon's arms, from its center.</p><p>Today, it is recognized as a failed or residual product of Daemon research during the Magic Civilization Period.</p>",
  "disposition": "Hostile",
  "habitat": "Shallow",
  "initiative": "11",
  "intellect": "Average",
  "language": "Daemonic",
  "lootsNum": 2,
  "monsterName": "Diadema",
  "mndResist": "6",
  "vitResist": "5",
  "lv": "4",
  "parts": "",
  "coreParts": "",
  "mobility": "-/10 (Floating)",
  "mode": "save",
  "paletteInsertType": "exchange",
  "paletteRemoveTags": "1",
  "paletteTool": "bcdice",
  "paletteUseBuff": "1",
  "paletteUseVar": "1",
  "partsNum": 1,
  "perception": "Five senses (Darkvision)",
  "reputation": "11",
  "reputation+": "15",
  "weakness": "Accuracy +1",
  "result": "OK",
  "sheetDescriptionM": "分類:Construct　知能:Average　知覚:Five senses (Darkvision)　反応:Hostile\n言語:Daemonic　生息地:Shallow\n弱点:Accuracy +1\n先制値:11　生命抵抗力:5（12）　精神抵抗力:6（13）",
  "sheetDescriptionS": "分類:Construct\n弱点:Accuracy +1\n先制値:11　生命抵抗力:5（12）　精神抵抗力:6（13）",
  "sin": "0",
  "skills": "<p><strong>◯Attitude Control</strong></p><p>It cannot fall prone under any effect.</p><p><strong>►Summoning Arts 4 Level / Magic Power 6 (13)</strong></p><p></p><p><strong>◯Poison Immunity, ◯Disease Immunity, ◯Psychic Type Immunity</strong></p><p></p><p><strong>◯Limited Healing</strong></p><p>Effects which can heal Construct HP are very limited, and mostly come from Spiritualism Magic and some special items.Healing effects such as Divine Magic, Fairy Magic, and Nature Magic cannot restore a Construct's HP.</p><p><strong>◯Can Be Detected</strong></p><p>Constructs can be detected with the [Sense Magic] spell and similar effects.</p>",
  "status1Accuracy": "5",
  "status1AccuracyFix": 12,
  "status1Damage": "2d+4",
  "status1Defense": "3",
  "status1Evasion": "5",
  "status1EvasionFix": 12,
  "status1Hp": "28",
  "status1Mp": "24",
  "status1Style": "Arm",
  "statusNum": 1,
  "taxa": "Construct",
  "type": "m",
  "unitStatus": {
    "Arm:HP": "28/28",
    "Arm:MP": "24"
  },
  "unitExceptStatus": {
    "HP": 1,
    "MP": 1,
    "Defense": 1
  },
  "loots1Num": "2～8",
  "loots1Item": "None",
  "loots2Num": "9+",
  "loots2Item": "Daemon's Blood (100G/Red A)",
  "fortitude": "5",
  "willpower": "6"
}