{
  "description": "<p>This Magitech is designed as an installed trap that dampens the mana of an object that has been stepped into. It has a spherical body with four short legs.</p>",
  "disposition": "Instructed",
  "habitat": "Ruins",
  "initiative": "16",
  "intellect": "Servant",
  "language": "None",
  "lootsNum": 3,
  "monsterName": "Dimateravia",
  "mndResist": "11",
  "vitResist": "11",
  "lv": "9",
  "parts": "",
  "coreParts": "",
  "mobility": "5 (4 Legs)",
  "mode": "save",
  "paletteInsertType": "exchange",
  "paletteRemoveTags": "1",
  "paletteTool": "bcdice",
  "paletteUseBuff": "1",
  "paletteUseVar": "1",
  "partsNum": 1,
  "perception": "Mechanical",
  "reputation": "18",
  "reputation+": "21",
  "weakness": "Magic damage +2 points",
  "result": "OK",
  "sheetDescriptionM": "分類:Magitech　知能:Servant　知覚:Mechanical　反応:Instructed\n言語:None　生息地:Ruins\n弱点:Magic damage +2 points\n先制値:16　生命抵抗力:11（18）　精神抵抗力:11（18）",
  "sheetDescriptionS": "分類:Magitech\n弱点:Magic damage +2 points\n先制値:16　生命抵抗力:11（18）　精神抵抗力:11（18）",
  "sin": "0",
  "skills": "<p><strong>◯Mana Diffusion</strong></p><p>Whenever a character within \"All Areas (Radius 30m)\" of this monster's center performs an action that consumes MP, the amount of MP consumed is increased by +1 point. When doubled by [Metamagic/**] or a similar effect, the original MP consumption is increased by +1 point and then doubled.</p><p><strong>►Maximum Disturbance/11 (18)/Willpower/Negates</strong></p><p>With \"Range: Caster\" and \"Target: all areas (30m radius) / All,\" creates an area that inhibits the use of mana. Whenever the target performs an action that consumes MP, it takes the same amount of fixed damage to its HP.This effect is a curse type and lasts only for 10 seconds (1 round). Also, this unique skill cannot be used on consecutive turns.</p><p><strong>◯Poison Immunity, ◯Disease Immunity, ◯Psychic Type Immunity</strong></p><p></p><p><strong>◯Limited Healing</strong></p><p>Effects which can heal Magitech HP are very limited, and mostly come from Spiritualism Magic and some special items.Healing effects such as Divine Magic, Fairy Magic, and Nature Magic cannot restore a Magitech's HP.</p><p><strong>◯Can Be Detected</strong></p><p>Magitech can be detected with the [Sense Magic] spell and similar effects.</p>",
  "status1Accuracy": "11",
  "status1AccuracyFix": 18,
  "status1Damage": "2d+10",
  "status1Defense": "13",
  "status1Evasion": "11",
  "status1EvasionFix": 18,
  "status1Hp": "84",
  "status1Mp": "0",
  "status1Style": "Fist",
  "statusNum": 1,
  "taxa": "Magitech",
  "type": "m",
  "unitStatus": {
    "Fist:HP": "84/84",
    "Fist:MP": "0/0"
  },
  "unitExceptStatus": {
    "HP": 1,
    "MP": 1,
    "Defense": 1
  },
  "loots1Num": "Always",
  "loots1Item": "Iron (20G/Black B)",
  "loots2Num": "2～7",
  "loots2Item": "Rare Magitech Components (900G/Black White A)",
  "loots3Num": "8+",
  "loots3Item": "Mysterious Magitech Components (2,400G/Black White S)",
  "fortitude": "11",
  "willpower": "11"
}