{
  "description": "<p>This is a large false dragon, white-scaled, that inhabits the cold regions of the Alframe continent. It is about 3 meters long, with small forelimbs and hindlimbs for body support and a long tail for balance.</p><p>It has an organ that produces cold air in the body and can exhale it.</p><p>Their meat is edible and can be frozen and brought home using its cooling organs, making them the desired target for hunting.</p><p><em>For the mount version of this creature, see Dinos (mount).</em></p>",
  "disposition": "Hungry",
  "habitat": "Cold Region",
  "initiative": "10",
  "intellect": "Animal",
  "language": "None",
  "lootsNum": 4,
  "monsterName": "Dinos",
  "mndResist": "5",
  "vitResist": "7",
  "lv": "4",
  "parts": "2 (Head/Body)",
  "coreParts": "Head",
  "mobility": "13",
  "mode": "save",
  "paletteInsertType": "exchange",
  "paletteRemoveTags": "1",
  "paletteTool": "bcdice",
  "paletteUseBuff": "1",
  "paletteUseVar": "1",
  "partsNum": 2,
  "perception": "Five senses",
  "reputation": "9",
  "reputation+": "12",
  "weakness": "Bludgeoning type damage +3 points",
  "result": "OK",
  "sheetDescriptionM": "分類:Animal　知能:Animal　知覚:Five senses　反応:Hungry\n言語:None　生息地:Cold Region\n弱点:Bludgeoning type damage +3 points\n先制値:10　生命抵抗力:7（14）　精神抵抗力:5（12）",
  "sheetDescriptionS": "分類:Animal\n弱点:Bludgeoning type damage +3 points\n先制値:10　生命抵抗力:7（14）　精神抵抗力:5（12）",
  "sin": "0",
  "skills": "<p><strong>►Freezing Breath/5 (12)/Fortitude/Half</strong></p><p>Spits mass of cold air with \"Range/Area: 2 (20m) / Shot\" at \"Target: 1 Character\", dealing 2d+2 Water/Ice magic damage.This ability cannot be used on consecutive turns.</p><br><br><p><strong>◯Attack Obstacle = +4 • None</strong></p><p>Dinos' height prevents enemies from attacking their heads. The Head section receives a +4 bonus to Evasion checks against melee attacks.When the Body falls to 0 HP or lower, this effect disappears.</p>",
  "status1Accuracy": "6",
  "status1AccuracyFix": 13,
  "status1Damage": "2d+6",
  "status1Defense": "3",
  "status1Evasion": "5",
  "status1EvasionFix": 12,
  "status1Hp": "26",
  "status1Mp": "9",
  "status1Style": "Bite (Head)",
  "status2Accuracy": "7",
  "status2AccuracyFix": 14,
  "status2Damage": "2d+5",
  "status2Defense": "4",
  "status2Evasion": "5",
  "status2EvasionFix": 12,
  "status2Hp": "34",
  "status2Mp": "13",
  "status2Style": "Kick (Body)",
  "statusNum": 2,
  "taxa": "Animal",
  "type": "m",
  "unitStatus": {
    "Bite (Head):HP": "26/26",
    "Bite (Head):MP": "9",
    "Kick (Body):HP": "34/34",
    "Kick (Body):MP": "13"
  },
  "unitExceptStatus": {
    "HP": 2,
    "MP": 2,
    "Defense": 2
  },
  "loots1Num": "Always",
  "loots1Item": "Frozen Meat (90G/Red B)",
  "loots2Num": "2～7",
  "loots2Item": "None",
  "loots3Num": "8～12",
  "loots3Item": "False-dragon Scale (350G/Red A)",
  "loots4Num": "13+",
  "loots4Item": "Water Crystal (1,600G/Gold S)",
  "fortitude": "7",
  "willpower": "5"
}