{
  "description": "<p>Direach is a fairy in the form of a one-eyed giant. It has only one arm and one leg each, and its arm protrudes forward from its chest. From the top of the head to the back, black feathers roots grow together like a mane.</p><p>They are the guardians of the realm of the fairies and warn those who approach them with a loud and awe-inspiring voice. They wield a single- armed weapon, a club, a flail, or an axe without mercy if not heeded.</p>",
  "disposition": "Neutral",
  "habitat": "Secluded Regions, Alpine",
  "initiative": "19",
  "intellect": "Average",
  "language": "Sylvan",
  "lootsNum": 0,
  "monsterName": "Direach",
  "mndResist": "16",
  "vitResist": "17",
  "lv": "13",
  "parts": "",
  "coreParts": "",
  "mobility": "15(Leap)",
  "mode": "save",
  "paletteInsertType": "exchange",
  "paletteRemoveTags": "1",
  "paletteTool": "bcdice",
  "paletteUseBuff": "1",
  "paletteUseVar": "1",
  "partsNum": 1,
  "perception": "Five senses",
  "reputation": "17",
  "reputation+": "20",
  "weakness": "Accuracy +1",
  "result": "OK",
  "sheetDescriptionM": "分類:Fairy　知能:Average　知覚:Five senses　反応:Neutral\n言語:Sylvan　生息地:Secluded Regions, Alpine\n弱点:Accuracy +1\n先制値:19　生命抵抗力:17（24）　精神抵抗力:16（23）",
  "sheetDescriptionS": "分類:Fairy\n弱点:Accuracy +1\n先制値:19　生命抵抗力:17（24）　精神抵抗力:16（23）",
  "sin": "0",
  "skills": "<p><strong>◯Olden/Type: Earth & Wind/Magic Power 16 (23)</strong></p><p></p><p><strong>►Exclusive Spell [Sandstorm]</strong></p><p>Casts exclusive Fairy Magic [Sandstorm] (see below).</p><p><strong>◯🗨Magic Aptitude</strong></p><p>They can use the Combat Feats [Multi-Action], [Targeting], [Magic Convergence], [Magic Control], [Hawk Eye], [Universal Metamagic] and [Rune Master].</p><p><strong>◯Painful Strike</strong></p><p>If the 2d roll of the damage roll is 10 or more, the damage is increased by an additional +10 points.Exclusive Spell: Sandstorm</p><p><strong>Fairy Magic Type: Earth & Wind</strong></p><p></p><p><strong>Cost: MP12</strong></p><p></p><p><strong>Target: 1 area (6m radius) / 20</strong></p><p></p><p><strong>Range/Area: 2 (30m) / Target</strong></p><p></p><p><strong>Duration: Instant</strong></p><p></p><p><strong>Resistance: Half</strong></p><p></p><p><strong>Preparation Time: None</strong></p><p></p><p><strong>Casting Time: 1 Major Action</strong></p><p>A sandy storm blows within the area. The targeted character is dealt Power 20 + Magic Power magic damage, falls prone, and is blinded. If a monster has multiple sections and not all are targets, the monster will not fall prone or be blinded regardless of whether resistance is successful.A character whose perception is Magic will not be blinded. Blindness can be removed by wiping the eyes with a Minor Action, but the character must not be holding any weapon or item other than \"Stance: 1HW\" in their hand. This effect is Earth-type and Wind-type.</p>",
  "status1Accuracy": "18",
  "status1AccuracyFix": 25,
  "status1Damage": "2d+16",
  "status1Defense": "16",
  "status1Evasion": "15",
  "status1EvasionFix": 22,
  "status1Hp": "116",
  "status1Mp": "109",
  "status1Style": "Weapon",
  "statusNum": 1,
  "taxa": "Fairy",
  "type": "m",
  "unitStatus": {
    "Weapon:HP": "116/116",
    "Weapon:MP": "109"
  },
  "unitExceptStatus": {
    "HP": 1,
    "MP": 1,
    "Defense": 1
  },
  "fortitude": "17",
  "willpower": "16"
}