{
  "description": "<p>This species of Dolphin grows to around 3m long and is highly intelligent, able to speak its own language. While Dolphins often live in groups out in the seas and open ocean, they will rarely come to the coast and attempt to make contact with Humanoids.</p><p><em>For the mount version of this animal, see Dolphin (mount).</em></p>",
  "disposition": "Neutral",
  "habitat": "Sea, River",
  "initiative": "11",
  "intellect": "Average",
  "language": "Sea Animal",
  "lootsNum": 3,
  "monsterName": "Dolphin",
  "mndResist": "4",
  "vitResist": "4",
  "lv": "2",
  "parts": "",
  "coreParts": "",
  "mobility": "-/25 (Swimming)",
  "mode": "save",
  "paletteInsertType": "exchange",
  "paletteRemoveTags": "1",
  "paletteTool": "bcdice",
  "paletteUseBuff": "1",
  "paletteUseVar": "1",
  "partsNum": 1,
  "perception": "Five senses",
  "reputation": "6",
  "reputation+": "11",
  "weakness": "Fire damage +3 points",
  "result": "OK",
  "sheetDescriptionM": "分類:Animal　知能:Average　知覚:Five senses　反応:Neutral\n言語:Sea Animal　生息地:Sea, River\n弱点:Fire damage +3 points\n先制値:11　生命抵抗力:4（11）　精神抵抗力:4（11）",
  "sheetDescriptionS": "分類:Animal\n弱点:Fire damage +3 points\n先制値:11　生命抵抗力:4（11）　精神抵抗力:4（11）",
  "sin": "0",
  "skills": "<p><strong>◯Underwater</strong></p><p>It cannot move outside of the water and cannot act outside of the water, but it does not suffer any restrictions or penalties for actions in the water.</p>",
  "status1Accuracy": "4",
  "status1AccuracyFix": 11,
  "status1Damage": "2d+2",
  "status1Defense": "3",
  "status1Evasion": "3",
  "status1EvasionFix": 10,
  "status1Hp": "23",
  "status1Mp": "9",
  "status1Style": "Slam",
  "statusNum": 1,
  "taxa": "Animal",
  "type": "m",
  "unitStatus": {
    "Slam:HP": "23/23",
    "Slam:MP": "9"
  },
  "unitExceptStatus": {
    "HP": 1,
    "MP": 1,
    "Defense": 1
  },
  "loots1Num": "2～5",
  "loots1Item": "None",
  "loots2Num": "6～9",
  "loots2Item": "Pearl Fragments (50G/Gold Red B)",
  "loots3Num": "10+",
  "loots3Item": "Ocean Pearl (200G/Gold Red A)",
  "fortitude": "4",
  "willpower": "4"
}