{
  "description": "<p>Domovoy is a fairy of gentle disposition and has the appearance of an old man covered in thick body hair, including a long gray beard.</p><p>They hide in fireplaces and basements, secretly protecting the house and its inhabitants.</p><p>It is said that if a Domovoy loses the inhabitant it is supposed to protect or it was betrayed by them, it will start a fire. However, it does not always happen, and whether or not it does depends strongly on the character and feelings of the individual Domovoy. In this sense, it can be said that the probability of it occurring is higher when a long-time resident disappears or when it is betrayed.</p><p>On rare occasions, a Domovoy may be found alone in abandoned houses, having lost the inhabitant he was supposed to protect. It is said that if you guide them to their new home and its inhabitants with a lit firewood or torch, you will receive their deepest gratitude.</p>",
  "disposition": "Friendly",
  "habitat": "Ruins, Labyrinths",
  "initiative": "17",
  "intellect": "Average",
  "language": "Trade Common, Sylvan",
  "lootsNum": 0,
  "monsterName": "Domovoy",
  "mndResist": "14",
  "vitResist": "14",
  "lv": "11",
  "parts": "",
  "coreParts": "",
  "mobility": "15",
  "mode": "save",
  "paletteInsertType": "exchange",
  "paletteRemoveTags": "1",
  "paletteTool": "bcdice",
  "paletteUseBuff": "1",
  "paletteUseVar": "1",
  "partsNum": 1,
  "perception": "Five senses (Darkvision)",
  "reputation": "13",
  "reputation+": "19",
  "weakness": "Water/Ice damage + 3 points",
  "result": "OK",
  "sheetDescriptionM": "分類:Fairy　知能:Average　知覚:Five senses (Darkvision)　反応:Friendly\n言語:Trade Common, Sylvan　生息地:Ruins, Labyrinths\n弱点:Water/Ice damage + 3 points\n先制値:17　生命抵抗力:14（21）　精神抵抗力:14（21）",
  "sheetDescriptionS": "分類:Fairy\n弱点:Water/Ice damage + 3 points\n先制値:17　生命抵抗力:14（21）　精神抵抗力:14（21）",
  "sin": "0",
  "skills": "<p><strong>◯Olden/Type: Earth & Fire/Magic Power 14 (21)</strong></p><p></p><p><strong>◯🗨Magic Aptitude</strong></p><p>They can use the Combat Feats [Targeting], [Magic Convergence], [Magic Control], [Hawk Eye] and [Universal Metamagic].</p><p><strong>►Exclusive Spell [Ash Burn]</strong></p><p>Casts exclusive Fairy Magic [Ash Burn] (see below).</p><p><strong>◯House Guardian</strong></p><p>Only Domovoy, that has taken up residence in a house, has this ability. Those that have been moved or summoned from outside do not have this ability.The Domovoy lives in a house and guards it. The scope of the house here is defined by the GM but is broad enough to include the entirety of the housing complex; if it is an underground labyrinth, then the entire labyrinth, unless there are obvious structural changes.Domovoy has a Five Senses perception of everything within the scope of this house. As long as it is within the range of the house, Domovoy can manipulate the furnishings and equipment at will, as long as it does not cause direct damage to the character. Doors open (or close) on their own, candlesticks are suddenly lit, a table is inscribed with a puzzling message or any number of other strange incidents can be triggered. It can also make only its own voice heard from nowhere.The following [►Furniture Projectile] unique skill can be used only within the house.</p><p><strong>►Furniture Projectile/Various/Evasion/Negates</strong></p><p>The target must be a place or condition where the [○House Guardian] is active. Conversely, Domovoy itself can choose the target of this unique skill wherever it is located, as long as it is within the range of the ability of the [◯House Guardian] (so anyone within the house).Domovoy throws a piece of furniture at the 1 target character and deals physical damage. If the furniture is attached to a wall or floor, it cannot be thrown, but if it is attached to metal fixtures, it can be thrown. The distance from the furniture to the target must be in the line of fire, and the Accuracy check and the physical damage of the hit will vary depending on the furniture.</p>",
  "status1Accuracy": "14",
  "status1AccuracyFix": 21,
  "status1Damage": "2d+14",
  "status1Defense": "14",
  "status1Evasion": "13",
  "status1EvasionFix": 20,
  "status1Hp": "92",
  "status1Mp": "82",
  "status1Style": "Fist",
  "statusNum": 1,
  "taxa": "Fairy",
  "type": "m",
  "unitStatus": {
    "Fist:HP": "92/92",
    "Fist:MP": "82"
  },
  "unitExceptStatus": {
    "HP": 1,
    "MP": 1,
    "Defense": 1
  },
  "fortitude": "14",
  "willpower": "14"
}