{
  "description": "<p>Domsva is an armored humanoid Magitech soldier, standing tall at over 3 meters. Its thick armor is an impressive sight to behold.</p><p>Despite its slow and heavy appearance, it defies gravity with the ability to levitate on its legs, moving at surprising speeds. Its powerful knee kicks take advantage of its thrusting ability, allowing it to stand on water.</p><p>A master of combat, it wields a two-handed greatsword with great vigor and carries a large two-handed cannon, albeit with a small number of bullets.</p><p>In the Magitech civilization, it was revered as a defender of important bases and a fierce attacker of enemy camps, boasting unparalleled combat power.</p>",
  "disposition": "Instructed",
  "habitat": "Ruins, Caves",
  "initiative": "14",
  "intellect": "Servant",
  "language": "None",
  "lootsNum": 3,
  "monsterName": "Domsva",
  "mndResist": "10",
  "vitResist": "11",
  "lv": "8",
  "parts": "3 (Upper Body / Body / Legs)",
  "coreParts": "Body",
  "mobility": "15/15 (Floating)",
  "mode": "save",
  "paletteInsertType": "exchange",
  "paletteRemoveTags": "1",
  "paletteTool": "bcdice",
  "paletteUseBuff": "1",
  "paletteUseVar": "1",
  "partsNum": 3,
  "perception": "Mechanical",
  "reputation": "16",
  "reputation+": "19",
  "weakness": "Accuracy +1",
  "result": "OK",
  "sheetDescriptionM": "分類:Magitech　知能:Servant　知覚:Mechanical　反応:Instructed\n言語:None　生息地:Ruins, Caves\n弱点:Accuracy +1\n先制値:14　生命抵抗力:11（18）　精神抵抗力:10（17）",
  "sheetDescriptionS": "分類:Magitech\n弱点:Accuracy +1\n先制値:14　生命抵抗力:11（18）　精神抵抗力:10（17）",
  "sin": "0",
  "skills": "<p><strong>◯Mechanical Body</strong></p><p>It is immune to criticals from edged weapons.</p><p><strong>◯Poison Immunity, ◯Disease Immunity, ◯Psychic Type Immunity</strong></p><p></p><p><strong>◯Limited Healing</strong></p><p>Effects which can heal Magitech HP are very limited, and mostly come from Spiritualism Magic and some special items.Healing effects such as Divine Magic, Fairy Magic, and Nature Magic cannot restore a Magitech's HP.</p><p><strong>◯Can Be Detected</strong></p><p>Magitech can be detected with the [Sense Magic] spell and similar effects.</p><br><br><p><strong>►Portable Cannon/12 (19)/Evasion/Negates</strong></p><p>Domsva uses its cannon and makes a Shooting Attack with \"Range: 2 (30m)\", dealing 2d+8 points of magic damage.This ability can be used only twice, regardless of success or failure.</p><p><strong>🗨Cleave I</strong></p><p>It can attack up to 3 characters with melee attacks that can be reached, but the damage will be reduced by -3.</p><p><strong>🗨All-Out Attack</strong></p><p>A Weapon can deal an additional 8 damage on its next attack. However, any Evasion check made by this section this turn receives a -3 penalty.</p><br><br><p><strong>►Condemning Flash/10 (17)/Fortitude/Negates</strong></p><p>\"Target: 1 Character\" is blinded for 10 seconds (1 round) by a dazzling flash within \"Range: 1 (10m)\".If the HP of the Body section is less than half of the maximum value (rounded up), the [►Condemning Flash] can be used twice with one Major Action. The second target can be chosen after the result of the first one. If the first target resists, the same target can be selected again.</p><br><br><p><strong>◯Attack Obstacle = Impossible • Impossible</strong></p><p>Its Legs hinder the attack.The Body section cannot be attacked, whether melee or ranged.When the Legs fall to 0 HP or lower, this effect disappears.</p><p><strong>🗨Kneeguard Bash</strong></p><p>The target is attacked with armor at the knee joint. The Legs section gains a +2 bonus to Accuracy checks but deals -4 damage less.</p>",
  "status1Accuracy": "10",
  "status1AccuracyFix": 17,
  "status1Damage": "2d+12",
  "status1Defense": "9",
  "status1Evasion": "12",
  "status1EvasionFix": 19,
  "status1Hp": "85",
  "status1Mp": "-",
  "status1Style": "Weapon (Upper Body)",
  "status2Accuracy": "-",
  "status2AccuracyFix": null,
  "status2Damage": "-",
  "status2Defense": "9",
  "status2Evasion": "12",
  "status2EvasionFix": 19,
  "status2Hp": "85",
  "status2Mp": "-",
  "status2Style": "None (Body)",
  "status3Accuracy": "14",
  "status3AccuracyFix": 21,
  "status3Damage": "2d+15",
  "status3Defense": "11",
  "status3Evasion": "11",
  "status3EvasionFix": 18,
  "status3Hp": "95",
  "status3Mp": "-",
  "status3Style": "Kick (Legs)",
  "statusNum": 3,
  "taxa": "Magitech",
  "type": "m",
  "unitStatus": {
    "Weapon (Upper Body):HP": "85/85",
    "Weapon (Upper Body):MP": "-",
    "None (Body):HP": "85/85",
    "None (Body):MP": "-",
    "Kick (Legs):HP": "95/95",
    "Kick (Legs):MP": "-"
  },
  "unitExceptStatus": {
    "HP": 3,
    "MP": 3,
    "Defense": 3
  },
  "loots1Num": "Always",
  "loots1Item": "Magitech Components (300G/Black White A) x 3",
  "loots2Num": "2～9",
  "loots2Item": "None",
  "loots3Num": "10+",
  "loots3Item": "Mysterious Magitech Components (2,400G/Black White S)",
  "fortitude": "11",
  "willpower": "10"
}