{
  "description": "<p>This is a Construct disguised as a door in the corridors of labyrinths, ruins, and discarded mansions. Generally, they are responsible for repelling intruders, remaining completely motionless until an enemy approaches, at which point they attack as soon as they get close enough to open the door.</p>",
  "disposition": "Instructed",
  "habitat": "Ruins",
  "initiative": "10",
  "intellect": "Servant",
  "language": "None",
  "lootsNum": 3,
  "monsterName": "Door Limiter",
  "mndResist": "5",
  "vitResist": "5",
  "lv": "3",
  "parts": "",
  "coreParts": "",
  "mobility": "-/5 (Floating)",
  "mode": "save",
  "paletteInsertType": "exchange",
  "paletteRemoveTags": "1",
  "paletteTool": "bcdice",
  "paletteUseBuff": "1",
  "paletteUseVar": "1",
  "partsNum": 1,
  "perception": "Magic",
  "reputation": "9",
  "reputation+": "12",
  "weakness": "Physical damage +2 points",
  "result": "OK",
  "sheetDescriptionM": "分類:Construct　知能:Servant　知覚:Magic　反応:Instructed\n言語:None　生息地:Ruins\n弱点:Physical damage +2 points\n先制値:10　生命抵抗力:5（12）　精神抵抗力:5（12）",
  "sheetDescriptionS": "分類:Construct\n弱点:Physical damage +2 points\n先制値:10　生命抵抗力:5（12）　精神抵抗力:5（12）",
  "sin": "0",
  "skills": "<p><strong>◯Mimicry/11/Danger Sense/Negates</strong></p><p>It mimics a door. While mimicking, characters cannot perform a Monster Knowledge check on this monster. If the character approaches it unintentionally, they need to make a Danger check with target number 11, and if it fails, they will be surprised (see CR I, p. 144). Mimicry will be automatically ended once the monster starts to act.This monster can be detected with [Sense Magic].</p><p><strong>◯Throw</strong></p><p>If the melee attack hits, the target is knocked to the ground and falls prone.</p><p><strong>◯Poison Immunity, ◯Disease Immunity, ◯Psychic Type Immunity</strong></p><p></p><p><strong>◯Limited Healing</strong></p><p>Effects which can heal Construct HP are very limited, and mostly come from Spiritualism Magic and some special items.Healing effects such as Divine Magic, Fairy Magic, and Nature Magic cannot restore a Construct's HP.</p><p><strong>◯Can Be Detected</strong></p><p>Constructs can be detected with the [Sense Magic] spell and similar effects.</p>",
  "status1Accuracy": "5",
  "status1AccuracyFix": 12,
  "status1Damage": "2d+7",
  "status1Defense": "5",
  "status1Evasion": "3",
  "status1EvasionFix": 10,
  "status1Hp": "22",
  "status1Mp": "0",
  "status1Style": "Slam",
  "statusNum": 1,
  "taxa": "Construct",
  "type": "m",
  "unitStatus": {
    "Slam:HP": "22/22",
    "Slam:MP": "0/0"
  },
  "unitExceptStatus": {
    "HP": 1,
    "MP": 1,
    "Defense": 1
  },
  "loots1Num": "2～6",
  "loots1Item": "None",
  "loots2Num": "7～11",
  "loots2Item": "Magical Wood (200G/Gold Green A)",
  "loots3Num": "12+",
  "loots3Item": "Premium Magical Wood (500G/Gold Green A)",
  "fortitude": "5",
  "willpower": "5"
}