{
  "description": "<p>One of the high-rank daemons, a Doppelganger's base form, is that of a black-skinned giant 3m tall. A single red line splits the face where its mouth would be, but its face is otherwise featureless. This Daemon has the ability to shapeshift into any target it has observed, and its usual method is to kill the target, take its place, and enter the Humanoid society to plot secret evil, causing suspicion and confusion in the society.</p>",
  "disposition": "Hostile",
  "habitat": "Labyrinths, Ruins",
  "initiative": "21",
  "intellect": "High",
  "language": "Trade Common, Arcana, Daemonic",
  "lootsNum": 4,
  "monsterName": "Doppelganger",
  "mndResist": "21",
  "vitResist": "21",
  "lv": "15",
  "parts": "2 (Upper Body / Lower Body)",
  "coreParts": "Upper Body",
  "mobility": "18",
  "mode": "save",
  "paletteInsertType": "exchange",
  "paletteRemoveTags": "1",
  "paletteTool": "bcdice",
  "paletteUseBuff": "1",
  "paletteUseVar": "1",
  "partsNum": 2,
  "perception": "Five senses (Darkvision)",
  "reputation": "19",
  "reputation+": "23",
  "weakness": "Slashing damage +3 points",
  "result": "OK",
  "sheetDescriptionM": "分類:Daemon　知能:High　知覚:Five senses (Darkvision)　反応:Hostile\n言語:Trade Common, Arcana, Daemonic　生息地:Labyrinths, Ruins\n弱点:Slashing damage +3 points\n先制値:21　生命抵抗力:21（28）　精神抵抗力:21（28）",
  "sheetDescriptionS": "分類:Daemon\n弱点:Slashing damage +3 points\n先制値:21　生命抵抗力:21（28）　精神抵抗力:21（28）",
  "sin": "0",
  "skills": "<p><strong>►Shapeshift</strong></p><p>The Doppelganger can change its shape into another's, with the quality of the transformation based on the time the Doppelganger has observed the target. A quick glance at a target allows the Doppelganger to copy the target's physical appearance, including any belongings. One minute's observation (6 rounds) allows for copying the target's tone and mannerisms, while one hour's observation gives a complete copy of the target's abilities and memory. This last transformation will also allow the Doppelganger access to any Classes and spells the target may have learned. This unique skill lasts until the Doppelganger reverts to its base form, taking Major Action to do so.</p><br><br><p><strong>►Truespeech Magic 15 Level/Magic Power 21 (28)</strong></p><p></p><p><strong>◯🗨►Magic Aptitude</strong></p><p>A Doppelganger can use the Combat Feats [Targeting], [Magic Convergence], [Magic Control], [Metamagic/Targets], [Multi-Action], [Rune Master], and [Wordbreak].</p><br><br><p><strong>◯Attack Obstacle = +4 • None</strong></p><p>Against melee attacks, the Upper Body section receives a +4 bonus to Evasion checks.This effect disappears when the Lower Body section falls to 0 HP or lower.</p>",
  "status1Accuracy": "20",
  "status1AccuracyFix": 27,
  "status1Damage": "2d+18",
  "status1Defense": "16",
  "status1Evasion": "18",
  "status1EvasionFix": 25,
  "status1Hp": "135",
  "status1Mp": "108",
  "status1Style": "Claws (Upper Body)",
  "status2Accuracy": "19",
  "status2AccuracyFix": 26,
  "status2Damage": "2d+21",
  "status2Defense": "16",
  "status2Evasion": "17",
  "status2EvasionFix": 24,
  "status2Hp": "143",
  "status2Mp": "32",
  "status2Style": "Trample (Lower Body)",
  "statusNum": 2,
  "taxa": "Daemon",
  "type": "m",
  "unitStatus": {
    "Claws (Upper Body):HP": "135/135",
    "Claws (Upper Body):MP": "108",
    "Trample (Lower Body):HP": "143/143",
    "Trample (Lower Body):MP": "32"
  },
  "unitExceptStatus": {
    "HP": 2,
    "MP": 2,
    "Defense": 2
  },
  "loots1Num": "Always",
  "loots1Item": "Crystallized Great Daemon's Blood (1,600G/Red S)",
  "loots2Num": "2～7",
  "loots2Item": "None",
  "loots3Num": "8～12",
  "loots3Item": "Black Hide (4,600G/Red S)",
  "loots4Num": "13+",
  "loots4Item": "Shadowy Hide (12,000G/Red SS)",
  "fortitude": "21",
  "willpower": "21"
}