{
  "description": "<p>This security Magitech was produced in large numbers during the Magitech Civilization Period.</p><p>It is about one meter long and appears like a large Human child, and its entire body is covered with hard metal. It has one arm, a large hammer, which it wields to attack. With wheels mounted on its legs, it is more agile than it appears.</p>",
  "disposition": "Instructed",
  "habitat": "Ruins, Settlements",
  "initiative": "8",
  "intellect": "Servant",
  "language": "None",
  "lootsNum": 3,
  "monsterName": "Dorn",
  "mndResist": "3",
  "vitResist": "3",
  "lv": "2",
  "parts": "",
  "coreParts": "",
  "mobility": "13 (Wheels)",
  "mode": "save",
  "paletteInsertType": "exchange",
  "paletteRemoveTags": "1",
  "paletteTool": "bcdice",
  "paletteUseBuff": "1",
  "paletteUseVar": "1",
  "partsNum": 1,
  "perception": "Mechanical",
  "reputation": "9",
  "reputation+": "12",
  "weakness": "Lightning damage +3 points",
  "result": "OK",
  "sheetDescriptionM": "分類:Magitech　知能:Servant　知覚:Mechanical　反応:Instructed\n言語:None　生息地:Ruins, Settlements\n弱点:Lightning damage +3 points\n先制値:8　生命抵抗力:3（10）　精神抵抗力:3（10）",
  "sheetDescriptionS": "分類:Magitech\n弱点:Lightning damage +3 points\n先制値:8　生命抵抗力:3（10）　精神抵抗力:3（10）",
  "sin": "0",
  "skills": "<p><strong>◯Mechanical Body</strong></p><p>It is immune to criticals from edged weapons.</p><p><strong>◯Poison Immunity, ◯Disease Immunity, ◯Psychic Type Immunity</strong></p><p></p><p><strong>◯Limited Healing</strong></p><p>Effects which can heal Magitech HP are very limited, and mostly come from Spiritualism Magic and some special items.Healing effects such as Divine Magic, Fairy Magic, and Nature Magic cannot restore a Magitech's HP.</p><p><strong>◯Can Be Detected</strong></p><p>Magitech can be detected with the [Sense Magic] spell and similar effects.</p>",
  "status1Accuracy": "3",
  "status1AccuracyFix": 10,
  "status1Damage": "2d+4",
  "status1Defense": "2",
  "status1Evasion": "3",
  "status1EvasionFix": 10,
  "status1Hp": "18",
  "status1Mp": "0",
  "status1Style": "Hammer",
  "statusNum": 1,
  "taxa": "Magitech",
  "type": "m",
  "unitStatus": {
    "Hammer:HP": "18/18",
    "Hammer:MP": "0/0"
  },
  "unitExceptStatus": {
    "HP": 1,
    "MP": 1,
    "Defense": 1
  },
  "loots1Num": "Always",
  "loots1Item": "Iron (20G/Black B)",
  "loots2Num": "2～10",
  "loots2Item": "None",
  "loots3Num": "11+",
  "loots3Item": "Crude Magitech Components (100G/Black White A)",
  "fortitude": "3",
  "willpower": "3"
}