{
  "description": "<p>This is a jet-black daemon of about the same size as a Human. The face has a red, open mouth with a straight slit, but no other visible features exist.</p><p>This monster can shapeshift into the creature it perceives, then kills it and replaces it. It often enters into Humanoid and Barbarous societies.</p><p>Doubleburg's purpose is unknown, but they are said to be sent by the Daemons to learn about the intelligent life forms in the world of Raxia. They actively use their ability to transform, perhaps to advance their observations into the psychology of individuals and groups, and attempt to create doubt and confusion in cities and communities.</p><p>They are similar to Ogres and are considered more dangerous because they cannot be blocked by Swords of Protection.</p>",
  "disposition": "Hostile",
  "habitat": "Ruins, Habitats, Shallow Abysses",
  "initiative": "13",
  "intellect": "Average",
  "language": "Daemonic (+languages added by shapeshift)",
  "lootsNum": 3,
  "monsterName": "Doubleburg",
  "mndResist": "8",
  "vitResist": "8",
  "lv": "6",
  "parts": "",
  "coreParts": "",
  "mobility": "15",
  "mode": "save",
  "paletteInsertType": "exchange",
  "paletteRemoveTags": "1",
  "paletteTool": "bcdice",
  "paletteUseBuff": "1",
  "paletteUseVar": "1",
  "partsNum": 1,
  "perception": "Five senses (Darkvision)",
  "reputation": "12",
  "reputation+": "15",
  "weakness": "Physical damage +2 points",
  "result": "OK",
  "sheetDescriptionM": "分類:Daemon　知能:Average　知覚:Five senses (Darkvision)　反応:Hostile\n言語:Daemonic (+languages added by shapeshift)　生息地:Ruins, Habitats, Shallow Abysses\n弱点:Physical damage +2 points\n先制値:13　生命抵抗力:8（15）　精神抵抗力:8（15）",
  "sheetDescriptionS": "分類:Daemon\n弱点:Physical damage +2 points\n先制値:13　生命抵抗力:8（15）　精神抵抗力:8（15）",
  "sin": "0",
  "skills": "<p><strong>►Double Attack</strong></p><p>With the claws of both hands, it makes two attacks on 1 character. This unique skill cannot be used on a character copied by [►Portrait].</p><p><strong>►Portrait</strong></p><p>It captures the appearance of the observed target and turns into it. If the target is only seen at a glance, its appearance and personal belongings can be matched. If the target can be perceived for 1 minute (6 rounds), it can learn its language and imitate its tone and gestures so precisely that even a close human cannot detect it. If it is taking the form of this unique skill, a Monster Knowledge check cannot be performed on it unless Detect check was made before.This unique skill does not copy the target's class or unique skills. All the data during the battle will be the monster's data. Attacks made by the target's appearance are made by the monster's physical weapon (Claws), even though it looks like the target's weapon is doing them.A copy of a character in multiple sections appears to have the corresponding number of sections. Still, only the Main Section (or one of them in the case of multiple sections) is treated as Doubleburg. Other sections do not perform any action. If this section is targeted and attacked, the effect is automatically given to the monster. If the effect targets more than one section simultaneously, the excess will do nothing, but at the same time, it will be automatically found that the section does not exist. Detect check is needed to find the actual section.The [►Portrait] can be ended with Minor Action or during Combat Preparation.</p>",
  "status1Accuracy": "9",
  "status1AccuracyFix": 16,
  "status1Damage": "2d+8",
  "status1Defense": "5",
  "status1Evasion": "8",
  "status1EvasionFix": 15,
  "status1Hp": "52",
  "status1Mp": "12",
  "status1Style": "Claws",
  "statusNum": 1,
  "taxa": "Daemon",
  "type": "m",
  "unitStatus": {
    "Claws:HP": "52/52",
    "Claws:MP": "12"
  },
  "unitExceptStatus": {
    "HP": 1,
    "MP": 1,
    "Defense": 1
  },
  "loots1Num": "Always",
  "loots1Item": "Daemon's Blood (100G/Red A)",
  "loots2Num": "2～12",
  "loots2Item": "None",
  "loots3Num": "13+",
  "loots3Item": "Black Hide (4,600G/Red S)",
  "fortitude": "8",
  "willpower": "8"
}