{
  "description": "<p>This is a more experienced Fomor Giant.</p><p>Normally, they lead Goblins or Bolg under a higher-ranking Drake or Troll. However, most of the assignments they are given are highly dangerous, such as spearheading a siege or leading a retreat.</p>",
  "disposition": "Hostile",
  "habitat": "Various",
  "initiative": "20",
  "intellect": "Average",
  "language": "Barbaric, Giant",
  "lootsNum": 3,
  "monsterName": "Dowi Fomor",
  "mndResist": "13",
  "vitResist": "15",
  "lv": "10",
  "parts": "2 (Upper Body / Lower Body)",
  "coreParts": "Upper Body",
  "mobility": "21/-",
  "mode": "save",
  "paletteInsertType": "exchange",
  "paletteRemoveTags": "1",
  "paletteTool": "bcdice",
  "paletteUseBuff": "1",
  "paletteUseVar": "1",
  "partsNum": 2,
  "perception": "Five Senses",
  "reputation": "16",
  "reputation+": "20",
  "weakness": "Accuracy +1",
  "result": "OK",
  "sheetDescriptionM": "分類:Barbarous　知能:Average　知覚:Five Senses　反応:Hostile\n言語:Barbaric, Giant　生息地:Various\n弱点:Accuracy +1\n先制値:20　生命抵抗力:15（22）　精神抵抗力:13（20）",
  "sheetDescriptionS": "分類:Barbarous\n弱点:Accuracy +1\n先制値:20　生命抵抗力:15（22）　精神抵抗力:13（20）",
  "sin": "4",
  "skills": "<p><strong>◯Chain Attack</strong></p><p>After an attack, Dowi Fomor can attack the same target again, regardless of its success or failure. This ability can add only one additional attack per round.</p><p><strong>◯Counter</strong></p><p>Identical to the Combat Feat [Counter].</p><br><br><p><strong>⏩△Technique & ◯Muscle Mystery</strong></p><p>Can use [Cat's Eye], [Beetleskin], [Bear Muscle], [Giant Arms], and [Recovery (7 points)]. These Techniques have twice the normal duration.</p><p><strong>⏩Stratagem and Maneuver/All Areas (30m Radius)</strong></p><p>Can use [Surging Offense III: True Aim] (Accuracy +1, Physical Damage +1).Every third turn, they can use [Maneuver: Unexpected Blow I] (+2 Accuracy, +2 Damage). Cannot use Stratagems if no other allies will be affected it.</p><br><br><p><strong>◯Attack Obstacle +4/None</strong></p><p>Fomor's height prevents enemies from attacking it.The Upper Body receives a +4 bonus to Evasion checks against melee attacks. When the Lower Body falls to 0 HP or lower, this effect disappears.</p>",
  "status1Accuracy": "13",
  "status1AccuracyFix": 20,
  "status1Damage": "2d+12",
  "status1Defense": "8",
  "status1Evasion": "12",
  "status1EvasionFix": 19,
  "status1Hp": "33",
  "status1Mp": "86",
  "status1Style": "Fist (Upper Body)",
  "status2Accuracy": "12",
  "status2AccuracyFix": 19,
  "status2Damage": "2d+14",
  "status2Defense": "8",
  "status2Evasion": "12",
  "status2EvasionFix": 19,
  "status2Hp": "86",
  "status2Mp": "33",
  "status2Style": "Kick (Lower Body)",
  "statusNum": 2,
  "taxa": "Barbarous",
  "type": "m",
  "unitStatus": {
    "Fist (Upper Body):HP": "33/33",
    "Fist (Upper Body):MP": "86",
    "Kick (Lower Body):HP": "86/86",
    "Kick (Lower Body):MP": "33"
  },
  "unitExceptStatus": {
    "HP": 2,
    "MP": 2,
    "Defense": 2
  },
  "loots1Num": "2～6",
  "loots1Item": "Bag of Silver (50G) x 1d",
  "loots2Num": "7～10",
  "loots2Item": "Bag of Silver (100G) x 2d",
  "loots3Num": "11+",
  "loots3Item": "Bag of Silver (300G) x 2d",
  "fortitude": "15",
  "willpower": "13"
}