{
  "description": "<p>\"Draconet\" is a name used for dragons 100 years or younger, and a Draconet's attitude reflects its immaturity. Often angry, they will destroy their environment until they either run out of energy or have leveled their surroundings. However, it is possible to communicate with a Draconet when they are in a good mood.</p><p>As with older dragons, Draconets tend to hoard things with a significant amount of stored mana, including magical items, Sword Shards, and even whole Swords of Protection. They loathe to give up any of their hoards but may be convinced if there are appropriate replacements for the items to be taken. While the most common Draconets breathe fire, there are subspecies that can also exhale ice, lightning, or poison.</p><p><em>For the mount version of this creature, see Draconet (mount).</em></p>",
  "disposition": "Neutral",
  "habitat": "Various",
  "initiative": "17",
  "intellect": "Average",
  "language": "Draconic",
  "lootsNum": 3,
  "monsterName": "Draconet",
  "mndResist": "12",
  "vitResist": "13",
  "lv": "10",
  "parts": "2 (Body / Wing x 2)",
  "coreParts": "Body",
  "mobility": "13/25(Flying)",
  "mode": "save",
  "paletteInsertType": "exchange",
  "paletteRemoveTags": "1",
  "paletteTool": "bcdice",
  "paletteUseBuff": "1",
  "paletteUseVar": "1",
  "partsNum": 3,
  "perception": "Five senses (Darkvision)",
  "reputation": "15",
  "reputation+": "20",
  "weakness": "Physical damage +2 points",
  "result": "OK",
  "sheetDescriptionM": "分類:Mythical Beast　知能:Average　知覚:Five senses (Darkvision)　反応:Neutral\n言語:Draconic　生息地:Various\n弱点:Physical damage +2 points\n先制値:17　生命抵抗力:13（20）　精神抵抗力:12（19）",
  "sheetDescriptionS": "分類:Mythical Beast\n弱点:Physical damage +2 points\n先制値:17　生命抵抗力:13（20）　精神抵抗力:12（19）",
  "sin": "0",
  "skills": "<p><strong>◯Fire Immunity</strong></p><p></p><br><br><p><strong>►Flame Breath/11 (18)/Fortitude/Half</strong></p><p>Spits fire at \"Target: 1 area(3m Radius) / 5\" within \"Range/Area: 2 (20m) / Shot\" and deals 2d+15 Fire magic damage.This unique skill cannot be used on consecutive turns.</p><br><br><p><strong>🗨All-Out Attack</strong></p><p>A Wing can deal an additional 8 damage on its next attack. However, any Evasion check made by this section this turn receives a -3 penalty.</p><p><strong>◯Flight II</strong></p><p>A Draconet receives a +2 bonus to Accuracy and Evasion only for melee attacks.If one of the Wings falls to 0 HP or lower, this unique skill cannot be used.</p>",
  "status1Accuracy": "13",
  "status1AccuracyFix": 20,
  "status1Damage": "2d+14",
  "status1Defense": "12",
  "status1Evasion": "12",
  "status1EvasionFix": 19,
  "status1Hp": "105",
  "status1Mp": "32",
  "status1Style": "Bite (Body)",
  "status2Accuracy": "12",
  "status2AccuracyFix": 19,
  "status2Damage": "2d+9",
  "status2Defense": "10",
  "status2Evasion": "10",
  "status2EvasionFix": 17,
  "status2Hp": "66",
  "status2Mp": "16",
  "status2Style": "Wing (Wing)",
  "status3Accuracy": "12",
  "status3AccuracyFix": 19,
  "status3Damage": "2d+9",
  "status3Defense": "10",
  "status3Evasion": "10",
  "status3EvasionFix": 17,
  "status3Hp": "66",
  "status3Mp": "16",
  "status3Style": "Wing (Wing)",
  "statusNum": 3,
  "taxa": "Mythical Beast",
  "type": "m",
  "unitStatus": {
    "Bite (Body):HP": "105/105",
    "Bite (Body):MP": "32",
    "Wing (Wing):HP": "66/66",
    "Wing (Wing):MP": "16"
  },
  "unitExceptStatus": {
    "HP": 3,
    "MP": 3,
    "Defense": 3
  },
  "loots1Num": "Always",
  "loots1Item": "Dragon Scale (5,000G/Red S)",
  "loots2Num": "2～6",
  "loots2Item": "Dragon Fang (1,200G/Red S)",
  "loots3Num": "7+",
  "loots3Item": "Dragon Fang (1,200G/Red S) x 2",
  "fortitude": "13",
  "willpower": "12"
}