{
  "description": "<p>A large construct in the shape of a dragon, the Dragon Fortress is a huge machine, measuring around 50m long and 15m high. Able to fly at high speeds, its weapons are able to cause destruction on a massive scale. It is thought to be the top of the line when it comes to mobile defense and comes outfitted with a wide variety of weapons. It is an existence that brings together the highest level of technology in Magitech Civilization, and the leaders of each country are searching for their whereabouts.</p>",
  "disposition": "Hostile",
  "habitat": "Ruins",
  "initiative": "22",
  "intellect": "Servant",
  "language": "Magitech",
  "lootsNum": 4,
  "monsterName": "Dragon Fortress",
  "mndResist": "19",
  "vitResist": "21",
  "lv": "15",
  "parts": "7 (Head / Body x 2 / Wing x 2 / Foot x 2)",
  "coreParts": "Head",
  "mobility": "20/50 (Flying)",
  "mode": "save",
  "paletteInsertType": "exchange",
  "paletteRemoveTags": "1",
  "paletteTool": "bcdice",
  "paletteUseBuff": "1",
  "paletteUseVar": "1",
  "partsNum": 7,
  "perception": "Mechanical",
  "reputation": "17",
  "reputation+": "20",
  "weakness": "Lightning damage + 3 points",
  "result": "OK",
  "sheetDescriptionM": "分類:Magitech　知能:Servant　知覚:Mechanical　反応:Hostile\n言語:Magitech　生息地:Ruins\n弱点:Lightning damage + 3 points\n先制値:22　生命抵抗力:21（28）　精神抵抗力:19（26）",
  "sheetDescriptionS": "分類:Magitech\n弱点:Lightning damage + 3 points\n先制値:22　生命抵抗力:21（28）　精神抵抗力:19（26）",
  "sin": "0",
  "skills": "<p><strong>◯Mechanical Body</strong></p><p>It is immune to criticals from edged weapons.</p><p><strong>◯Targeting & Hawk Eye</strong></p><p>Stray shots cannot occur. It also can aim through skirmishes at targets on the other side.</p><p><strong>◯Poison Immunity, ◯Disease Immunity, ◯Psychic Type Immunity</strong></p><p></p><p><strong>◯Limited Healing</strong></p><p>Effects which can heal Magitech HP are very limited, and mostly come from Spiritualism Magic and some special items.Healing effects such as Divine Magic, Fairy Magic, and Nature Magic cannot restore a Magitech's HP.</p><p><strong>◯Can Be Detected</strong></p><p>Magitech can be detected with the [Sense Magic] spell and similar effects.</p><br><br><p><strong>►Adaptive Jet/18 (25)/Willpower/Half</strong></p><p>Dragon Fortress sprays a jet of flames, ice, or lightning.Within \"Range/Area: 2 (50m) / Shot\" deals to the \"Target: 1 area(6m Radius) / 20\" 2d+20 magic damage.The type of damage is chosen upon usage between Fire, Water/Ice, and Lightning.</p><br><br><p><strong>◯Gun</strong></p><p>The Main Battery is a gun weapon that has a \"Range: 2 (30m)\" and a maximum magazine of 3. The Machine Gun is a gun weapon that has a \"Range: 1 (10m)\" and a maximum magazine of 6.</p><p><strong>►Reload</strong></p><p>Fully reloads the Main Battery and Machine Gun of that section.</p><p><strong>►Volley</strong></p><p>To use this ability, the weapon must have at least 3 bullets loaded, and 3 bullets are consumed at the same time.The success value of the Accuracy check is set to 30, with the same damage as a regular attack.The same Dragon Fortress may only perform one [►Volley] per round against the same target.</p><br><br><p><strong>◯Attack Obstacle = Impossible • Impossible</strong></p><p>The Dragon Fortress's size hinders attack.The Head cannot be attacked, whether melee or ranged. This effect disappears when any Body section falls to 0 HP or lower.</p><p><strong>◯Stranded</strong></p><p>If the HP of all Body sections is reduced to 0 or less, the Head sections receive a -4 penalty for Evasion checks.</p><br><br><p><strong>◯Flight II</strong></p><p>All sections receive a +2 bonus to Accuracy and Evasion only for melee attacks.This unique skill is lost if any Wing section is reduced to 0 or less HP.</p>",
  "status1Accuracy": "17",
  "status1AccuracyFix": 24,
  "status1Damage": "2d+16",
  "status1Defense": "13",
  "status1Evasion": "18",
  "status1EvasionFix": 25,
  "status1Hp": "145",
  "status1Mp": "-",
  "status1Style": "Bite (Head)",
  "status2Accuracy": "19",
  "status2AccuracyFix": 26,
  "status2Damage": "2d+18",
  "status2Defense": "11",
  "status2Evasion": "16",
  "status2EvasionFix": 23,
  "status2Hp": "141",
  "status2Mp": "-",
  "status2Style": "Main Battery (Body)",
  "status3Accuracy": "19",
  "status3AccuracyFix": 26,
  "status3Damage": "2d+18",
  "status3Defense": "11",
  "status3Evasion": "16",
  "status3EvasionFix": 23,
  "status3Hp": "141",
  "status3Mp": "-",
  "status3Style": "Main Battery (Body)",
  "status4Accuracy": "20",
  "status4AccuracyFix": 27,
  "status4Damage": "2d+16",
  "status4Defense": "12",
  "status4Evasion": "17",
  "status4EvasionFix": 24,
  "status4Hp": "104",
  "status4Mp": "-",
  "status4Style": "Machine Gun (Wing)",
  "status5Accuracy": "20",
  "status5AccuracyFix": 27,
  "status5Damage": "2d+16",
  "status5Defense": "12",
  "status5Evasion": "17",
  "status5EvasionFix": 24,
  "status5Hp": "104",
  "status5Mp": "-",
  "status5Style": "Machine Gun (Wing)",
  "status6Accuracy": "18",
  "status6AccuracyFix": 25,
  "status6Damage": "2d+17",
  "status6Defense": "10",
  "status6Evasion": "17",
  "status6EvasionFix": 24,
  "status6Hp": "119",
  "status6Mp": "-",
  "status6Style": "Claw (Foot)",
  "status7Accuracy": "18",
  "status7AccuracyFix": 25,
  "status7Damage": "2d+17",
  "status7Defense": "10",
  "status7Evasion": "17",
  "status7EvasionFix": 24,
  "status7Hp": "119",
  "status7Mp": "-",
  "status7Style": "Claw (Foot)",
  "statusNum": 7,
  "taxa": "Magitech",
  "type": "m",
  "unitStatus": {
    "Bite (Head):HP": "145/145",
    "Bite (Head):MP": "-",
    "Main Battery (Body):HP": "141/141",
    "Main Battery (Body):MP": "-",
    "Machine Gun (Wing):HP": "104/104",
    "Machine Gun (Wing):MP": "-",
    "Claw (Foot):HP": "119/119",
    "Claw (Foot):MP": "-"
  },
  "unitExceptStatus": {
    "HP": 7,
    "MP": 7,
    "Defense": 7
  },
  "loots1Num": "Always",
  "loots1Item": "Rare Magical Components (900G/Black White A)",
  "loots2Num": "2～6",
  "loots2Item": "Mysterious Magitech Components (2,400G/Black White S)",
  "loots3Num": "7～12",
  "loots3Item": "Trove of Magical Components (7,600G/Black White S)",
  "loots4Num": "13+",
  "loots4Item": "Newly Discovered Magical Components (25,000G/Black White SS)",
  "fortitude": "21",
  "willpower": "19"
}