{
  "description": "<p>Dragon Zombies are the reanimated corpse of a dragon that decayed over a number of years and returned to unlife after being corrupted. Typically, Dragon Zombies are of lower intelligence due to their brain having decomposed over the years, but rarely are there intelligent Dragon Zombies capable of speech and magic. However, the organs that would produce fire in a living dragon have rotted and decayed, and now the Dragon Zombie can only exhale a rotten miasma.</p><p>Often, Dragon Zombies have some sort of unfinished business in the world of the living, whether to get revenge on their slayer, to protect the remnants of their plundered horde, or something else altogether. The need to take care of this business drives the Dragon Zombie to the point where nothing will stand in their way in order to accomplish their goals.</p>",
  "disposition": "Hostile",
  "habitat": "Ruins",
  "initiative": "21",
  "intellect": "Low",
  "language": "None",
  "lootsNum": 4,
  "monsterName": "Dragon Zombie",
  "mndResist": "27",
  "vitResist": "27",
  "lv": "20",
  "parts": "5 (Head / Body / Wing x2 / Tail)",
  "coreParts": "Head, Body (All)",
  "mobility": "20 (4 Legs)",
  "mode": "save",
  "paletteInsertType": "exchange",
  "paletteRemoveTags": "1",
  "paletteTool": "bcdice",
  "paletteUseBuff": "1",
  "paletteUseVar": "1",
  "partsNum": 5,
  "perception": "Magic",
  "reputation": "20",
  "reputation+": "27",
  "weakness": "HP Recovery (deals damage instead), +4 points",
  "result": "OK",
  "sheetDescriptionM": "分類:Undead　知能:Low　知覚:Magic　反応:Hostile\n言語:None　生息地:Ruins\n弱点:HP Recovery (deals damage instead), +4 points\n先制値:21　生命抵抗力:27（34）　精神抵抗力:27（34）",
  "sheetDescriptionS": "分類:Undead\n弱点:HP Recovery (deals damage instead), +4 points\n先制値:21　生命抵抗力:27（34）　精神抵抗力:27（34）",
  "sin": "0",
  "skills": "<p><strong>◯Miasma Vortex</strong></p><p>The Dragon Zombie is surrounded by a protective veil of miasma and gains a +4 bonus to Evasion checks against ranged attacks.</p><p><strong>◯Regeneration = 10 points</strong></p><p>At the end of each round, each section of Dragon Zombie recovers 10 HP. This has no effect if the section has 0 HP or lower.</p><p><strong>◯Poison Immunity, ◯Disease Immunity, ◯Psychic Type (Weak) Immunity</strong></p><p></p><p><strong>◯Unstable Healing</strong></p><p>Healing effects such as Divine Magic and items like Unicorn's Horn will damage Undead instead.Magitech, Fairy Magic, Nature Magic, etc. healing has no effect on the Undead.Spiritualism Magic and a few other healing effects can restore an Undead's HP.</p><br><br><p><strong>►Poison Breath/25 (32)/Fortitude/Half</strong></p><p>With \"Range/Area: 2 (20m) / Shot\" and \"Target: 1 area (6m Radius) / 20\", it breathes putrid gas dealing 2d+25 Poison magic damage.This unique skill cannot be used on consecutive turns.</p><br><br><p><strong>►Twin Strike & Double Attack</strong></p><p>A Dragon Zombie can make two Claw attacks each round. They may choose to attack different characters with each attack.</p><p><strong>◯Miasma Claws/24 (31)/Fortitude/Negates</strong></p><p>The target is weakened if the target is hit by a Claw attack. Target's strength is reduced by -6.This effect is permanent and accumulative; a character whose strength falls to 0 or less dies without making a Death Check.In the case of a fixed value character, each time it is affected by this effect, its damage is reduced by -1, and it will die if it is affected by the effect (Monster Level/5 (rounded up) + 2) times in total.This effect is of the Disease type.</p><p><strong>◯Attack Obstacle = +4 • None</strong></p><p>A Dragon Zombie's height prevents enemies from attacking it. The Head receives a +4 bonus to Evasion checks against melee attacks. When the Body falls to 0 HP or lower, this effect disappears.</p><br><br><p><strong>🗨All-Out Attack</strong></p><p>A Wing can deal an additional 8 damage on its next attack. However, any Evasion check made by this section this turn receives a -3 penalty.</p><br><br><p><strong>🗨Tail Sweep</strong></p><p>The monster can use its tail to attack up to 5 targets in the same skirmish. An Accuracy check is made on all characters at once, and damage is determined individually.This attack cannot be used in consecutive rounds.</p>",
  "status1Accuracy": "25",
  "status1AccuracyFix": 32,
  "status1Damage": "2d+24",
  "status1Defense": "18",
  "status1Evasion": "25",
  "status1EvasionFix": 32,
  "status1Hp": "187",
  "status1Mp": "61",
  "status1Style": "Bite (Head)",
  "status2Accuracy": "26",
  "status2AccuracyFix": 33,
  "status2Damage": "2d+22",
  "status2Defense": "20",
  "status2Evasion": "22",
  "status2EvasionFix": 29,
  "status2Hp": "218",
  "status2Mp": "54",
  "status2Style": "Claw (Body)",
  "status3Accuracy": "23",
  "status3AccuracyFix": 30,
  "status3Damage": "2d+20",
  "status3Defense": "15",
  "status3Evasion": "23",
  "status3EvasionFix": 30,
  "status3Hp": "156",
  "status3Mp": "51",
  "status3Style": "Wing (Wing)",
  "status4Accuracy": "23",
  "status4AccuracyFix": 30,
  "status4Damage": "2d+20",
  "status4Defense": "15",
  "status4Evasion": "23",
  "status4EvasionFix": 30,
  "status4Hp": "156",
  "status4Mp": "51",
  "status4Style": "Wing (Wing)",
  "status5Accuracy": "24",
  "status5AccuracyFix": 31,
  "status5Damage": "2d+22",
  "status5Defense": "19",
  "status5Evasion": "23",
  "status5EvasionFix": 30,
  "status5Hp": "184",
  "status5Mp": "49",
  "status5Style": "Tail (Tail)",
  "statusNum": 5,
  "taxa": "Undead",
  "type": "m",
  "unitStatus": {
    "Bite (Head):HP": "187/187",
    "Bite (Head):MP": "61",
    "Claw (Body):HP": "218/218",
    "Claw (Body):MP": "54",
    "Wing (Wing):HP": "156/156",
    "Wing (Wing):MP": "51",
    "Tail (Tail):HP": "184/184",
    "Tail (Tail):MP": "49"
  },
  "unitExceptStatus": {
    "HP": 5,
    "MP": 5,
    "Defense": 5
  },
  "loots1Num": "Always",
  "loots1Item": "Decaying Dragon Scales (10,000G/Red SS)",
  "loots2Num": "2～6",
  "loots2Item": "Dragon Jewel (7,000G/Red S)",
  "loots3Num": "7～12",
  "loots3Item": "Dragon Jewel (7,000G/Red S) x 2",
  "loots4Num": "13+",
  "loots4Item": "Dragon's Treasure (20,000G/Gold SS)",
  "fortitude": "27",
  "willpower": "27"
}