{
  "description": "<p>This is a baby dragon at least 30 years old and is still in its early stages of development. At this age, they rarely leave their parents and are rarely seen flying in the sky with others.</p><p>It is not as majestic as a fully-grown dragon due to its low intelligence, but it is still considered more of a threat than most monsters. Furthermore, there is a high probability that their parents are nearby, and they will often flee to them when in danger.</p>",
  "disposition": "Neutral",
  "habitat": "Various",
  "initiative": "12",
  "intellect": "Low",
  "language": "Dragonic",
  "lootsNum": 2,
  "monsterName": "Dragon Infant",
  "mndResist": "5",
  "vitResist": "6",
  "lv": "4",
  "parts": "",
  "coreParts": "",
  "mobility": "10/20 (Flying)",
  "mode": "save",
  "paletteInsertType": "exchange",
  "paletteRemoveTags": "1",
  "paletteTool": "bcdice",
  "paletteUseBuff": "1",
  "paletteUseVar": "1",
  "partsNum": 1,
  "perception": "Five senses (Darkvision)",
  "reputation": "12",
  "reputation+": "15",
  "weakness": "Physical damage +2 points",
  "result": "OK",
  "sheetDescriptionM": "分類:Mythical Beast　知能:Low　知覚:Five senses (Darkvision)　反応:Neutral\n言語:Dragonic　生息地:Various\n弱点:Physical damage +2 points\n先制値:12　生命抵抗力:6（13）　精神抵抗力:5（12）",
  "sheetDescriptionS": "分類:Mythical Beast\n弱点:Physical damage +2 points\n先制値:12　生命抵抗力:6（13）　精神抵抗力:5（12）",
  "sin": "0",
  "skills": "<p><strong>►Fire Breath / 5 (12) / Fortitude / Half</strong></p><p>A Dragon Infant breathes fire in a \"Range / Area:2 (20m) / Shot\" to the \"Target: 1 Character\", dealing 2d + 4 Fire magic damage.This unique skill cannot be used in consecutive rounds.</p><p><strong>◯Flight</strong></p><p>A Dragon Infant receives a +1 bonus to Accuracy and Evasion only for melee attacks.</p>",
  "status1Accuracy": "5",
  "status1AccuracyFix": 12,
  "status1Damage": "2d+6",
  "status1Defense": "3",
  "status1Evasion": "4",
  "status1EvasionFix": 11,
  "status1Hp": "33",
  "status1Mp": "20",
  "status1Style": "Bite",
  "statusNum": 1,
  "taxa": "Mythical Beast",
  "type": "m",
  "unitStatus": {
    "Bite:HP": "33/33",
    "Bite:MP": "20"
  },
  "unitExceptStatus": {
    "HP": 1,
    "MP": 1,
    "Defense": 1
  },
  "loots1Num": "2～11",
  "loots1Item": "None",
  "loots2Num": "12+",
  "loots2Item": "Dragon Fang (1,200G/Red S)",
  "fortitude": "6",
  "willpower": "5"
}