{
  "description": "<p>Drakes are similar in appearance to beautiful young men and women, though horns gracefully sweep from their heads and membranous wings sprout from their backs. Drakes can transform into huge dragons that wield massive swords infused with magic.</p><p>Other Barbarous look to Drakes as natural leaders, and huge forces have been known to gather at Drake's disposal.</p><p>While there is often little cooperation between Drakes, a powerful \"king\" Drake appears in rare cases, followed by many other Drakes.</p><p>For the Dragon form of this monster, see Drake (Dragon Form).</p>",
  "disposition": "Hostile",
  "habitat": "Various",
  "initiative": "16",
  "intellect": "High",
  "language": "Trade Common, Barbaric, Drakish, Arcana",
  "lootsNum": 1,
  "monsterName": "Drake (Human Form)",
  "mndResist": "10",
  "vitResist": "9",
  "lv": "6",
  "parts": "",
  "coreParts": "",
  "mobility": "20/40 (Flying)",
  "mode": "save",
  "paletteInsertType": "exchange",
  "paletteRemoveTags": "1",
  "paletteTool": "bcdice",
  "paletteUseBuff": "1",
  "paletteUseVar": "1",
  "partsNum": 1,
  "perception": "Five senses (Darkvision)",
  "reputation": "10",
  "reputation+": "17",
  "weakness": "Magic damage +2 points",
  "result": "OK",
  "sheetDescriptionM": "分類:Barbarous　知能:High　知覚:Five senses (Darkvision)　反応:Hostile\n言語:Trade Common, Barbaric, Drakish, Arcana　生息地:Various\n弱点:Magic damage +2 points\n先制値:16　生命抵抗力:9（16）　精神抵抗力:10（17）",
  "sheetDescriptionS": "分類:Barbarous\n弱点:Magic damage +2 points\n先制値:16　生命抵抗力:9（16）　精神抵抗力:10（17）",
  "sin": "4",
  "skills": "<p><strong>►Spiritualism Magic 5 Level / Magic Power 8 (15)</strong></p><p></p><p><strong>🗨Mana Strike = +8 damage</strong></p><p>A Drake can deal an additional 8 damage on their next attack. However, any Fortitude or Willpower Check made by the Drake this turn receives a -1 penalty.</p><p><strong>◯Flight</strong></p><p>Receives a +1 bonus to Accuracy and Evasion only for melee attacks.</p><p><strong>►Dragonification</strong></p><p>The Drake transforms into a draconic form, healing all HP and MP. Any lingering magical effects are removed as well. For more information, see the Drake (Dragon Form) stats. In the turn in which [►Dragonification] is performed, only the Body section of Dragon Form is treated as having completed the Major Action, and Wings sections can make them on this turn.[⏩△Instant Humanification] cannot be used for 1 hour immediately after using [►Dragonification].</p>",
  "status1Accuracy": "9",
  "status1AccuracyFix": 16,
  "status1Damage": "2d+8",
  "status1Defense": "4",
  "status1Evasion": "7",
  "status1EvasionFix": 14,
  "status1Hp": "58",
  "status1Mp": "36",
  "status1Style": "Sword",
  "statusNum": 1,
  "taxa": "Barbarous",
  "type": "m",
  "unitStatus": {
    "Sword:HP": "58/58",
    "Sword:MP": "36"
  },
  "unitExceptStatus": {
    "HP": 1,
    "MP": 1,
    "Defense": 1
  },
  "loots1Num": "Always",
  "loots1Item": "Sword Shard (200G)",
  "fortitude": "9",
  "willpower": "10"
}