{
  "description": "<p>This is the Drake version of the Drake Count (Human Form).</p>",
  "disposition": "Hostile",
  "habitat": "Various",
  "initiative": "23",
  "intellect": "High",
  "language": "Trade Common, Barbaric, Drakish, Arcana",
  "lootsNum": 4,
  "monsterName": "Drake Count (Dragon Form)",
  "mndResist": "24",
  "vitResist": "24",
  "lv": "18",
  "parts": "3 (Body / Wing x 2)",
  "coreParts": "Body",
  "mobility": "30/60(Flying)",
  "mode": "save",
  "paletteInsertType": "exchange",
  "paletteRemoveTags": "1",
  "paletteTool": "bcdice",
  "paletteUseBuff": "1",
  "paletteUseVar": "1",
  "partsNum": 3,
  "perception": "Five senses (Darkvision)",
  "reputation": "19",
  "reputation+": "26",
  "weakness": "Magic damage +2 points",
  "result": "OK",
  "sheetDescriptionM": "分類:Barbarous　知能:High　知覚:Five senses (Darkvision)　反応:Hostile\n言語:Trade Common, Barbaric, Drakish, Arcana　生息地:Various\n弱点:Magic damage +2 points\n先制値:23　生命抵抗力:24（31）　精神抵抗力:24（31）",
  "sheetDescriptionS": "分類:Barbarous\n弱点:Magic damage +2 points\n先制値:23　生命抵抗力:24（31）　精神抵抗力:24（31）",
  "sin": "4",
  "skills": "<p><strong>◯Energy Immunity</strong></p><p></p><br><br><p><strong>►Spiritualism Magic 15 Level/Magic Power 21 (28)</strong></p><p></p><p><strong>◯🗨►Magic Aptitude</strong></p><p>A Drake Count (Dragon Form) can use the Combat Feats [Targeting], [Magic Convergence], [Magic Control], [Universal Metamagic], [Hawk Eye], [Multi-Action], and [Wordbreak].</p><p><strong>◯Multiple Actions = 2 times</strong></p><p></p><p><strong>⏩△Techniques</strong></p><p>A Drake Count (Dragon Form) can use the [Beetleskin], [Cat's Eyes], [Recovery (9 pts.)], [Giant Arms], and [Sphinx Knowledge] Techniques.</p><p><strong>🗨 Mana Strike = +21 damage</strong></p><p>A Drake Count may deal an additional +21 damage to their next melee attack. If they do, at risk, they receive a -2 penalty to Fortitude and Willpower checks until their next turn.</p><p><strong>►Radiant Breath/24 (31)/Fortitude/Half</strong></p><p>Drake Count spits out a pure energy mass at \"Range/Area: 2 (50m) / Shot\" and explodes it at the point of impact, dealing \"Target: 1 area (6m Radius) / 20\" 2d+25 energy magic damage.This unique skill cannot be used in consecutive turns.</p><p><strong>⏩△Instant Humanification</strong></p><p>It instantly transforms into Human form. Refer to Drake Count (Human Form) for data on the Human form. If the Body section has suffered HP or MP damage or has been affected by magic or other effects, these are carried over to the Human form. If its HP is less than 0, it is immediately stunned.[⏩△Instant Humanification] cannot be used for 1 hour immediately after using [⏩△Instant Dragonification].</p><br><br><p><strong>◯Flight</strong></p><p>A Drake Count (Dragon Form) receives a +1 bonus to Accuracy and Evasion only for melee attacks.If one of the Wing sections falls to 0 HP or lower, this unique skill cannot be used.</p><p><strong>🗨Decoy Attack II</strong></p><p>It gains -2 to Accuracy checks, but the damage is increased by +8 on hit.If the declared attack is evaded, the enemy receives a -2 penalty to Evasion checks for the next 10 seconds (1 round). This effect is cumulative up to - 8 but is lost if the target fails an Evasion check even once.</p>",
  "status1Accuracy": "23",
  "status1AccuracyFix": 30,
  "status1Damage": "2d+22",
  "status1Defense": "22",
  "status1Evasion": "22",
  "status1EvasionFix": 29,
  "status1Hp": "165",
  "status1Mp": "90",
  "status1Style": "Bite (Body)",
  "status2Accuracy": "24",
  "status2AccuracyFix": 31,
  "status2Damage": "2d+18",
  "status2Defense": "19",
  "status2Evasion": "19",
  "status2EvasionFix": 26,
  "status2Hp": "90",
  "status2Mp": "46",
  "status2Style": "Wing (Wing)",
  "status3Accuracy": "24",
  "status3AccuracyFix": 31,
  "status3Damage": "2d+18",
  "status3Defense": "19",
  "status3Evasion": "19",
  "status3EvasionFix": 26,
  "status3Hp": "90",
  "status3Mp": "46",
  "status3Style": "Wing (Wing)",
  "statusNum": 3,
  "taxa": "Barbarous",
  "type": "m",
  "unitStatus": {
    "Bite (Body):HP": "165/165",
    "Bite (Body):MP": "90",
    "Wing (Wing):HP": "90/90",
    "Wing (Wing):MP": "46"
  },
  "unitExceptStatus": {
    "HP": 3,
    "MP": 3,
    "Defense": 3
  },
  "loots1Num": "Always",
  "loots1Item": "Heraldic Ring (3,000G/Gold White S)",
  "loots2Num": "2～7",
  "loots2Item": "None",
  "loots3Num": "8～12",
  "loots3Item": "Majestic Draconian Horn (4,200G/Red S)",
  "loots4Num": "13+",
  "loots4Item": "Noble Draconian Horn (12,600G/Red SS)",
  "fortitude": "24",
  "willpower": "24"
}