{
  "description": "<p>A Drake will change into dragon form if in danger. They always carry a magical sword that allows them to transform. While transforming, the Drake takes on a silvery-white sheen of razor-edged scales. Its physique becomes sleek and streamlined, and its wings become as sharp as a sword.</p><p>Despite their huge size, they retain high agility and are quick to attack.</p><p>For the Human form of this monster, see Drake (Human Form).</p>",
  "disposition": "Hostile",
  "habitat": "Various",
  "initiative": "18",
  "intellect": "High",
  "language": "Trade Common, Barbaric, Drakish, Arcana",
  "lootsNum": 4,
  "monsterName": "Drake (Dragon Form)",
  "mndResist": "11",
  "vitResist": "10",
  "lv": "7",
  "parts": "3 (Body / Wing x 2)",
  "coreParts": "Body",
  "mobility": "20/40 (Flying)",
  "mode": "save",
  "paletteInsertType": "exchange",
  "paletteRemoveTags": "1",
  "paletteTool": "bcdice",
  "paletteUseBuff": "1",
  "paletteUseVar": "1",
  "partsNum": 3,
  "perception": "Five senses (Darkvision)",
  "reputation": "12",
  "reputation+": "18",
  "weakness": "Magic damage +2 points",
  "result": "OK",
  "sheetDescriptionM": "分類:Barbarous　知能:High　知覚:Five senses (Darkvision)　反応:Hostile\n言語:Trade Common, Barbaric, Drakish, Arcana　生息地:Various\n弱点:Magic damage +2 points\n先制値:18　生命抵抗力:10（17）　精神抵抗力:11（18）",
  "sheetDescriptionS": "分類:Barbarous\n弱点:Magic damage +2 points\n先制値:18　生命抵抗力:10（17）　精神抵抗力:11（18）",
  "sin": "4",
  "skills": "<p><strong>►Spiritualism Magic 5 Level / Magic Power 8 (15)</strong></p><p></p><p><strong>►Breath of Light/8 (15)/Fortitude/Half</strong></p><p>With \"Range/Area: 2 (50m)/Shot,\" it spits out a chunk of energy at \"Target: 1 Character,\" dealing 2d+10 Energy magic damage.This unique skill cannot be used on consecutive turns.</p><p><strong>⏩△ Instant Humanification</strong></p><p>It instantly transforms into Human form. Refer to Drake (Human Form) for data on the Human form.If the Body section has suffered HP or MP damage or has been affected by magic or other effects, these are carried over to the Human form. If its HP is less than 0, it immediately falls unconscious.[⏩△Instant Humanification] cannot be used for 1 hour immediately after using [►Dragonification].</p><br><br><p><strong>◯Flight</strong></p><p>All section receives a +1 bonus to Accuracy and Evasion only for melee attacks.If one of the wings falls to 0 HP or lower, this unique skill cannot be used.</p>",
  "status1Accuracy": "9",
  "status1AccuracyFix": 16,
  "status1Damage": "2d+12",
  "status1Defense": "7",
  "status1Evasion": "9",
  "status1EvasionFix": 16,
  "status1Hp": "62",
  "status1Mp": "46",
  "status1Style": "Bite (Body)",
  "status2Accuracy": "11",
  "status2AccuracyFix": 18,
  "status2Damage": "2d+9",
  "status2Defense": "4",
  "status2Evasion": "7",
  "status2EvasionFix": 14,
  "status2Hp": "38",
  "status2Mp": "16",
  "status2Style": "Wing (Wing)",
  "status3Accuracy": "11",
  "status3AccuracyFix": 18,
  "status3Damage": "2d+9",
  "status3Defense": "4",
  "status3Evasion": "7",
  "status3EvasionFix": 14,
  "status3Hp": "38",
  "status3Mp": "16",
  "status3Style": "Wing (Wing)",
  "statusNum": 3,
  "taxa": "Barbarous",
  "type": "m",
  "unitStatus": {
    "Bite (Body):HP": "62/62",
    "Bite (Body):MP": "46",
    "Wing (Wing):HP": "38/38",
    "Wing (Wing):MP": "16"
  },
  "unitExceptStatus": {
    "HP": 3,
    "MP": 3,
    "Defense": 3
  },
  "loots1Num": "2～6",
  "loots1Item": "Sword Shard (200G)",
  "loots2Num": "7～10",
  "loots2Item": "Sword Shard (200G) x 2",
  "loots3Num": "11",
  "loots3Item": "Sword Shard (200G) x 3",
  "loots4Num": "12+",
  "loots4Item": "Decayed Magic Sword (4,000G/Gold Black White S)",
  "fortitude": "10",
  "willpower": "11"
}