{
  "description": "<p>Similar in appearance to the Drakes, yet with a much more regal presence, Drake Barons are imposing leaders of the Barbarous. The only difference is that they are more beautiful and more refined and are dressed in luxurious costumes. The dragon form is one size larger than the normal Drake, and its crest is shining in copper color.</p><p>While it's rumored there are little more than 100 of these Drake Barons throughout the entirety of Raxia, even those few are enough to bring much of humanity to its knees.</p><p>For the Dragon form of this monster, see Drake Baron (Dragon Form).</p>",
  "disposition": "Hostile",
  "habitat": "Various",
  "initiative": "17",
  "intellect": "High",
  "language": "Trade Common, Barbaric, Drakish, Arcana",
  "lootsNum": 3,
  "monsterName": "Drake Baron (Human Form)",
  "mndResist": "13",
  "vitResist": "12",
  "lv": "9",
  "parts": "",
  "coreParts": "",
  "mobility": "20/40 (Flying)",
  "mode": "save",
  "paletteInsertType": "exchange",
  "paletteRemoveTags": "1",
  "paletteTool": "bcdice",
  "paletteUseBuff": "1",
  "paletteUseVar": "1",
  "partsNum": 1,
  "perception": "Five senses (Darkvision)",
  "reputation": "12",
  "reputation+": "19",
  "weakness": "Magic damage +2 points",
  "result": "OK",
  "sheetDescriptionM": "分類:Barbarous　知能:High　知覚:Five senses (Darkvision)　反応:Hostile\n言語:Trade Common, Barbaric, Drakish, Arcana　生息地:Various\n弱点:Magic damage +2 points\n先制値:17　生命抵抗力:12（19）　精神抵抗力:13（20）",
  "sheetDescriptionS": "分類:Barbarous\n弱点:Magic damage +2 points\n先制値:17　生命抵抗力:12（19）　精神抵抗力:13（20）",
  "sin": "4",
  "skills": "<p><strong>►Spiritualism Magic 7 Level /Magic Power 10 (17)</strong></p><p></p><p><strong>◯🗨►Magic Aptitude</strong></p><p>They can use the Combat Feats[Multi-Action], [Targeting], [Magic Convergence], [Metamagic/Targets], and [Wordbreak].</p><p><strong>⏩△Techniques</strong></p><p>They may use the [Beetleskin], [Cat's Eyes], and [Recovery (5 pts.)] Techniques.</p><p><strong>🗨Mana Strike = +10 damage</strong></p><p>May deal an additional +10 damage to their next melee attack. At risk, they take a -2 penalty to their Fortitude and Willpower checks.</p><p><strong>◯Flight</strong></p><p>Receives a +1 bonus to Accuracy and Evasion only for melee attacks.</p><p><strong>►Dragonification</strong></p><p>The Drake transforms into a draconic form, healing all HP and MP. Any lingering magical effects are removed as well. For more information, see the Drake Baron (Dragon Form) stats. In the turn in which [►Dragonification] is performed, only the Body section of Dragon Form is treated as having completed the Major Action, and Wings sections can make them on this turn.[⏩△Instant Humanification] cannot be used for 1 hour immediately after using [►Dragonification].</p>",
  "status1Accuracy": "12",
  "status1AccuracyFix": 19,
  "status1Damage": "2d+13",
  "status1Defense": "10",
  "status1Evasion": "10",
  "status1EvasionFix": 17,
  "status1Hp": "88",
  "status1Mp": "48",
  "status1Style": "Weapon",
  "statusNum": 1,
  "taxa": "Barbarous",
  "type": "m",
  "unitStatus": {
    "Weapon:HP": "88/88",
    "Weapon:MP": "48"
  },
  "unitExceptStatus": {
    "HP": 1,
    "MP": 1,
    "Defense": 1
  },
  "loots1Num": "Always",
  "loots1Item": "Sword Shard (200G) x 5",
  "loots2Num": "2～9",
  "loots2Item": "Draconian Horn (500G/Red A)",
  "loots3Num": "10+",
  "loots3Item": "Majestic Draconian Horn (4,200G/Red S)",
  "fortitude": "12",
  "willpower": "13"
}