{
  "description": "<p>This is the Dragon form of the Drake Baron (Human Form).</p>",
  "disposition": "Hostile",
  "habitat": "Various",
  "initiative": "19",
  "intellect": "High",
  "language": "Trade Common, Barbaric, Drakish, Arcana",
  "lootsNum": 3,
  "monsterName": "Drake Baron (Dragon Form)",
  "mndResist": "14",
  "vitResist": "13",
  "lv": "10",
  "parts": "3 (Body/Wing x 2)",
  "coreParts": "Body",
  "mobility": "20/40 (Flying)",
  "mode": "save",
  "paletteInsertType": "exchange",
  "paletteRemoveTags": "1",
  "paletteTool": "bcdice",
  "paletteUseBuff": "1",
  "paletteUseVar": "1",
  "partsNum": 3,
  "perception": "Five senses (Darkvision)",
  "reputation": "13",
  "reputation+": "20",
  "weakness": "Magic damage +2 points",
  "result": "OK",
  "sheetDescriptionM": "分類:Barbarous　知能:High　知覚:Five senses (Darkvision)　反応:Hostile\n言語:Trade Common, Barbaric, Drakish, Arcana　生息地:Various\n弱点:Magic damage +2 points\n先制値:19　生命抵抗力:13（20）　精神抵抗力:14（21）",
  "sheetDescriptionS": "分類:Barbarous\n弱点:Magic damage +2 points\n先制値:19　生命抵抗力:13（20）　精神抵抗力:14（21）",
  "sin": "4",
  "skills": "<p><strong>►Spiritualism Magic 7 Level /Magic Power 10 (17)</strong></p><p></p><p><strong>◯🗨►Magic Aptitude</strong></p><p>They can use the Combat Feats[Multi-Action], [Targeting], [Magic Convergence], [Metamagic/Targets], and [Wordbreak].</p><p><strong>►Breath of Light/11 (18)/Fortitude/Half</strong></p><p>The Drake Baron may vomit a mass of pure energy directed toward a single target. The energy travels to \"Range/Area: 2 (50m) / Shot\" and deals 2d + 16 energy magic damage.This unique skill cannot be used in consecutive turns.</p><p><strong>⏩△Techniques</strong></p><p>They may use the [Beetleskin], [Cat's Eyes], and [Recovery (5 pts.)] Techniques.</p><p><strong>⏩△Instant Humanification</strong></p><p>It instantly transforms into Human form. Refer to Drake Baron (Human Form) for data on the Human form. If the Body section has suffered HP or MP damage or has been affected by magic or other effects, these are carried over to the Human form. If its HP is less than 0, it is immediately stunned.[⏩△Instant Humanification] cannot be used for 1 hour immediately after using [►Dragonification].</p><br><br><p><strong>◯Flight</strong></p><p>Receives a +1 bonus to Accuracy and Evasion only for melee attacks.If one of the wings falls to 0 HP or lower, this unique skill cannot be used.</p>",
  "status1Accuracy": "12",
  "status1AccuracyFix": 19,
  "status1Damage": "2d+15",
  "status1Defense": "12",
  "status1Evasion": "11",
  "status1EvasionFix": 18,
  "status1Hp": "98",
  "status1Mp": "58",
  "status1Style": "Bite (Body)",
  "status2Accuracy": "14",
  "status2AccuracyFix": 21,
  "status2Damage": "2d+12",
  "status2Defense": "9",
  "status2Evasion": "9",
  "status2EvasionFix": 16,
  "status2Hp": "69",
  "status2Mp": "26",
  "status2Style": "Wing (Wing)",
  "status3Accuracy": "14",
  "status3AccuracyFix": 21,
  "status3Damage": "2d+12",
  "status3Defense": "9",
  "status3Evasion": "9",
  "status3EvasionFix": 16,
  "status3Hp": "69",
  "status3Mp": "26",
  "status3Style": "Wing (Wing)",
  "statusNum": 3,
  "taxa": "Barbarous",
  "type": "m",
  "unitStatus": {
    "Bite (Body):HP": "98/98",
    "Bite (Body):MP": "58",
    "Wing (Wing):HP": "69/69",
    "Wing (Wing):MP": "26"
  },
  "unitExceptStatus": {
    "HP": 3,
    "MP": 3,
    "Defense": 3
  },
  "loots1Num": "Always",
  "loots1Item": "Sword Shard (200G) x 5",
  "loots2Num": "2～9",
  "loots2Item": "Draconian Horn (500G/Red A)",
  "loots3Num": "10+",
  "loots3Item": "Majestic Draconian Horn (4,200G/Red S)",
  "fortitude": "13",
  "willpower": "14"
}