{
  "description": "<p>One of the highest-ranking Barbarous, Drake Counts have a regal air about themselves that lesser Drakes do not. While they may be the same as other Drakes physically, a Drake Count's appearance and mannerisms have that noble look about them, unconsciously showing off their status to other Barbarous. At the same time, Drake Counts are masterful combatants and tacticians, able to easily control thousands of Barbarous beneath them.</p><p>A massive beast, the dragon form of a Drake Count, is much larger than those of the Drake Barons underneath them. With glistening translucent green scales, its glory is only surpassed by its frightening combat unique skill.</p><p>For the Dragon form of this monster, see Drake Count (Dragon Form).</p>",
  "disposition": "Hostile",
  "habitat": "Various",
  "initiative": "23",
  "intellect": "High",
  "language": "Trade Common, Barbaric, Drakish, Arcana",
  "lootsNum": 4,
  "monsterName": "Drake Count (Human Form)",
  "mndResist": "23",
  "vitResist": "23",
  "lv": "17",
  "parts": "",
  "coreParts": "",
  "mobility": "30/60(Flying)",
  "mode": "save",
  "paletteInsertType": "exchange",
  "paletteRemoveTags": "1",
  "paletteTool": "bcdice",
  "paletteUseBuff": "1",
  "paletteUseVar": "1",
  "partsNum": 1,
  "perception": "Five senses (Darkvision)",
  "reputation": "18",
  "reputation+": "25",
  "weakness": "+2 Magic Damage",
  "result": "OK",
  "sheetDescriptionM": "分類:Barbarous　知能:High　知覚:Five senses (Darkvision)　反応:Hostile\n言語:Trade Common, Barbaric, Drakish, Arcana　生息地:Various\n弱点:+2 Magic Damage\n先制値:23　生命抵抗力:23（30）　精神抵抗力:23（30）",
  "sheetDescriptionS": "分類:Barbarous\n弱点:+2 Magic Damage\n先制値:23　生命抵抗力:23（30）　精神抵抗力:23（30）",
  "sin": "4",
  "skills": "<p><strong>►Spiritualism Magic 15 Level/Magic Power 21 (28)</strong></p><p></p><p><strong>◯🗨►Magic Aptitude</strong></p><p>A Drake Count (Human Form) can use the Combat Feats [Targeting], [Magic Convergence], [Magic Control], [Universal Metamagic], [Hawk Eye], [Multi-Action], and [Wordbreak].</p><p><strong>◯Multiple Actions = 2 times</strong></p><p></p><p><strong>⏩△Techniques</strong></p><p>A Drake Count (Human Form) can use the [Beetleskin], [Cat's Eyes], [Recovery (9 pts.)], [Giant Arms], and [Sphinx Knowledge] Techniques.</p><p><strong>◯Flight</strong></p><p>A Drake Count receives a +1 bonus to Accuracy and Evasion only for melee attacks.</p><p><strong>🗨 Mana Strike = +21 damage</strong></p><p>A Drake Count may deal an additional +21 damage to their next melee attack. If they do, at risk, they receive a -2 penalty to Fortitude and Willpower checks until their next turn.</p><p><strong>⏩△Instant Dragonification</strong></p><p>The Drake Count transforms into a dragon form, healing all HP and MP. Any lingering magical effects are removed as well. For more information, see the Drake Count (Dragon Form) stats. In the turn in which [⏩△Instant Dragonification] is performed, only the Body section of Dragon Form is treated as having completed the Major Action, and Wing sections can make them on this turn.[⏩Instant Humanification] cannot be used for 1 hour immediately after using [⏩△Instant Dragonification]</p>",
  "status1Accuracy": "23",
  "status1AccuracyFix": 30,
  "status1Damage": "2d+21",
  "status1Defense": "21",
  "status1Evasion": "21",
  "status1EvasionFix": 28,
  "status1Hp": "150",
  "status1Mp": "90",
  "status1Style": "Weapon",
  "statusNum": 1,
  "taxa": "Barbarous",
  "type": "m",
  "unitStatus": {
    "Weapon:HP": "150/150",
    "Weapon:MP": "90"
  },
  "unitExceptStatus": {
    "HP": 1,
    "MP": 1,
    "Defense": 1
  },
  "loots1Num": "Always",
  "loots1Item": "Heraldic Ring (3,000G/Gold White S)",
  "loots2Num": "2～7",
  "loots2Item": "None",
  "loots3Num": "8～12",
  "loots3Item": "Majestic Draconian Horn (4,200G/Red S)",
  "loots4Num": "13+",
  "loots4Item": "Noble Draconian Horn (12,600G/Red SS)",
  "fortitude": "23",
  "willpower": "23"
}