{
  "description": "<p>Dreadbar is a bizarre daemon with a giant crocodile's lower body and a human's upper body. It has crocodile skin and large horns and uses spears and other weapons. It is 5m tall and 10m in length.</p><p>Dreadbar prefers to be near water, such as oceans and rivers and sometimes makes underwater ruins it's home. It is very powerful and can use high-level Divine Magic. It sometimes has other Daemons, such as Melbiz, as its subordinates. Gilmen sometimes worship it as a god.</p><p>At first glance, the Human-like section appears to be its main section, but Dreadbar's brain is housed inside its crocodile-like front. When it speaks, its voice emits from the mouth of its upper body, which resembles a human, so that an uninformed opponent will not realize where its main section is.</p><p>Although they have high intellect, they are brutal and enjoy killing, so if you encounter them, you will not be able to avoid a fight. They are sometimes found sealed as guardians in the underwater ruins of the Ancient Magical Civilization.</p>",
  "disposition": "Hostile",
  "habitat": "Rivers, Seas, Ruins",
  "initiative": "21",
  "intellect": "High",
  "language": "Daemonic",
  "lootsNum": 4,
  "monsterName": "Dreadbar",
  "mndResist": "18",
  "vitResist": "19",
  "lv": "15",
  "parts": "3 (Upper Body / Front / Rear)",
  "coreParts": "Front",
  "mobility": "20 (4 Legs)/20(Swimming)",
  "mode": "save",
  "paletteInsertType": "exchange",
  "paletteRemoveTags": "1",
  "paletteTool": "bcdice",
  "paletteUseBuff": "1",
  "paletteUseVar": "1",
  "partsNum": 3,
  "perception": "Five senses (Darkvision)",
  "reputation": "21",
  "reputation+": "23",
  "weakness": "Fire damage + 3 points",
  "result": "OK",
  "sheetDescriptionM": "分類:Daemon　知能:High　知覚:Five senses (Darkvision)　反応:Hostile\n言語:Daemonic　生息地:Rivers, Seas, Ruins\n弱点:Fire damage + 3 points\n先制値:21　生命抵抗力:19（26）　精神抵抗力:18（25）",
  "sheetDescriptionS": "分類:Daemon\n弱点:Fire damage + 3 points\n先制値:21　生命抵抗力:19（26）　精神抵抗力:18（25）",
  "sin": "0",
  "skills": "<p><strong>◯Underwater Aptitude</strong></p><p></p><p><strong>◯Regeneration = 10 points</strong></p><p>At the end of each round, each section of the Dreadbar recovers 10 HP. This has no effect if the section has 0 HP or lower.</p><br><br><p><strong>►Divine Magic 13 Level / Magic Power 17 (24)</strong></p><p></p><p><strong>◯🗨►Magic Aptitude</strong></p><p>They can use the Combat Feats [Multi-Action], [Targeting], [Magic Convergence], [Magic Control], [Universal Metamagic], [Wordbreak].</p><p><strong>🗨Mana Strike = +17 damage</strong></p><p>May deal an additional +17 damage to their next melee attack. At risk, they take a -2 penalty to their Fortitude and Willpower checks.</p><br><br><p><strong>►Twin Strike & Double Attack</strong></p><p>A Dreadbar can make two Bite attacks each round. It may choose to attack different characters with each attack.</p><p><strong>►Blizzard Breath/16 (23)/Fortitude/Half</strong></p><p>The Dreadbar vomits a mass of cold air with \"Range/Area: 2 (30m)/ Shot\" in \"Target: 1 area (Radius 6m)/20\", dealing 2d+15 Water/Ice magic damage.This unique skill cannot be used on consecutive turns.</p><br><br><p><strong>🗨Tail Swing</strong></p><p>A Dreadbar can use its Tail to attack up to 5 targets in the same skirmish.</p>",
  "status1Accuracy": "18",
  "status1AccuracyFix": 25,
  "status1Damage": "2d+17",
  "status1Defense": "16",
  "status1Evasion": "16",
  "status1EvasionFix": 23,
  "status1Hp": "121",
  "status1Mp": "100",
  "status1Style": "Weapon (Upper Body)",
  "status2Accuracy": "16",
  "status2AccuracyFix": 23,
  "status2Damage": "2d+20",
  "status2Defense": "15",
  "status2Evasion": "14",
  "status2EvasionFix": 21,
  "status2Hp": "132",
  "status2Mp": "34",
  "status2Style": "Bite (Front)",
  "status3Accuracy": "17",
  "status3AccuracyFix": 24,
  "status3Damage": "2d+15",
  "status3Defense": "14",
  "status3Evasion": "15",
  "status3EvasionFix": 22,
  "status3Hp": "95",
  "status3Mp": "28",
  "status3Style": "Tail (Rear)",
  "statusNum": 3,
  "taxa": "Daemon",
  "type": "m",
  "unitStatus": {
    "Weapon (Upper Body):HP": "121/121",
    "Weapon (Upper Body):MP": "100",
    "Bite (Front):HP": "132/132",
    "Bite (Front):MP": "34",
    "Tail (Rear):HP": "95/95",
    "Tail (Rear):MP": "28"
  },
  "unitExceptStatus": {
    "HP": 3,
    "MP": 3,
    "Defense": 3
  },
  "loots1Num": "Always",
  "loots1Item": "Crystallized Great Daemon's Blood (1,600G/Red S)",
  "loots2Num": "Always",
  "loots2Item": "Well-Balanced Spear (600G/Black White A)",
  "loots3Num": "2～8",
  "loots3Item": "Daemon's Scales (600G/Red A) x 1d",
  "loots4Num": "9+",
  "loots4Item": "Green Scales (1,600G/Gold Red S) x 1d",
  "fortitude": "19",
  "willpower": "18"
}