{
  "description": "<p>Like Zombies, this is a corpse in motion, but it differs from Zombie in that its body tissues are dry and tight, giving it the appearance of a skeletal Human from a distance.</p><p>They are light and agile. If you approach them carelessly, they will cut you down to pieces in no time, and you may lose your life.</p>",
  "disposition": "Hostile",
  "habitat": "Ruins, Cemetery",
  "initiative": "13",
  "intellect": "Low",
  "language": "None",
  "lootsNum": 2,
  "monsterName": "Dry Corpse",
  "mndResist": "5",
  "vitResist": "5",
  "lv": "3",
  "parts": "",
  "coreParts": "",
  "mobility": "16",
  "mode": "save",
  "paletteInsertType": "exchange",
  "paletteRemoveTags": "1",
  "paletteTool": "bcdice",
  "paletteUseBuff": "1",
  "paletteUseVar": "1",
  "partsNum": 1,
  "perception": "Magic",
  "reputation": "8",
  "reputation+": "13",
  "weakness": "Fire damage + 3 points",
  "result": "OK",
  "sheetDescriptionM": "分類:Undead　知能:Low　知覚:Magic　反応:Hostile\n言語:None　生息地:Ruins, Cemetery\n弱点:Fire damage + 3 points\n先制値:13　生命抵抗力:5（12）　精神抵抗力:5（12）",
  "sheetDescriptionS": "分類:Undead\n弱点:Fire damage + 3 points\n先制値:13　生命抵抗力:5（12）　精神抵抗力:5（12）",
  "sin": "0",
  "skills": "<p><strong>◯Psychic Immunity</strong></p><p></p><p><strong>◯Continuous Attack</strong></p><p>If a Dry Corpse successfully hits a target in melee, it may make a second attack against the same target.</p><p><strong>◯Poison Immunity, ◯Disease Immunity, ◯Psychic Type (Weak) Immunity</strong></p><p></p><p><strong>◯Unstable Healing</strong></p><p>Healing effects such as Divine Magic and items like Unicorn's Horn will damage Undead instead.Magitech, Fairy Magic, Nature Magic, etc. healing has no effect on the Undead.Spiritualism Magic and a few other healing effects can restore an Undead's HP.</p>",
  "status1Accuracy": "5",
  "status1AccuracyFix": 12,
  "status1Damage": "2d+2",
  "status1Defense": "2",
  "status1Evasion": "5",
  "status1EvasionFix": 12,
  "status1Hp": "25",
  "status1Mp": "0",
  "status1Style": "Claws",
  "statusNum": 1,
  "taxa": "Undead",
  "type": "m",
  "unitStatus": {
    "Claws:HP": "25/25",
    "Claws:MP": "0/0"
  },
  "unitExceptStatus": {
    "HP": 1,
    "MP": 1,
    "Defense": 1
  },
  "loots1Num": "2～10",
  "loots1Item": "Tainted Bones (50G/Red B)",
  "loots2Num": "11+",
  "loots2Item": "Tainted Skull (300G/Red A)",
  "fortitude": "5",
  "willpower": "5"
}