{
  "description": "<p>These tree fairies take the shape of a beautiful yet mysterious woman with long, flowing green hair wrapped around her limbs. Often appearing nude, Dryads are known to be man-charmers and will have a pile of bodies at the base of their tree. These corpses of men they had mesmerized, providing fertilizer in death as they did protection in life. There are stories of men who have escaped the clutches of a Dryad by threatening to cut their tree down.</p>",
  "disposition": "Neutral",
  "habitat": "Forest",
  "initiative": "15",
  "intellect": "Average",
  "language": "Sylvan",
  "lootsNum": 0,
  "monsterName": "Dryad",
  "mndResist": "12",
  "vitResist": "11",
  "lv": "9",
  "parts": "",
  "coreParts": "",
  "mobility": "13",
  "mode": "save",
  "paletteInsertType": "exchange",
  "paletteRemoveTags": "1",
  "paletteTool": "bcdice",
  "paletteUseBuff": "1",
  "paletteUseVar": "1",
  "partsNum": 1,
  "perception": "Five senses",
  "reputation": "12",
  "reputation+": "19",
  "weakness": "Fire damage + 3 points",
  "result": "OK",
  "sheetDescriptionM": "分類:Fairy　知能:Average　知覚:Five senses　反応:Neutral\n言語:Sylvan　生息地:Forest\n弱点:Fire damage + 3 points\n先制値:15　生命抵抗力:11（18）　精神抵抗力:12（19）",
  "sheetDescriptionS": "分類:Fairy\n弱点:Fire damage + 3 points\n先制値:15　生命抵抗力:11（18）　精神抵抗力:12（19）",
  "sin": "0",
  "skills": "<p><strong>◯Type: Earth/Magic Power 12 (19)</strong></p><p></p><p><strong>◯Fire Vulnerability</strong></p><p>When Dryad is hit by Fire-type damage, it takes an extra 3 damage.</p><p><strong>◯🗨Magic Aptitude</strong></p><p>They can use the Combat Feats [Universal Metamagic] and [MP Save/Fairy Tamer].</p><p><strong>►Mesmerize/12 (19)/Willpower/Negates</strong></p><p>With \"Range/Area: 30m/ Target\", it whispers sweet words to \"Target: 1 Character\" and mesmerizes it. This effect only works if the target is a male character, and the target thinks Dryad is his beloved lover and acts to protect her.The character in this state considers any attack on the Dryad to be an offense and tries to defeat these offenders with all his might. This effect is of Psychic type and lasts only while the character is within \"Range: 2 (30m)\" from the Dryad.</p><p><strong>►Tree Assimilation</strong></p><p>The Dryad can step into a chosen tree within touch distance and hide inside, becoming invulnerable to attacks. In this state, she will also be unable to use melee attacks or [►Mesmerize] new targets (although she still can cast spells and maintain the effect of [►Mesmerize]).Burning a tree where a Dryad is hiding will force the Dryad out. Otherwise, exiting a tree is also a Major Action</p>",
  "status1Accuracy": "11",
  "status1AccuracyFix": 18,
  "status1Damage": "2d+10",
  "status1Defense": "9",
  "status1Evasion": "10",
  "status1EvasionFix": 17,
  "status1Hp": "75",
  "status1Mp": "73",
  "status1Style": "Fist",
  "statusNum": 1,
  "taxa": "Fairy",
  "type": "m",
  "unitStatus": {
    "Fist:HP": "75/75",
    "Fist:MP": "73"
  },
  "unitExceptStatus": {
    "HP": 1,
    "MP": 1,
    "Defense": 1
  },
  "fortitude": "11",
  "willpower": "12"
}