{
  "description": "<p>This is a fairy with a long, twisted beard and an appearance similar to Dwarf. They create mansions and other structures in remote places using illusions to lure travelers and wanderers. However, the structures created by illusions sometimes fail to serve their purpose, and when they wake up, visitors are left out in the open.</p>",
  "disposition": "Friendly",
  "habitat": "Lakesides, Mountains",
  "initiative": "15",
  "intellect": "Average",
  "language": "Sylvan",
  "lootsNum": 0,
  "monsterName": "Duergar",
  "mndResist": "11",
  "vitResist": "12",
  "lv": "9",
  "parts": "",
  "coreParts": "",
  "mobility": "16 / -",
  "mode": "save",
  "paletteInsertType": "exchange",
  "paletteRemoveTags": "1",
  "paletteTool": "bcdice",
  "paletteUseBuff": "1",
  "paletteUseVar": "1",
  "partsNum": 1,
  "perception": "Magic",
  "reputation": "16",
  "reputation+": "19",
  "weakness": "Accuracy +1",
  "result": "OK",
  "sheetDescriptionM": "分類:Fairy　知能:Average　知覚:Magic　反応:Friendly\n言語:Sylvan　生息地:Lakesides, Mountains\n弱点:Accuracy +1\n先制値:15　生命抵抗力:12（19）　精神抵抗力:11（18）",
  "sheetDescriptionS": "分類:Fairy\n弱点:Accuracy +1\n先制値:15　生命抵抗力:12（19）　精神抵抗力:11（18）",
  "sin": "0",
  "skills": "<p><strong>◯Type: Dark / Magic Power 12 (19)</strong></p><p></p><p><strong>◯🗨Magic Aptitude</strong></p><p>They can use the Combat Feats [Targeting], [Metamagic/Targets], and [Multi-Action].</p><p><strong>►Garden of Illusion / 11 (18) / Willpower / Negates</strong></p><p>Within \"Range: Caster\" causes \"Target: All areas (30m Radius) / All\" to be affected by the illusion, making the targets unable to attack, cast spells, or perform any other action that targets other than itself during its turn for 30 seconds (3 rounds). It is possible to use effects that affect the range of the target, starting from the position (area, coordinate) where the target itself is or where it is located.This effect is Psychic type</p>",
  "status1Accuracy": "12",
  "status1AccuracyFix": 19,
  "status1Damage": "2d+15",
  "status1Defense": "10",
  "status1Evasion": "11",
  "status1EvasionFix": 18,
  "status1Hp": "68",
  "status1Mp": "52",
  "status1Style": "Weapon",
  "statusNum": 1,
  "taxa": "Fairy",
  "type": "m",
  "unitStatus": {
    "Weapon:HP": "68/68",
    "Weapon:MP": "52"
  },
  "unitExceptStatus": {
    "HP": 1,
    "MP": 1,
    "Defense": 1
  },
  "fortitude": "12",
  "willpower": "11"
}