{
  "description": "<p>An improved Dullahan, the Dullahan Lord still wears beat-up white armor and tucks its head underneath one arm.</p><p>However, the Dullahan Lord is familiar with Magitech and takes advantage of an ancient Manabike instead of the old horse-drawn carriage.</p>",
  "disposition": "Hostile",
  "habitat": "Unknown",
  "initiative": "22",
  "intellect": "High",
  "language": "Arcana, Magitech",
  "lootsNum": 4,
  "monsterName": "Dullahan Lord",
  "mndResist": "16",
  "vitResist": "15",
  "lv": "11",
  "parts": "2 (Rider / Manabike)",
  "coreParts": "Rider",
  "mobility": "40 (Wheeled)",
  "mode": "save",
  "paletteInsertType": "exchange",
  "paletteRemoveTags": "1",
  "paletteTool": "bcdice",
  "paletteUseBuff": "1",
  "paletteUseVar": "1",
  "partsNum": 2,
  "perception": "Magic",
  "reputation": "17",
  "reputation+": "24",
  "weakness": "Energy damage +3 points",
  "result": "OK",
  "sheetDescriptionM": "分類:Undead　知能:High　知覚:Magic　反応:Hostile\n言語:Arcana, Magitech　生息地:Unknown\n弱点:Energy damage +3 points\n先制値:22　生命抵抗力:15（22）　精神抵抗力:16（23）",
  "sheetDescriptionS": "分類:Undead\n弱点:Energy damage +3 points\n先制値:22　生命抵抗力:15（22）　精神抵抗力:16（23）",
  "sin": "0",
  "skills": "<p><strong>◯Iron Body</strong></p><p>The Dullahan Lord is immune to criticals from edged weapons.</p><p><strong>◯Normal Weapon Immunity, ◯Poison Immunity, ◯Disease Immunity, ◯Psychic Type (Weak) Immunity</strong></p><p></p><p><strong>◯Unstable Healing</strong></p><p>Healing effects such as Divine Magic and items like Unicorn's Horn will damage Undead instead.Magitech, Fairy Magic, Nature Magic, etc. healing has no effect on the Undead.Spiritualism Magic and a few other healing effects can restore an Undead's HP.</p><br><br><p><strong>►Truespeech Magic, Divine Magic, Magitech 11 Level/Magic Power 15 (22)</strong></p><p></p><p><strong>◯🗨Magic Aptitude</strong></p><p>A Dullahan Lord can use the Combat Feats [Universal Metamagic], [Rune Master], and [Multi-Action].</p><p><strong>🗨Power Strike II</strong></p><p>They can deal an additional +12 damage on their next attack. However, any Evasion Check made by them this turn receives a -2 penalty.</p><br><br><p><strong>►Magitech 11 Level/Magic Power 15 (22)</strong></p><p></p><p><strong>►Gunfire/14 (21)/Evasion/Negates</strong></p><p>Has a gun with \"Range: 2 (30m)\" and Maximum Capacity of 5.</p><p><strong>◯Targeting</strong></p><p>Stray shots cannot occur.</p><p><strong>►Sonic Blaster/15 (22)/Fortitude/ Neg</strong></p><p>Within \"Range: Caster\" causes a loud noise around the target, impacting \"Target: All Areas (30m Radius) / All\". Targets suffer 2d bludgeoning magic damage and cannot declare Minor Actions or active combat feats for 10 seconds (1 round). Their Accuracy check and Evasion check are penalties by -2.This unique skill cannot be used on consecutive turns.</p><p><strong>◯Downswing</strong></p><p>The Rider section deals an extra +2 damage.This unique skill cannot be used when the Manabike falls to 0 HP or lower.</p><p><strong>◯Attack Obstacle = Impossible • None</strong></p><p>The Manabike's size hinders attack.The Rider cannot be attacked, whether melee or ranged. When the Manabike falls to 0 HP or lower, this effect disappears.</p>",
  "status1Accuracy": "15",
  "status1AccuracyFix": 22,
  "status1Damage": "2d+13",
  "status1Defense": "12",
  "status1Evasion": "12",
  "status1EvasionFix": 19,
  "status1Hp": "95",
  "status1Mp": "123",
  "status1Style": "Sword (Rider)",
  "status2Accuracy": "14",
  "status2AccuracyFix": 21,
  "status2Damage": "2d+14",
  "status2Defense": "13",
  "status2Evasion": "11",
  "status2EvasionFix": 18,
  "status2Hp": "101",
  "status2Mp": "43",
  "status2Style": "Slam (Manabike)",
  "statusNum": 2,
  "taxa": "Undead",
  "type": "m",
  "unitStatus": {
    "Sword (Rider):HP": "95/95",
    "Sword (Rider):MP": "123",
    "Slam (Manabike):HP": "101/101",
    "Slam (Manabike):MP": "43"
  },
  "unitExceptStatus": {
    "HP": 2,
    "MP": 2,
    "Defense": 2
  },
  "loots1Num": "Always",
  "loots1Item": "Manabike Parts (500G/Black White A)",
  "loots2Num": "2～6",
  "loots2Item": "None",
  "loots3Num": "7～12",
  "loots3Item": "Mithril (2,600G/Gold S)",
  "loots4Num": "13+",
  "loots4Item": "Pure Mithril (8,800G/Gold S)",
  "fortitude": "15",
  "willpower": "16"
}