{
  "description": "<p>A Dullahan is an immense figure comprised of a headless knight in black armor, driving a hellish chariot pulled by skeletal horses.</p><p>It carries its head in its left arm and sentences a man to death in one year. Anyone who tries to prevent a Dullahan from doing so becomes a target themselves (though they may not be killed until a year later). It is unclear why Dullahans do what they do, but even if their target hides in a secret room or on an isolated island, the Dullahan always appears and attempts to kill them.</p>",
  "disposition": "Hostile",
  "habitat": "Unknown",
  "initiative": "16",
  "intellect": "Average",
  "language": "Arcana",
  "lootsNum": 4,
  "monsterName": "Dullahan",
  "mndResist": "10",
  "vitResist": "10",
  "lv": "7",
  "parts": "4 (Rider, Chariot, Horse x 2)",
  "coreParts": "Rider",
  "mobility": "25 (4 Legs & Wheeled)",
  "mode": "save",
  "paletteInsertType": "exchange",
  "paletteRemoveTags": "1",
  "paletteTool": "bcdice",
  "paletteUseBuff": "1",
  "paletteUseVar": "1",
  "partsNum": 4,
  "perception": "Magic",
  "reputation": "11",
  "reputation+": "18",
  "weakness": "HP Recovery (deals damage instead) +3 points",
  "result": "OK",
  "sheetDescriptionM": "分類:Undead　知能:Average　知覚:Magic　反応:Hostile\n言語:Arcana　生息地:Unknown\n弱点:HP Recovery (deals damage instead) +3 points\n先制値:16　生命抵抗力:10（17）　精神抵抗力:10（17）",
  "sheetDescriptionS": "分類:Undead\n弱点:HP Recovery (deals damage instead) +3 points\n先制値:16　生命抵抗力:10（17）　精神抵抗力:10（17）",
  "sin": "0",
  "skills": "<p><strong>◯Unstable Healing</strong></p><p>Healing effects such as Divine Magic and items like Unicorn's Horn will damage Undead instead.Magitech, Fairy Magic, Nature Magic, etc. healing has no effect on the Undead.Spiritualism Magic and a few other healing effects can restore an Undead's HP.</p><br><br><p><strong>◯Normal Weapon Immunity</strong></p><p></p><p><strong>►Truespeech Magic, Divine Magic 5 Level / Magic Power 8 (15)</strong></p><p></p><p><strong>◯🗨►Magic Aptitude</strong></p><p>They can use the Combat Feats [Targeting], [Magic Convergence], and [Violentcast I].</p><br><br><p><strong>◯Iron Body</strong></p><p>The Chariot is immune to criticals from edged weapons.</p><p><strong>◯Attack Obstacle = Impossible • None</strong></p><p>The Chariot's size hinders attack.The Rider cannot be attacked in melee. When the Chariot falls to 0 HP or lower, this effect disappears.</p><br><br><p><strong>🗨Power Strike I</strong></p><p>They can deal an additional 4 damage on their next attack. However, any Evasion Check made by them this turn receives a -2 penalty.</p><p><strong>◯Less Mobile</strong></p><p>Each time the HP of a Horse section falls to 0 or below, the Dullahan movement is reduced by -10.</p>",
  "status1Accuracy": "10",
  "status1AccuracyFix": 17,
  "status1Damage": "2d+12",
  "status1Defense": "5",
  "status1Evasion": "9",
  "status1EvasionFix": 16,
  "status1Hp": "53",
  "status1Mp": "44",
  "status1Style": "Sword (Riderounds)",
  "status2Accuracy": "8",
  "status2AccuracyFix": 15,
  "status2Damage": "2d+14",
  "status2Defense": "7",
  "status2Evasion": "7",
  "status2EvasionFix": 14,
  "status2Hp": "62",
  "status2Mp": "-",
  "status2Style": "Charge (Chariot)",
  "status3Accuracy": "9",
  "status3AccuracyFix": 16,
  "status3Damage": "2d+8",
  "status3Defense": "3",
  "status3Evasion": "8",
  "status3EvasionFix": 15,
  "status3Hp": "37",
  "status3Mp": "22",
  "status3Style": "Hoof (Horse)",
  "status4Accuracy": "9",
  "status4AccuracyFix": 16,
  "status4Damage": "2d+8",
  "status4Defense": "3",
  "status4Evasion": "8",
  "status4EvasionFix": 15,
  "status4Hp": "37",
  "status4Mp": "22",
  "status4Style": "Hoof (Horse)",
  "statusNum": 4,
  "taxa": "Undead",
  "type": "m",
  "unitStatus": {
    "Sword (Riderounds):HP": "53/53",
    "Sword (Riderounds):MP": "44",
    "Charge (Chariot):HP": "62/62",
    "Charge (Chariot):MP": "-",
    "Hoof (Horse):HP": "37/37",
    "Hoof (Horse):MP": "22"
  },
  "unitExceptStatus": {
    "HP": 4,
    "MP": 4,
    "Defense": 4
  },
  "loots1Num": "2～4",
  "loots1Item": "None",
  "loots2Num": "5～7",
  "loots2Item": "Magical Wood (200G/Gold Green A)",
  "loots3Num": "8～12",
  "loots3Item": "Premium Magical Wood (500G/Gold Green A)",
  "loots4Num": "13+",
  "loots4Item": "Mithril (2,600G/Gold S)",
  "fortitude": "10",
  "willpower": "10"
}