{
  "description": "<p>This is a humanoid-looking Olden fairy, standing about 1 meter in height. It has a faint luminescence and lacks any gender characteristics. Dunae's luminescence resonates and shines brightly under the moonlight.</p><p>While friendly towards Humanoids and animals, it is very fragile and rarely causes harm to others, unless it is forced to defend itself in direct danger.</p>",
  "disposition": "Friendly",
  "habitat": "Secluded Regions",
  "initiative": "11",
  "intellect": "Average",
  "language": "Sylvan",
  "lootsNum": 0,
  "monsterName": "Dunae",
  "mndResist": "5",
  "vitResist": "4",
  "lv": "3",
  "parts": "",
  "coreParts": "",
  "mobility": "-/10 (Floating)",
  "mode": "save",
  "paletteInsertType": "exchange",
  "paletteRemoveTags": "1",
  "paletteTool": "bcdice",
  "paletteUseBuff": "1",
  "paletteUseVar": "1",
  "partsNum": 1,
  "perception": "Five senses (Darkvision)",
  "reputation": "10",
  "reputation+": "15",
  "weakness": "Physical damage +2 points",
  "result": "OK",
  "sheetDescriptionM": "分類:Fairy　知能:Average　知覚:Five senses (Darkvision)　反応:Friendly\n言語:Sylvan　生息地:Secluded Regions\n弱点:Physical damage +2 points\n先制値:11　生命抵抗力:4（11）　精神抵抗力:5（12）",
  "sheetDescriptionS": "分類:Fairy\n弱点:Physical damage +2 points\n先制値:11　生命抵抗力:4（11）　精神抵抗力:5（12）",
  "sin": "0",
  "skills": "<p><strong>◯Olden / Type: Light & Dark / Magic Power 5 (12)</strong></p><p></p><p><strong>◯Moonlight</strong></p><p>When Dunae is in the moonlight its HP and MP are increased by 5 and Magic Power by 2.</p><p><strong>►Moon Dance / Optional</strong></p><p>\"Target: 1 Entire Character\" within \"Range: Touch\" of Dunae receives a blessing. Target can re-roll 2d on one skill check for 1 day. Target can decide if and when they want to use re-roll or not. After the re-roll, the second roll must be used as a result. It also disappears after a day has passed without being used.This effect is treated as a Curse type with Success Value 12.The same target can receive this blessing only once per day</p>",
  "status1Accuracy": "4",
  "status1AccuracyFix": 11,
  "status1Damage": "2d+2",
  "status1Defense": "2",
  "status1Evasion": "5",
  "status1EvasionFix": 12,
  "status1Hp": "18",
  "status1Mp": "24",
  "status1Style": "Slam",
  "statusNum": 1,
  "taxa": "Fairy",
  "type": "m",
  "unitStatus": {
    "Slam:HP": "18/18",
    "Slam:MP": "24"
  },
  "unitExceptStatus": {
    "HP": 1,
    "MP": 1,
    "Defense": 1
  },
  "fortitude": "4",
  "willpower": "5"
}