{
  "description": "<p>This is a cleaning Construct probably made in the Magic Civilization Period. Inside its humanoid body, cleaning tools such as brooms, dustpans, and cloths are stored. Detergent can be sprayed from the base of the two legs and is sprayed on the floor or low places.</p><p>The appearance of many of them reflects the taste and aesthetic sense of their makers, and there is little uniformity in their design, ranging from those that are utilitarian to those that are highly valued as works of art.</p>",
  "disposition": "Instructed",
  "habitat": "Ruins, Abandoned Buildings",
  "initiative": "10",
  "intellect": "Servant",
  "language": "None",
  "lootsNum": 3,
  "monsterName": "Dungeon Keeper",
  "mndResist": "4",
  "vitResist": "4",
  "lv": "3",
  "parts": "",
  "coreParts": "",
  "mobility": "10/-",
  "mode": "save",
  "paletteInsertType": "exchange",
  "paletteRemoveTags": "1",
  "paletteTool": "bcdice",
  "paletteUseBuff": "1",
  "paletteUseVar": "1",
  "partsNum": 1,
  "perception": "Magic",
  "reputation": "10",
  "reputation+": "14",
  "weakness": "Physical damage +2 points",
  "result": "OK",
  "sheetDescriptionM": "分類:Construct　知能:Servant　知覚:Magic　反応:Instructed\n言語:None　生息地:Ruins, Abandoned Buildings\n弱点:Physical damage +2 points\n先制値:10　生命抵抗力:4（11）　精神抵抗力:4（11）",
  "sheetDescriptionS": "分類:Construct\n弱点:Physical damage +2 points\n先制値:10　生命抵抗力:4（11）　精神抵抗力:4（11）",
  "sin": "0",
  "skills": "<p><strong>◯Attitude Control</strong></p><p>It does not fall prone under any effect.</p><p><strong>►Detergent Spray / Can't</strong></p><p>The detergent is sprayed in \"Target: 1 area (3m Radius) / Space\" within \"Range: Caster\". All targets within this range, if they are on their feet, must make an Acrobatics check with Target Number of 10 at the beginning of their turn, failing which they will fall prone immediately. If the character falls, they cannot get up during their turn.This effect lasts for 3 minutes (18 rounds).</p><p><strong>◯Poison Immunity, ◯Disease Immunity, ◯Psychic Type Immunity</strong></p><p></p><p><strong>◯Limited Healing</strong></p><p>Effects which can heal Construct HP are very limited, and mostly come from Spiritualism Magic and some special items.Healing effects such as Divine Magic, Fairy Magic, and Nature Magic cannot restore a Construct's HP.</p><p><strong>◯Can Be Detected</strong></p><p>Constructs can be detected with the [Sense Magic] spell and similar effects.</p>",
  "status1Accuracy": "4",
  "status1AccuracyFix": 11,
  "status1Damage": "2d+3",
  "status1Defense": "4",
  "status1Evasion": "4",
  "status1EvasionFix": 11,
  "status1Hp": "24",
  "status1Mp": "-",
  "status1Style": "Broom",
  "statusNum": 1,
  "taxa": "Construct",
  "type": "m",
  "unitStatus": {
    "Broom:HP": "24/24",
    "Broom:MP": "-"
  },
  "unitExceptStatus": {
    "HP": 1,
    "MP": 1,
    "Defense": 1
  },
  "loots1Num": "2～6",
  "loots1Item": "None",
  "loots2Num": "7～10",
  "loots2Item": "Magical Wood (200G/Red Green A)",
  "loots3Num": "11+",
  "loots3Item": "Premium Magical Wood (500G/Red Green A)",
  "fortitude": "4",
  "willpower": "4"
}