{
  "description": "<p>A Dusky Grace is, compared to other Daemons, rather small. It resembles a short human, with pale grey skin and an elongated, prehensile tail.</p>",
  "disposition": "Hostile",
  "habitat": "Underground Labyrinth, Ruins",
  "initiative": "14",
  "intellect": "Average",
  "language": "Daemonic",
  "lootsNum": 4,
  "monsterName": "Dusky Grace",
  "mndResist": "7",
  "vitResist": "6",
  "lv": "5",
  "parts": "",
  "coreParts": "",
  "mobility": "16",
  "mode": "save",
  "paletteInsertType": "exchange",
  "paletteRemoveTags": "1",
  "paletteTool": "bcdice",
  "paletteUseBuff": "1",
  "paletteUseVar": "1",
  "partsNum": 1,
  "perception": "Five senses (Darkvision)",
  "reputation": "12",
  "reputation+": "17",
  "weakness": "Physical Damage +2",
  "result": "OK",
  "sheetDescriptionM": "分類:Daemon　知能:Average　知覚:Five senses (Darkvision)　反応:Hostile\n言語:Daemonic　生息地:Underground Labyrinth, Ruins\n弱点:Physical Damage +2\n先制値:14　生命抵抗力:6（13）　精神抵抗力:7（14）",
  "sheetDescriptionS": "分類:Daemon\n弱点:Physical Damage +2\n先制値:14　生命抵抗力:6（13）　精神抵抗力:7（14）",
  "sin": "0",
  "skills": "<p><strong>►Spiritualism Magic 3 Level/Magic Power 6 (13)</strong></p><p></p><p><strong>◯Entangling Tail</strong></p><p>A successful hit from a Tail entangles the target. The target is unable to move, suffers a -2 penalty to all Accuracy and Evasion Checks with a -2 penalty (this penalty is not cumulative) and is automatically hit by the Tail attack each round.When the target tries to escape, use de-bonding (see ML, p. 71).While entangled by this unique skill, the Dusky Grace cannot attack other characters. If the monster itself wants to release the target, it can do so with a Minor Action.</p>",
  "status1Accuracy": "7",
  "status1AccuracyFix": 14,
  "status1Damage": "2d+7",
  "status1Defense": "3",
  "status1Evasion": "8",
  "status1EvasionFix": 15,
  "status1Hp": "42",
  "status1Mp": "29",
  "status1Style": "Tail",
  "statusNum": 1,
  "taxa": "Daemon",
  "type": "m",
  "unitStatus": {
    "Tail:HP": "42/42",
    "Tail:MP": "29"
  },
  "unitExceptStatus": {
    "HP": 1,
    "MP": 1,
    "Defense": 1
  },
  "loots1Num": "Always",
  "loots1Item": "Daemon's Blood (100G/Red A)",
  "loots2Num": "2～8",
  "loots2Item": "None",
  "loots3Num": "9～10",
  "loots3Item": "Daemon's Earrings (260G/Gold White A)",
  "loots4Num": "11+",
  "loots4Item": "Daemon's Ring (600G/Gold White A)",
  "fortitude": "6",
  "willpower": "7"
}