{
  "description": "<p>She is a wind fairy who lives in a mountainous area and takes the form of a small girl. She is shy and does not show herself often, but if you call her, she is sure to return your call.</p><p>She is good at imitating voices and has the ability to reproduce exact sounds and voices.</p>",
  "disposition": "Friendly",
  "habitat": "Mountains",
  "initiative": "13",
  "intellect": "Average",
  "language": "Trade Common, Sylvan",
  "lootsNum": 0,
  "monsterName": "Echo",
  "mndResist": "7",
  "vitResist": "7",
  "lv": "5",
  "parts": "",
  "coreParts": "",
  "mobility": "-/22(Flying)",
  "mode": "save",
  "paletteInsertType": "exchange",
  "paletteRemoveTags": "1",
  "paletteTool": "bcdice",
  "paletteUseBuff": "1",
  "paletteUseVar": "1",
  "partsNum": 1,
  "perception": "Five senses",
  "reputation": "11",
  "reputation+": "15",
  "weakness": "Earth damage + 3 points",
  "result": "OK",
  "sheetDescriptionM": "分類:Fairy　知能:Average　知覚:Five senses　反応:Friendly\n言語:Trade Common, Sylvan　生息地:Mountains\n弱点:Earth damage + 3 points\n先制値:13　生命抵抗力:7（14）　精神抵抗力:7（14）",
  "sheetDescriptionS": "分類:Fairy\n弱点:Earth damage + 3 points\n先制値:13　生命抵抗力:7（14）　精神抵抗力:7（14）",
  "sin": "0",
  "skills": "<p><strong>◯Type: Wind/Magic Power 8 (15)</strong></p><p></p><p><strong>◯Slashing Immunity</strong></p><p></p><p><strong>◯Flight</strong></p><p>An Echo only receives a +1 bonus to Accuracy and Evasion for melee attacks.</p><p><strong>◯🗨Magic Aptitude</strong></p><p>Echo can use the Combat Feats [Targeting] and [Metamagic/Targets].</p><p><strong>►Echo</strong></p><p>Echo should be in the same position where they ended her previous round to use this ability. Also, it cannot be used in a round in which Echo moved with Normal Move or Full Move.Echo reproduces only one Spell with Chant, Spellsong, Finale, or any other unique skill that uses sound or voice that was cast from the end of the previous Echo's turn to the beginning of Echo's current turn. The original user's values and abilities are retained in reproducing the effect, and the rolls and range (area) are also the same. However, the specific target of the effect is redefined arbitrarily by this monster (as if it had used it).When using this ability, Echo consumes Level (adventurer level, monster level) x 2 points of HP and MP of the original effect (no MP consumption is required for the original user at this Echo reuse). Also, regardless of the type of the original effect, the use of this ability is a Major Action</p>",
  "status1Accuracy": "7",
  "status1AccuracyFix": 14,
  "status1Damage": "2d+5",
  "status1Defense": "4",
  "status1Evasion": "8",
  "status1EvasionFix": 15,
  "status1Hp": "32",
  "status1Mp": "42",
  "status1Style": "Fist",
  "statusNum": 1,
  "taxa": "Fairy",
  "type": "m",
  "unitStatus": {
    "Fist:HP": "32/32",
    "Fist:MP": "42"
  },
  "unitExceptStatus": {
    "HP": 1,
    "MP": 1,
    "Defense": 1
  },
  "fortitude": "7",
  "willpower": "7"
}