{
  "description": "<p>Efreet are 5m tall giant volcanic fairies, often appearing as great horned humans wreathed in flame. Found in volcanos and deep caves near Salamanders, Efreets will rarely appear to outsiders. Although usually cheerful, they tend to lose their temper quickly, and a raging Efreet will turn everything around into charcoal instantly.</p>",
  "disposition": "Neutral",
  "habitat": "Volcanoes, Labyrinths, Ruins",
  "initiative": "23",
  "intellect": "High",
  "language": "Sylvan",
  "lootsNum": 0,
  "monsterName": "Efreet",
  "mndResist": "23",
  "vitResist": "23",
  "lv": "17",
  "parts": "2 (Upper Body / Lower Body)",
  "coreParts": "Upper Body",
  "mobility": "-/40(Flying)",
  "mode": "save",
  "paletteInsertType": "exchange",
  "paletteRemoveTags": "1",
  "paletteTool": "bcdice",
  "paletteUseBuff": "1",
  "paletteUseVar": "1",
  "partsNum": 2,
  "perception": "Five senses",
  "reputation": "19",
  "reputation+": "22",
  "weakness": "Water/Ice damage +3 points",
  "result": "OK",
  "sheetDescriptionM": "分類:Fairy　知能:High　知覚:Five senses　反応:Neutral\n言語:Sylvan　生息地:Volcanoes, Labyrinths, Ruins\n弱点:Water/Ice damage +3 points\n先制値:23　生命抵抗力:23（30）　精神抵抗力:23（30）",
  "sheetDescriptionS": "分類:Fairy\n弱点:Water/Ice damage +3 points\n先制値:23　生命抵抗力:23（30）　精神抵抗力:23（30）",
  "sin": "0",
  "skills": "<p><strong>◯Type: Fire/Magic Power 22 (29)</strong></p><p>Only the Upper Body section can cast spells.</p><p><strong>◯Water/Ice Vulnerability</strong></p><p>When the Efreet is hit by Water/Ice-type damage, it takes an extra 3 damage.</p><p><strong>◯Flight</strong></p><p>An Efreet receives a +1 bonus to Accuracy and Evasion only for melee attacks.</p><p><strong>◯Multiple Actions = 2 times</strong></p><p></p><p><strong>►Twin Strike & Double Attack</strong></p><p>An Efreet can make two attacks each round, though each attack requires its own Accuracy check. They may choose to attack different characters with each attack.</p><p><strong>🗨Fire Mana Strike = +22 damage</strong></p><p>An Efreet can deal an additional +22 damage on their next attack and turn the attacks into fire-type damage. At risk, it takes a -2 penalty to its Fortitude and Willpower checks.</p><br><br><p><strong>◯🗨►Magic Aptitude</strong></p><p>They can use the Combat Feats [Multi-Action], [Targeting], [Magic Convergence], [Magic Control], [Hawk Eye], [Universal Metamagic], and [Wordbreak].</p><p><strong>⏩Dance of Flame/22 (29)/Fortitude/Half</strong></p><p>Within \"Range: Caster,\" with a dance, scatters burning fire and deals 2d+22 fire magic damage to \"Target: All Areas (30m Radius)/All\".This unique skill can only be used once per round.</p><p><strong>►Flame Ruler/Can't</strong></p><p>Within \"Range/Area: 2 (100m)/ Target\" cancels the racial ability [Sword's Grace / Flame Body] of \"Target: 1 Character\" for 10 seconds (1 round).</p><br><br><p><strong>◯Attack Obstacle = Impossible • +4</strong></p><p>An Efreet's great size hinders attack.The Upper Body cannot be attacked in melee. Against any ranged attacks, Head receives a +4 bonus to Evasion checks.This effect disappears when the Lower Body falls to 0 HP or lower</p>",
  "status1Accuracy": "22",
  "status1AccuracyFix": 29,
  "status1Damage": "2d+17",
  "status1Defense": "19",
  "status1Evasion": "20",
  "status1EvasionFix": 27,
  "status1Hp": "154",
  "status1Mp": "133",
  "status1Style": "Fists (Upper Body)",
  "status2Accuracy": "21",
  "status2AccuracyFix": 28,
  "status2Damage": "2d+19",
  "status2Defense": "19",
  "status2Evasion": "20",
  "status2EvasionFix": 27,
  "status2Hp": "146",
  "status2Mp": "41",
  "status2Style": "Kick (Lower Body)",
  "statusNum": 2,
  "taxa": "Fairy",
  "type": "m",
  "unitStatus": {
    "Fists (Upper Body):HP": "154/154",
    "Fists (Upper Body):MP": "133",
    "Kick (Lower Body):HP": "146/146",
    "Kick (Lower Body):MP": "41"
  },
  "unitExceptStatus": {
    "HP": 2,
    "MP": 2,
    "Defense": 2
  },
  "fortitude": "23",
  "willpower": "23"
}