{
  "description": "<p>These fairies take the shape of beautiful girls, with a part of their hair resembling a flame. They live in groups of three to five near sources of fire. They are curious and fond of people, and will be friendly towards anyone who treats them kindly. However, they will never forgive those who are hostile or betray them, and will try to burn them with fire.</p>",
  "disposition": "Friendly",
  "habitat": "Secluded Regions",
  "initiative": "10",
  "intellect": "Average",
  "language": "Sylvan",
  "lootsNum": 0,
  "monsterName": "Einsel",
  "mndResist": "5",
  "vitResist": "5",
  "lv": "3",
  "parts": "",
  "coreParts": "",
  "mobility": "13",
  "mode": "save",
  "paletteInsertType": "exchange",
  "paletteRemoveTags": "1",
  "paletteTool": "bcdice",
  "paletteUseBuff": "1",
  "paletteUseVar": "1",
  "partsNum": 1,
  "perception": "Five senses",
  "reputation": "10",
  "reputation+": "15",
  "weakness": "Water/Ice damage + 3 points",
  "result": "OK",
  "sheetDescriptionM": "分類:Fairy　知能:Average　知覚:Five senses　反応:Friendly\n言語:Sylvan　生息地:Secluded Regions\n弱点:Water/Ice damage + 3 points\n先制値:10　生命抵抗力:5（12）　精神抵抗力:5（12）",
  "sheetDescriptionS": "分類:Fairy\n弱点:Water/Ice damage + 3 points\n先制値:10　生命抵抗力:5（12）　精神抵抗力:5（12）",
  "sin": "0",
  "skills": "<p><strong>◯Olden/Type: Fire & Dark/Magic Power 5 (12)</strong></p><p></p><p><strong>►Fire Dance/5 (12)/Willpower/Half</strong></p><p>Within \"Range: Touch,\" this effect wraps the \"Target: 1 Character\" in fire dust, dealing 2d+2 Fire magic damage. In addition, the target takes a -2 penalty to Evasion checks for 10 seconds (1 round)</p>",
  "status1Accuracy": "5",
  "status1AccuracyFix": 12,
  "status1Damage": "2d+3",
  "status1Defense": "3",
  "status1Evasion": "4",
  "status1EvasionFix": 11,
  "status1Hp": "23",
  "status1Mp": "17",
  "status1Style": "Fist",
  "statusNum": 1,
  "taxa": "Fairy",
  "type": "m",
  "unitStatus": {
    "Fist:HP": "23/23",
    "Fist:MP": "17"
  },
  "unitExceptStatus": {
    "HP": 1,
    "MP": 1,
    "Defense": 1
  },
  "fortitude": "5",
  "willpower": "5"
}