{
  "description": "<p>This is a legendary dragon. Its age ranges from several thousand to tens of thousands of years old, and although it is still alive, its references can be found in histories and myths of ages past. It is more like a divine being than a mythical beast, and is comparable to a Minor God, as they can be worshiped in some areas.</p><p>If anyone ever manages to defeat it, this deed will be passed down from generation to generation.</p>",
  "disposition": "Neutral",
  "habitat": "Mountains, Caves",
  "initiative": "35",
  "intellect": "High",
  "language": "Trade Common, Draconic, Arcana",
  "lootsNum": 4,
  "monsterName": "Elder Dragon",
  "mndResist": "29",
  "vitResist": "29",
  "lv": "25",
  "parts": "5 (Head / Body / Wing x 2 / Tail)",
  "coreParts": "Head",
  "mobility": "30/60(Flying)",
  "mode": "save",
  "paletteInsertType": "exchange",
  "paletteRemoveTags": "1",
  "paletteTool": "bcdice",
  "paletteUseBuff": "1",
  "paletteUseVar": "1",
  "partsNum": 5,
  "perception": "Five senses (Darkvision)",
  "reputation": "10",
  "reputation+": "33",
  "weakness": "Physical damage +2 points",
  "result": "OK",
  "sheetDescriptionM": "分類:Mythical Beast　知能:High　知覚:Five senses (Darkvision)　反応:Neutral\n言語:Trade Common, Draconic, Arcana　生息地:Mountains, Caves\n弱点:Physical damage +2 points\n先制値:35　生命抵抗力:29（36）　精神抵抗力:29（36）",
  "sheetDescriptionS": "分類:Mythical Beast\n弱点:Physical damage +2 points\n先制値:35　生命抵抗力:29（36）　精神抵抗力:29（36）",
  "sin": "0",
  "skills": "<p><strong>◯Energy Immunity, ◯Fire Immunity</strong></p><p></p><br><br><p><strong>►Truespeech Magic, Spiritualism Magic 15 Level/Magic Power 28 (35)</strong></p><p></p><p><strong>◯🗨Magic Aptitude & Breath Aptitude</strong></p><p>The Elder Dragon can use the Combat Feats [Multi-Action], [Targeting], [Magic Convergence], [Magic Control], [Universal Metamagic], and [Rune Master].When declaring [Multi-Action], it can select not only the combination of \"Melee Attack and Spell Cast\" but also the combination of \"Melee Attack, [►Flame and Brilliant Breath], or \"Spell Cast and [►Flame and Brilliant Breath]\" with one Major Action.</p><p><strong>►Flame and Brilliant Breath/28 (35)/ Fortitude/Half</strong></p><p>Within \"Range/Area: 2 (50m) / Shot\", it spits out breath to \"Target: 1 area (6m Radius) / 20\" and deals magic damage to the target. In this case, the monster can arbitrarily choose one of the following two types, which differ in damage and type.Flame Breath: Spits out fire, dealing 2d+40 Fire type.Brilliant Breath: Spits out an energy mass, dealing 2d+30 Energy type.This ability cannot be used in consecutive turns (whichever breath is used, neither breath can be used in the next turn).</p><br><br><p><strong>►Wordbreak</strong></p><p>Elder Dragon uses [Wordbreak] combat feat using Head's Magic Power.</p><p><strong>◯Attack Obstacle = Impossible • None, Magic Obstacle = -4</strong></p><p>The Elder Dragon's huge body poking through the clouds hinders the attack.The Head of the Greater Dragon cannot be engaged in melee combat. And if a character casts a spell targeting the Head section or other character in the same section caster gains a -4 penalty on the Spellcasting check.This unique skill is lost when the Body section has 0 or less HP.</p><br><br><p><strong>◯Flight II</strong></p><p>All sections receive a +2 bonus to Accuracy and Evasion only for melee attacks.If one of the Wings falls to 0 HP or lower, this unique skill cannot be used.</p><p><strong>🗨All-Out Attack</strong></p><p>A Wing can deal an additional 8 damage on its next attack. However, any Evasion check made by this section this turn receives a -3 penalty.</p><br><br><p><strong>►Sweeping Attack</strong></p><p>Elder Dragon makes a Tail attack against all enemies in the same skirmish.This unique skill cannot be used on consecutive turns.</p><p><strong>🗨Improved Aimed Attack</strong></p><p>When attacking, the Elder Dragon can gain a +4 bonus to Accuracy but receives a -8 penalty for damage dealt.This cannot be declared when performing an [►Sweeping Attack].</p>",
  "status1Accuracy": "32",
  "status1AccuracyFix": 39,
  "status1Damage": "2d+29",
  "status1Defense": "28",
  "status1Evasion": "32",
  "status1EvasionFix": 39,
  "status1Hp": "254",
  "status1Mp": "201",
  "status1Style": "Bite (Head)",
  "status2Accuracy": "33",
  "status2AccuracyFix": 40,
  "status2Damage": "2d+27",
  "status2Defense": "30",
  "status2Evasion": "30",
  "status2EvasionFix": 37,
  "status2Hp": "323",
  "status2Mp": "167",
  "status2Style": "Claws (Body)",
  "status3Accuracy": "30",
  "status3AccuracyFix": 37,
  "status3Damage": "2d+26",
  "status3Defense": "25",
  "status3Evasion": "31",
  "status3EvasionFix": 38,
  "status3Hp": "180",
  "status3Mp": "98",
  "status3Style": "Wing (Wing)",
  "status4Accuracy": "30",
  "status4AccuracyFix": 37,
  "status4Damage": "2d+26",
  "status4Defense": "25",
  "status4Evasion": "31",
  "status4EvasionFix": 38,
  "status4Hp": "180",
  "status4Mp": "98",
  "status4Style": "Wing (Wing)",
  "status5Accuracy": "31",
  "status5AccuracyFix": 38,
  "status5Damage": "2d+27",
  "status5Defense": "29",
  "status5Evasion": "31",
  "status5EvasionFix": 38,
  "status5Hp": "286",
  "status5Mp": "125",
  "status5Style": "Tail (Tail)",
  "statusNum": 5,
  "taxa": "Mythical Beast",
  "type": "m",
  "unitStatus": {
    "Bite (Head):HP": "254/254",
    "Bite (Head):MP": "201",
    "Claws (Body):HP": "323/323",
    "Claws (Body):MP": "167",
    "Wing (Wing):HP": "180/180",
    "Wing (Wing):MP": "98",
    "Tail (Tail):HP": "286/286",
    "Tail (Tail):MP": "125"
  },
  "unitExceptStatus": {
    "HP": 5,
    "MP": 5,
    "Defense": 5
  },
  "loots1Num": "Always",
  "loots1Item": "Dragon Fang (1,200G/Red S) x 2d",
  "loots2Num": "Always",
  "loots2Item": "Dragon Scale (5,000G/Red S)",
  "loots3Num": "2～13",
  "loots3Item": "Dragon Jewel (10,000G/Gold SS)",
  "loots4Num": "14+",
  "loots4Item": "Greater Dragon Jewel (50,000G/Gold SS)",
  "fortitude": "29",
  "willpower": "29"
}