{
  "description": "<p>This Mythical Beast is the superior species to the Lesser Manticore. Although its size and appearance have not changed, its power and knowledge have become awe-inspiring. They always know the location of the labyrinth where a powerful magic sword is hidden. However, they are still twisted and do not easily listen to Humanoids in normal circumstances. They usually ask for something unreasonable to do for their vast knowledge.</p>",
  "disposition": "Neutral",
  "habitat": "Labyrinths",
  "initiative": "20",
  "intellect": "High",
  "language": "Arcana, Sylvan",
  "lootsNum": 3,
  "monsterName": "Elder Manticore",
  "mndResist": "16",
  "vitResist": "14",
  "lv": "12",
  "parts": "2 (Front / Rear)",
  "coreParts": "Front",
  "mobility": "15 (4 Legs) / 23 (Flying)",
  "mode": "save",
  "paletteInsertType": "exchange",
  "paletteRemoveTags": "1",
  "paletteTool": "bcdice",
  "paletteUseBuff": "1",
  "paletteUseVar": "1",
  "partsNum": 2,
  "perception": "Five senses (Darkvision)",
  "reputation": "17",
  "reputation+": "22",
  "weakness": "Wind damage +3 points",
  "result": "OK",
  "sheetDescriptionM": "分類:Mythical Beast　知能:High　知覚:Five senses (Darkvision)　反応:Neutral\n言語:Arcana, Sylvan　生息地:Labyrinths\n弱点:Wind damage +3 points\n先制値:20　生命抵抗力:14（21）　精神抵抗力:16（23）",
  "sheetDescriptionS": "分類:Mythical Beast\n弱点:Wind damage +3 points\n先制値:20　生命抵抗力:14（21）　精神抵抗力:16（23）",
  "sin": "0",
  "skills": "<p><strong>►Truespeech Magic, Spiritualism Magic 12 Level / Magic Power 15 (22)</strong></p><p>If you have introduced Deep Magic, it can also cast Deep Magic at the same level and Magic Power.</p><p><strong>►Fairy Magic 9 Level / Magic Power 12 (19)</strong></p><p>Can cast Earth, Water/Ice, Fire, and Dark types. This does not change even if the contract pattern is adopted (see MA, p. 136).</p><p><strong>◯🗨Magic Aptitude</strong></p><p>They can use the Combat Feats [Targeting], [Magic Convergence], [Magic Control], and [Metamagic/Targets].</p><p><strong>⏩△Techniques</strong></p><p>They may use the [Cat's Eyes], [Beetleskin], [Gazelle Feet], and [Recovery (9 pts.)] Techniques.</p><br><br><p><strong>►Twin Strike & Double Attack</strong></p><p>An Elder Manticore can make two Tail attacks each round, though each attack requires its own Accuracy check. They may choose to attack different characters with each attack.</p><p><strong>◯Numbing Poison / 14 (21) / Fortitude / Negates</strong></p><p>If the Tail's attack hits and deals 1 or more points of applied damage, it will paralyze the target and reduce its Dexterity by -6 points (to a minimum of 0). This effect is cumulative, and when the Dexterity reaches 0, the target will be unable to make any melee or ranged attacks.If the character has a fixed value, its Accuracy check is reduced by -1 for each effect of this poison, and the character cannot be attacked after three such effects.This effect is Poison type and lasts for 1 hour.</p><p><strong>◯Flight</strong></p><p>An Elder Manticore receives a +1 bonus to Accuracy and Evasion only for melee attacks.If the Rear falls to 0 HP or lower, this unique skill cannot be used.</p>",
  "status1Accuracy": "15",
  "status1AccuracyFix": 22,
  "status1Damage": "2d+14",
  "status1Defense": "10",
  "status1Evasion": "14",
  "status1EvasionFix": 21,
  "status1Hp": "124",
  "status1Mp": "111",
  "status1Style": "Claw (Front)",
  "status2Accuracy": "14",
  "status2AccuracyFix": 21,
  "status2Damage": "2d+17",
  "status2Defense": "8",
  "status2Evasion": "13",
  "status2EvasionFix": 20,
  "status2Hp": "110",
  "status2Mp": "44",
  "status2Style": "Tail (Rear)",
  "statusNum": 2,
  "taxa": "Mythical Beast",
  "type": "m",
  "unitStatus": {
    "Claw (Front):HP": "124/124",
    "Claw (Front):MP": "111",
    "Tail (Rear):HP": "110/110",
    "Tail (Rear):MP": "44"
  },
  "unitExceptStatus": {
    "HP": 2,
    "MP": 2,
    "Defense": 2
  },
  "loots1Num": "2～6",
  "loots1Item": "Fine Mythical Beast Hide (300G/Red A)",
  "loots2Num": "7～9",
  "loots2Item": "Beautiful Mythical Beast Hide (800G/Gold Red A)",
  "loots3Num": "10+",
  "loots3Item": "Lustrous Mythical Beast Hide (4,400G/Gold Red S)",
  "fortitude": "14",
  "willpower": "16"
}