{
  "description": "<p>Eltrias is a humanoid-looking magitech soldier that was reportedly created at the end of the Magitech Civilization. Its appearance is reminiscent of a knight wielding a sword and shield, and it stands at nearly 5 meters tall. Eltrias was likely responsible for commanding other magitech soldiers.</p><p>In close combat, Eltrias is a skilled fighter, wielding its sword and shield with ease. Its shield is equipped with a built-in gun, allowing for combat at various distances. Eltrias can also deploy a Protective Shield from its body, suggesting it was designed to work in tandem with Barba (see p. 160). Eltrias has the ability to command other magitechs and can coordinate attacks with them.</p><p>While originally designed as the core of an attack, Eltrias is sometimes stationed to protect a base without engaging in battle. However, some rogue units can be found wandering the wilderness, attacking enemy bases and settlements indiscriminately.</p>",
  "disposition": "Instructed",
  "habitat": "Ruins, Caves",
  "initiative": "16",
  "intellect": "Servant",
  "language": "None",
  "lootsNum": 3,
  "monsterName": "Eltrias",
  "mndResist": "12",
  "vitResist": "12",
  "lv": "9",
  "parts": "5 (Head / Body / Right Arm / Left Arm / Legs)",
  "coreParts": "Head, Body",
  "mobility": "22",
  "mode": "save",
  "paletteInsertType": "exchange",
  "paletteRemoveTags": "1",
  "paletteTool": "bcdice",
  "paletteUseBuff": "1",
  "paletteUseVar": "1",
  "partsNum": 5,
  "perception": "Mechanical",
  "reputation": "16",
  "reputation+": "19",
  "weakness": "Physical damage +2 points",
  "result": "OK",
  "sheetDescriptionM": "分類:Magitech　知能:Servant　知覚:Mechanical　反応:Instructed\n言語:None　生息地:Ruins, Caves\n弱点:Physical damage +2 points\n先制値:16　生命抵抗力:12（19）　精神抵抗力:12（19）",
  "sheetDescriptionS": "分類:Magitech\n弱点:Physical damage +2 points\n先制値:16　生命抵抗力:12（19）　精神抵抗力:12（19）",
  "sin": "0",
  "skills": "<p><strong>◯Limited Healing</strong></p><p>Effects which can heal Magitech HP are very limited, and mostly come from Spiritualism Magic and some special items.Healing effects such as Divine Magic, Fairy Magic, and Nature Magic cannot restore a Magitech's HP.</p><p><strong>◯Can Be Detected</strong></p><p>Magitech can be detected with the [Sense Magic] spell and similar effects.</p><br><br><p><strong>►Attack Order</strong></p><p>The Eltrias instructs the surrounding machines to move precisely.Magitech characters within \"1 area (4m radius) / 10\" centered on Eltrias gain a +1 bonus to Accuracy checks and +2 points of damage for 10 seconds (1 round).This effect cannot be used for consecutive turns.</p><p><strong>►Defensive Order</strong></p><p>The Eltrias directs the surrounding Magitechs to perform defensive actions.Magitech characters within \"1 area (4m radius)/10\" centered on Eltrias gain a bonus of +1 to Evasion and +2 points to Defense for 10 seconds (1 round).This effect cannot be used on consecutive turns.</p><br><br><p><strong>◯Luminous Flux</strong></p><p>Eltrias attacks with Luminous Flux are treated as Shooting Attacks with \"Range: 2 (30m)\". And they deal magic damage.</p><p><strong>◯Targeting</strong></p><p>Stray shots cannot occur.</p><p><strong>◯Protective Shield Deployment</strong></p><p>When the Body section takes Fire, Water/Ice, Wind, Earth, or Lightning type damage, a protective shield forms around it, nullifying any subsequent attacks of the same element. When the defensive shield is put up, all sections are not affected by any damage or disadvantageous effect caused by the type.Once a new protective shield is put up, any previous protective shield loses its effectiveness. At the beginning of the battle, the defensive layer against Fire is deployed.</p><br><br><p><strong>🗨Cleave I</strong></p><p>It can attack up to 3 characters with melee attacks that can be reached, but the damage will be reduced by -3.</p><br><br><p><strong>►Shield Guard</strong></p><p>Eltrias protects itself with a large shield. Changes the target of ranged attacks on all sections of itself to the Left Arm section.Does not interfere and stop attacks, spells, and unique skills targeting multiple sections.</p><p><strong>►Concealed Gun/12 (19)/Evasion/Negates</strong></p><p>The shield has a gun built into it which Eltrias can use to attacks suddenly.Within \"Range/area:2 (20m)/ Shot\" it deals 2d+10 magic damage to \"Target: 1 Character\". Characters who have already been chosen before as targets for this ability receive a +2 bonus on Evasion checks.</p><br><br><p><strong>◯Attack Obstacle = +4 • None</strong></p><p>An Eltrias' height prevents enemies from attacking it.The Head and Body receive a +4 bonus to Evasion checks against melee attacks.When the Legs fall to 0 HP or lower, this effect disappears.</p><p><strong>◯Overdraft/11 (18)/Fortitude/Negates</strong></p><p>A target hit by a Kick will fall prone. Characters may counter this effect with a Strength check (see CR I, p. 113) instead of Fortitude if they wish.</p>",
  "status1Accuracy": "-",
  "status1AccuracyFix": null,
  "status1Damage": "-",
  "status1Defense": "6",
  "status1Evasion": "12",
  "status1EvasionFix": 19,
  "status1Hp": "62",
  "status1Mp": "-",
  "status1Style": "None (Head)",
  "status2Accuracy": "12",
  "status2AccuracyFix": 19,
  "status2Damage": "2d+8",
  "status2Defense": "8",
  "status2Evasion": "11",
  "status2EvasionFix": 18,
  "status2Hp": "68",
  "status2Mp": "-",
  "status2Style": "Luminous Flux (Body)",
  "status3Accuracy": "13",
  "status3AccuracyFix": 20,
  "status3Damage": "2d+14",
  "status3Defense": "6",
  "status3Evasion": "11",
  "status3EvasionFix": 18,
  "status3Hp": "66",
  "status3Mp": "-",
  "status3Style": "1H Sword (Right Arm)",
  "status4Accuracy": "11",
  "status4AccuracyFix": 18,
  "status4Damage": "2d+10",
  "status4Defense": "14",
  "status4Evasion": "10",
  "status4EvasionFix": 17,
  "status4Hp": "76",
  "status4Mp": "-",
  "status4Style": "Large Shield (Left Arm)",
  "status5Accuracy": "12",
  "status5AccuracyFix": 19,
  "status5Damage": "2d+10",
  "status5Defense": "10",
  "status5Evasion": "10",
  "status5EvasionFix": 17,
  "status5Hp": "70",
  "status5Mp": "-",
  "status5Style": "Kick (Legs)",
  "statusNum": 5,
  "taxa": "Magitech",
  "type": "m",
  "unitStatus": {
    "None (Head):HP": "62/62",
    "None (Head):MP": "-",
    "Luminous Flux (Body):HP": "68/68",
    "Luminous Flux (Body):MP": "-",
    "1H Sword (Right Arm):HP": "66/66",
    "1H Sword (Right Arm):MP": "-",
    "Large Shield (Left Arm):HP": "76/76",
    "Large Shield (Left Arm):MP": "-",
    "Kick (Legs):HP": "70/70",
    "Kick (Legs):MP": "-"
  },
  "unitExceptStatus": {
    "HP": 5,
    "MP": 5,
    "Defense": 5
  },
  "loots1Num": "Always",
  "loots1Item": "Rare Magitech Components (900G/Black White A)",
  "loots2Num": "2～7",
  "loots2Item": "None",
  "loots3Num": "8+",
  "loots3Item": "Mysterious Magitech Components (2,400G/Black White S)",
  "fortitude": "12",
  "willpower": "12"
}