{
  "description": "<p>This is a Mythical Beast with green body hair of about 2m in length, inhabiting the forested areas of the Alframe continent, and looks like a raccoon. It can communicate with the same level of intellect as humans. It has a mild-mannered character and is a mediator between multiple Animals and Mythical Beasts in the forest ecosystem.</p><p>If a Humanoid or a Barbarous is trespassing on the territory of the Animals in the forest, they may use their magical powers to solve the problem.</p><p><em>For the mount version of this creature, see Emerald Raccoon.</em></p>",
  "disposition": "Friendly",
  "habitat": "Forest",
  "initiative": "13",
  "intellect": "Average",
  "language": "Lycant, Sylvan",
  "lootsNum": 3,
  "monsterName": "Emerald Raccoon",
  "mndResist": "9",
  "vitResist": "8",
  "lv": "6",
  "parts": "",
  "coreParts": "",
  "mobility": "16 (4 Legs)",
  "mode": "save",
  "paletteInsertType": "exchange",
  "paletteRemoveTags": "1",
  "paletteTool": "bcdice",
  "paletteUseBuff": "1",
  "paletteUseVar": "1",
  "partsNum": 1,
  "perception": "Five senses (Darkvision)",
  "reputation": "12",
  "reputation+": "15",
  "weakness": "Earth damage + 3 points",
  "result": "OK",
  "sheetDescriptionM": "分類:Mythical Beast　知能:Average　知覚:Five senses (Darkvision)　反応:Friendly\n言語:Lycant, Sylvan　生息地:Forest\n弱点:Earth damage + 3 points\n先制値:13　生命抵抗力:8（15）　精神抵抗力:9（16）",
  "sheetDescriptionS": "分類:Mythical Beast\n弱点:Earth damage + 3 points\n先制値:13　生命抵抗力:8（15）　精神抵抗力:9（16）",
  "sin": "0",
  "skills": "<p><strong>►Fairy Magic 6 Level / Magic Power 9 (16)</strong></p><p>Can use Earth, Water/Ice, Wind, and Light types.</p><p><strong>◯🗨Magic Aptitude [Prerequisite: Unique Skill Release]</strong></p><p>They can use the Combat Feats [Targeting] and [Metamagic/Targets].</p>",
  "status1Accuracy": "8",
  "status1AccuracyFix": 15,
  "status1Damage": "2d+8",
  "status1Defense": "6",
  "status1Evasion": "8",
  "status1EvasionFix": 15,
  "status1Hp": "52",
  "status1Mp": "48",
  "status1Style": "Arms",
  "statusNum": 1,
  "taxa": "Mythical Beast",
  "type": "m",
  "unitStatus": {
    "Arms:HP": "52/52",
    "Arms:MP": "48"
  },
  "unitExceptStatus": {
    "HP": 1,
    "MP": 1,
    "Defense": 1
  },
  "loots1Num": "Always",
  "loots1Item": "Green Hair (250G/Red A)",
  "loots2Num": "2～9",
  "loots2Item": "None",
  "loots3Num": "10+",
  "loots3Item": "Clean Green Hair (750G/Red A)",
  "fortitude": "8",
  "willpower": "9"
}