{
  "description": "<p>This is an inexperienced shooter who shows promising abilities. They judge situations accurately and drive their opponents into a tight corner with high damage using their sniping.</p>",
  "disposition": "Neutral",
  "habitat": "Various",
  "initiative": "13",
  "intellect": "Average",
  "language": "Trade Common, Regional Dialect",
  "lootsNum": 3,
  "monsterName": "Emerging Sniper",
  "mndResist": "7",
  "vitResist": "7",
  "lv": "5",
  "parts": "",
  "coreParts": "",
  "mobility": "15",
  "mode": "save",
  "paletteInsertType": "exchange",
  "paletteRemoveTags": "1",
  "paletteTool": "bcdice",
  "paletteUseBuff": "1",
  "paletteUseVar": "1",
  "partsNum": 1,
  "perception": "Five senses",
  "reputation": "8",
  "reputation+": "0",
  "weakness": "None",
  "result": "OK",
  "sheetDescriptionM": "分類:Humanoid　知能:Average　知覚:Five senses　反応:Neutral\n言語:Trade Common, Regional Dialect　生息地:Various\n弱点:None\n先制値:13　生命抵抗力:7（14）　精神抵抗力:7（14）",
  "sheetDescriptionS": "分類:Humanoid\n弱点:None\n先制値:13　生命抵抗力:7（14）　精神抵抗力:7（14）",
  "sin": "0",
  "skills": "<p><strong>◯Bow</strong></p><p>An attack with a Bow is treated as a Shooting Attack with a \"Range: 2 (30m)\".</p><p><strong>◯Targeting</strong></p><p>Stray shots cannot occur.</p><p><strong>►Aimed Shot</strong></p><p>Emerging Sniper focuses on a specific target. On its next turn, if it makes a Shooting Attack against the target and successfully hits with a roll of 3 or more over the opponent's Evasion check, the combined damage will be doubled.</p><p><strong>◯Sword's Grace/Change Fate</strong></p><p>Once per day, they may choose to change the result of a Skill Check or Damage roll by switching the faces of the rolled 2d to the opposite sides.</p>",
  "status1Accuracy": "8",
  "status1AccuracyFix": 15,
  "status1Damage": "2d+7",
  "status1Defense": "4",
  "status1Evasion": "6",
  "status1EvasionFix": 13,
  "status1Hp": "41",
  "status1Mp": "12",
  "status1Style": "Bow",
  "statusNum": 1,
  "taxa": "Humanoid",
  "type": "m",
  "unitStatus": {
    "Bow:HP": "41/41",
    "Bow:MP": "12"
  },
  "unitExceptStatus": {
    "HP": 1,
    "MP": 1,
    "Defense": 1
  },
  "loots1Num": "2～4",
  "loots1Item": "None",
  "loots2Num": "5～8",
  "loots2Item": "Bag of Silver (30G) x 1d",
  "loots3Num": "9+",
  "loots3Item": "Gem (150G/Gold A) x 1d",
  "fortitude": "7",
  "willpower": "7"
}