{
  "description": "<p>This is a higher Daemon that looks like a maiden holding a pearl with countless ivies entwined around her. The maiden is said to have taken the body of a person who was once sacrificed to this Daemon. The Maiden enjoys showing herself to make others hesitate to attack her or to make them feel guilty. At first glance, it looks like a Plant, but the main section is the central pearl, and the ivies and the maiden accompany it to protect it.</p>",
  "disposition": "Hostile",
  "habitat": "Ruins",
  "initiative": "23",
  "intellect": "High",
  "language": "Trade Common, Daemonic, Arcana",
  "lootsNum": 4,
  "monsterName": "Endertuz",
  "mndResist": "23",
  "vitResist": "21",
  "lv": "17",
  "parts": "6 (Maiden / Pearl / Ivy x 4)",
  "coreParts": "Pearl",
  "mobility": "15",
  "mode": "save",
  "paletteInsertType": "exchange",
  "paletteRemoveTags": "1",
  "paletteTool": "bcdice",
  "paletteUseBuff": "1",
  "paletteUseVar": "1",
  "partsNum": 3,
  "perception": "Five senses (Darkvision)",
  "reputation": "26",
  "reputation+": "28",
  "weakness": "Bludgeoning damage +3 points",
  "result": "OK",
  "sheetDescriptionM": "分類:Daemon　知能:High　知覚:Five senses (Darkvision)　反応:Hostile\n言語:Trade Common, Daemonic, Arcana　生息地:Ruins\n弱点:Bludgeoning damage +3 points\n先制値:23　生命抵抗力:21（28）　精神抵抗力:23（30）",
  "sheetDescriptionS": "分類:Daemon\n弱点:Bludgeoning damage +3 points\n先制値:23　生命抵抗力:21（28）　精神抵抗力:23（30）",
  "sin": "0",
  "skills": "<p><strong>◯🗨 Magic Aptitude</strong></p><p>They can use the Combat Feats [Targeting], [Magic Convergence], [Magic Control], [Universal Metamagic], [Double Cast], and [Rune Master].</p><p><strong>◯Knowledge & Weakness Exploit</strong></p><p>Endertuz can make Sage Knowledge checks with standard value 18 (25 fixed value).Endertuz deals double damage to other monster weak points it detected.</p><br><br><p><strong>►Spiritualism Magic 15 Level/Magic Power 21 (28)</strong></p><p></p><p><strong>⏩Open Eyes/⏩Close Eyes</strong></p><p>The Maiden section has different abilities depending on its eyes condition. When the eyes are closed, the Maiden section is treated as blind (other sections still have eyesight).The [⏩Open Eyes] and [⏩Close Eyes] can be performed only once before the Main section performs the Major Action.</p><p><strong>◯Attack Obstacle = +4 • +4</strong></p><p>The maiden is holding the pearl and shielding it.The Pearl section gains a +4 bonus to Evasion checks against melee and ranged attacks.This effect disappears when the Maiden section falls to 0 HP or lower.</p><p><strong>◯Lovely Figure/22 (29)/Willpower/Negates</strong></p><p>It binds adversaries with guilt and inhibits their actions.A character who inflicts 1 or more applied damage by a melee attack to the Maiden section and fails a Willpower check cannot take any Major or Minor Actions for the following 1 minute (6 rounds).This effect is only active when the Maiden has her eyes closed and is automatically canceled when the Maiden opens her eyes.This effect is Psychic type.</p><p><strong>◯Praying Maiden (Only When Eyes Closed)</strong></p><p>Maiden and Pears sections heal HP and MP by 10 points at the end of their turn.</p><p><strong>◯Raging Maiden (Only When Eyes Open)</strong></p><p>The Maiden section is treated as having acquired the following Combat Feats (in addition to those of [◯🗨Magic Aptitude]):[Multi-Action], [Mana Strike], and [Battle Master].</p><br><br><p><strong>◯Truespeech Magic 15 Level/Magic Power 21 (28)</strong></p><p></p><p><strong>◯Mana Resistance</strong></p><p>Reduce all Magic Damage Pearl section received by -5.</p><br><br><p><strong>◯Attack Obstacle = Impossible • Impossible</strong></p><p>Tangled ivy hinders attacks.The Maiden and Pearl sections cannot be targeted by a melee or ranged attacks.This unique skill is lost when two or more Ivy sections have 0 or fewer HP.</p><p><strong>◯Coordinated Attack</strong></p><p>If an attack on an Ivy section is evaded, the other section's attacks on that target gain a +1 to the Accuracy check against that target. This modifier is accumulated for each evaded attack. However, once any section attack hits or the monster's turn is ended, it is lost.</p>",
  "status1Accuracy": "22",
  "status1AccuracyFix": 29,
  "status1Damage": "2d+20",
  "status1Defense": "10",
  "status1Evasion": "21",
  "status1EvasionFix": 28,
  "status1Hp": "145",
  "status1Mp": "102",
  "status1Style": "Fists (Maiden)",
  "status2Accuracy": "-",
  "status2AccuracyFix": null,
  "status2Damage": "-",
  "status2Defense": "15",
  "status2Evasion": "22",
  "status2EvasionFix": 29,
  "status2Hp": "155",
  "status2Mp": "128",
  "status2Style": "None (Pearl)",
  "status3Accuracy": "23",
  "status3AccuracyFix": 30,
  "status3Damage": "2d+24",
  "status3Defense": "12",
  "status3Evasion": "19",
  "status3EvasionFix": 26,
  "status3Hp": "125",
  "status3Mp": "33",
  "status3Style": "Ivy (Ivy) x 4",
  "statusNum": 3,
  "taxa": "Daemon",
  "type": "m",
  "unitStatus": {
    "Fists (Maiden):HP": "145/145",
    "Fists (Maiden):MP": "102",
    "None (Pearl):HP": "155/155",
    "None (Pearl):MP": "128",
    "Ivy (Ivy) x 4:HP": "125/125",
    "Ivy (Ivy) x 4:MP": "33"
  },
  "unitExceptStatus": {
    "HP": 3,
    "MP": 3,
    "Defense": 3
  },
  "loots1Num": "Always",
  "loots1Item": "Crystallized Great Daemon's Blood (1,600G/Red S)",
  "loots2Num": "Always",
  "loots2Item": "Broken Pearl (350G/Gold Black A)",
  "loots3Num": "Always",
  "loots3Item": "Memento (1,000G/White S)",
  "loots4Num": "Always",
  "loots4Item": "Flexible Ivy (2,200G/Green S) x 2d",
  "fortitude": "21",
  "willpower": "23"
}