{
  "description": "<p>A giant tree that roams around, using its roots as feet to walk. Entlets are said to be over 100 years old and have a wide variety of knowledge they can be persuaded to share with others. Their leaves are reportedly herbs that increase one's wisdom, and teas brewed with them are top-rated among mothers. Entlets tend to be gentle giants and will be friendly if treated in kind.</p>",
  "disposition": "Neutral",
  "habitat": "Forest",
  "initiative": "10",
  "intellect": "Average",
  "language": "Sylvan",
  "lootsNum": 4,
  "monsterName": "Entlet",
  "mndResist": "10",
  "vitResist": "10",
  "lv": "7",
  "parts": "2 (Trunk x 2)",
  "coreParts": "None",
  "mobility": "12",
  "mode": "save",
  "paletteInsertType": "exchange",
  "paletteRemoveTags": "1",
  "paletteTool": "bcdice",
  "paletteUseBuff": "1",
  "paletteUseVar": "1",
  "partsNum": 2,
  "perception": "Magic",
  "reputation": "12",
  "reputation+": "18",
  "weakness": "Fire damage +3 points",
  "result": "OK",
  "sheetDescriptionM": "分類:Plant　知能:Average　知覚:Magic　反応:Neutral\n言語:Sylvan　生息地:Forest\n弱点:Fire damage +3 points\n先制値:10　生命抵抗力:10（17）　精神抵抗力:10（17）",
  "sheetDescriptionS": "分類:Plant\n弱点:Fire damage +3 points\n先制値:10　生命抵抗力:10（17）　精神抵抗力:10（17）",
  "sin": "0",
  "skills": "<p><strong>►Fairy Magic 6 Level/Magic Power 8 (15)</strong></p><p>It can use Earth, Water/Ice, Light, and Dark types.</p><p><strong>◯🗨►Magic Aptitude</strong></p><p>They can use the Combat Feats [Targeting], [Hawk Eye], [Metamagic/Targets], and [Wordbreak].</p>",
  "status1Accuracy": "9",
  "status1AccuracyFix": 16,
  "status1Damage": "2d+8",
  "status1Defense": "9",
  "status1Evasion": "8",
  "status1EvasionFix": 15,
  "status1Hp": "72",
  "status1Mp": "42",
  "status1Style": "Branch (Trunk)",
  "status2Accuracy": "9",
  "status2AccuracyFix": 16,
  "status2Damage": "2d+8",
  "status2Defense": "9",
  "status2Evasion": "8",
  "status2EvasionFix": 15,
  "status2Hp": "72",
  "status2Mp": "42",
  "status2Style": "Branch (Trunk)",
  "statusNum": 2,
  "taxa": "Plant",
  "type": "m",
  "unitStatus": {
    "Branch (Trunk):HP": "72/72",
    "Branch (Trunk):MP": "42"
  },
  "unitExceptStatus": {
    "HP": 2,
    "MP": 2,
    "Defense": 2
  },
  "loots1Num": "Always",
  "loots1Item": "Ent Leaves (100G/Green A)",
  "loots2Num": "2～6",
  "loots2Item": "None",
  "loots3Num": "7～12",
  "loots3Item": "Mysterious Seeds (100G/Green A)",
  "loots4Num": "13+",
  "loots4Item": "Mysterious Sapling (500G/Green A)",
  "fortitude": "10",
  "willpower": "10"
}