{
  "description": "<p>This is a shrimp-faced daemon, spotted in and around Shallow Abysses, about the size of a Human child, with thick, short limbs and dull indigo skin.</p><p>Although not much of a threat on their own, they can appear in large numbers at once, and often the Adventurers' Guild is asked to exterminate these monsters.</p>",
  "disposition": "Hostile",
  "habitat": "Shallow Abysses",
  "initiative": "8",
  "intellect": "Animal",
  "language": "None",
  "lootsNum": 3,
  "monsterName": "Erbirea",
  "mndResist": "5",
  "vitResist": "4",
  "lv": "3",
  "parts": "",
  "coreParts": "",
  "mobility": "8",
  "mode": "save",
  "paletteInsertType": "exchange",
  "paletteRemoveTags": "1",
  "paletteTool": "bcdice",
  "paletteUseBuff": "1",
  "paletteUseVar": "1",
  "partsNum": 1,
  "perception": "Five senses",
  "reputation": "9",
  "reputation+": "13",
  "weakness": "Magic Damage +2 Points",
  "result": "OK",
  "sheetDescriptionM": "分類:Daemon　知能:Animal　知覚:Five senses　反応:Hostile\n言語:None　生息地:Shallow Abysses\n弱点:Magic Damage +2 Points\n先制値:8　生命抵抗力:4（11）　精神抵抗力:5（12）",
  "sheetDescriptionS": "分類:Daemon\n弱点:Magic Damage +2 Points\n先制値:8　生命抵抗力:4（11）　精神抵抗力:5（12）",
  "sin": "0",
  "skills": "<p><strong>◯Mana-inhibiting Poison/4 (11)/Fortitude/Negates</strong></p><p>If the claw attack hits, the target's Magic Power is reduced by -1 for 10 seconds (1 round). This effect is Poison type.</p>",
  "status1Accuracy": "5",
  "status1AccuracyFix": 12,
  "status1Damage": "2d+6",
  "status1Defense": "3",
  "status1Evasion": "4",
  "status1EvasionFix": 11,
  "status1Hp": "24",
  "status1Mp": "9",
  "status1Style": "Claws",
  "statusNum": 1,
  "taxa": "Daemon",
  "type": "m",
  "unitStatus": {
    "Claws:HP": "24/24",
    "Claws:MP": "9"
  },
  "unitExceptStatus": {
    "HP": 1,
    "MP": 1,
    "Defense": 1
  },
  "loots1Num": "Always",
  "loots1Item": "Daemon's Blood (100G/Red A)",
  "loots2Num": "2～10",
  "loots2Item": "None",
  "loots3Num": "11+",
  "loots3Item": "Abyss Shard (200G/-)",
  "fortitude": "4",
  "willpower": "5"
}