{
  "description": "<p>Ergacleo is a forward-leaning Daemon with numerous tentacles sprouting from its head. When fully extended, Ergacleo can reach a height of 4 meters, but it usually bends its body to a height of fewer than 2 meters. This daemon is a fearsome magician who has created many spells, and conversely, has a unique skill that renders its body impervious to any magic. Its long, slender limbs and torso are weak, and it tries to protect them from enemy attacks as much as possible.</p><p>Perhaps because of their high intelligence, they are sometimes sealed in ancient archives and other places as guardians or librarians, or used as servants. Naturally, however, it is not their intention to live there forever, and they will try to break free by lies. If this is impossible, they will kill the intruder (even if the seal is released, they will still try to kill them). They seem to take pleasure in accumulating magical knowledge and may possess several rare grimoires.</p>",
  "disposition": "Neutral",
  "habitat": "Ruins",
  "initiative": "16",
  "intellect": "High",
  "language": "Daemonic, Arcana",
  "lootsNum": 3,
  "monsterName": "Ergacleo",
  "mndResist": "15",
  "vitResist": "13",
  "lv": "11",
  "parts": "",
  "coreParts": "",
  "mobility": "15/-",
  "mode": "save",
  "paletteInsertType": "exchange",
  "paletteRemoveTags": "1",
  "paletteTool": "bcdice",
  "paletteUseBuff": "1",
  "paletteUseVar": "1",
  "partsNum": 1,
  "perception": "Five Senses (Darkvision)",
  "reputation": "17",
  "reputation+": "20",
  "weakness": "Physical Damage +2",
  "result": "OK",
  "sheetDescriptionM": "分類:Daemon　知能:High　知覚:Five Senses (Darkvision)　反応:Neutral\n言語:Daemonic, Arcana　生息地:Ruins\n弱点:Physical Damage +2\n先制値:16　生命抵抗力:13（20）　精神抵抗力:15（22）",
  "sheetDescriptionS": "分類:Daemon\n弱点:Physical Damage +2\n先制値:16　生命抵抗力:13（20）　精神抵抗力:15（22）",
  "sin": "0",
  "skills": "<p><strong>►Truespeech Magic, Spiritualism Magic, Divine Magic 10 Level/Magic Power 14 (21)</strong></p><p></p><p><strong>◯🗨Magical Aptitude</strong></p><p>They can use the Combat Feats [Targeting], [Magic Convergence], [Magic Control], [Hawk Eye], [Universal Metamagic], and [Mana Save].</p><p><strong>◯Magic Immunity</strong></p><p>This monster is immune to magic. An Ergacleo's HP cannot be reduced by magic damage.Items, unique skills of the monsters, and other non-magic effects obtained by other-type classes are effective, but they do not cause magic damage.</p><p><strong>◯Anesthetic Poison/Can't</strong></p><p>A target hit by a Tentacle attack will be unable to perform any movement action for 30 seconds (3 rounds). Also, during this period, the target gains a -2 penalty for any Action Checks.This effect is a poison type. If the method of removing poison is used, it s쳮ds automatically without the need to compare the Success Value.</p>",
  "status1Accuracy": "13",
  "status1AccuracyFix": 20,
  "status1Damage": "2d+8",
  "status1Defense": "6",
  "status1Evasion": "11",
  "status1EvasionFix": 18,
  "status1Hp": "90",
  "status1Mp": "112",
  "status1Style": "Tentacle",
  "statusNum": 1,
  "taxa": "Daemon",
  "type": "m",
  "unitStatus": {
    "Tentacle:HP": "90/90",
    "Tentacle:MP": "112"
  },
  "unitExceptStatus": {
    "HP": 1,
    "MP": 1,
    "Defense": 1
  },
  "loots1Num": "Always",
  "loots1Item": "Crystallized Daemon's Blood (800G/Red A)",
  "loots2Num": "2～12",
  "loots2Item": "Ordinary Grimoire (500G/White A)",
  "loots3Num": "13+",
  "loots3Item": "Rare Grimoire (3,000G/White S) x 2",
  "fortitude": "13",
  "willpower": "15"
}