{
  "description": "<p>This priest believes in an evil god associated with the Second Sword. They are enemies of Humanoid society in various ways, such as those who sneak into Humanoid cities and try to propagate their religion and those who work in partnership with the Barbarous clans.</p>",
  "disposition": "Hostile",
  "habitat": "Various",
  "initiative": "13",
  "intellect": "Average",
  "language": "Trade Common, Daemonic",
  "lootsNum": 2,
  "monsterName": "Evil Priest",
  "mndResist": "10",
  "vitResist": "9",
  "lv": "7",
  "parts": "",
  "coreParts": "",
  "mobility": "14",
  "mode": "save",
  "paletteInsertType": "exchange",
  "paletteRemoveTags": "1",
  "paletteTool": "bcdice",
  "paletteUseBuff": "1",
  "paletteUseVar": "1",
  "partsNum": 1,
  "perception": "Five senses",
  "reputation": "10",
  "reputation+": "0",
  "weakness": "None",
  "result": "OK",
  "sheetDescriptionM": "分類:Humanoid　知能:Average　知覚:Five senses　反応:Hostile\n言語:Trade Common, Daemonic　生息地:Various\n弱点:None\n先制値:13　生命抵抗力:9（16）　精神抵抗力:10（17）",
  "sheetDescriptionS": "分類:Humanoid\n弱点:None\n先制値:13　生命抵抗力:9（16）　精神抵抗力:10（17）",
  "sin": "0",
  "skills": "<p><strong>►Divine Magic 7 Level/Magic Power 10 (17)</strong></p><p></p><p><strong>◯🗨Magic Aptitude</strong></p><p>They can use the Combat Feats [Targeting], [Hawk Eye], and [Metamagic/Targets].</p><p><strong>◯Sword's Grace/Change Fate</strong></p><p>Once per day, they may change the result of a Skill Check or Damage roll by switching the faces of the rolled 2d to the opposite sides and adding +1.</p>",
  "status1Accuracy": "8",
  "status1AccuracyFix": 15,
  "status1Damage": "2d+6",
  "status1Defense": "5",
  "status1Evasion": "8",
  "status1EvasionFix": 15,
  "status1Hp": "53",
  "status1Mp": "44",
  "status1Style": "Weapon",
  "statusNum": 1,
  "taxa": "Humanoid",
  "type": "m",
  "unitStatus": {
    "Weapon:HP": "53/53",
    "Weapon:MP": "44"
  },
  "unitExceptStatus": {
    "HP": 1,
    "MP": 1,
    "Defense": 1
  },
  "loots1Num": "2～12",
  "loots1Item": "Holy Symbol of the Evil God (600G/Black White A)",
  "loots2Num": "13+",
  "loots2Item": "Strange Holy Symbol (3,300G/White S)",
  "fortitude": "9",
  "willpower": "10"
}