{
  "description": "<p>A group of humanoid heretics who are recognized by their followers as the embodiment of their doctrine. They excel at trickery and theatrics, and will rarely allow an opportunity for a head on confrontation.</p>",
  "disposition": "Hostile",
  "habitat": "Various",
  "initiative": "14",
  "intellect": "Average",
  "language": "Trade Common, Daemonic, Regional Dialect",
  "lootsNum": 5,
  "monsterName": "Evil God's Apostle",
  "mndResist": "11",
  "vitResist": "10",
  "lv": "8",
  "parts": "",
  "coreParts": "",
  "mobility": "14/-",
  "mode": "save",
  "paletteInsertType": "exchange",
  "paletteRemoveTags": "1",
  "paletteTool": "bcdice",
  "paletteUseBuff": "1",
  "paletteUseVar": "1",
  "partsNum": 1,
  "perception": "Five Senses",
  "reputation": "11",
  "reputation+": "-",
  "weakness": "None",
  "result": "OK",
  "sheetDescriptionM": "分類:Humanoid　知能:Average　知覚:Five Senses　反応:Hostile\n言語:Trade Common, Daemonic, Regional Dialect　生息地:Various\n弱点:None\n先制値:14　生命抵抗力:10（17）　精神抵抗力:11（18）",
  "sheetDescriptionS": "分類:Humanoid\n弱点:None\n先制値:14　生命抵抗力:10（17）　精神抵抗力:11（18）",
  "sin": "0",
  "skills": "<p><strong>◯Sword's Grace/Change Fate</strong></p><p>Once per day, they may choose to change the result of a Skill Check or Damage roll, by switching the faces of the rolled 2d to the opposite sides.</p><p><strong>►Divine Magic 8 Level / Magic Power 11 (18)</strong></p><p></p><p><strong>◯🗨Magic Aptitude</strong></p><p>The Apostle has learned the Combat Feats [Targeting], [Metamagic/Targets], [Multi-Action] and [Cheat Cast I].</p><p><strong>🗨Mana Strike = +11 Damage</strong></p><p>May deal an additional +11 Damage on their next melee attack. As a risk, the Apostle suffers a -2 penalty to Fortitude and Willpower checks.</p><p><strong>◯Mako Stone</strong></p><p>The Apostle possesses 3 Mako Stones with 5 MP remaining each, which can be consumed when using skills or transferred to other characters.Mako Stones that are not consumed before the Apostle's HP falls below 0 are automatically acquired when determining loot.</p>",
  "status1Accuracy": "9",
  "status1AccuracyFix": 16,
  "status1Damage": "2d+8",
  "status1Defense": "6",
  "status1Evasion": "9",
  "status1EvasionFix": 16,
  "status1Hp": "56",
  "status1Mp": "57",
  "status1Style": "Weapon",
  "statusNum": 1,
  "taxa": "Humanoid",
  "type": "m",
  "unitStatus": {
    "Weapon:HP": "56/56",
    "Weapon:MP": "57"
  },
  "unitExceptStatus": {
    "HP": 1,
    "MP": 1,
    "Defense": 1
  },
  "loots1Num": "Always",
  "loots1Item": "Remaining Mako Stones",
  "loots2Num": "Always",
  "loots2Item": "Holy Symbol of Evil God (600G/Black/White A)",
  "loots3Num": "2～6",
  "loots3Item": "Bag of Silver (100G/-) x2d",
  "loots4Num": "7～12",
  "loots4Item": "Bag of Silver (200G/-) x2d",
  "loots5Num": "13+",
  "loots5Item": "Strange Holy Symbol (3,300G/White S)",
  "fortitude": "10",
  "willpower": "11"
}