{
  "description": "<p>A knight clad in metal armor who uses their strength not to protect a country or people, but for evil. They are highly durable and well prepared to guard against magic, so when challenged head-on, can be a difficult opponent to deal with.</p>",
  "disposition": "Neutral",
  "habitat": "Various",
  "initiative": "12",
  "intellect": "Average",
  "language": "Trade Common, Regional Dialect",
  "lootsNum": 3,
  "monsterName": "Evil Knight",
  "mndResist": "8",
  "vitResist": "7",
  "lv": "5",
  "parts": "",
  "coreParts": "",
  "mobility": "13/-",
  "mode": "save",
  "paletteInsertType": "exchange",
  "paletteRemoveTags": "1",
  "paletteTool": "bcdice",
  "paletteUseBuff": "1",
  "paletteUseVar": "1",
  "partsNum": 1,
  "perception": "Five Senses",
  "reputation": "8",
  "reputation+": "-",
  "weakness": "None",
  "result": "OK",
  "sheetDescriptionM": "分類:Humanoid　知能:Average　知覚:Five Senses　反応:Neutral\n言語:Trade Common, Regional Dialect　生息地:Various\n弱点:None\n先制値:12　生命抵抗力:7（14）　精神抵抗力:8（15）",
  "sheetDescriptionS": "分類:Humanoid\n弱点:None\n先制値:12　生命抵抗力:7（14）　精神抵抗力:8（15）",
  "sin": "0",
  "skills": "<p><strong>◯Sword's Grace/Change Fate</strong></p><p>Once per day, they may choose to change the result of a Skill Check or Damage roll, by switching the faces of the rolled 2d to the opposite sides.</p><p><strong>◯Knight's Fundamentals</strong></p><p>The Knight has learned the Combat Feats [Decoy Attack I] and [Cover I].</p><p><strong>⏩△Techniques</strong></p><p>The Knight can use Techniques [Beetleskin] and [Bear Muscle].</p>",
  "status1Accuracy": "7",
  "status1AccuracyFix": 14,
  "status1Damage": "2d+7",
  "status1Defense": "7",
  "status1Evasion": "7",
  "status1EvasionFix": 14,
  "status1Hp": "44",
  "status1Mp": "18",
  "status1Style": "Weapon",
  "statusNum": 1,
  "taxa": "Humanoid",
  "type": "m",
  "unitStatus": {
    "Weapon:HP": "44/44",
    "Weapon:MP": "18"
  },
  "unitExceptStatus": {
    "HP": 1,
    "MP": 1,
    "Defense": 1
  },
  "loots1Num": "2～6",
  "loots1Item": "None",
  "loots2Num": "7～11",
  "loots2Item": "Bag of Silver (100G/- ) x 1d",
  "loots3Num": "12+",
  "loots3Item": "Gems (150G/Gold A) x1d",
  "fortitude": "7",
  "willpower": "8"
}