{
  "description": "<p>A priest that serves as the head of a large temple. Although they are Humanoid, they follow the teachings of the gods of the Second Sword and lead Barbarous and others of the same faith to invade Humanoid lands.</p>",
  "disposition": "Hostile",
  "habitat": "Various",
  "initiative": "17",
  "intellect": "High",
  "language": "Trade Common, Regional Dialect",
  "lootsNum": 3,
  "monsterName": "Evil Bishop",
  "mndResist": "17",
  "vitResist": "15",
  "lv": "13",
  "parts": "",
  "coreParts": "",
  "mobility": "18/-",
  "mode": "save",
  "paletteInsertType": "exchange",
  "paletteRemoveTags": "1",
  "paletteTool": "bcdice",
  "paletteUseBuff": "1",
  "paletteUseVar": "1",
  "partsNum": 1,
  "perception": "Five Senses",
  "reputation": "16",
  "reputation+": "-",
  "weakness": "None",
  "result": "OK",
  "sheetDescriptionM": "分類:Humanoid　知能:High　知覚:Five Senses　反応:Hostile\n言語:Trade Common, Regional Dialect　生息地:Various\n弱点:None\n先制値:17　生命抵抗力:15（22）　精神抵抗力:17（24）",
  "sheetDescriptionS": "分類:Humanoid\n弱点:None\n先制値:17　生命抵抗力:15（22）　精神抵抗力:17（24）",
  "sin": "0",
  "skills": "<p><strong>◯Sword's Grace/Change Fate</strong></p><p>Once per day, they may choose to change the result of a Skill Check or Damage roll, by switching the faces of the rolled 2d to the opposite sides.</p><p><strong>►Divine Magic 13 Level/Magic Power 17 (24)</strong></p><p></p><p><strong>◯🗨►Magic Aptitude</strong></p><p>The Bishop can use the Combat Feats [Targeting], [Magic Convergence], [Magic Control], [Hawk Eye], [Universal Metamagic], [Double Cast] and [Wordbreak].</p><p><strong>◯Multiple Declarations = 2 times</strong></p><p></p>",
  "status1Accuracy": "14",
  "status1AccuracyFix": 21,
  "status1Damage": "2d+8",
  "status1Defense": "12",
  "status1Evasion": "15",
  "status1EvasionFix": 22,
  "status1Hp": "92",
  "status1Mp": "87",
  "status1Style": "Weapon",
  "statusNum": 1,
  "taxa": "Humanoid",
  "type": "m",
  "unitStatus": {
    "Weapon:HP": "92/92",
    "Weapon:MP": "87"
  },
  "unitExceptStatus": {
    "HP": 1,
    "MP": 1,
    "Defense": 1
  },
  "loots1Num": "Always",
  "loots1Item": "Strange Holy Symbol (3,300G / White S)",
  "loots2Num": "2～8",
  "loots2Item": "None",
  "loots3Num": "9+",
  "loots3Item": "Large Gem (400G / Gold S)",
  "fortitude": "15",
  "willpower": "17"
}