{
  "description": "<p>The Evil Index is a Construct known as \"The Monster Encyclopedia.\" It is a Mimic-type monster that was created by ancient magicians to safeguard their homes and research findings. It appears as a thick book floating in the air, with sharp fangs lining the edges of its binding. When attacking its prey, the book opens slightly, and a shrill laugh can be heard coming from between the fangs. Inside the book, there is a collection of magical knowledge that Evil Index utilizes to launch its attacks.</p>",
  "disposition": "Hostile",
  "habitat": "Ruins",
  "initiative": "18",
  "intellect": "Low",
  "language": "Arcana",
  "lootsNum": 4,
  "monsterName": "Evil Index",
  "mndResist": "16",
  "vitResist": "14",
  "lv": "12",
  "parts": "",
  "coreParts": "",
  "mobility": "-/15 (Floating)",
  "mode": "save",
  "paletteInsertType": "exchange",
  "paletteRemoveTags": "1",
  "paletteTool": "bcdice",
  "paletteUseBuff": "1",
  "paletteUseVar": "1",
  "partsNum": 1,
  "perception": "Magic",
  "reputation": "15",
  "reputation+": "18",
  "weakness": "Fire damage +3 points",
  "result": "OK",
  "sheetDescriptionM": "分類:Construct　知能:Low　知覚:Magic　反応:Hostile\n言語:Arcana　生息地:Ruins\n弱点:Fire damage +3 points\n先制値:18　生命抵抗力:14（21）　精神抵抗力:16（23）",
  "sheetDescriptionS": "分類:Construct\n弱点:Fire damage +3 points\n先制値:18　生命抵抗力:14（21）　精神抵抗力:16（23）",
  "sin": "0",
  "skills": "<p><strong>◯Mimicry / 22 / Danger Sense / Negates</strong></p><p>It mimics a book. While mimicking, characters cannot perform a Monster Knowledge check on this monster. If a character approaches it unintentionally, they need to make a Danger check with Target Number 22, and if it fails, they will be surprised. Mimicry will automatically end once the monster starts to act.</p><p><strong>◯2 Actions</strong></p><p>Can perform two Major Actions in one round.</p><p><strong>►Truespeech Magic, Spiritualism Magic 10 Level / Magic Power 15 (22)</strong></p><p>If you have introduced Deep Magic, it can also cast Deep Magic at the same level and Magic Power.</p><p><strong>◯🗨►Magic Aptitude</strong></p><p>They can use the Combat Feats [Targeting], [Magic Convergence], [Magic Control], [Hawk Eye], [Universal Metamagic], and [Wordbreak].</p><p><strong>◯Poison Immunity, ◯Disease Immunity, ◯Psychic Type Immunity</strong></p><p></p><p><strong>◯Limited Healing</strong></p><p>Effects which can heal Construct HP are very limited, and mostly come from Spiritualism Magic and some special items.Healing effects such as Divine Magic, Fairy Magic, and Nature Magic cannot restore a Construct's HP.</p><p><strong>◯Can Be Detected</strong></p><p>Constructs can be detected with the [Sense Magic] spell and similar effects.</p>",
  "status1Accuracy": "14",
  "status1AccuracyFix": 21,
  "status1Damage": "2d+11",
  "status1Defense": "13",
  "status1Evasion": "14",
  "status1EvasionFix": 21,
  "status1Hp": "103",
  "status1Mp": "96",
  "status1Style": "Slam",
  "statusNum": 1,
  "taxa": "Construct",
  "type": "m",
  "unitStatus": {
    "Slam:HP": "103/103",
    "Slam:MP": "96"
  },
  "unitExceptStatus": {
    "HP": 1,
    "MP": 1,
    "Defense": 1
  },
  "loots1Num": "Always",
  "loots1Item": "Golden Bookmark (1,000G/Gold White S)",
  "loots2Num": "2～6",
  "loots2Item": "Spellbook (500G/White A)",
  "loots3Num": "7～12",
  "loots3Item": "Esoteric Spellbook (1,500G/White S)",
  "loots4Num": "13+",
  "loots4Item": "Sophisticated Research Data (4,000G/White S)",
  "fortitude": "14",
  "willpower": "16"
}