{
  "description": "<p>This is a self-sustaining sword created by a sorcerer who studied Swords of Genesis during the Magic Civilization Period as the result of their research. It is about 5 meters long.</p><p>Swords of Genesis have been studied from various aspects, but the monstrosity that we see here was created to reproduce its performance and power and has survived to the present day. The size of the sword is also too large to be handled by a humanoid.</p><p>Strictly speaking, it's not a magic sword but a Construct in the shape of a sword, but it seems that some of the research results were able to reproduce part of the secret of Swords of Genesis.</p>",
  "disposition": "Hostile",
  "habitat": "Ruins",
  "initiative": "19",
  "intellect": "Average",
  "language": "Arcana",
  "lootsNum": 4,
  "monsterName": "Exceed Disaster",
  "mndResist": "15",
  "vitResist": "14",
  "lv": "11",
  "parts": "3 (Sword / Handle / Sheath)",
  "coreParts": "None",
  "mobility": "-/20(Flying)",
  "mode": "save",
  "paletteInsertType": "exchange",
  "paletteRemoveTags": "1",
  "paletteTool": "bcdice",
  "paletteUseBuff": "1",
  "paletteUseVar": "1",
  "partsNum": 3,
  "perception": "Magic",
  "reputation": "18",
  "reputation+": "21",
  "weakness": "Accuracy +1",
  "result": "OK",
  "sheetDescriptionM": "分類:Construct　知能:Average　知覚:Magic　反応:Hostile\n言語:Arcana　生息地:Ruins\n弱点:Accuracy +1\n先制値:19　生命抵抗力:14（21）　精神抵抗力:15（22）",
  "sheetDescriptionS": "分類:Construct\n弱点:Accuracy +1\n先制値:19　生命抵抗力:14（21）　精神抵抗力:15（22）",
  "sin": "0",
  "skills": "<p><strong>◯Flight</strong></p><p>This monster receives a +1 bonus to Accuracy and Evasion only for melee attacks.</p><p><strong>◯Poison Immunity, ◯Disease Immunity, ◯Psychic Type Immunity</strong></p><p></p><p><strong>◯Limited Healing</strong></p><p>Effects which can heal Construct HP are very limited, and mostly come from Spiritualism Magic and some special items.Healing effects such as Divine Magic, Fairy Magic, and Nature Magic cannot restore a Construct's HP.</p><p><strong>◯Can Be Detected</strong></p><p>Constructs can be detected with the [Sense Magic] spell and similar effects.</p><br><br><p><strong>◯Mithril Body</strong></p><p>It is immune to criticals from edged weapons and all Magic damage. Sword section melee attacks are treated as silver weapons.</p><p><strong>🗨Power Strike II</strong></p><p>It can deal an additional +12 damage on their next attack. However, any Evasion Check made by them this turn receives a -2 penalty.</p><p><strong>🗨Lethal Strike II</strong></p><p>The 2d roll of damage decision is increased by +1. At risk, he takes a -1 penalty to its Evasion check.</p><p><strong>🗨Cleave II</strong></p><p>It attacks with a weapon up to 5 characters within the skirmish in which it resides. Accuracy checks are made at once, and damage is determined individually. If this ability is declared with [🗨Power Strike II] or [🗨Lethal Strike II], the damage will be changed only for one target.</p><p><strong>◯Painful Strike</strong></p><p>If the 2d roll of the damage roll is 10 or more, the damage is increased by an additional +8 points. When declaring [🗨Lethal Strike II], this ability is triggered when the modified roll is 10 (the original roll was 9) or more.</p><br><br><p><strong>◯Careful Balance</strong></p><p>The well-balanced and carefully crafted handle helps to move the sword blade. The Sword section has the ability of [◯Multiple Actions = 2 times]. This ability is lost when the HP of the Handle section becomes 0 or less.</p><p><strong>►Gale Breath/11 (18)/Fortitude/Half</strong></p><p>The dragon on the handle spits torrent from the dragon's mouth and deals 2d+l1 wind magic damage to \"Target: 1 area (3m Radius)/5\" at \"Range/Area: 2 (20m)/ Shot\".This ability cannot be used on consecutive turns.</p><br><br><p><strong>►Truespeech Magic 10 Level/Magic Power 12 (19)</strong></p><p></p><p><strong>◯🗨Magic Aptitude</strong></p><p>They can use the Combat Feats [Multi-Action], [Targeting], [Magic Convergence], [Magic Control], and [Universal Metamagic].</p>",
  "status1Accuracy": "15",
  "status1AccuracyFix": 22,
  "status1Damage": "2d+16",
  "status1Defense": "13",
  "status1Evasion": "14",
  "status1EvasionFix": 21,
  "status1Hp": "90",
  "status1Mp": "34",
  "status1Style": "Sword (Sword)",
  "status2Accuracy": "13",
  "status2AccuracyFix": 20,
  "status2Damage": "2d+14",
  "status2Defense": "11",
  "status2Evasion": "13",
  "status2EvasionFix": 20,
  "status2Hp": "75",
  "status2Mp": "28",
  "status2Style": "Swing (Handle)",
  "status3Accuracy": "14",
  "status3AccuracyFix": 21,
  "status3Damage": "2d+13",
  "status3Defense": "9",
  "status3Evasion": "13",
  "status3EvasionFix": 20,
  "status3Hp": "80",
  "status3Mp": "68",
  "status3Style": "Slam (Sheath)",
  "statusNum": 3,
  "taxa": "Construct",
  "type": "m",
  "unitStatus": {
    "Sword (Sword):HP": "90/90",
    "Sword (Sword):MP": "34",
    "Swing (Handle):HP": "75/75",
    "Swing (Handle):MP": "28",
    "Slam (Sheath):HP": "80/80",
    "Slam (Sheath):MP": "68"
  },
  "unitExceptStatus": {
    "HP": 3,
    "MP": 3,
    "Defense": 3
  },
  "loots1Num": "Always",
  "loots1Item": "Mithril (2,600G/Gold S)",
  "loots2Num": "2～7",
  "loots2Item": "Gold Thread Decoration (800G/Gold White A)",
  "loots3Num": "8～11",
  "loots3Item": "Gold and Silver Decoration (1,800G/Gold White S)",
  "loots4Num": "12+",
  "loots4Item": "Jewelry Decoration (7,800G/Gold White S)",
  "fortitude": "14",
  "willpower": "15"
}