{
  "description": "<p>This Daemon is about 4 meters long and resembles a beautiful woman wearing a white cloak. Her hair and face are also white, while only the tip of her tail and her eyes are golden. The mantle is not a garment but skin that shimmers around her body like velvet.</p><p>Ezerves are rational and aggressive, preferring to work alone and not getting along with others. They can breathe a white substance that puts creatures into a state of suspended animation. The creature in this state is indistinguishable from a corpse, and after a funeral or other ceremony is held for it as if it were dead, the creature likes to cause despair by informing Humanoids of its true state.</p><p>Additionally, creatures put into suspended animation may be used as offerings for summoning other Daemons or as a Daemon Seminarium.</p>",
  "disposition": "Hostile",
  "habitat": "Ruins, Shallow Abysses",
  "initiative": "18",
  "intellect": "High",
  "language": "Trade Common, Arcana, Drakish, Daemonic",
  "lootsNum": 4,
  "monsterName": "Ezerve",
  "mndResist": "14",
  "vitResist": "14",
  "lv": "11",
  "parts": "3 (Head / Body / Tail)",
  "coreParts": "Head",
  "mobility": "18",
  "mode": "save",
  "paletteInsertType": "exchange",
  "paletteRemoveTags": "1",
  "paletteTool": "bcdice",
  "paletteUseBuff": "1",
  "paletteUseVar": "1",
  "partsNum": 3,
  "perception": "Five Senses (Darkvision)",
  "reputation": "18",
  "reputation+": "22",
  "weakness": "Magic damage +2 points",
  "result": "OK",
  "sheetDescriptionM": "分類:Daemon　知能:High　知覚:Five Senses (Darkvision)　反応:Hostile\n言語:Trade Common, Arcana, Drakish, Daemonic　生息地:Ruins, Shallow Abysses\n弱点:Magic damage +2 points\n先制値:18　生命抵抗力:14（21）　精神抵抗力:14（21）",
  "sheetDescriptionS": "分類:Daemon\n弱点:Magic damage +2 points\n先制値:18　生命抵抗力:14（21）　精神抵抗力:14（21）",
  "sin": "0",
  "skills": "<p><strong>◯White Skin</strong></p><p>The physical and magical damage of the lightning and energy type is reduced by -3 points.</p><br><br><p><strong>►Truespeech Magic 11 Level / Magic Power 14 (21)</strong></p><p></p><p><strong>◯Magic Aptitude</strong></p><p>They can use the Combat Feats [Universal Metamagic], [Targeting], [Hawk Eye], [Magic Convergence], [Magic Control], and [Multi-Action].</p><p><strong>►Breath of Endless Sleep/Optional</strong></p><p>Spits white breath on up to 5 targets of Ezerve's choice within \"Range: Caster\", sapping life from them.The targets are placed in a state of suspended animation and are treated as if no time has elapsed.A character in this state is indistinguishable from a corpse.If the character knows about this ability (they have prior knowledge of the ability, or have successfully performed a Monster Knowledge check on this monster), they can perform a Detect check with Target Number 20 on a corpse that they strongly suspect is under this effect, and if successful, they can detect that the corpse is in a state of suspended animation under this effect.This ability is treated as \"Resistance: Can't\" for targets with 0 or less HP.This ability requires 10 minutes to use. It also consumes 30 MP when used.This effect is treated as a poison and curse type with a Success Value of 20.</p><br><br><p><strong>🗨Flash of a Magic Blade</strong></p><p>Makes a Melee Attack against the target in the same skirmish area where this monster is located.This effect cannot be performed on consecutive turns and costs 8 MP.</p><p><strong>◯Painful Strike</strong></p><p>If the 2d roll of the damage roll is 10 or more, the damage is increased by an additional +9 points.</p><p><strong>◯Attack Obstacle = +4 ・ +4</strong></p><p>The size of the head hinders attacks.The Head section gained a +4 bonus to Evasion checks against melee attacks and ranged attacks.If the HP of the Body section falls to 0 or below, it loses this ability.</p><br><br><p><strong>◯Sucking Needles/13 (20)/Fortitude/Negates</strong></p><p>If the Needles attack hits and deals 1 or more points of applied damage, the MP of all sections is restored by 5 points.If the MP of a section is more than half of the maximum value, the MP of that section is not recovered.</p><p><strong>►Point Needle/13 (20)/Willpower/Half</strong></p><p>Throws a needle at the target character within \"Range: 10m\" and deals 2d+8 Curse magic damage. Using this effect consumes 5 MP.</p>",
  "status1Accuracy": "14",
  "status1AccuracyFix": 21,
  "status1Damage": "2d+17",
  "status1Defense": "10",
  "status1Evasion": "14",
  "status1EvasionFix": 21,
  "status1Hp": "96",
  "status1Mp": "60",
  "status1Style": "Bite (Head)",
  "status2Accuracy": "14",
  "status2AccuracyFix": 21,
  "status2Damage": "2d+15",
  "status2Defense": "12",
  "status2Evasion": "12",
  "status2EvasionFix": 19,
  "status2Hp": "112",
  "status2Mp": "32",
  "status2Style": "Weapon (Body)",
  "status3Accuracy": "15",
  "status3AccuracyFix": 22,
  "status3Damage": "2d+13",
  "status3Defense": "8",
  "status3Evasion": "13",
  "status3EvasionFix": 20,
  "status3Hp": "74",
  "status3Mp": "20",
  "status3Style": "Needles (Tail)",
  "statusNum": 3,
  "taxa": "Daemon",
  "type": "m",
  "unitStatus": {
    "Bite (Head):HP": "96/96",
    "Bite (Head):MP": "60",
    "Weapon (Body):HP": "112/112",
    "Weapon (Body):MP": "32",
    "Needles (Tail):HP": "74/74",
    "Needles (Tail):MP": "20"
  },
  "unitExceptStatus": {
    "HP": 3,
    "MP": 3,
    "Defense": 3
  },
  "loots1Num": "Always",
  "loots1Item": "Crystallized Daemon's Blood (800G/Red A) x 2",
  "loots2Num": "2～6",
  "loots2Item": "None",
  "loots3Num": "7～11",
  "loots3Item": "White Membrane (2,500G/Red S)",
  "loots4Num": "12+",
  "loots4Item": "Milky White Membrane (9,100G/Red S)",
  "fortitude": "14",
  "willpower": "14"
}