{
  "description": "<p>This is a magic warrior who is skilled in Fairy Magic. Rather than using Fairy Magic themself, they prefer to attack with [Mana Strike] while summoning fairies and letting them cast spells.</p>",
  "disposition": "Neutral",
  "habitat": "Various",
  "initiative": "15",
  "intellect": "Average",
  "language": "Trade Common, Sylvan",
  "lootsNum": 4,
  "monsterName": "Fairy Swordsman Expert",
  "mndResist": "12",
  "vitResist": "11",
  "lv": "9",
  "parts": "",
  "coreParts": "",
  "mobility": "18",
  "mode": "save",
  "paletteInsertType": "exchange",
  "paletteRemoveTags": "1",
  "paletteTool": "bcdice",
  "paletteUseBuff": "1",
  "paletteUseVar": "1",
  "partsNum": 1,
  "perception": "Five senses",
  "reputation": "12",
  "reputation+": "0",
  "weakness": "None",
  "result": "OK",
  "sheetDescriptionM": "分類:Humanoid　知能:Average　知覚:Five senses　反応:Neutral\n言語:Trade Common, Sylvan　生息地:Various\n弱点:None\n先制値:15　生命抵抗力:11（18）　精神抵抗力:12（19）",
  "sheetDescriptionS": "分類:Humanoid\n弱点:None\n先制値:15　生命抵抗力:11（18）　精神抵抗力:12（19）",
  "sin": "0",
  "skills": "<p><strong>►Fairy Magic 9 Level/Magic Power 12 (19)</strong></p><p>It can use Earth, Water/Ice, Fire, and Wind types.</p><p><strong>◯🗨Magic Aptitude</strong></p><p>They can use the Combat Feats [Targeting] and [Metamagic/Targets].</p><p><strong>🗨Mana Strike = +12 damage</strong></p><p>May deal an additional +12 damage to their next melee attack. At risk, they take a -2 penalty to their Fortitude and Willpower checks.</p><p><strong>◯Sword's Grace/Change Fate</strong></p><p>Once per day, they may change the result of a Skill Check or Damage roll, by switching the faces of the rolled 2d to the opposite sides and adding +1 to it.</p>",
  "status1Accuracy": "12",
  "status1AccuracyFix": 19,
  "status1Damage": "2d+11",
  "status1Defense": "7",
  "status1Evasion": "11",
  "status1EvasionFix": 18,
  "status1Hp": "59",
  "status1Mp": "50",
  "status1Style": "Weapon",
  "statusNum": 1,
  "taxa": "Humanoid",
  "type": "m",
  "unitStatus": {
    "Weapon:HP": "59/59",
    "Weapon:MP": "50"
  },
  "unitExceptStatus": {
    "HP": 1,
    "MP": 1,
    "Defense": 1
  },
  "loots1Num": "Always",
  "loots1Item": "Fairy Tamer's Gem (125G) x 4",
  "loots2Num": "2～6",
  "loots2Item": "None",
  "loots3Num": "7～10",
  "loots3Item": "Bag of Silver (200G) x 2d",
  "loots4Num": "11+",
  "loots4Item": "Bag of Silver (300G) x 2d",
  "fortitude": "11",
  "willpower": "12"
}