{
  "description": "<p>A giant anglerfish, about 5 to 7 meters long, it can be found in the coastal areas of the Alframe continent.</p><p>On its back are piles of ruins and building junk, which at night or from a distance may appear to be island structures.</p><p>Among the Barbarous, the Lizardmen are particularly knowledgeable about the ecology of this monster, and there are reports that they treat it as a nest or base, or use it to approach the coast.</p>",
  "disposition": "Hungry",
  "habitat": "Oceans",
  "initiative": "14",
  "intellect": "Animal",
  "language": "None",
  "lootsNum": 3,
  "monsterName": "Fake Angler",
  "mndResist": "10",
  "vitResist": "11",
  "lv": "8",
  "parts": "3 (Head / Back / Tail)",
  "coreParts": "Head",
  "mobility": "7(Crawling)/15(Swimming)",
  "mode": "save",
  "paletteInsertType": "exchange",
  "paletteRemoveTags": "1",
  "paletteTool": "bcdice",
  "paletteUseBuff": "1",
  "paletteUseVar": "1",
  "partsNum": 3,
  "perception": "Five senses (Darkvision)",
  "reputation": "16",
  "reputation+": "19",
  "weakness": "Lightning damage + 3",
  "result": "OK",
  "sheetDescriptionM": "分類:Animal　知能:Animal　知覚:Five senses (Darkvision)　反応:Hungry\n言語:None　生息地:Oceans\n弱点:Lightning damage + 3\n先制値:14　生命抵抗力:11（18）　精神抵抗力:10（17）",
  "sheetDescriptionS": "分類:Animal\n弱点:Lightning damage + 3\n先制値:14　生命抵抗力:11（18）　精神抵抗力:10（17）",
  "sin": "0",
  "skills": "<p><strong>◯Underwater Aptitude</strong></p><p></p><p><strong>◯Natural Mimicry/16/Danger Sense/Negates</strong></p><p>The Fake Angler disguises itself as an island by floating with only its back breaching the surface of the water. While it is using this mimicry, characters cannot perform a Monster Knowledge check on this monster. If a character approaches it unintentionally, they need to make a Danger check with Target Number 16, and if it fails, they will be surprised (see CR I, p. 144). Mimicry will be automatically ended once the monster starts to act.This monster cannot be detected with [Sense Magic].</p><br><br><p><strong>►Dizzying Light/10 (17)/Willpower/Negates</strong></p><p>Within \"Range: Caster,\" it shines a lantern on the forehead and confuses \"Target: All Areas (30m Radius) / All\".The target will appear to be out of position or distance from all characters, including Fake Angler, for 10 seconds (1 round), and when attempting to use a ranged attack or ranged effect, the target must roll 1d after determining the target, and if the roll is 1 or 2, the target cannot be properly targeted, and the action must be canceled. If canceled, any ammunition, MP, and consumables will not be lost (though the target forfeits their action for the turn).Every time this effect is used, it costs 10 points of MP.This effect is Psychic type.</p><br><br><p><strong>◯Spine Fin Poison/11 (18)/Fortitude/Negates</strong></p><p>A target hit by a Spine Fin attack and suffering from more than 1 point of applied damage to HP will suffer an additional 7 points of poison magic damage.</p><br><br><p><strong>🗨Tail Sweep</strong></p><p>The monster can use its tail to attack up to 5 targets in the same skirmish. An Accuracy check is made on all characters at once, and damage is determined individually.This attack cannot be used in consecutive rounds.</p>",
  "status1Accuracy": "11",
  "status1AccuracyFix": 18,
  "status1Damage": "2d+11",
  "status1Defense": "8",
  "status1Evasion": "10",
  "status1EvasionFix": 17,
  "status1Hp": "64",
  "status1Mp": "22",
  "status1Style": "Bite (Head)",
  "status2Accuracy": "11",
  "status2AccuracyFix": 18,
  "status2Damage": "2d+9",
  "status2Defense": "7",
  "status2Evasion": "10",
  "status2EvasionFix": 17,
  "status2Hp": "52",
  "status2Mp": "12",
  "status2Style": "Spine Fin (Back)",
  "status3Accuracy": "10",
  "status3AccuracyFix": 17,
  "status3Damage": "2d+10",
  "status3Defense": "8",
  "status3Evasion": "9",
  "status3EvasionFix": 16,
  "status3Hp": "60",
  "status3Mp": "14",
  "status3Style": "Tail Fin (Tail)",
  "statusNum": 3,
  "taxa": "Animal",
  "type": "m",
  "unitStatus": {
    "Bite (Head):HP": "64/64",
    "Bite (Head):MP": "22",
    "Spine Fin (Back):HP": "52/52",
    "Spine Fin (Back):MP": "12",
    "Tail Fin (Tail):HP": "60/60",
    "Tail Fin (Tail):MP": "14"
  },
  "unitExceptStatus": {
    "HP": 3,
    "MP": 3,
    "Defense": 3
  },
  "loots1Num": "Always",
  "loots1Item": "Huge Lantern (2,000G/Red S)",
  "loots2Num": "2～9",
  "loots2Item": "None",
  "loots3Num": "10+",
  "loots3Item": "Stale Scales (370G/Red A)",
  "fortitude": "11",
  "willpower": "10"
}