{
  "description": "<p>A Humanoid magician who has lost sight of the true purpose of magic and uses their power for selfish gain. The GM should decide on their specific magic type in advance. If this monster appears in solo play, it should be treated as having learned Truespeech Magic, unless otherwise specified.</p>",
  "disposition": "Neutral",
  "habitat": "Various",
  "initiative": "11",
  "intellect": "Average",
  "language": "Trade Common, Regional Dialect, Learned Magic Language",
  "lootsNum": 2,
  "monsterName": "Fallen Wizard",
  "mndResist": "5",
  "vitResist": "4",
  "lv": "3",
  "parts": "",
  "coreParts": "",
  "mobility": "14/-",
  "mode": "save",
  "paletteInsertType": "exchange",
  "paletteRemoveTags": "1",
  "paletteTool": "bcdice",
  "paletteUseBuff": "1",
  "paletteUseVar": "1",
  "partsNum": 1,
  "perception": "Five Senses",
  "reputation": "6",
  "reputation+": "-",
  "weakness": "None",
  "result": "OK",
  "sheetDescriptionM": "分類:Humanoid　知能:Average　知覚:Five Senses　反応:Neutral\n言語:Trade Common, Regional Dialect, Learned Magic Language　生息地:Various\n弱点:None\n先制値:11　生命抵抗力:4（11）　精神抵抗力:5（12）",
  "sheetDescriptionS": "分類:Humanoid\n弱点:None\n先制値:11　生命抵抗力:4（11）　精神抵抗力:5（12）",
  "sin": "0",
  "skills": "<p><strong>◯Sword's Grace/Change Fate</strong></p><p>Once per day, they may choose to change the result of a Skill Check or Damage roll, by switching the faces of the rolled 2d to the opposite sides.</p><p><strong>►Magic (1 System) Level 3 / Magic Power 5 (12)</strong></p><p>The Wizard has mastered one of the following: Truespeech Magic, Spiritualism Magic, Fairy Magic, Magitech, Nature Magic or Summoning Arts up to Level 3.</p><p><strong>◯🗨Magical Aptitude</strong></p><p>The Wizard has learned the Combat Feats [Targeting] and [Metamagic/Targets].</p>",
  "status1Accuracy": "4",
  "status1AccuracyFix": 11,
  "status1Damage": "2d+2",
  "status1Defense": "3",
  "status1Evasion": "4",
  "status1EvasionFix": 11,
  "status1Hp": "17",
  "status1Mp": "23",
  "status1Style": "Weapon",
  "statusNum": 1,
  "taxa": "Humanoid",
  "type": "m",
  "unitStatus": {
    "Weapon:HP": "17/17",
    "Weapon:MP": "23"
  },
  "unitExceptStatus": {
    "HP": 1,
    "MP": 1,
    "Defense": 1
  },
  "loots1Num": "2～9",
  "loots1Item": "None",
  "loots2Num": "10+",
  "loots2Item": "Bag of Silver (50G/-) x 1d",
  "fortitude": "4",
  "willpower": "5"
}