{
  "description": "<p>These rodents are about 40cm long and are found in abandoned buildings and ruins. They propagate in sewer systems and catacombs and are hated by people because they make their homes unsanitary and spread diseases.</p><p>They breed prolifically, and if you see one, it is safe to assume that there are many more around.</p>",
  "disposition": "Hostile",
  "habitat": "Ruins",
  "initiative": "9",
  "intellect": "Animal",
  "language": "None",
  "lootsNum": 2,
  "monsterName": "Filthy Rat",
  "mndResist": "2",
  "vitResist": "3",
  "lv": "1",
  "parts": "",
  "coreParts": "",
  "mobility": "12 (4 Legs)",
  "mode": "save",
  "paletteInsertType": "exchange",
  "paletteRemoveTags": "1",
  "paletteTool": "bcdice",
  "paletteUseBuff": "1",
  "paletteUseVar": "1",
  "partsNum": 1,
  "perception": "Five Senses",
  "reputation": "6",
  "reputation+": "9",
  "weakness": "Accuracy +1",
  "result": "OK",
  "sheetDescriptionM": "分類:Animal　知能:Animal　知覚:Five Senses　反応:Hostile\n言語:None　生息地:Ruins\n弱点:Accuracy +1\n先制値:9　生命抵抗力:3（10）　精神抵抗力:2（9）",
  "sheetDescriptionS": "分類:Animal\n弱点:Accuracy +1\n先制値:9　生命抵抗力:3（10）　精神抵抗力:2（9）",
  "sin": "0",
  "skills": "<p><strong>◯Disease Bite / 2 (9) / Fortitude / Negates</strong></p><p>If a character is hit with a Bite attack that inflicts 1 or more applied damage, this character gains a -1 penalty to their Fortitude. This effect is of the Disease type, it is permanent unless healed and it is not cumulative.</p><p><strong>◯Nimble</strong></p><p>Filthy Rat gains a +2 bonus to the Evasion check against ranged attacks.</p>",
  "status1Accuracy": "2",
  "status1AccuracyFix": 9,
  "status1Damage": "2d-1",
  "status1Defense": "0",
  "status1Evasion": "2",
  "status1EvasionFix": 9,
  "status1Hp": "10",
  "status1Mp": "1",
  "status1Style": "Bite",
  "statusNum": 1,
  "taxa": "Animal",
  "type": "m",
  "unitStatus": {
    "Bite:HP": "10/10",
    "Bite:MP": "1"
  },
  "unitExceptStatus": {
    "HP": 1,
    "MP": 1,
    "Defense": 1
  },
  "loots1Num": "2～10",
  "loots1Item": "None",
  "loots2Num": "11+",
  "loots2Item": "Dirty Teeth (50G / Red B)",
  "fortitude": "3",
  "willpower": "2"
}