{
  "description": "<p>This is a Giant of about 7m tall which lives near volcanoes. They resemble dwarves in appearance and customs. They worship the Flame Warrior Grendal and forge huge weapons. They have immunity to fire, and their hair and beards shimmer with flames. Their skin is reddish-bronze, and they wear clothes made of asbestos and metal armor.</p><p>They are not hostile to everyone, but will warn anyone who approaches the mine which is their territory, and will show no mercy to those who still try to sneak in.</p><p>They often possess extremely powerful magic swords, either forged by themselves or found on 1,000-year-old corpses. Some of these swords are legendary. Many people challenge Fire Giants for their hoard, but none ever return.</p>",
  "disposition": "Neutral",
  "habitat": "Caves, Volcanoes",
  "initiative": "21",
  "intellect": "Average",
  "language": "Barbaric, Giantish",
  "lootsNum": 3,
  "monsterName": "Fire Giant",
  "mndResist": "23",
  "vitResist": "23",
  "lv": "16",
  "parts": "2 (Upper Body / Lower Body)",
  "coreParts": "Upper Body",
  "mobility": "25",
  "mode": "save",
  "paletteInsertType": "exchange",
  "paletteRemoveTags": "1",
  "paletteTool": "bcdice",
  "paletteUseBuff": "1",
  "paletteUseVar": "1",
  "partsNum": 2,
  "perception": "Five senses",
  "reputation": "17",
  "reputation+": "21",
  "weakness": "Water/Ice damage +3 points",
  "result": "OK",
  "sheetDescriptionM": "分類:Barbarous　知能:Average　知覚:Five senses　反応:Neutral\n言語:Barbaric, Giantish　生息地:Caves, Volcanoes\n弱点:Water/Ice damage +3 points\n先制値:21　生命抵抗力:23（30）　精神抵抗力:23（30）",
  "sheetDescriptionS": "分類:Barbarous\n弱点:Water/Ice damage +3 points\n先制値:21　生命抵抗力:23（30）　精神抵抗力:23（30）",
  "sin": "4",
  "skills": "<p><strong>◯Continuous Attack</strong></p><p>If a Fire Giant successfully hits a target in melee, they may make a second attack against the same target.</p><br><br><p><strong>►Divine Magic 13 Level / Magic Power 17 (24)</strong></p><p></p><p><strong>🗨Magic Aptitude</strong></p><p>Can use the Combat Feats [Multi-Action], [Metamagic/Targets], and [Wordbreak].</p><p><strong>►War Cry / 20 (27) / Willpower / Negates</strong></p><p>The Fire Giant unleashes a powerful yell, causing fear in those who fail to resist within a 10-meter radius around Fire Giant. This fear, treated as a Psychic effect, gives a -2 penalty to all Action Checks for the next 30 seconds (3 rounds).</p><br><br><p><strong>◯Attack Obstacle = Impossible • +4</strong></p><p>The Upper Body cannot be attacked in melee. Against any ranged attacks, Upper Body receives a +4 bonus to Evasion checks.When the Lower Body falls to 0 HP or lower, this effect disappears.</p>",
  "status1Accuracy": "21",
  "status1AccuracyFix": 28,
  "status1Damage": "2d+23",
  "status1Defense": "20",
  "status1Evasion": "19",
  "status1EvasionFix": 26,
  "status1Hp": "139",
  "status1Mp": "82",
  "status1Style": "Weapon (Upper Body)",
  "status2Accuracy": "20",
  "status2AccuracyFix": 27,
  "status2Damage": "2d+21",
  "status2Defense": "20",
  "status2Evasion": "18",
  "status2EvasionFix": 25,
  "status2Hp": "157",
  "status2Mp": "27",
  "status2Style": "Kick (Lower Body)",
  "statusNum": 2,
  "taxa": "Barbarous",
  "type": "m",
  "unitStatus": {
    "Weapon (Upper Body):HP": "139/139",
    "Weapon (Upper Body):MP": "82",
    "Kick (Lower Body):HP": "157/157",
    "Kick (Lower Body):MP": "27"
  },
  "unitExceptStatus": {
    "HP": 2,
    "MP": 2,
    "Defense": 2
  },
  "loots1Num": "Always",
  "loots1Item": "Flame Crystal (1,600G/Gold S) x 4",
  "loots2Num": "2～7",
  "loots2Item": "Giant Helmet (9,000G/Black White S)",
  "loots3Num": "8+",
  "loots3Item": "Giant's Treasure (10,000G/Gold SS)",
  "fortitude": "23",
  "willpower": "23"
}