{
  "description": "<p>This is a specialized gunnery model of the Zerlay series, with three optical weapons connected side by side. The legs, which serve as the model's base, have only minimum mobility and are not designed for high-speed or long-distance movement.</p><p>Although it has a high attack power, it is limited because the simultaneous firing of all the rays causes malfunction due to heat exhaustion.</p>",
  "disposition": "Instructed",
  "habitat": "Ruins",
  "initiative": "13",
  "intellect": "Servant",
  "language": "None",
  "lootsNum": 4,
  "monsterName": "Fixed Zerlay",
  "mndResist": "9",
  "vitResist": "9",
  "lv": "7",
  "parts": "3 (Right Launch Tube / Center Launch Tube / Left Launch Tube)",
  "coreParts": "None",
  "mobility": "10 (4 Legs)",
  "mode": "save",
  "paletteInsertType": "exchange",
  "paletteRemoveTags": "1",
  "paletteTool": "bcdice",
  "paletteUseBuff": "1",
  "paletteUseVar": "1",
  "partsNum": 3,
  "perception": "Mechanical",
  "reputation": "14",
  "reputation+": "17",
  "weakness": "Bludgeoning damage +3 points",
  "result": "OK",
  "sheetDescriptionM": "分類:Magitech　知能:Servant　知覚:Mechanical　反応:Instructed\n言語:None　生息地:Ruins\n弱点:Bludgeoning damage +3 points\n先制値:13　生命抵抗力:9（16）　精神抵抗力:9（16）",
  "sheetDescriptionS": "分類:Magitech\n弱点:Bludgeoning damage +3 points\n先制値:13　生命抵抗力:9（16）　精神抵抗力:9（16）",
  "sin": "0",
  "skills": "<p><strong>◯Mana Coating (2)</strong></p><p>Reduces magic damage received by -2.</p><p><strong>►Light Ray/9 (16)/Willpower/Half</strong></p><p>Attacks with a huge ray of light.Attacks target within \"Range/Area: 2 (20m)/Line\" and deals 2d+7 Energy magic damage.This unique skill cannot be used on consecutive turns.</p><p><strong>◯Targeting & Hawk Eye</strong></p><p>[►Light Ray] fired into a skirmish cannot make stray shots and can attack targets beyond the skirmish.</p><p><strong>►Overcharge</strong></p><p>The next [►Light Ray] fired from the same section will have its damage increased by 3 points. This effect is cumulative up to 2 times (+6).</p><p><strong>◯Exhaust Heat</strong></p><p>If any section uses [►Light Ray], adjacent sections cannot use [►Light Ray] during the same turn.The three sections are linked side by side, with the Center Launch Tube flanked by the Right and Left Launch Tubes.</p><p><strong>◯Poison Immunity, ◯Disease Immunity, ◯Psychic Type Immunity</strong></p><p></p><p><strong>◯Limited Healing</strong></p><p>Effects which can heal Magitech HP are very limited, and mostly come from Spiritualism Magic and some special items.Healing effects such as Divine Magic, Fairy Magic, and Nature Magic cannot restore a Magitech's HP.</p><p><strong>◯Can Be Detected</strong></p><p>Magitech can be detected with the [Sense Magic] spell and similar effects.</p>",
  "status1Accuracy": "9",
  "status1AccuracyFix": 16,
  "status1Damage": "2d+8",
  "status1Defense": "4",
  "status1Evasion": "9",
  "status1EvasionFix": 16,
  "status1Hp": "60",
  "status1Mp": "-",
  "status1Style": "Tube (Right Launch Tube)",
  "status2Accuracy": "9",
  "status2AccuracyFix": 16,
  "status2Damage": "2d+8",
  "status2Defense": "4",
  "status2Evasion": "9",
  "status2EvasionFix": 16,
  "status2Hp": "60",
  "status2Mp": "-",
  "status2Style": "Tube (Center Launch Tube)",
  "status3Accuracy": "9",
  "status3AccuracyFix": 16,
  "status3Damage": "2d+8",
  "status3Defense": "4",
  "status3Evasion": "9",
  "status3EvasionFix": 16,
  "status3Hp": "60",
  "status3Mp": "-",
  "status3Style": "Tube (Left Launch Tube)",
  "statusNum": 3,
  "taxa": "Magitech",
  "type": "m",
  "unitStatus": {
    "Tube (Right Launch Tube):HP": "60/60",
    "Tube (Right Launch Tube):MP": "-",
    "Tube (Center Launch Tube):HP": "60/60",
    "Tube (Center Launch Tube):MP": "-",
    "Tube (Left Launch Tube):HP": "60/60",
    "Tube (Left Launch Tube):MP": "-"
  },
  "unitExceptStatus": {
    "HP": 3,
    "MP": 3,
    "Defense": 3
  },
  "loots1Num": "Always",
  "loots1Item": "Daemon-Resistant Material (40G/Gold Black B) x 3",
  "loots2Num": "2～7",
  "loots2Item": "Crude Magitech Components (100G/Black White A)",
  "loots3Num": "8～10",
  "loots3Item": "Magitech Components (300G/Black White A)",
  "loots4Num": "11+",
  "loots4Item": "Rare Magitech Components (900G/Black White A)",
  "fortitude": "9",
  "willpower": "9"
}