{
  "description": "<p>This is a golem made of flesh. It is about 2 to 3 meters in size and looks like a simplified version of the human form.</p>",
  "disposition": "Instructed",
  "habitat": "Various",
  "initiative": "13",
  "intellect": "Servant",
  "language": "None",
  "lootsNum": 2,
  "monsterName": "Flabby Golem",
  "mndResist": "8",
  "vitResist": "7",
  "lv": "4",
  "parts": "",
  "coreParts": "",
  "mobility": "8",
  "mode": "save",
  "paletteInsertType": "exchange",
  "paletteRemoveTags": "1",
  "paletteTool": "bcdice",
  "paletteUseBuff": "1",
  "paletteUseVar": "1",
  "partsNum": 1,
  "perception": "Magic",
  "reputation": "10",
  "reputation+": "14",
  "weakness": "Physical damage +2 points",
  "result": "OK",
  "sheetDescriptionM": "分類:Golem　知能:Servant　知覚:Magic　反応:Instructed\n言語:None　生息地:Various\n弱点:Physical damage +2 points\n先制値:13　生命抵抗力:7（14）　精神抵抗力:8（15）",
  "sheetDescriptionS": "分類:Golem\n弱点:Physical damage +2 points\n先制値:13　生命抵抗力:7（14）　精神抵抗力:8（15）",
  "sin": "0",
  "skills": "<p><strong></strong></p><p>None.<div class=\"golemitems\"></p><p><strong>Maximum of Enhancing Items = 5</strong></p><p>Obsidian Shield (Small) (150) (🗨△Cover I)Corundum Protection (Small) (100) (◯Guardian I)Cat's Eye Rivet (Small) (200) (►Double Attack)└Golden Cat's Eye Rivet (Small) (200) (►Twin Strike & Double Attack)Amber Eye (Small) (500) (◯Ultimate Aim = +4 Accuracy)Coral Branch (Small) (100) (◯Block)Garnet of Vitality (Small) (200) (◯HP Enhancement = Max HP +5)└Focused Garnet of Vitality (Small) (300) (◯Improved HP Enhancement = Max HP +5)Red Iron Blood (Small) (100) (◯Mobility Enhancement = Movement +5) </div></p>",
  "status1Accuracy": "7",
  "status1AccuracyFix": 14,
  "status1Damage": "2d+5",
  "status1Defense": "2",
  "status1Evasion": "5",
  "status1EvasionFix": 12,
  "status1Hp": "35",
  "status1Mp": "-",
  "status1Style": "Smash",
  "statusNum": 1,
  "taxa": "Golem",
  "type": "m",
  "unitStatus": {
    "Smash:HP": "35/35",
    "Smash:MP": "-"
  },
  "unitExceptStatus": {
    "HP": 1,
    "MP": 1,
    "Defense": 1
  },
  "loots1Num": "2～8",
  "loots1Item": "None",
  "loots2Num": "9+",
  "loots2Item": "Treasure (200G/Gold White A) x 1d",
  "fortitude": "7",
  "willpower": "8"
}