{
  "description": "<p>About one meter in length, this fairy is shaped like a bonfire flame. It has eyes and a mouth in the middle of the flame, and long, slender limbs extending from the outer edge of the flame.</p><p>They are skilled in using their own flame for cooking and excel at turning raw ingredients into delicious dishes with perfect heat control. In some regions, they are spoken of as a being that resides in stoves and hearths, granting household safety and food security.</p>",
  "disposition": "Friendly",
  "habitat": "Humanoid villages, Volcanoes",
  "initiative": "11",
  "intellect": "Average",
  "language": "Sylvan",
  "lootsNum": 0,
  "monsterName": "Flamme",
  "mndResist": "7",
  "vitResist": "7",
  "lv": "5",
  "parts": "",
  "coreParts": "",
  "mobility": "- / 5 (Floating)",
  "mode": "save",
  "paletteInsertType": "exchange",
  "paletteRemoveTags": "1",
  "paletteTool": "bcdice",
  "paletteUseBuff": "1",
  "paletteUseVar": "1",
  "partsNum": 1,
  "perception": "Magic",
  "reputation": "11",
  "reputation+": "14",
  "weakness": "Water/Ice damage +3 points",
  "result": "OK",
  "sheetDescriptionM": "分類:Fairy　知能:Average　知覚:Magic　反応:Friendly\n言語:Sylvan　生息地:Humanoid villages, Volcanoes\n弱点:Water/Ice damage +3 points\n先制値:11　生命抵抗力:7（14）　精神抵抗力:7（14）",
  "sheetDescriptionS": "分類:Fairy\n弱点:Water/Ice damage +3 points\n先制値:11　生命抵抗力:7（14）　精神抵抗力:7（14）",
  "sin": "0",
  "skills": "<p><strong>◯Type: Fire / Magic Power 7 (14)</strong></p><p></p><p><strong>◯🗨Magic Aptitude</strong></p><p>They can use the Combat Feats [Targeting] and [Metamagic/Targets].</p><p><strong>◯Skillful / 7 (14)</strong></p><p>Various checks in the \"Technique check package\" (see CR I, p. 114) can be performed with Standard Value 7 (Success Value 14)</p>",
  "status1Accuracy": "7",
  "status1AccuracyFix": 14,
  "status1Damage": "2d+5",
  "status1Defense": "5",
  "status1Evasion": "7",
  "status1EvasionFix": 14,
  "status1Hp": "40",
  "status1Mp": "28",
  "status1Style": "Slam",
  "statusNum": 1,
  "taxa": "Fairy",
  "type": "m",
  "unitStatus": {
    "Slam:HP": "40/40",
    "Slam:MP": "28"
  },
  "unitExceptStatus": {
    "HP": 1,
    "MP": 1,
    "Defense": 1
  },
  "fortitude": "7",
  "willpower": "7"
}