{
  "description": "<p>This is simply an undead pair of hands flying around from the elbow to the tip. It is said that the hands move only in search of the enemy as if they are wandering around in regret for the death of a fighter who could not exert their strength in battle.</p>",
  "disposition": "Hostile",
  "habitat": "Wilderness, Ruins",
  "initiative": "11",
  "intellect": "None",
  "language": "None",
  "lootsNum": 2,
  "monsterName": "Flying Hands",
  "mndResist": "5",
  "vitResist": "5",
  "lv": "4",
  "parts": "2 (Right Arm / Left Arm)",
  "coreParts": "None",
  "mobility": "-/20(Flying)",
  "mode": "save",
  "paletteInsertType": "exchange",
  "paletteRemoveTags": "1",
  "paletteTool": "bcdice",
  "paletteUseBuff": "1",
  "paletteUseVar": "1",
  "partsNum": 2,
  "perception": "Magic",
  "reputation": "9",
  "reputation+": "12",
  "weakness": "HP Recovery (deals damage instead), +3 points",
  "result": "OK",
  "sheetDescriptionM": "分類:Undead　知能:None　知覚:Magic　反応:Hostile\n言語:None　生息地:Wilderness, Ruins\n弱点:HP Recovery (deals damage instead), +3 points\n先制値:11　生命抵抗力:5（12）　精神抵抗力:5（12）",
  "sheetDescriptionS": "分類:Undead\n弱点:HP Recovery (deals damage instead), +3 points\n先制値:11　生命抵抗力:5（12）　精神抵抗力:5（12）",
  "sin": "0",
  "skills": "<p><strong>◯Psychic Immunity</strong></p><p></p><p><strong>🗨Decoy Attack I</strong></p><p>It gains -2 to Accuracy checks, but the damage is increased by +2 on hit.If the declared attack is evaded, the enemy receives a -1 penalty to Evasion checks for the next 10 seconds (1 round). This effect is cumulative up to - 4 but is lost if the target fails an Evasion check even once.</p><p><strong>◯Poison Immunity, ◯Disease Immunity, ◯Psychic Type (Weak) Immunity</strong></p><p></p><p><strong>◯Unstable Healing</strong></p><p>Healing effects such as Divine Magic and items like Unicorn's Horn will damage Undead instead.Magitech, Fairy Magic, Nature Magic, etc. healing has no effect on the Undead.Spiritualism Magic and a few other healing effects can restore an Undead's HP.</p>",
  "status1Accuracy": "7",
  "status1AccuracyFix": 14,
  "status1Damage": "2d+3",
  "status1Defense": "4",
  "status1Evasion": "6",
  "status1EvasionFix": 13,
  "status1Hp": "29",
  "status1Mp": "9",
  "status1Style": "Fist (Right Arm)",
  "status2Accuracy": "7",
  "status2AccuracyFix": 14,
  "status2Damage": "2d+3",
  "status2Defense": "4",
  "status2Evasion": "6",
  "status2EvasionFix": 13,
  "status2Hp": "29",
  "status2Mp": "9",
  "status2Style": "Fist (Left Arm)",
  "statusNum": 2,
  "taxa": "Undead",
  "type": "m",
  "unitStatus": {
    "Fist (Right Arm):HP": "29/29",
    "Fist (Right Arm):MP": "9",
    "Fist (Left Arm):HP": "29/29",
    "Fist (Left Arm):MP": "9"
  },
  "unitExceptStatus": {
    "HP": 2,
    "MP": 2,
    "Defense": 2
  },
  "loots1Num": "2～11",
  "loots1Item": "None",
  "loots2Num": "12+",
  "loots2Item": "Yellowed Golden Ring (1,000G/Gold White S)",
  "fortitude": "5",
  "willpower": "5"
}