{
  "description": "<p>A green-skinned race of Giants that stand approximately 5 meters tall, the Fomor are said to be a noble race of Barbarous who once led Goblins, Bolgs and Ogres in battle. However, they were deprived of their positions by the plotting of Drakes and now possess low status.</p><p>Fomors are said to be the bravest of the Barbarous, always taking the lead in battles. In this sense, they get along with Trolls. However, where a Troll tends to be guided only by its own strength as a warrior, Fomors excel at commanding troops. It has even been said that \"a Goblin army led by a Fomor will defeat a Troll army led by a Goblin.\"</p><p>The Drakes, who now occupy the upper echelons of Barbarous society, highly value the abilities of the Fomors but are wary of conspiracy of rebellion amongst them. For this reason, Fomors are not allowed to assemble in groups larger than a family unit, and their children are forced into independence at an early age to be incorporated into Barbarous armies.</p><p>In such armies, they are often given command and staff positions in small units composed of Goblins, Bolgs, and other Barbarous. Several Fomors do not usually appear together in these units.</p>",
  "disposition": "Hostile",
  "habitat": "Various",
  "initiative": "17",
  "intellect": "Average",
  "language": "Barbaric, Giantish",
  "lootsNum": 3,
  "monsterName": "Fomor",
  "mndResist": "11",
  "vitResist": "11",
  "lv": "7",
  "parts": "2 (Upper Body / Lower Body)",
  "coreParts": "Upper Body",
  "mobility": "18/-",
  "mode": "save",
  "paletteInsertType": "exchange",
  "paletteRemoveTags": "1",
  "paletteTool": "bcdice",
  "paletteUseBuff": "1",
  "paletteUseVar": "1",
  "partsNum": 2,
  "perception": "Five Senses",
  "reputation": "14",
  "reputation+": "17",
  "weakness": "Accuracy +1",
  "result": "OK",
  "sheetDescriptionM": "分類:Barbarous　知能:Average　知覚:Five Senses　反応:Hostile\n言語:Barbaric, Giantish　生息地:Various\n弱点:Accuracy +1\n先制値:17　生命抵抗力:11（18）　精神抵抗力:11（18）",
  "sheetDescriptionS": "分類:Barbarous\n弱点:Accuracy +1\n先制値:17　生命抵抗力:11（18）　精神抵抗力:11（18）",
  "sin": "4",
  "skills": "<p><strong>◯Chain Attack</strong></p><p>After an attack, Fomor can attack the same target again, regardless of its success or failure. This ability can add only one additional attack per round.</p><p><strong>◯Counter</strong></p><p>Identical effect as the Combat Feat [Counter].</p><br><br><p><strong>⏩△Technique & ◯Muscle Mystery</strong></p><p>Can use [Cat's Eye], [Beetleskin], [Bear Muscle], and [Recovery (7 points)]. These Techniques have twice the normal duration.</p><p><strong>⏩Stratagem and Maneuver/All Areas (20m Radius)</strong></p><p>Can use [Surging Offense II: Whirlwind] (Accuracy +1). Every third turn, they can use [Maneuver: Unexpected Blow I] (+2 Accuracy, +2 Damage). This monster cannot use Stratagems if no other allies will be affected.</p><br><br><p><strong>◯Attack Obstacle +4/None</strong></p><p>Fomor height prevents enemies from attacking it.The Upper Body receives a +4 bonus to Evasion checks against melee attacks. When the Lower Body falls to 0 HP or lower, this effect disappears.</p>",
  "status1Accuracy": "10",
  "status1AccuracyFix": 17,
  "status1Damage": "2d+8",
  "status1Defense": "6",
  "status1Evasion": "9",
  "status1EvasionFix": 16,
  "status1Hp": "62",
  "status1Mp": "24",
  "status1Style": "Fist (Upper Body)",
  "status2Accuracy": "9",
  "status2AccuracyFix": 16,
  "status2Damage": "2d+10",
  "status2Defense": "6",
  "status2Evasion": "9",
  "status2EvasionFix": 16,
  "status2Hp": "56",
  "status2Mp": "24",
  "status2Style": "Kick (Lower Body)",
  "statusNum": 2,
  "taxa": "Barbarous",
  "type": "m",
  "unitStatus": {
    "Fist (Upper Body):HP": "62/62",
    "Fist (Upper Body):MP": "24",
    "Kick (Lower Body):HP": "56/56",
    "Kick (Lower Body):MP": "24"
  },
  "unitExceptStatus": {
    "HP": 2,
    "MP": 2,
    "Defense": 2
  },
  "loots1Num": "2～6",
  "loots1Item": "Bag of Silver (50G / -) x 1d",
  "loots2Num": "7～10",
  "loots2Item": "Bag of Silver (100G / -) x 1d",
  "loots3Num": "11+",
  "loots3Item": "Rare Gems (1500G / Gold S)",
  "fortitude": "11",
  "willpower": "11"
}