{
  "description": "<p>This is a giant about 6 meters tall who lives in the forest. It is usually found deep in the forest, living with nature, and is rarely seen. They are usually calm and quiet among giants, but once it considers someone an enemy, it has no mercy for them and will crush them with its well-trained strikes and techniques.</p><p>They are by no means stupid and can negotiate. However, they are very territorial and will not tolerate intrusion by others. They usually live alone, but rarely travel in search of mates. They have no concept of money and consider everything as their own, so they sometimes get into trouble by eating livestock without permission.</p>",
  "disposition": "Neutral",
  "habitat": "Forest",
  "initiative": "18",
  "intellect": "Average",
  "language": "Giantish",
  "lootsNum": 3,
  "monsterName": "Forest Giant",
  "mndResist": "15",
  "vitResist": "18",
  "lv": "13",
  "parts": "2 (Upper Body/Lower Body)",
  "coreParts": "Upper Body",
  "mobility": "19",
  "mode": "save",
  "paletteInsertType": "exchange",
  "paletteRemoveTags": "1",
  "paletteTool": "bcdice",
  "paletteUseBuff": "1",
  "paletteUseVar": "1",
  "partsNum": 2,
  "perception": "Five senses",
  "reputation": "15",
  "reputation+": "20",
  "weakness": "Physical damage +2 points",
  "result": "OK",
  "sheetDescriptionM": "分類:Barbarous　知能:Average　知覚:Five senses　反応:Neutral\n言語:Giantish　生息地:Forest\n弱点:Physical damage +2 points\n先制値:18　生命抵抗力:18（25）　精神抵抗力:15（22）",
  "sheetDescriptionS": "分類:Barbarous\n弱点:Physical damage +2 points\n先制値:18　生命抵抗力:18（25）　精神抵抗力:15（22）",
  "sin": "4",
  "skills": "<p><strong>⏩△Techniques</strong></p><p>A Forest Giant can use the [Gazelle Feet], [Strong Blood], [Cat's Eyes], [Bear Muscle], and [Recovery (5 points)] Techniques.</p><p><strong>►War Cry / 12 (19) / Willpower / Negates</strong></p><p>The Forest Giant unleashes a mighty yell, causing fear in those who fail to resist within a 10-meter radius around them. This fear, treated as a Psychic effect, gives a -2 penalty to all Skill Checks for the next 30 seconds (3 rounds).</p><br><br><p><strong>◯Attack Obstacle = +4 • None</strong></p><p>A Forest Giant's height prevents enemies from attacking it. The Upper Body receives a +4 bonus to Evasion checks against melee attacks.This effect disappears when the Lower Body falls to 0 HP or lower.</p>",
  "status1Accuracy": "16",
  "status1AccuracyFix": 23,
  "status1Damage": "2d+18",
  "status1Defense": "13",
  "status1Evasion": "14",
  "status1EvasionFix": 21,
  "status1Hp": "76",
  "status1Mp": "31",
  "status1Style": "Fist (Upper Body)",
  "status2Accuracy": "17",
  "status2AccuracyFix": 24,
  "status2Damage": "2d+16",
  "status2Defense": "13",
  "status2Evasion": "13",
  "status2EvasionFix": 20,
  "status2Hp": "89",
  "status2Mp": "18",
  "status2Style": "Kick (Lower Body)",
  "statusNum": 2,
  "taxa": "Barbarous",
  "type": "m",
  "unitStatus": {
    "Fist (Upper Body):HP": "76/76",
    "Fist (Upper Body):MP": "31",
    "Kick (Lower Body):HP": "89/89",
    "Kick (Lower Body):MP": "18"
  },
  "unitExceptStatus": {
    "HP": 2,
    "MP": 2,
    "Defense": 2
  },
  "loots1Num": "Always",
  "loots1Item": "Massive Weapon (300G/Black White A)",
  "loots2Num": "2～11",
  "loots2Item": "Gold Bracelet (2,500G/Gold White S)",
  "loots3Num": "12+",
  "loots3Item": "Giant's Treasure (10,000G/Gold SS)",
  "fortitude": "18",
  "willpower": "15"
}