{
  "description": "<p>A lesser daemon, Foregones are 6m tall giants, with red-black skin, with one horn protruding from their forehead and the lower body of a goat.</p>",
  "disposition": "Hostile",
  "habitat": "Labyrinths, Ruins",
  "initiative": "19",
  "intellect": "High",
  "language": "Trade Common, Daemonic",
  "lootsNum": 4,
  "monsterName": "Foregone",
  "mndResist": "17",
  "vitResist": "17",
  "lv": "13",
  "parts": "3 (Head / Body / Legs)",
  "coreParts": "Head",
  "mobility": "16",
  "mode": "save",
  "paletteInsertType": "exchange",
  "paletteRemoveTags": "1",
  "paletteTool": "bcdice",
  "paletteUseBuff": "1",
  "paletteUseVar": "1",
  "partsNum": 3,
  "perception": "Five senses (Darkvision)",
  "reputation": "18",
  "reputation+": "22",
  "weakness": "Magic damage +2 points",
  "result": "OK",
  "sheetDescriptionM": "分類:Daemon　知能:High　知覚:Five senses (Darkvision)　反応:Hostile\n言語:Trade Common, Daemonic　生息地:Labyrinths, Ruins\n弱点:Magic damage +2 points\n先制値:19　生命抵抗力:17（24）　精神抵抗力:17（24）",
  "sheetDescriptionS": "分類:Daemon\n弱点:Magic damage +2 points\n先制値:19　生命抵抗力:17（24）　精神抵抗力:17（24）",
  "sin": "0",
  "skills": "<p><strong>►Divine Magic 12 Level/Magic Power 16 (23)</strong></p><p></p><p><strong>🗨►Magic Aptitude</strong></p><p>A Foregone can use the Combat Feats [Metamagic/Targets], [Multi- Action], and [Wordbreak].</p><br><br><p><strong>►Twin Strike & Double Attack</strong></p><p>A Foregone can make two Claws attacks each round. They may choose to attack different characters with each attack.</p><p><strong>◯Attack Obstacle = Impossible • +4</strong></p><p>Foregone size hinders attack.The Head cannot be attacked in melee. Against any ranged attacks, Head receives a +4 bonus to Evasion checks.When the Body falls to 0 HP or lower, this effect disappears.</p><br><br><p><strong>◯Kneel</strong></p><p>If the HP of the Legs section is less than 0, the Body section receives a - 2 penalty on Accuracy and Evasion checks.</p>",
  "status1Accuracy": "16",
  "status1AccuracyFix": 23,
  "status1Damage": "2d+16",
  "status1Defense": "15",
  "status1Evasion": "16",
  "status1EvasionFix": 23,
  "status1Hp": "118",
  "status1Mp": "98",
  "status1Style": "Horns (Head)",
  "status2Accuracy": "17",
  "status2AccuracyFix": 24,
  "status2Damage": "2d+14",
  "status2Defense": "14",
  "status2Evasion": "17",
  "status2EvasionFix": 24,
  "status2Hp": "128",
  "status2Mp": "33",
  "status2Style": "Claws (Body)",
  "status3Accuracy": "16",
  "status3AccuracyFix": 23,
  "status3Damage": "2d+14",
  "status3Defense": "15",
  "status3Evasion": "15",
  "status3EvasionFix": 22,
  "status3Hp": "111",
  "status3Mp": "26",
  "status3Style": "Kick (Legs)",
  "statusNum": 3,
  "taxa": "Daemon",
  "type": "m",
  "unitStatus": {
    "Horns (Head):HP": "118/118",
    "Horns (Head):MP": "98",
    "Claws (Body):HP": "128/128",
    "Claws (Body):MP": "33",
    "Kick (Legs):HP": "111/111",
    "Kick (Legs):MP": "26"
  },
  "unitExceptStatus": {
    "HP": 3,
    "MP": 3,
    "Defense": 3
  },
  "loots1Num": "Always",
  "loots1Item": "Crystallized Daemon's Blood (800G/Red A)",
  "loots2Num": "2～8",
  "loots2Item": "None",
  "loots3Num": "9～12",
  "loots3Item": "Daemon's Horn (600G/Red A)",
  "loots4Num": "13+",
  "loots4Item": "Large Daemon's Horn (1,400G/Red S)",
  "fortitude": "17",
  "willpower": "17"
}