{
  "description": "<p>This giant ape is found in forests throughout the Alframe continent. They are about 2m 50cm long, and their arms are more developed than their legs. They use their arms and legs to move more quickly than they look. They are so strong that they can easily snap off an ordinary tree with their arms.</p>",
  "disposition": "Hungry",
  "habitat": "Forest",
  "initiative": "14",
  "intellect": "Low",
  "language": "None",
  "lootsNum": 2,
  "monsterName": "Forest Kong",
  "mndResist": "8",
  "vitResist": "10",
  "lv": "7",
  "parts": "",
  "coreParts": "",
  "mobility": "18 (4 Legs)",
  "mode": "save",
  "paletteInsertType": "exchange",
  "paletteRemoveTags": "1",
  "paletteTool": "bcdice",
  "paletteUseBuff": "1",
  "paletteUseVar": "1",
  "partsNum": 1,
  "perception": "Five senses",
  "reputation": "13",
  "reputation+": "16",
  "weakness": "Fire damage + 3 points",
  "result": "OK",
  "sheetDescriptionM": "分類:Animal　知能:Low　知覚:Five senses　反応:Hungry\n言語:None　生息地:Forest\n弱点:Fire damage + 3 points\n先制値:14　生命抵抗力:10（17）　精神抵抗力:8（15）",
  "sheetDescriptionS": "分類:Animal\n弱点:Fire damage + 3 points\n先制値:14　生命抵抗力:10（17）　精神抵抗力:8（15）",
  "sin": "0",
  "skills": "<p><strong>⏩△Swinging</strong></p><p>This beast hangs from a branch or other object above its head. The monster receives no penalty due to poor footing until the beginning of the next turn. It also gains a +1 bonus to Accuracy checks and has its Damage reduced by -2 points.This ability can only be used in environments with something to hang overhead, such as a forest.</p>",
  "status1Accuracy": "10",
  "status1AccuracyFix": 17,
  "status1Damage": "2d+12",
  "status1Defense": "6",
  "status1Evasion": "9",
  "status1EvasionFix": 16,
  "status1Hp": "66",
  "status1Mp": "14",
  "status1Style": "Arm",
  "statusNum": 1,
  "taxa": "Animal",
  "type": "m",
  "unitStatus": {
    "Arm:HP": "66/66",
    "Arm:MP": "14"
  },
  "unitExceptStatus": {
    "HP": 1,
    "MP": 1,
    "Defense": 1
  },
  "loots1Num": "2～6",
  "loots1Item": "Fur (150G/Red A)",
  "loots2Num": "7+",
  "loots2Item": "Fine Fur (450G/Red A)",
  "fortitude": "10",
  "willpower": "8"
}