{
  "description": "<p>These are the leaders who unite the Formica tribes. Many of them are believers of Dalkhrem, the God of War. They usually stay in the nest, often guarding the nurseries, and if an enemy appears that they lead soldiers to defeat them. They may also help their tribe coexist with nearby Androscorpions.</p>",
  "disposition": "Hostile",
  "habitat": "Deserts, Ruins",
  "initiative": "16",
  "intellect": "Low",
  "language": "Formica",
  "lootsNum": 4,
  "monsterName": "Formica Chief",
  "mndResist": "11",
  "vitResist": "12",
  "lv": "8",
  "parts": "",
  "coreParts": "",
  "mobility": "16",
  "mode": "save",
  "paletteInsertType": "exchange",
  "paletteRemoveTags": "1",
  "paletteTool": "bcdice",
  "paletteUseBuff": "1",
  "paletteUseVar": "1",
  "partsNum": 1,
  "perception": "Five senses (Darkvision)",
  "reputation": "14",
  "reputation+": "17",
  "weakness": "Water/Ice damage +3 points",
  "result": "OK",
  "sheetDescriptionM": "分類:Barbarous　知能:Low　知覚:Five senses (Darkvision)　反応:Hostile\n言語:Formica　生息地:Deserts, Ruins\n弱点:Water/Ice damage +3 points\n先制値:16　生命抵抗力:12（19）　精神抵抗力:11（18）",
  "sheetDescriptionS": "分類:Barbarous\n弱点:Water/Ice damage +3 points\n先制値:16　生命抵抗力:12（19）　精神抵抗力:11（18）",
  "sin": "3",
  "skills": "<p><strong>►Divine Magic 5 Level / Magic Power 7 (14)</strong></p><p></p><p><strong>►Twin Strike & Double Attack</strong></p><p>A Formica Chief can make two Weapon attacks each round, though each attack requires its own Accuracy check. They may choose to attack different characters with each attack.</p><p><strong>►Formic Acid / 9 (16) / Fortitude / Negates</strong></p><p>A Formica Chief can spit acid at an enemy character in the same skirmish, dealing 2d+8 Poison magic damage.</p><p><strong>◯Shared Senses</strong></p><p>If there is another Formica (of any type) in the skirmish this monster is in, it gains a +1 bonus to all of its Accuracy checks. This effect is not cumulative.</p>",
  "status1Accuracy": "11",
  "status1AccuracyFix": 18,
  "status1Damage": "2d+9",
  "status1Defense": "10",
  "status1Evasion": "10",
  "status1EvasionFix": 17,
  "status1Hp": "55",
  "status1Mp": "35",
  "status1Style": "Weapon",
  "statusNum": 1,
  "taxa": "Barbarous",
  "type": "m",
  "unitStatus": {
    "Weapon:HP": "55/55",
    "Weapon:MP": "35"
  },
  "unitExceptStatus": {
    "HP": 1,
    "MP": 1,
    "Defense": 1
  },
  "loots1Num": "Always",
  "loots1Item": "Good Quality Shell (150G/Red A) ",
  "loots2Num": "2～4",
  "loots2Item": "Sharp Weapon (100G/Black White A) x 2",
  "loots3Num": "5～8",
  "loots3Item": "High-quality Weapon (150G/Black White A) x 2",
  "loots4Num": "9+",
  "loots4Item": "Extravagant Weapon (500G/Black White A) x 2",
  "fortitude": "12",
  "willpower": "11"
}