{
  "description": "<p>This is the king of the Formica tribe. He is the largest of the Formica, has better intellect than the others, and can even negotiate for the tribe. However, he is still emotionless and thinks rationally. They are also strong believers of Dalkhrem, the God of War, and are powerful priests. They are the leaders of the entire tribe, and their subordinates absolutely obey the orders of the Formica Lord, even if they are suicidal.</p><p>The Formica Lord's greatest love is the Formica Queen, and the highest priority for them is to increase the number of the entire tribe. If the Queen is harmed or killed, he will likely fly into a rage and attack everyone. If the Queen is taken hostage, he may be willing to negotiate if it is the last Queen in the tribe.</p>",
  "disposition": "Hostile",
  "habitat": "Deserts, Ruins",
  "initiative": "18",
  "intellect": "Average",
  "language": "Barbaric, Formica",
  "lootsNum": 4,
  "monsterName": "Formica Lord",
  "mndResist": "14",
  "vitResist": "16",
  "lv": "11",
  "parts": "",
  "coreParts": "",
  "mobility": "20",
  "mode": "save",
  "paletteInsertType": "exchange",
  "paletteRemoveTags": "1",
  "paletteTool": "bcdice",
  "paletteUseBuff": "1",
  "paletteUseVar": "1",
  "partsNum": 1,
  "perception": "Five senses (Darkvision)",
  "reputation": "17",
  "reputation+": "20",
  "weakness": "Water/Ice damage +3 points",
  "result": "OK",
  "sheetDescriptionM": "分類:Barbarous　知能:Average　知覚:Five senses (Darkvision)　反応:Hostile\n言語:Barbaric, Formica　生息地:Deserts, Ruins\n弱点:Water/Ice damage +3 points\n先制値:18　生命抵抗力:16（23）　精神抵抗力:14（21）",
  "sheetDescriptionS": "分類:Barbarous\n弱点:Water/Ice damage +3 points\n先制値:18　生命抵抗力:16（23）　精神抵抗力:14（21）",
  "sin": "3",
  "skills": "<p><strong>►Divine Magic 8 Level / Magic Power 10 (17)</strong></p><p></p><p><strong>◯��Magic Aptitude</strong></p><p>A Formica Lord can use the Combat Feats [Targeting] and [Metamagic/Targets].</p><p><strong>►Formic Acid / 13 (20) / Fortitude / Negates</strong></p><p>A Formica can spit acid at an enemy character in the same skirmish, dealing 2d+12 Poison magic damage.</p><p><strong>◯Shared Senses</strong></p><p>If there is another Formica (of any type) in the skirmish this monster is in, it gains a +2 bonus to all of its Accuracy checks. This effect is not cumulative.</p>",
  "status1Accuracy": "14",
  "status1AccuracyFix": 21,
  "status1Damage": "2d+13",
  "status1Defense": "13",
  "status1Evasion": "13",
  "status1EvasionFix": 20,
  "status1Hp": "70",
  "status1Mp": "50",
  "status1Style": "Weapon",
  "statusNum": 1,
  "taxa": "Barbarous",
  "type": "m",
  "unitStatus": {
    "Weapon:HP": "70/70",
    "Weapon:MP": "50"
  },
  "unitExceptStatus": {
    "HP": 1,
    "MP": 1,
    "Defense": 1
  },
  "loots1Num": "Always",
  "loots1Item": "Superior Shell (750G/Red A) ",
  "loots2Num": "Always",
  "loots2Item": "Glittering Feathers (340G/Gold Red A) x 2 ",
  "loots3Num": "2～8",
  "loots3Item": "Extravagant Weapon (500G/Black White A) x 2 ",
  "loots4Num": "9+",
  "loots4Item": "Well-kept Weapon (1,000G/Black White S)",
  "fortitude": "16",
  "willpower": "14"
}