{
  "description": "<p>Formica look like an upright ant with four arms. Covered with a hard outer shell, their bodies are extremely tough. They are not much taller than humans, but with four arms, they can masterfully wield two weapons.</p><p>Their language is difficult to learn, and even if someone can speak it, they can hardly communicate with them. They are pack-driven and follow the orders of their leaders. They have no emotions and feel no fear. Although their intelligence is low, they are able to communicate quickly and empathically with other animals, and they work in groups to hunt down their enemies.</p><p>Their biology is also similar to that of ants, building huge underground nests in deserts and dry areas. They consider all living things other than themselves as food and attack them. They also have an excellent sense of smell to track their prey.</p>",
  "disposition": "Hostile",
  "habitat": "Deserts, Ruins",
  "initiative": "13",
  "intellect": "Low",
  "language": "Formica",
  "lootsNum": 4,
  "monsterName": "Formica Soldier",
  "mndResist": "8",
  "vitResist": "9",
  "lv": "6",
  "parts": "",
  "coreParts": "",
  "mobility": "14",
  "mode": "save",
  "paletteInsertType": "exchange",
  "paletteRemoveTags": "1",
  "paletteTool": "bcdice",
  "paletteUseBuff": "1",
  "paletteUseVar": "1",
  "partsNum": 1,
  "perception": "Five senses (Darkvision)",
  "reputation": "12",
  "reputation+": "15",
  "weakness": "Water/Ice damage +3 points",
  "result": "OK",
  "sheetDescriptionM": "分類:Barbarous　知能:Low　知覚:Five senses (Darkvision)　反応:Hostile\n言語:Formica　生息地:Deserts, Ruins\n弱点:Water/Ice damage +3 points\n先制値:13　生命抵抗力:9（16）　精神抵抗力:8（15）",
  "sheetDescriptionS": "分類:Barbarous\n弱点:Water/Ice damage +3 points\n先制値:13　生命抵抗力:9（16）　精神抵抗力:8（15）",
  "sin": "3",
  "skills": "<p><strong>►Twin Strike & Double Attack</strong></p><p>A Formica Soldier can make two Weapon attacks each round, though each attack requires its own Accuracy check. They may choose to attack different characters with each attack.</p><p><strong>►Formic Acid / 7 (14) / Fortitude / Negates</strong></p><p>A Formica can spit acid at an enemy character in the same skirmish, dealing 2d+6 Poison magic damage.</p><p><strong>��Sensitive Smell</strong></p><p>Any Track check made by a Formica is performed with a standard value of 9 (fixed success value of 16) when tracking prey.</p><p><strong>◯Shared Senses</strong></p><p>If there is another Formica (of any type) in the skirmish this monster is in, it gains a +1 bonus to all of its Accuracy checks. This effect is not cumulative.</p>",
  "status1Accuracy": "8",
  "status1AccuracyFix": 15,
  "status1Damage": "2d+7",
  "status1Defense": "8",
  "status1Evasion": "7",
  "status1EvasionFix": 14,
  "status1Hp": "37",
  "status1Mp": "12",
  "status1Style": "Weapon",
  "statusNum": 1,
  "taxa": "Barbarous",
  "type": "m",
  "unitStatus": {
    "Weapon:HP": "37/37",
    "Weapon:MP": "12"
  },
  "unitExceptStatus": {
    "HP": 1,
    "MP": 1,
    "Defense": 1
  },
  "loots1Num": "Always",
  "loots1Item": "Beetle Shell (30G/Red B) ",
  "loots2Num": "2～6",
  "loots2Item": "Sharp Weapon (100G/Black White A) x 2",
  "loots3Num": "7～10",
  "loots3Item": "High-quality Weapon (150G/Black White A) x 2",
  "loots4Num": "11+",
  "loots4Item": "Extravagant Weapon (500G/Black White A) x 2",
  "fortitude": "9",
  "willpower": "8"
}