{
  "description": "<p>She (Queens are always female) is the mother of an entire Formica tribe. She has a huge abdomen and lays two to three eggs per month. She can hardly move and remains quietly at the back of the nest to lay her eggs. In the absence of Formica Lords, a Queen can become the chief of the tribe.</p><p>Formica juveniles spend about five years in the egg, most of which are born as Formica Soldiers. Formica live around 30 years; when the Queen feels that her death is near, she lays a special egg to produce the next Formica Queen.</p><p>They have low intelligence, and they have no interest in anything other than gathering food and producing more offspring. However, they are blessed by Dalkhrem, the God of War, and use powerful magic to heal their allies or rebuke their enemies.</p>",
  "disposition": "Hostile",
  "habitat": "Deserts, Ruins",
  "initiative": "13",
  "intellect": "Low",
  "language": "Barbaric, Formica",
  "lootsNum": 3,
  "monsterName": "Formica Queen",
  "mndResist": "12",
  "vitResist": "13",
  "lv": "9",
  "parts": "",
  "coreParts": "",
  "mobility": "5",
  "mode": "save",
  "paletteInsertType": "exchange",
  "paletteRemoveTags": "1",
  "paletteTool": "bcdice",
  "paletteUseBuff": "1",
  "paletteUseVar": "1",
  "partsNum": 1,
  "perception": "Five senses (Darkvision)",
  "reputation": "15",
  "reputation+": "18",
  "weakness": "Water/Ice damage +3 points",
  "result": "OK",
  "sheetDescriptionM": "分類:Barbarous　知能:Low　知覚:Five senses (Darkvision)　反応:Hostile\n言語:Barbaric, Formica　生息地:Deserts, Ruins\n弱点:Water/Ice damage +3 points\n先制値:13　生命抵抗力:13（20）　精神抵抗力:12（19）",
  "sheetDescriptionS": "分類:Barbarous\n弱点:Water/Ice damage +3 points\n先制値:13　生命抵抗力:13（20）　精神抵抗力:12（19）",
  "sin": "3",
  "skills": "<p><strong>►Divine Magic 8 Level / Magic Power 10 (17)</strong></p><p></p><p><strong>◯��Magic Aptitude</strong></p><p>They can use the Combat Feats [Magic Assurance], [Targeting], and [Metamagic/Distance].</p><p><strong>►Formic Acid / 10 (17) / Fortitude / Negates</strong></p><p>A Formica can spit acid at an enemy character in the same skirmish, dealing 2d+9 Poison magic damage.</p><p><strong>◯Shared Senses</strong></p><p>If there is another Formica (of any type) in the skirmish this monster is in, it gains a +2 bonus to all of its Accuracy checks. This effect is not cumulative.</p><p><strong>◯Distress Call</strong></p><p>If this character suffers even a single point of damage, all Formica within a 500m radius will sense it, along with the exact location of this character.</p>",
  "status1Accuracy": "10",
  "status1AccuracyFix": 17,
  "status1Damage": "2d+7",
  "status1Defense": "7",
  "status1Evasion": "9",
  "status1EvasionFix": 16,
  "status1Hp": "60",
  "status1Mp": "45",
  "status1Style": "Weapon",
  "statusNum": 1,
  "taxa": "Barbarous",
  "type": "m",
  "unitStatus": {
    "Weapon:HP": "60/60",
    "Weapon:MP": "45"
  },
  "unitExceptStatus": {
    "HP": 1,
    "MP": 1,
    "Defense": 1
  },
  "loots1Num": "Always",
  "loots1Item": "Superior Shell (750G/Red A) ",
  "loots2Num": "2～8",
  "loots2Item": "Nothing",
  "loots3Num": "9+",
  "loots3Item": "Glittering Feathers (340G/Gold Red A)",
  "fortitude": "13",
  "willpower": "12"
}