{
  "description": "<p>This gigantic chrysalis, about 3 meters long, is often found in old ruins. Because of its huge size, when it is found, it is often only exposed partly in a ruin's room, and its full extent is rarely revealed.</p><p>The body surface of the chrysalis is so hardened that it could be mistaken for a mineral. Moreover, it can move while still in its pupal state, making it dangerous to be caught in its movement. Black tentacles extend from the tip of the chrysalis, and while the body remains motionless, the chrysalis uses the tentacles to defend itself.</p><p>It is said that they hatch when some conditions are met, but there is no reported case of witnessing the moment of hatching.</p><p>They never appear alone but are always surrounded by several to a dozen Crimson Maggots living in symbiosis.</p>",
  "disposition": "Hostile",
  "habitat": "Ruins",
  "initiative": "7",
  "intellect": "None",
  "language": "None",
  "lootsNum": 3,
  "monsterName": "Fossil Chrysalis",
  "mndResist": "10",
  "vitResist": "11",
  "lv": "7",
  "parts": "4 (Chrysalis / Tentacle x 3)",
  "coreParts": "Chrysalis",
  "mobility": "10(Crawling)",
  "mode": "save",
  "paletteInsertType": "exchange",
  "paletteRemoveTags": "1",
  "paletteTool": "bcdice",
  "paletteUseBuff": "1",
  "paletteUseVar": "1",
  "partsNum": 4,
  "perception": "Magic",
  "reputation": "15",
  "reputation+": "18",
  "weakness": "Bludgeoning damage +3 points",
  "result": "OK",
  "sheetDescriptionM": "分類:Animal　知能:None　知覚:Magic　反応:Hostile\n言語:None　生息地:Ruins\n弱点:Bludgeoning damage +3 points\n先制値:7　生命抵抗力:11（18）　精神抵抗力:10（17）",
  "sheetDescriptionS": "分類:Animal\n弱点:Bludgeoning damage +3 points\n先制値:7　生命抵抗力:11（18）　精神抵抗力:10（17）",
  "sin": "0",
  "skills": "<p><strong>◯Block</strong></p><p>The same as [Block] Combat Feat (see CR II, p. 202).</p><br><br><p><strong>◯Chrysalis Body</strong></p><p>It is immune to critical hits from edged weapons and slashing-type attacks. It also reduces all magic damage it suffers by -6 points.</p><p><strong>►Soporific Scent/9 (16)/Fortitude/Negates</strong></p><p>It releases a soporific scent, putting all the characters in the skirmish it resides to sleep.Poison and psychic (weak) type countermeasures are effective against this effect (for example, this effect can be removed with damage to HP or MP). If the target is protected or resistant to both types, the target may choose either type.This ability cannot be used on consecutive turns.</p><br><br><p><strong>🗨△Cover I (Chrysalis only)</strong></p><p>Has the combat feat [Cover I] (see CR I, p. 256). The Cover is limited to the Chrysalis section.</p><p><strong>◯Long Tentacles</strong></p><p>It can attack with Tentacle with \"Range/Area: 1 (10m) / Target\".</p>",
  "status1Accuracy": "9",
  "status1AccuracyFix": 16,
  "status1Damage": "2d+13",
  "status1Defense": "12",
  "status1Evasion": "7",
  "status1EvasionFix": 14,
  "status1Hp": "71",
  "status1Mp": "13",
  "status1Style": "Slam (Chrysalis)",
  "status2Accuracy": "10",
  "status2AccuracyFix": 17,
  "status2Damage": "2d+10",
  "status2Defense": "7",
  "status2Evasion": "8",
  "status2EvasionFix": 15,
  "status2Hp": "49",
  "status2Mp": "14",
  "status2Style": "Tentacle (Tentacle)",
  "status3Accuracy": "10",
  "status3AccuracyFix": 17,
  "status3Damage": "2d+10",
  "status3Defense": "7",
  "status3Evasion": "8",
  "status3EvasionFix": 15,
  "status3Hp": "49",
  "status3Mp": "14",
  "status3Style": "Tentacle (Tentacle)",
  "status4Accuracy": "10",
  "status4AccuracyFix": 17,
  "status4Damage": "2d+10",
  "status4Defense": "7",
  "status4Evasion": "8",
  "status4EvasionFix": 15,
  "status4Hp": "49",
  "status4Mp": "14",
  "status4Style": "Tentacle (Tentacle)",
  "statusNum": 4,
  "taxa": "Animal",
  "type": "m",
  "unitStatus": {
    "Slam (Chrysalis):HP": "71/71",
    "Slam (Chrysalis):MP": "13",
    "Tentacle (Tentacle):HP": "49/49",
    "Tentacle (Tentacle):MP": "14"
  },
  "unitExceptStatus": {
    "HP": 4,
    "MP": 4,
    "Defense": 4
  },
  "loots1Num": "Always",
  "loots1Item": "Fossil Shell (300G/Red Black A) x 1d",
  "loots2Num": "2～10",
  "loots2Item": "Tentacle (220G/Red A)",
  "loots3Num": "11+",
  "loots3Item": "Extended Tentacle (660G/Red A)",
  "fortitude": "11",
  "willpower": "10"
}