{
  "description": "<p>A Frau is an ice fairy in the form of a woman. It has pure white hair and a half-transparent body. It is said to seduce men who climb snowy mountains and freeze them to death, but it is also said to help travelers in distress in some regions.</p>",
  "disposition": "Neutral",
  "habitat": "Cold Regions, Mountains",
  "initiative": "15",
  "intellect": "Average",
  "language": "Trade Common, Sylvan",
  "lootsNum": 0,
  "monsterName": "Frau",
  "mndResist": "11",
  "vitResist": "11",
  "lv": "9",
  "parts": "",
  "coreParts": "",
  "mobility": "-/22 (Flying)",
  "mode": "save",
  "paletteInsertType": "exchange",
  "paletteRemoveTags": "1",
  "paletteTool": "bcdice",
  "paletteUseBuff": "1",
  "paletteUseVar": "1",
  "partsNum": 1,
  "perception": "Five senses",
  "reputation": "12",
  "reputation+": "19",
  "weakness": "Fire damage +3 points",
  "result": "OK",
  "sheetDescriptionM": "分類:Fairy　知能:Average　知覚:Five senses　反応:Neutral\n言語:Trade Common, Sylvan　生息地:Cold Regions, Mountains\n弱点:Fire damage +3 points\n先制値:15　生命抵抗力:11（18）　精神抵抗力:11（18）",
  "sheetDescriptionS": "分類:Fairy\n弱点:Fire damage +3 points\n先制値:15　生命抵抗力:11（18）　精神抵抗力:11（18）",
  "sin": "0",
  "skills": "<p><strong>◯Type: Water/Ice/Magic Power 12 (19)</strong></p><p></p><p><strong>◯Ice Body</strong></p><p>If a Frau takes damage from a blunt weapon, it is treated as if the Frau had additional 5 points of Defense.</p><p><strong>◯Flight</strong></p><p>A Frau receives a +1 bonus to Accuracy and Evasion only for melee attacks.</p><p><strong>◯Fire Vulnerability</strong></p><p>When a Frau is hit by Fire-type damage, it takes an extra 3 damage.</p><p><strong>🗨Magic Aptitude</strong></p><p>They can use the Combat Feat [Universal Metamagic].</p><p><strong>►Cold Storm/10 (17)/Fortitude/Half</strong></p><p>The Frau creates a cold storm within \"Range: Caster.\" Within \"Target: 1 area (6m Radius)/20\", they deal 2d+8 Water/Ice magic damage. A target that fails resistance is frozen for 30 seconds (3 rounds) and suffers a -2 penalty to Accuracy and Evasion checks. This penalty is not cumulative. This unique skill cannot be used on consecutive turns</p>",
  "status1Accuracy": "11",
  "status1AccuracyFix": 18,
  "status1Damage": "2d+9",
  "status1Defense": "9",
  "status1Evasion": "11",
  "status1EvasionFix": 18,
  "status1Hp": "77",
  "status1Mp": "70",
  "status1Style": "Fist",
  "statusNum": 1,
  "taxa": "Fairy",
  "type": "m",
  "unitStatus": {
    "Fist:HP": "77/77",
    "Fist:MP": "70"
  },
  "unitExceptStatus": {
    "HP": 1,
    "MP": 1,
    "Defense": 1
  },
  "fortitude": "11",
  "willpower": "11"
}