{
  "description": "<p>This is a dangerous large predator of the cat family that roams the snowfields. Its pure white fur is almost invisible in the middle of the day. The skin provides more than enough warmth to keep the monster waiting for its prey in the snow for hours.</p><p>Because of its whiteness and warmth, its fur is valuable as the finest clothing material.</p>",
  "disposition": "Hostile",
  "habitat": "Cold regions",
  "initiative": "18",
  "intellect": "Animal",
  "language": "None",
  "lootsNum": 3,
  "monsterName": "Frost Panther",
  "mndResist": "10",
  "vitResist": "11",
  "lv": "8",
  "parts": "",
  "coreParts": "",
  "mobility": "23 (4 Legs)",
  "mode": "save",
  "paletteInsertType": "exchange",
  "paletteRemoveTags": "1",
  "paletteTool": "bcdice",
  "paletteUseBuff": "1",
  "paletteUseVar": "1",
  "partsNum": 1,
  "perception": "Five senses",
  "reputation": "16",
  "reputation+": "19",
  "weakness": "Fire damage + 3 points",
  "result": "OK",
  "sheetDescriptionM": "分類:Animal　知能:Animal　知覚:Five senses　反応:Hostile\n言語:None　生息地:Cold regions\n弱点:Fire damage + 3 points\n先制値:18　生命抵抗力:11（18）　精神抵抗力:10（17）",
  "sheetDescriptionS": "分類:Animal\n弱点:Fire damage + 3 points\n先制値:18　生命抵抗力:11（18）　精神抵抗力:10（17）",
  "sin": "0",
  "skills": "<p><strong>◯Water/Ice Immunity</strong></p><p></p><p><strong>◯Snow and Ice Mastery</strong></p><p>On snow and ice, it has no penalties due to poor footing.</p><p><strong>◯Mimicry/16/Danger Sense/Negates</strong></p><p>It blends its white body into the snowfield. While mimicking, characters cannot perform a Monster Knowledge check on this monster.If a character approaches it unintentionally, they need to make a Danger check with target number 16, and if it fails, they will be surprised (see CR I, p. 144). Mimicry will be automatically ended once the monster starts to act.This monster cannot be detected with [Sense Magic].</p><p><strong>►Triple Attack</strong></p><p>Frost Panther can attack the same target with three attacks.</p>",
  "status1Accuracy": "11",
  "status1AccuracyFix": 18,
  "status1Damage": "2d+12",
  "status1Defense": "9",
  "status1Evasion": "12",
  "status1EvasionFix": 19,
  "status1Hp": "68",
  "status1Mp": "16",
  "status1Style": "Bite and Claws",
  "statusNum": 1,
  "taxa": "Animal",
  "type": "m",
  "unitStatus": {
    "Bite and Claws:HP": "68/68",
    "Bite and Claws:MP": "16"
  },
  "unitExceptStatus": {
    "HP": 1,
    "MP": 1,
    "Defense": 1
  },
  "loots1Num": "2～7",
  "loots1Item": "None",
  "loots2Num": "8～12",
  "loots2Item": "Glossy Fur (150G/Gold Red A)",
  "loots3Num": "13+",
  "loots3Item": "Snow White Fur (2,600G/Gold Red S)",
  "fortitude": "11",
  "willpower": "10"
}