{
  "description": "<p>This monster is a humanoid covered in parasitic mushrooms, feeding the mushroom as it decomposes. Typically found in dark, damp places, the Fungal Parasite will attack any humanoid or animal passing by, hoping to infect them and use them as a new host. Fungal Parasite hosts will last for a year or two before becoming desiccated husks, drained of all vital nutrients.</p><p>It is possible to save a victim of the Fungal Parasites, though it involves casting a [Refresh] spell on a host whose HP has been reduced to 0.</p><p>Rarely, a mushroom called \"Forest Marvel\" may grow among the various Fungal Parasites. This mushroom is non-toxic and quite delicious, so it is valued by many in the culinary community. Additionally, it is thought to have anti-aging properties, and some elder priests have sent out adventurers to look for these mushrooms.</p>",
  "disposition": "Hostile",
  "habitat": "Forests, Caves, Ruins",
  "initiative": "15",
  "intellect": "Low",
  "language": "Trade Common",
  "lootsNum": 4,
  "monsterName": "Fungal Parasite",
  "mndResist": "13",
  "vitResist": "14",
  "lv": "11",
  "parts": "",
  "coreParts": "",
  "mobility": "12",
  "mode": "save",
  "paletteInsertType": "exchange",
  "paletteRemoveTags": "1",
  "paletteTool": "bcdice",
  "paletteUseBuff": "1",
  "paletteUseVar": "1",
  "partsNum": 1,
  "perception": "Magic",
  "reputation": "19",
  "reputation+": "22",
  "weakness": "Fire damage + 3 points",
  "result": "OK",
  "sheetDescriptionM": "分類:Plant　知能:Low　知覚:Magic　反応:Hostile\n言語:Trade Common　生息地:Forests, Caves, Ruins\n弱点:Fire damage + 3 points\n先制値:15　生命抵抗力:14（21）　精神抵抗力:13（20）",
  "sheetDescriptionS": "分類:Plant\n弱点:Fire damage + 3 points\n先制値:15　生命抵抗力:14（21）　精神抵抗力:13（20）",
  "sin": "0",
  "skills": "<p><strong>⏩Sporulation/11 (18)/Fortitude/Negates</strong></p><p>This unique skill can be used only once per round.The Fungal Parasite spreads reddish-purple spores in \"Range: Caster\" and \"Target: 1 area (6m Radius) / 20\", infecting the target with a disease called sporotrichosis. This effect is treated as a Disease type.Character infected with sporotrichosis will have small reddish-purple mushrooms sprouting from all over their body after 1 day, and their all ability scores will be reduced by -6 points. Fixed characters suffer a -1 penalty to Accuracy, Evasion, Fortitude, and Willpower.If any ability scores reach 0 or 3 full days have passed since the spore infection, the character will fall into a severe hallucinatory state and cannot act at all. The character in this state will spread spores every round, regardless of their will.After a few days of infection, the characters will be lost entirely, and the character becomes a Fungal Parasite. If the character has fallen into this state, it cannot be recovered by effects that heal disease, such as [Cure Disease].</p><p><strong>►Hallucinogenic Spores/13 (20)/Fortitude/Negates</strong></p><p>These blue-violet spores are scattered around the Fungal Parasite, and all those in the same skirmish must make a Fortitude check. Those who fail will see the Fungal Parasite as someone close to them and will move to protect it from anything and anyone who wishes to do it harm (and will do nothing else). Even if the Fungal Parasite attacks an affected character, it will remain under the effect of these spores.This effect is treated as a Disease type.</p>",
  "status1Accuracy": "13",
  "status1AccuracyFix": 20,
  "status1Damage": "2d+10",
  "status1Defense": "12",
  "status1Evasion": "12",
  "status1EvasionFix": 19,
  "status1Hp": "108",
  "status1Mp": "12",
  "status1Style": "Fist",
  "statusNum": 1,
  "taxa": "Plant",
  "type": "m",
  "unitStatus": {
    "Fist:HP": "108/108",
    "Fist:MP": "12"
  },
  "unitExceptStatus": {
    "HP": 1,
    "MP": 1,
    "Defense": 1
  },
  "loots1Num": "Always",
  "loots1Item": "Wilted Mushrooms (30G/Green B)",
  "loots2Num": "2～7",
  "loots2Item": "None",
  "loots3Num": "8～10",
  "loots3Item": "Forest Marvel (2,000G/Green S)",
  "loots4Num": "11+",
  "loots4Item": "Forest Marvel (2,000G/Green S) x 3",
  "fortitude": "14",
  "willpower": "13"
}