{
  "description": "<p>Fylgja is a fairy in the form of a young girl just before coming of age. She wears light armor, and her entire body is enveloped in a pale light. Although she has no wings, she can fly freely in the sky and has been seen dancing in the wind.</p><p>They prefer strong humanoids (regardless of genderounds). When they find one they like, they become their guardian fighting for them.</p><p>The problem is that these women are thoughtless and prefer to settle everything by force. When this happens on battlefield, the worst-case scenario is that they immediately turn on the enemy.</p>",
  "disposition": "Friendly",
  "habitat": "Various",
  "initiative": "18",
  "intellect": "Average",
  "language": "Sylvan",
  "lootsNum": 0,
  "monsterName": "Fylgja",
  "mndResist": "14",
  "vitResist": "14",
  "lv": "11",
  "parts": "",
  "coreParts": "",
  "mobility": "-/22(Flying)",
  "mode": "save",
  "paletteInsertType": "exchange",
  "paletteRemoveTags": "1",
  "paletteTool": "bcdice",
  "paletteUseBuff": "1",
  "paletteUseVar": "1",
  "partsNum": 1,
  "perception": "Five senses",
  "reputation": "13",
  "reputation+": "19",
  "weakness": "Accuracy +1",
  "result": "OK",
  "sheetDescriptionM": "分類:Fairy　知能:Average　知覚:Five senses　反応:Friendly\n言語:Sylvan　生息地:Various\n弱点:Accuracy +1\n先制値:18　生命抵抗力:14（21）　精神抵抗力:14（21）",
  "sheetDescriptionS": "分類:Fairy\n弱点:Accuracy +1\n先制値:18　生命抵抗力:14（21）　精神抵抗力:14（21）",
  "sin": "0",
  "skills": "<p><strong>◯Olden/Type: Wind & Light/Magic Power 14 (21)</strong></p><p></p><p><strong>◯🗨Magic Aptitude</strong></p><p>They can use the Combat Feats [Multi-Action], [Targeting], [Hawk Eye], and [Universal Metamagic].</p><p><strong>◯Flight</strong></p><p>A Fylgja receives a +1 bonus to Accuracy and Evasion only for melee attacks.</p><p><strong>◯Harbinger</strong></p><p>This unique skill is only used in the first round of a battle when Fylgja goes first.It can make a Full Move, but it is treated as Limited Move, and a Full Move does not incur a penalty modifier (-4) to Evasion</p>",
  "status1Accuracy": "15",
  "status1AccuracyFix": 22,
  "status1Damage": "2d+13",
  "status1Defense": "12",
  "status1Evasion": "14",
  "status1EvasionFix": 21,
  "status1Hp": "97",
  "status1Mp": "87",
  "status1Style": "Weapon",
  "statusNum": 1,
  "taxa": "Fairy",
  "type": "m",
  "unitStatus": {
    "Weapon:HP": "97/97",
    "Weapon:MP": "87"
  },
  "unitExceptStatus": {
    "HP": 1,
    "MP": 1,
    "Defense": 1
  },
  "fortitude": "14",
  "willpower": "14"
}