{
  "description": "<p>A variety of golem with both claws and wings, a Gargoyle is a beast of stone animated by long-lost magic. Gargoyles were famous guardians of the Magic Civilization period, and most seen today are still following instructions given to them from that time. While Gargoyles seem to act as living beings, they can choose to camouflage themselves as stone, taking advantage of unaware and careless adventurers.</p>",
  "disposition": "Instructed",
  "habitat": "Ruins",
  "initiative": "12",
  "intellect": "Servant",
  "language": "None",
  "lootsNum": 2,
  "monsterName": "Gargoyle",
  "mndResist": "4",
  "vitResist": "4",
  "lv": "3",
  "parts": "",
  "coreParts": "",
  "mobility": "15/30 (Flying)",
  "mode": "save",
  "paletteInsertType": "exchange",
  "paletteRemoveTags": "1",
  "paletteTool": "bcdice",
  "paletteUseBuff": "1",
  "paletteUseVar": "1",
  "partsNum": 1,
  "perception": "Magic",
  "reputation": "9",
  "reputation+": "14",
  "weakness": "Bludgeoning type damage +3",
  "result": "OK",
  "sheetDescriptionM": "分類:Construct　知能:Servant　知覚:Magic　反応:Instructed\n言語:None　生息地:Ruins\n弱点:Bludgeoning type damage +3\n先制値:12　生命抵抗力:4（11）　精神抵抗力:4（11）",
  "sheetDescriptionS": "分類:Construct\n弱点:Bludgeoning type damage +3\n先制値:12　生命抵抗力:4（11）　精神抵抗力:4（11）",
  "sin": "0",
  "skills": "<p><strong>◯Mimicry/12/Danger Sense/Negates</strong></p><p>It mimics a stone statue. While mimicking, characters cannot perform a Monster Knowledge check on this monster. If the character approaches it unintentionally, they need to make a Danger check with target number 12, and if it fails, they will be surprised (see CR I, p. 144).Mimicry will be automatically ended once the monster starts to act. This monster can be detected with [Sense Magic].</p><p><strong>◯Flight</strong></p><p>Receives a +1 bonus to Accuracy and Evasion only for melee attacks.</p><p><strong>◯Poison Immunity, ◯Disease Immunity, ◯Psychic Type Immunity</strong></p><p></p><p><strong>◯Limited Healing</strong></p><p>Effects which can heal Construct HP are very limited, and mostly come from Spiritualism Magic and some special items.Healing effects such as Divine Magic, Fairy Magic, and Nature Magic cannot restore a Construct's HP.</p><p><strong>◯Can Be Detected</strong></p><p>Constructs can be detected with the [Sense Magic] spell and similar effects.</p>",
  "status1Accuracy": "5",
  "status1AccuracyFix": 12,
  "status1Damage": "2d+4",
  "status1Defense": "3",
  "status1Evasion": "4",
  "status1EvasionFix": 11,
  "status1Hp": "26",
  "status1Mp": "0",
  "status1Style": "Claws",
  "statusNum": 1,
  "taxa": "Construct",
  "type": "m",
  "unitStatus": {
    "Claws:HP": "26/26",
    "Claws:MP": "0/0"
  },
  "unitExceptStatus": {
    "HP": 1,
    "MP": 1,
    "Defense": 1
  },
  "loots1Num": "2～7",
  "loots1Item": "Sharp Stone (20G/Black B)",
  "loots2Num": "8+",
  "loots2Item": "Enchanted Stone (250G/Gold A)",
  "fortitude": "4",
  "willpower": "4"
}