{
  "description": "<p>A 3m tall barbarous with a bird-like head and large wings on their back, Garudas are masters of the winds.</p><p>In fact, they are known as \"Sky Kings\" among the lower ranks of the Barbarous, and with good reason. They despise any others flying in what they consider their airspace and will often go out alone to drive out or kill the interlopers.</p>",
  "disposition": "Hostile",
  "habitat": "Mountain",
  "initiative": "20",
  "intellect": "Average",
  "language": "Barbaric, Aviary",
  "lootsNum": 3,
  "monsterName": "Garuda",
  "mndResist": "15",
  "vitResist": "15",
  "lv": "12",
  "parts": "2 (Head / Body)",
  "coreParts": "Head",
  "mobility": "25/50 (Flying)",
  "mode": "save",
  "paletteInsertType": "exchange",
  "paletteRemoveTags": "1",
  "paletteTool": "bcdice",
  "paletteUseBuff": "1",
  "paletteUseVar": "1",
  "partsNum": 2,
  "perception": "Five senses",
  "reputation": "14",
  "reputation+": "19",
  "weakness": "Bludgeoning damage +3",
  "result": "OK",
  "sheetDescriptionM": "分類:Barbarous　知能:Average　知覚:Five senses　反応:Hostile\n言語:Barbaric, Aviary　生息地:Mountain\n弱点:Bludgeoning damage +3\n先制値:20　生命抵抗力:15（22）　精神抵抗力:15（22）",
  "sheetDescriptionS": "分類:Barbarous\n弱点:Bludgeoning damage +3\n先制値:20　生命抵抗力:15（22）　精神抵抗力:15（22）",
  "sin": "4",
  "skills": "<p><strong>◯Continuous Attack II</strong></p><p>If a Garuda successfully hits a target in melee, they may make a second attack. They can make a third attack against the same target if a second attack hits.</p><p><strong>⏩△Techniques</strong></p><p>A Garuda can use the [Cat's Eyes], [Bear Muscle], and [Beetleskin] Techniques.</p><br><br><p><strong>⏩Turbulent Winds/15 (22)/Fortitude/Half</strong></p><p>It creates turbulence in a 6m/20 radius around itself, dealing 2d +12 wind magic damage to the targets and causing them to fall prone.This unique skill can be used only once per turn, at the end of each turn.</p><p><strong>►Wind-Edge Blade/15 (22)/Fortitude/Half</strong></p><p>With \"Range/Area: 2 (30m)/Target\", Garuda uses a blade made of feathers to deal with dealing 2d+15 slashing magic damage.</p><p><strong>◯Flight II</strong></p><p>All sections receive a +2 bonus to Accuracy and Evasion only for melee attacks. This unique skill is lost if the Body section is reduced to 0 or less HP.</p>",
  "status1Accuracy": "14",
  "status1AccuracyFix": 21,
  "status1Damage": "2d+13",
  "status1Defense": "7",
  "status1Evasion": "14",
  "status1EvasionFix": 21,
  "status1Hp": "109",
  "status1Mp": "19",
  "status1Style": "Beak (Head)",
  "status2Accuracy": "18",
  "status2AccuracyFix": 25,
  "status2Damage": "2d+10",
  "status2Defense": "9",
  "status2Evasion": "13",
  "status2EvasionFix": 20,
  "status2Hp": "121",
  "status2Mp": "26",
  "status2Style": "Weapon (Body)",
  "statusNum": 2,
  "taxa": "Barbarous",
  "type": "m",
  "unitStatus": {
    "Beak (Head):HP": "109/109",
    "Beak (Head):MP": "19",
    "Weapon (Body):HP": "121/121",
    "Weapon (Body):MP": "26"
  },
  "unitExceptStatus": {
    "HP": 2,
    "MP": 2,
    "Defense": 2
  },
  "loots1Num": "2～5",
  "loots1Item": "None",
  "loots2Num": "6～11",
  "loots2Item": "Large Feathers (200G/Red A)",
  "loots3Num": "12+",
  "loots3Item": "Wind-Edge Feathers (3,500G/Red S)",
  "fortitude": "15",
  "willpower": "15"
}