{
  "description": "<p>This goat-like daemon is one of the highest-ranking daemons, subservient to only the Daemon King. Geldams are large, muscular goatmen, 5m tall, and carry a massive glaive. These glaives are larger than adult humans, and magically bonded to the Geldam that carries them, so it is impossible to claim one as the spoils of battle.</p><p>Consummate commanders of other daemons, Geldams have hundreds of lesser daemons at their command. Because of their service to the Daemon King in the Daemon Realm, they will rarely appear in Raxia themselves, preferring to send any number of lesser daemons in their stead.</p>",
  "disposition": "Hostile",
  "habitat": "Labyrinths, Ruins",
  "initiative": "26",
  "intellect": "High",
  "language": "Trade Common, Daemonic",
  "lootsNum": 4,
  "monsterName": "Geldam",
  "mndResist": "25",
  "vitResist": "26",
  "lv": "19",
  "parts": "3 (Head / Upper Body / Lower Body)",
  "coreParts": "Head",
  "mobility": "20",
  "mode": "save",
  "paletteInsertType": "exchange",
  "paletteRemoveTags": "1",
  "paletteTool": "bcdice",
  "paletteUseBuff": "1",
  "paletteUseVar": "1",
  "partsNum": 3,
  "perception": "Five senses (Darkvision)",
  "reputation": "22",
  "reputation+": "27",
  "weakness": "Bludgeoning damage +3 points",
  "result": "OK",
  "sheetDescriptionM": "分類:Daemon　知能:High　知覚:Five senses (Darkvision)　反応:Hostile\n言語:Trade Common, Daemonic　生息地:Labyrinths, Ruins\n弱点:Bludgeoning damage +3 points\n先制値:26　生命抵抗力:26（33）　精神抵抗力:25（32）",
  "sheetDescriptionS": "分類:Daemon\n弱点:Bludgeoning damage +3 points\n先制値:26　生命抵抗力:26（33）　精神抵抗力:25（32）",
  "sin": "0",
  "skills": "<p><strong>◯Poison Immunity, ◯Disease Immunity</strong></p><p></p><p><strong>◯Miasma Shroud/25 (32)/Fortitude/Half</strong></p><p>Strong poison gas swirls around Geldam. Each time a character attempts a melee attack against this monster, they suffer 2d+10 Poison magic damage, regardless of success or failure.This poison gas deflects incoming arrows and bullets and has the same effect as the Fairy Magic spell [Missile Protection].</p><br><br><p><strong>◯2 Actions</strong></p><p>Can perform two Major Actions in one round.</p><p><strong>►Divine Magic 15 Level/Magic Power 21 (28)</strong></p><p></p><p><strong>◯🗨►Magic Aptitude</strong></p><p>They can use the Combat Feats [Multi-Action], [Targeting], [Magic Convergence], [Magic Control], [Metamagic/Targets], [Rune Master], and [Wordbreak].</p><p><strong>►Poison Breath/24 (31)/Fortitude/Half</strong></p><p>With \"Range: Caster,\" it scatters smoky poison breath around it and deals to \"Target: 1 area (6m Radius)/20\" 2d+20 Poison magic damage.This ability can only be used once every 10 seconds (1 round).</p><br><br><p><strong>◯Multiple Actions = 2 times</strong></p><p></p><p><strong>►Sweeping Attack</strong></p><p>Geldam makes a Weapon attack against all enemies that it can reach. If [🗨Power Strike III] is declared, the damage is added to any one of the hit characters. The effect of [🗨 Magic Weapon] becomes the success value of the Accuracy check for all targets.This unique skill cannot be used on consecutive turns.</p><p><strong>🗨Magic Weapon</strong></p><p>Changes the success value of the Accuracy check with the weapon to 35 without rolling any dice.This ability cannot be used on consecutive turns.</p><p><strong>🗨Power Strike III</strong></p><p>They can deal an additional +20 damage on their next attack. However, any Evasion Check made by them this turn receives a -2 penalty.</p><br><br><p><strong>◯Attack Obstacle = +4 • None</strong></p><p>Against melee attacks, the Upper Body and Head sections receive a +4 bonus to Evasion checks.This effect disappears when Lower Body section falls to 0 HP or lower.</p>",
  "status1Accuracy": "25",
  "status1AccuracyFix": 32,
  "status1Damage": "2d+21",
  "status1Defense": "20",
  "status1Evasion": "23",
  "status1EvasionFix": 30,
  "status1Hp": "188",
  "status1Mp": "117",
  "status1Style": "Horns (Head)",
  "status2Accuracy": "26",
  "status2AccuracyFix": 33,
  "status2Damage": "2d+23",
  "status2Defense": "21",
  "status2Evasion": "21",
  "status2EvasionFix": 28,
  "status2Hp": "201",
  "status2Mp": "56",
  "status2Style": "Weapon (Upper Body)",
  "status3Accuracy": "24",
  "status3AccuracyFix": 31,
  "status3Damage": "2d+21",
  "status3Defense": "19",
  "status3Evasion": "20",
  "status3EvasionFix": 27,
  "status3Hp": "199",
  "status3Mp": "44",
  "status3Style": "Trample (Lower Body)",
  "statusNum": 3,
  "taxa": "Daemon",
  "type": "m",
  "unitStatus": {
    "Horns (Head):HP": "188/188",
    "Horns (Head):MP": "117",
    "Weapon (Upper Body):HP": "201/201",
    "Weapon (Upper Body):MP": "56",
    "Trample (Lower Body):HP": "199/199",
    "Trample (Lower Body):MP": "44"
  },
  "unitExceptStatus": {
    "HP": 3,
    "MP": 3,
    "Defense": 3
  },
  "loots1Num": "Always",
  "loots1Item": "Crystallized Great Daemon's Blood (1,600G/Red S)",
  "loots2Num": "Always",
  "loots2Item": "Great Daemon's Glaive (3,200G/Gold Black White S)",
  "loots3Num": "2～9",
  "loots3Item": "Great Daemon's Earrings (6,900G/Gold White S)",
  "loots4Num": "10+",
  "loots4Item": "Great Daemon's Ring (14,000G/Gold White SS)",
  "fortitude": "26",
  "willpower": "25"
}