{
  "description": "<p>It is called the Ghast King and is the control point of all Ghasts. It looks like a giant Ghast without hands, and has no offensive abilities of its own. However, it can summon an inexhaustible number of Ghast species with its never-ending magic power, and can strengthen them. It can also make Ghasts disappear and create a storm with its mana, making it difficult for even moderately skilled adventurers to deal with it.</p>",
  "disposition": "Instructed",
  "habitat": "Ruins",
  "initiative": "20",
  "intellect": "Low",
  "language": "None",
  "lootsNum": 1,
  "monsterName": "Ghast King",
  "mndResist": "14",
  "vitResist": "16",
  "lv": "13",
  "parts": "",
  "coreParts": "",
  "mobility": "10/-",
  "mode": "save",
  "paletteInsertType": "exchange",
  "paletteRemoveTags": "1",
  "paletteTool": "bcdice",
  "paletteUseBuff": "1",
  "paletteUseVar": "1",
  "partsNum": 1,
  "perception": "Magic",
  "reputation": "16",
  "reputation+": "22",
  "weakness": "Physical damage +2 points",
  "result": "OK",
  "sheetDescriptionM": "分類:Construct　知能:Low　知覚:Magic　反応:Instructed\n言語:None　生息地:Ruins\n弱点:Physical damage +2 points\n先制値:20　生命抵抗力:16（23）　精神抵抗力:14（21）",
  "sheetDescriptionS": "分類:Construct\n弱点:Physical damage +2 points\n先制値:20　生命抵抗力:16（23）　精神抵抗力:14（21）",
  "sin": "0",
  "skills": "<p><strong>◯3 Actions</strong></p><p>It can take 3 Major Actions in one round.</p><p><strong>►Ghast Enhancing</strong></p><p>The Ghast King enhances all Ghasts, including itself, within \"Range: Caster\" with \"Target: All Areas (20m Radius) / All.\" Targets gain a +1 bonus to all Skill Checks and +2 points to Damage and Defense for 10 seconds (1 round). This effect is cumulative.</p><p><strong>►Ghast Summoning</strong></p><p>Ghast King summons a Ghast within \"Range: Touch.\" The Ghast to be summoned is selected from 1 x Ghast Queen, 2 x Ghast Bishop, 3 x Ghast Knight, or 6 x Ghast Lurker. On the same round it cannot summon the same types of Ghasts (but can summon the same Ghasts on different rounds). Summoned Ghasts can start their actions immediately.This ability cannot be used on the turn when [►Ghast Rampage] is used.</p><p><strong>►Ghast Rampage / Can't</strong></p><p>The monster causes the magic power of the Ghast it follows to go out of control, creating a storm of mana. This unique skill is effective for “Target: 1 area (5m radius) / Space with \"Range: Caster\". Up to 5 Ghasts within the area of this unique skill die and inflict physical damage of (2d x the number of Ghast species destroyed) points to all selected characters within the area.This ability can be used only once per round. Also, a Ghast King cannot use this ability on the turn it used [►Ghast Summoning].</p><p><strong>◯Poison Immunity, ◯Disease Immunity, ◯Psychic Type Immunity</strong></p><p></p><p><strong>◯Limited Healing</strong></p><p>Effects which can heal Construct HP are very limited, and mostly come from Spiritualism Magic and some special items.Healing effects such as Divine Magic, Fairy Magic, and Nature Magic cannot restore a Construct's HP.</p><p><strong>◯Can Be Detected</strong></p><p>Constructs can be detected with the [Sense Magic] spell and similar effects.</p>",
  "status1Accuracy": "-",
  "status1AccuracyFix": null,
  "status1Damage": "-",
  "status1Defense": "10",
  "status1Evasion": "13",
  "status1EvasionFix": 20,
  "status1Hp": "127",
  "status1Mp": "0",
  "status1Style": "None",
  "statusNum": 1,
  "taxa": "Construct",
  "type": "m",
  "unitStatus": {
    "None:HP": "127/127",
    "None:MP": "0/0"
  },
  "unitExceptStatus": {
    "HP": 1,
    "MP": 1,
    "Defense": 1
  },
  "loots1Num": "Always",
  "loots1Item": "Glittering Magic Stone (1,200G/Gold S)",
  "fortitude": "16",
  "willpower": "14"
}