{
  "description": "<p>It is a Ghast that has grown to an immensely powerful level, often leading an army of Ghasts and playing the role of Ghast leader.</p>",
  "disposition": "Instructed",
  "habitat": "Ruins",
  "initiative": "15",
  "intellect": "Servant",
  "language": "None",
  "lootsNum": 2,
  "monsterName": "Ghast Bishop",
  "mndResist": "8",
  "vitResist": "10",
  "lv": "7",
  "parts": "",
  "coreParts": "",
  "mobility": "15",
  "mode": "save",
  "paletteInsertType": "exchange",
  "paletteRemoveTags": "1",
  "paletteTool": "bcdice",
  "paletteUseBuff": "1",
  "paletteUseVar": "1",
  "partsNum": 1,
  "perception": "Magic",
  "reputation": "9",
  "reputation+": "15",
  "weakness": "Physical damage +2 points",
  "result": "OK",
  "sheetDescriptionM": "分類:Construct　知能:Servant　知覚:Magic　反応:Instructed\n言語:None　生息地:Ruins\n弱点:Physical damage +2 points\n先制値:15　生命抵抗力:10（17）　精神抵抗力:8（15）",
  "sheetDescriptionS": "分類:Construct\n弱点:Physical damage +2 points\n先制値:15　生命抵抗力:10（17）　精神抵抗力:8（15）",
  "sin": "0",
  "skills": "<p><strong>◯Poison Immunity, ◯Disease Immunity, ◯Psychic Type Immunity</strong></p><p></p><p><strong>◯Limited Healing</strong></p><p>Effects which can heal Construct HP are very limited, and mostly come from Spiritualism Magic and some special items.Healing effects such as Divine Magic, Fairy Magic, and Nature Magic cannot restore a Construct's HP.</p><p><strong>◯Can Be Detected</strong></p><p>Constructs can be detected with the [Sense Magic] spell and similar effects.</p>",
  "status1Accuracy": "11",
  "status1AccuracyFix": 18,
  "status1Damage": "2d+12",
  "status1Defense": "5",
  "status1Evasion": "10",
  "status1EvasionFix": 17,
  "status1Hp": "54",
  "status1Mp": "-",
  "status1Style": "Arms",
  "statusNum": 1,
  "taxa": "Construct",
  "type": "m",
  "unitStatus": {
    "Arms:HP": "54/54",
    "Arms:MP": "-"
  },
  "unitExceptStatus": {
    "HP": 1,
    "MP": 1,
    "Defense": 1
  },
  "loots1Num": "2～6",
  "loots1Item": "Magical Stone (250G/Gold A)",
  "loots2Num": "7+",
  "loots2Item": "Dense Magic Jewel (700G/Gold A)",
  "fortitude": "10",
  "willpower": "8"
}