{
  "description": "<p>A lost soul bound to a shadow, Ghasts live a sorry existence. Originally thought to have been created during the Magic Civilization period, Ghasts continue to spawn and thrive today in the shadows of civilization. The reason for their creation has been forgotten to time, though their extremely gaunt frame and pitch-black body are difficult to forget. Ghasts are not known to be solitary, so if one is seen, others are sure to follow.</p><p>Occasionally, Ghasts will be summoned by Barbarous carrying magical stones. These stones are given to the regular members by Drakes, who keep close the secret of manufacturing.</p>",
  "disposition": "Hostile",
  "habitat": "Forests, Ruins",
  "initiative": "9",
  "intellect": "Servant",
  "language": "None",
  "lootsNum": 2,
  "monsterName": "Ghast",
  "mndResist": "2",
  "vitResist": "2",
  "lv": "1",
  "parts": "",
  "coreParts": "",
  "mobility": "15",
  "mode": "save",
  "paletteInsertType": "exchange",
  "paletteRemoveTags": "1",
  "paletteTool": "bcdice",
  "paletteUseBuff": "1",
  "paletteUseVar": "1",
  "partsNum": 1,
  "perception": "Magic",
  "reputation": "5",
  "reputation+": "10",
  "weakness": "Physical damage +2 points",
  "result": "OK",
  "sheetDescriptionM": "分類:Construct　知能:Servant　知覚:Magic　反応:Hostile\n言語:None　生息地:Forests, Ruins\n弱点:Physical damage +2 points\n先制値:9　生命抵抗力:2（9）　精神抵抗力:2（9）",
  "sheetDescriptionS": "分類:Construct\n弱点:Physical damage +2 points\n先制値:9　生命抵抗力:2（9）　精神抵抗力:2（9）",
  "sin": "0",
  "skills": "<p><strong>◯Poison Immunity, ◯Disease Immunity, ◯Psychic Type Immunity</strong></p><p></p><p><strong>◯Limited Healing</strong></p><p>Effects which can heal Construct HP are very limited, and mostly come from Spiritualism Magic and some special items.Healing effects such as Divine Magic, Fairy Magic, and Nature Magic cannot restore a Construct's HP.</p><p><strong>◯Can Be Detected</strong></p><p>Constructs can be detected with the [Sense Magic] spell and similar effects.</p>",
  "status1Accuracy": "3",
  "status1AccuracyFix": 10,
  "status1Damage": "2d+2",
  "status1Defense": "0",
  "status1Evasion": "2",
  "status1EvasionFix": 9,
  "status1Hp": "14",
  "status1Mp": "0",
  "status1Style": "Smash",
  "statusNum": 1,
  "taxa": "Construct",
  "type": "m",
  "unitStatus": {
    "Smash:HP": "14/14",
    "Smash:MP": "0/0"
  },
  "unitExceptStatus": {
    "HP": 1,
    "MP": 1,
    "Defense": 1
  },
  "loots1Num": "2～9",
  "loots1Item": "None",
  "loots2Num": "10+",
  "loots2Item": "Magical Stone (250G/Gold A)",
  "fortitude": "2",
  "willpower": "2"
}