{
  "description": "<p>This is a slightly grown-up Ghast, about the size of an adult Human, otherwise the same as a Ghast.</p><p>In rare cases, there are Ghast Lurkers that act of their own volition.</p>",
  "disposition": "Instructed",
  "habitat": "Unknown",
  "initiative": "8",
  "intellect": "Servant",
  "language": "None",
  "lootsNum": 2,
  "monsterName": "Ghast Lurker",
  "mndResist": "3",
  "vitResist": "4",
  "lv": "2",
  "parts": "",
  "coreParts": "",
  "mobility": "15",
  "mode": "save",
  "paletteInsertType": "exchange",
  "paletteRemoveTags": "1",
  "paletteTool": "bcdice",
  "paletteUseBuff": "1",
  "paletteUseVar": "1",
  "partsNum": 1,
  "perception": "Magic",
  "reputation": "5",
  "reputation+": "11",
  "weakness": "Physical damage +2 points",
  "result": "OK",
  "sheetDescriptionM": "分類:Construct　知能:Servant　知覚:Magic　反応:Instructed\n言語:None　生息地:Unknown\n弱点:Physical damage +2 points\n先制値:8　生命抵抗力:4（11）　精神抵抗力:3（10）",
  "sheetDescriptionS": "分類:Construct\n弱点:Physical damage +2 points\n先制値:8　生命抵抗力:4（11）　精神抵抗力:3（10）",
  "sin": "0",
  "skills": "<p><strong>◯Poison Immunity, ◯Disease Immunity, ◯Psychic Type Immunity</strong></p><p></p><p><strong>◯Limited Healing</strong></p><p>Effects which can heal Construct HP are very limited, and mostly come from Spiritualism Magic and some special items.Healing effects such as Divine Magic, Fairy Magic, and Nature Magic cannot restore a Construct's HP.</p><p><strong>◯Can Be Detected</strong></p><p>Constructs can be detected with the [Sense Magic] spell and similar effects.</p>",
  "status1Accuracy": "4",
  "status1AccuracyFix": 11,
  "status1Damage": "2d+4",
  "status1Defense": "1",
  "status1Evasion": "3",
  "status1EvasionFix": 10,
  "status1Hp": "18",
  "status1Mp": "-",
  "status1Style": "Smash",
  "statusNum": 1,
  "taxa": "Construct",
  "type": "m",
  "unitStatus": {
    "Smash:HP": "18/18",
    "Smash:MP": "-"
  },
  "unitExceptStatus": {
    "HP": 1,
    "MP": 1,
    "Defense": 1
  },
  "loots1Num": "2～9",
  "loots1Item": "None",
  "loots2Num": "10+",
  "loots2Item": "Magical Stone (250G/Gold A)",
  "fortitude": "4",
  "willpower": "3"
}