{
  "description": "<p>These Ghast Knights have been trained to use weapons and still retain some martial prowess from when they were once alive. Now able to fight and move efficiently, their understanding of commands has grown as well. They can be seen commanding other weaker Ghasts.</p>",
  "disposition": "Instructed",
  "habitat": "Ruins",
  "initiative": "11",
  "intellect": "Servant",
  "language": "None",
  "lootsNum": 3,
  "monsterName": "Ghast Knight",
  "mndResist": "4",
  "vitResist": "7",
  "lv": "4",
  "parts": "",
  "coreParts": "",
  "mobility": "8",
  "mode": "save",
  "paletteInsertType": "exchange",
  "paletteRemoveTags": "1",
  "paletteTool": "bcdice",
  "paletteUseBuff": "1",
  "paletteUseVar": "1",
  "partsNum": 1,
  "perception": "Magic",
  "reputation": "7",
  "reputation+": "13",
  "weakness": "Physical damage +2 points",
  "result": "OK",
  "sheetDescriptionM": "分類:Construct　知能:Servant　知覚:Magic　反応:Instructed\n言語:None　生息地:Ruins\n弱点:Physical damage +2 points\n先制値:11　生命抵抗力:7（14）　精神抵抗力:4（11）",
  "sheetDescriptionS": "分類:Construct\n弱点:Physical damage +2 points\n先制値:11　生命抵抗力:7（14）　精神抵抗力:4（11）",
  "sin": "0",
  "skills": "<p><strong>◯Poison Immunity, ◯Disease Immunity, ◯Psychic Type Immunity</strong></p><p></p><p><strong>◯Limited Healing</strong></p><p>Effects which can heal Construct HP are very limited, and mostly come from Spiritualism Magic and some special items.Healing effects such as Divine Magic, Fairy Magic, and Nature Magic cannot restore a Construct's HP.</p><p><strong>◯Can Be Detected</strong></p><p>Constructs can be detected with the [Sense Magic] spell and similar effects.</p>",
  "status1Accuracy": "6",
  "status1AccuracyFix": 13,
  "status1Damage": "2d+8",
  "status1Defense": "2",
  "status1Evasion": "5",
  "status1EvasionFix": 12,
  "status1Hp": "32",
  "status1Mp": "-",
  "status1Style": "Weapon",
  "statusNum": 1,
  "taxa": "Construct",
  "type": "m",
  "unitStatus": {
    "Weapon:HP": "32/32",
    "Weapon:MP": "-"
  },
  "unitExceptStatus": {
    "HP": 1,
    "MP": 1,
    "Defense": 1
  },
  "loots1Num": "2～6",
  "loots1Item": "None",
  "loots2Num": "7～11",
  "loots2Item": "Magical Stone (250G/Gold A)",
  "loots3Num": "12+",
  "loots3Item": "Dense Magic Jewel (700G/Gold A)",
  "fortitude": "7",
  "willpower": "4"
}