{
  "description": "<p>This is a bloated queen of Ghasts who has engulfed other Ghasts. Although she has no unique skills, she has acquired a formidable fighting ability and is a considerable threat to any visitor to her ruins.</p>",
  "disposition": "Instructed",
  "habitat": "Ruins",
  "initiative": "18",
  "intellect": "Servant",
  "language": "None",
  "lootsNum": 2,
  "monsterName": "Ghast Queen",
  "mndResist": "11",
  "vitResist": "13",
  "lv": "10",
  "parts": "",
  "coreParts": "",
  "mobility": "30/-",
  "mode": "save",
  "paletteInsertType": "exchange",
  "paletteRemoveTags": "1",
  "paletteTool": "bcdice",
  "paletteUseBuff": "1",
  "paletteUseVar": "1",
  "partsNum": 1,
  "perception": "Magic",
  "reputation": "13",
  "reputation+": "19",
  "weakness": "Physical damage +2 points",
  "result": "OK",
  "sheetDescriptionM": "分類:Construct　知能:Servant　知覚:Magic　反応:Instructed\n言語:None　生息地:Ruins\n弱点:Physical damage +2 points\n先制値:18　生命抵抗力:13（20）　精神抵抗力:11（18）",
  "sheetDescriptionS": "分類:Construct\n弱点:Physical damage +2 points\n先制値:18　生命抵抗力:13（20）　精神抵抗力:11（18）",
  "sin": "0",
  "skills": "<p><strong>◯Poison Immunity, ◯Disease Immunity, ◯Psychic Type Immunity</strong></p><p></p><p><strong>◯Limited Healing</strong></p><p>Effects which can heal Construct HP are very limited, and mostly come from Spiritualism Magic and some special items.Healing effects such as Divine Magic, Fairy Magic, and Nature Magic cannot restore a Construct's HP.</p><p><strong>◯Can Be Detected</strong></p><p>Constructs can be detected with the [Sense Magic] spell and similar effects.</p>",
  "status1Accuracy": "14",
  "status1AccuracyFix": 21,
  "status1Damage": "2d+17",
  "status1Defense": "8",
  "status1Evasion": "13",
  "status1EvasionFix": 20,
  "status1Hp": "107",
  "status1Mp": "0",
  "status1Style": "Arm",
  "statusNum": 1,
  "taxa": "Construct",
  "type": "m",
  "unitStatus": {
    "Arm:HP": "107/107",
    "Arm:MP": "0/0"
  },
  "unitExceptStatus": {
    "HP": 1,
    "MP": 1,
    "Defense": 1
  },
  "loots1Num": "2～9",
  "loots1Item": "Dense Magic Jewel (700G/Gold A)",
  "loots2Num": "10+",
  "loots2Item": "Glittering Magic Stone (1,300G/Gold S)",
  "fortitude": "13",
  "willpower": "11"
}