{
  "description": "<p>The Ghost Curtain is a fabric-like Construct that was created during the Magic Civilization Period. It moves by hanging down and floating in the air.</p><p>This Construct serves as a trap or a guard. Normally, it is invisible and remains vigilant of its surroundings. However, if something approaches within a 10-meter range or if it is attacked, it immediately engages in combat. During combat, it either emits a dazzling light that burns its surroundings or clenches a part of its body like a fist and strikes the enemy.</p><p>When the Ghost Curtain comes into contact with another person or experiences interference, it emits light in various ways depending on its strength and type. It is said that during the Magic Civilization Period, the wizard-king Ral, who lived in the rock country of Reckode Country on Floating Rocks, would float this construct in the air and enjoy the sight of it emitting light when birds and other creatures accidentally swooped down on it.</p><p>Although most of the Ghost Curtains were destroyed in the battle when Reckode exploded, there are still a few that remain floating and invisible. The Cyrecode Council (<em>see CO</em>) has a policy of preserving them as a tourist resource if they are found at a safe distance from the environment. However, if they are found near a satellite or gondola cable, they are to be removed by an adventurer.</p>",
  "disposition": "Hostile",
  "habitat": "Ruins, Sky",
  "initiative": "13",
  "intellect": "None",
  "language": "None",
  "lootsNum": 3,
  "monsterName": "Ghost Curtain",
  "mndResist": "9",
  "vitResist": "9",
  "lv": "7",
  "parts": "",
  "coreParts": "",
  "mobility": "-/10 (Floating)",
  "mode": "save",
  "paletteInsertType": "exchange",
  "paletteRemoveTags": "1",
  "paletteTool": "bcdice",
  "paletteUseBuff": "1",
  "paletteUseVar": "1",
  "partsNum": 1,
  "perception": "Magic",
  "reputation": "16",
  "reputation+": "18",
  "weakness": "Fire damage + 3 points",
  "result": "OK",
  "sheetDescriptionM": "分類:Construct　知能:None　知覚:Magic　反応:Hostile\n言語:None　生息地:Ruins, Sky\n弱点:Fire damage + 3 points\n先制値:13　生命抵抗力:9（16）　精神抵抗力:9（16）",
  "sheetDescriptionS": "分類:Construct\n弱点:Fire damage + 3 points\n先制値:13　生命抵抗力:9（16）　精神抵抗力:9（16）",
  "sin": "0",
  "skills": "<p><strong>◯Conditional Invisibility</strong></p><p>This monster is usually invisible (see CR II, p. 69). It emits light when it successfully passes its Accuracy check, fails its Evasion check, or loses 1 point of HP or MP. After emitting light, the monster becomes visible for the next 10 seconds (1 round).The color and strength of the emitted light depend on various factors such as the type of attack, whether HP or MP was damaged, and so on (up to the GM).</p><p><strong>◯Invisible Assassin / 18 / Danger Sense / Negates</strong></p><p>If a character approaches a location where this monster is lurking, they need to make a Danger Sense check with target number 18. If they fail, they will be taken by surprise by this monster.</p><p><strong>►Burst Light / 8 (15) / Willpower / Half</strong></p><p>The ability \"Range: Caster\" emits a burst of light and deals energy magic damage to \"Target: 1 area (3m Radius) / 5\". The damage inflicted is \"2d+10\" if the monster was invisible just before using this ability, and \"2d+4\" points otherwise. This ability costs 6 MP and cannot be used on consecutive turns.</p><p><strong>◯Poison Immunity, ◯Disease Immunity, ◯Psychic Type Immunity</strong></p><p></p><p><strong>◯Limited Healing</strong></p><p>Effects which can heal Construct HP are very limited, and mostly come from Spiritualism Magic and some special items.Healing effects such as Divine Magic, Fairy Magic, and Nature Magic cannot restore a Construct's HP.</p><p><strong>◯Can Be Detected</strong></p><p>Constructs can be detected with the [Sense Magic] spell and similar effects.</p>",
  "status1Accuracy": "10",
  "status1AccuracyFix": 17,
  "status1Damage": "2d+10",
  "status1Defense": "6",
  "status1Evasion": "9",
  "status1EvasionFix": 16,
  "status1Hp": "62",
  "status1Mp": "23",
  "status1Style": "Strike",
  "statusNum": 1,
  "taxa": "Construct",
  "type": "m",
  "unitStatus": {
    "Strike:HP": "62/62",
    "Strike:MP": "23"
  },
  "unitExceptStatus": {
    "HP": 1,
    "MP": 1,
    "Defense": 1
  },
  "loots1Num": "2～6",
  "loots1Item": "Black Cloth (5G/-)",
  "loots2Num": "7～10",
  "loots2Item": "Transparent Cloth (250G/Gold A)",
  "loots3Num": "11+",
  "loots3Item": "Glowing Cloth (1,500G/Gold S)",
  "fortitude": "9",
  "willpower": "9"
}