{
  "description": "<p>A pitch-black horse made of shadow with a mane of flames, the Ghost Horse is dangerous on its own but is often seen as a mount for more powerful undead. Its eyes are a piercing blood-red, and its body will occasionally have gouts of flame burst forth.</p>",
  "disposition": "Hostile",
  "habitat": "Various",
  "initiative": "20",
  "intellect": "Low",
  "language": "None",
  "lootsNum": 4,
  "monsterName": "Ghost Horse",
  "mndResist": "13",
  "vitResist": "15",
  "lv": "10",
  "parts": "2 (Front / Rear)",
  "coreParts": "Front",
  "mobility": "36 (4 Legs)",
  "mode": "save",
  "paletteInsertType": "exchange",
  "paletteRemoveTags": "1",
  "paletteTool": "bcdice",
  "paletteUseBuff": "1",
  "paletteUseVar": "1",
  "partsNum": 2,
  "perception": "Magic",
  "reputation": "15",
  "reputation+": "22",
  "weakness": "Water/Ice damage + 3 points",
  "result": "OK",
  "sheetDescriptionM": "分類:Undead　知能:Low　知覚:Magic　反応:Hostile\n言語:None　生息地:Various\n弱点:Water/Ice damage + 3 points\n先制値:20　生命抵抗力:15（22）　精神抵抗力:13（20）",
  "sheetDescriptionS": "分類:Undead\n弱点:Water/Ice damage + 3 points\n先制値:20　生命抵抗力:15（22）　精神抵抗力:13（20）",
  "sin": "0",
  "skills": "<p><strong>◯Shadow Body</strong></p><p>When in shadowy areas or at night, the Ghost Horse automatically melds with the shadows, becoming impossible to see without Darkvision. While unnoticed, it can also move through otherwise solid obstacles, such as walls and barriers.However, while being seen by a character, this unique skill is lost.</p><p><strong>◯Fire Immunity, ◯Poison Immunity, ◯Disease Immunity, ◯Psychic Type (Weak) Immunity</strong></p><p></p><p><strong>◯Unstable Healing</strong></p><p>Healing effects such as Divine Magic and items like Unicorn's Horn will damage Undead instead.Magitech, Fairy Magic, Nature Magic, etc. healing has no effect on the Undead.Spiritualism Magic and a few other healing effects can restore an Undead's HP.</p><br><br><p><strong>►Burning Gaze/13 (20)/Fortitude/Negates</strong></p><p>The Ghost Horse gazes with \"Range/Area: 2 (20m) / Target\" and \"Target: 1 Character,\" igniting the target and dealing 2d + 10 Fire magic damage.</p><br><br><p><strong>►Kick Away/13 (20)/Evasion/Negates</strong></p><p>The Ghost Horse unleashes a double-barrel kick on a character in the same skirmish area. The character is kicked to the rearguard area (Simplified Combat) or to any direction chosen by the monster (Standard/Advanced Combat) at 20m, and falls down with \"20\" points of fall damage.</p>",
  "status1Accuracy": "13",
  "status1AccuracyFix": 20,
  "status1Damage": "2d+10",
  "status1Defense": "10",
  "status1Evasion": "12",
  "status1EvasionFix": 19,
  "status1Hp": "87",
  "status1Mp": "23",
  "status1Style": "Hoof (Front)",
  "status2Accuracy": "13",
  "status2AccuracyFix": 20,
  "status2Damage": "2d+11",
  "status2Defense": "10",
  "status2Evasion": "11",
  "status2EvasionFix": 18,
  "status2Hp": "77",
  "status2Mp": "18",
  "status2Style": "Hoof (Rear)",
  "statusNum": 2,
  "taxa": "Undead",
  "type": "m",
  "unitStatus": {
    "Hoof (Front):HP": "87/87",
    "Hoof (Front):MP": "23",
    "Hoof (Rear):HP": "77/77",
    "Hoof (Rear):MP": "18"
  },
  "unitExceptStatus": {
    "HP": 2,
    "MP": 2,
    "Defense": 2
  },
  "loots1Num": "Always",
  "loots1Item": "Fiery Hoof (500G/Gold Red A)",
  "loots2Num": "2～6",
  "loots2Item": "Evil Eye (400G/Red A)",
  "loots3Num": "7～12",
  "loots3Item": "Fiery Evil Eye (800G/Gold Red A)",
  "loots4Num": "13+",
  "loots4Item": "Incandescent Evil Eye (3,000G/Gold Red S)",
  "fortitude": "15",
  "willpower": "13"
}