{
  "description": "<p>Ghosts are a manifestation of the thoughts of the dead and dying, given an ethereal form after their original body has passed away. They retain their appearance in life and what knowledge they have learned over their lifetime, though this may be of questionable usefulness as time passes.</p><p>It also has memories, but most of them are distorted. The strength varies greatly from class to class and from one individual to another (the values given here are those of an ordinary person turned into a Ghost without any particular class, etc.). So, GM might change Ghost data to account for a specific individual.</p>",
  "disposition": "Neutral",
  "habitat": "Various",
  "initiative": "11",
  "intellect": "Average",
  "language": "Trade Common",
  "lootsNum": 2,
  "monsterName": "Ghost",
  "mndResist": "4",
  "vitResist": "5",
  "lv": "2",
  "parts": "",
  "coreParts": "",
  "mobility": "-/10 (Floating)",
  "mode": "save",
  "paletteInsertType": "exchange",
  "paletteRemoveTags": "1",
  "paletteTool": "bcdice",
  "paletteUseBuff": "1",
  "paletteUseVar": "1",
  "partsNum": 1,
  "perception": "Magic",
  "reputation": "10",
  "reputation+": "13",
  "weakness": "Magic damage +2 points",
  "result": "OK",
  "sheetDescriptionM": "分類:Undead　知能:Average　知覚:Magic　反応:Neutral\n言語:Trade Common　生息地:Various\n弱点:Magic damage +2 points\n先制値:11　生命抵抗力:5（12）　精神抵抗力:4（11）",
  "sheetDescriptionS": "分類:Undead\n弱点:Magic damage +2 points\n先制値:11　生命抵抗力:5（12）　精神抵抗力:4（11）",
  "sin": "0",
  "skills": "<p><strong>◯Normal Weapon Immunity</strong></p><p></p><p><strong>►Tempting Lure/4 (11)/Willpower/Negates</strong></p><p>The Ghost whispers to \"Target: 1 Entire Character\" in \"Range/Area: 1 (10m)/ Target\". If the target fails to resist, the Ghost may have that character move according to the Ghost's whim.Affected characters cannot move very quickly and cannot use magic or attack. If the Ghost does not order the character to move, the character will stand in position unconscious.This effect is treated as a psychic type (weak) and lasts for 1 day.</p><p><strong>◯Poison Immunity, ◯Disease Immunity, ◯Psychic Type (Weak) Immunity</strong></p><p></p><p><strong>◯Unstable Healing</strong></p><p>Healing effects such as Divine Magic and items like Unicorn's Horn will damage Undead instead.Magitech, Fairy Magic, Nature Magic, etc. healing has no effect on the Undead.Spiritualism Magic and a few other healing effects can restore an Undead's HP.</p>",
  "status1Accuracy": "3",
  "status1AccuracyFix": 10,
  "status1Damage": "2d",
  "status1Defense": "0",
  "status1Evasion": "3",
  "status1EvasionFix": 10,
  "status1Hp": "20",
  "status1Mp": "20",
  "status1Style": "Smash",
  "statusNum": 1,
  "taxa": "Undead",
  "type": "m",
  "unitStatus": {
    "Smash:HP": "20/20",
    "Smash:MP": "20"
  },
  "unitExceptStatus": {
    "HP": 1,
    "MP": 1,
    "Defense": 1
  },
  "loots1Num": "2～11",
  "loots1Item": "None",
  "loots2Num": "12+",
  "loots2Item": "Crystal Tears of Resentment (500G/White A)",
  "fortitude": "5",
  "willpower": "4"
}