{
  "description": "<p>Seemingly identical to the Ghoul, a Ghoul Mage has the intellect to understand human speech. They prefer to live at the same level as humans, and despite being Ghouls, they eat fresh meat and often use it to trap creatures.</p><p>Rarely will one find a Ghoul Mage with enough mana that it even crystallizes in the \"Ghoul Coin.\" These high-quality coins glitter with an unearthly pattern and will undoubtedly fetch quite the price to the right collector.</p>",
  "disposition": "Hostile",
  "habitat": "Ruins",
  "initiative": "13",
  "intellect": "Average",
  "language": "Regional Dialect, Arcana",
  "lootsNum": 4,
  "monsterName": "Ghoul Mage",
  "mndResist": "8",
  "vitResist": "7",
  "lv": "5",
  "parts": "",
  "coreParts": "",
  "mobility": "14",
  "mode": "save",
  "paletteInsertType": "exchange",
  "paletteRemoveTags": "1",
  "paletteTool": "bcdice",
  "paletteUseBuff": "1",
  "paletteUseVar": "1",
  "partsNum": 1,
  "perception": "Magic",
  "reputation": "10",
  "reputation+": "15",
  "weakness": "Accuracy +1",
  "result": "OK",
  "sheetDescriptionM": "分類:Undead　知能:Average　知覚:Magic　反応:Hostile\n言語:Regional Dialect, Arcana　生息地:Ruins\n弱点:Accuracy +1\n先制値:13　生命抵抗力:7（14）　精神抵抗力:8（15）",
  "sheetDescriptionS": "分類:Undead\n弱点:Accuracy +1\n先制値:13　生命抵抗力:7（14）　精神抵抗力:8（15）",
  "sin": "0",
  "skills": "<p><strong>►Truespeech Magic 4 Level / Magic Power 7 (14)</strong></p><p></p><p><strong>◯🗨Magic Aptitude</strong></p><p>They can use the Combat Feats [Targeting] and [Metamagic/Targets].</p><p><strong>►Double Attack</strong></p><p>It can attack the same target twice in one action with its Claws.</p><p><strong>◯Paralyzing Poison/5 (12)/Fortitude/Negates</strong></p><p>If a Claw attack hits and deals at least 1 applied damage, the target has a -2 penalty to Evasion checks for 30 seconds (3 rounds). This effect is not cumulative.This effect is Poison type.</p><p><strong>◯Poison Immunity, ◯Disease Immunity, ◯Psychic Type (Weak) Immunity</strong></p><p></p><p><strong>◯Unstable Healing</strong></p><p>Healing effects such as Divine Magic and items like Unicorn's Horn will damage Undead instead.Magitech, Fairy Magic, Nature Magic, etc. healing has no effect on the Undead.Spiritualism Magic and a few other healing effects can restore an Undead's HP.</p>",
  "status1Accuracy": "6",
  "status1AccuracyFix": 13,
  "status1Damage": "2d+4",
  "status1Defense": "3",
  "status1Evasion": "6",
  "status1EvasionFix": 13,
  "status1Hp": "38",
  "status1Mp": "24",
  "status1Style": "Claws",
  "statusNum": 1,
  "taxa": "Undead",
  "type": "m",
  "unitStatus": {
    "Claws:HP": "38/38",
    "Claws:MP": "24"
  },
  "unitExceptStatus": {
    "HP": 1,
    "MP": 1,
    "Defense": 1
  },
  "loots1Num": "Always",
  "loots1Item": "Ghoul Toxin Extract (20G/Gold Red B)",
  "loots2Num": "2～6",
  "loots2Item": "None",
  "loots3Num": "7～11",
  "loots3Item": "Ghoul Coin (300G/Gold A)",
  "loots4Num": "12+",
  "loots4Item": "Rare Ghoul Coin (350G/Gold A) x 1d",
  "fortitude": "7",
  "willpower": "8"
}