{
  "description": "<p>A Ghoul is an undead that eats rotting corpses. Their \"prey\" is left to decay for a while after the kill, so that the Ghoul can feed off of the rot and corruption. Compared to Zombies, a Ghoul decays at a much slower rate due to the toxin in their system. When the toxin is extracted from the body, it can be used on wood to preserve it.</p><p>Additionally, the amber sediment inside a Ghoul's eye can be extracted and solidified into a small disc, which has taken the colloquial name \"ghoul coin\" among collectors of such objects.</p>",
  "disposition": "Hostile",
  "habitat": "Ruins",
  "initiative": "12",
  "intellect": "Low",
  "language": "None",
  "lootsNum": 3,
  "monsterName": "Ghoul",
  "mndResist": "5",
  "vitResist": "5",
  "lv": "3",
  "parts": "",
  "coreParts": "",
  "mobility": "11",
  "mode": "save",
  "paletteInsertType": "exchange",
  "paletteRemoveTags": "1",
  "paletteTool": "bcdice",
  "paletteUseBuff": "1",
  "paletteUseVar": "1",
  "partsNum": 1,
  "perception": "Magic",
  "reputation": "8",
  "reputation+": "13",
  "weakness": "HP Recovery (deals damage instead), +3 points",
  "result": "OK",
  "sheetDescriptionM": "分類:Undead　知能:Low　知覚:Magic　反応:Hostile\n言語:None　生息地:Ruins\n弱点:HP Recovery (deals damage instead), +3 points\n先制値:12　生命抵抗力:5（12）　精神抵抗力:5（12）",
  "sheetDescriptionS": "分類:Undead\n弱点:HP Recovery (deals damage instead), +3 points\n先制値:12　生命抵抗力:5（12）　精神抵抗力:5（12）",
  "sin": "0",
  "skills": "<p><strong>◯Psychic Immunity</strong></p><p></p><p><strong>►Double Attack</strong></p><p>It can attack the same target twice in one action with its Claws.</p><p><strong>◯Paralyzing Poison/5 (12)/Fortitude/Negates</strong></p><p>If a Claw attack hits and deals at least 1 applied damage, the target has a -2 penalty to Evasion checks for 30 seconds (3 rounds). This effect is not cumulative.This effect is Poison type.</p><p><strong>◯Poison Immunity, ◯Disease Immunity, ◯Psychic Type (Weak) Immunity</strong></p><p></p><p><strong>◯Unstable Healing</strong></p><p>Healing effects such as Divine Magic and items like Unicorn's Horn will damage Undead instead.Magitech, Fairy Magic, Nature Magic, etc. healing has no effect on the Undead.Spiritualism Magic and a few other healing effects can restore an Undead's HP.</p>",
  "status1Accuracy": "4",
  "status1AccuracyFix": 11,
  "status1Damage": "2d+2",
  "status1Defense": "0",
  "status1Evasion": "4",
  "status1EvasionFix": 11,
  "status1Hp": "30",
  "status1Mp": "-",
  "status1Style": "Claws",
  "statusNum": 1,
  "taxa": "Undead",
  "type": "m",
  "unitStatus": {
    "Claws:HP": "30/30",
    "Claws:MP": "-"
  },
  "unitExceptStatus": {
    "HP": 1,
    "MP": 1,
    "Defense": 1
  },
  "loots1Num": "Always",
  "loots1Item": "Ghoul Toxin Extract (20G/Gold Red B)",
  "loots2Num": "2～9",
  "loots2Item": "None",
  "loots3Num": "10+",
  "loots3Item": "Ghoul Coin (300G/Gold A)",
  "fortitude": "5",
  "willpower": "5"
}