{
  "description": "<p>Gian Fomors are incredibly powerful Fomor Giant generals who once led entire legions of Barbarous. At present, however, no Gian Fomors are in command, as the higher-level Drakes are very wary of rebellion and are keeping them subdued.</p><p>Usually, Gian Fomors are given nominal assignments and relegated to the far reaches and frontiers of the Barbarous territories. Their subordinates, too, are merely watchdogs, whose movements are constantly reported to the higher Drakes. Gian Fomors, however, have not lost their former vigor. They spend their long years in hiding, believing that one day Fomor's legions will sweep the earth.</p>",
  "disposition": "Hostile",
  "habitat": "Various",
  "initiative": "25",
  "intellect": "Average",
  "language": "Barbaric, Giant",
  "lootsNum": 3,
  "monsterName": "Gian Fomor",
  "mndResist": "17",
  "vitResist": "20",
  "lv": "14",
  "parts": "2 (Upper Body / Lower Body)",
  "coreParts": "Upper Body",
  "mobility": "24/-",
  "mode": "save",
  "paletteInsertType": "exchange",
  "paletteRemoveTags": "1",
  "paletteTool": "bcdice",
  "paletteUseBuff": "1",
  "paletteUseVar": "1",
  "partsNum": 2,
  "perception": "Five Senses",
  "reputation": "19",
  "reputation+": "23",
  "weakness": "Accuracy +1",
  "result": "OK",
  "sheetDescriptionM": "分類:Barbarous　知能:Average　知覚:Five Senses　反応:Hostile\n言語:Barbaric, Giant　生息地:Various\n弱点:Accuracy +1\n先制値:25　生命抵抗力:20（27）　精神抵抗力:17（24）",
  "sheetDescriptionS": "分類:Barbarous\n弱点:Accuracy +1\n先制値:25　生命抵抗力:20（27）　精神抵抗力:17（24）",
  "sin": "4",
  "skills": "<p><strong>◯Chain Attack</strong></p><p>After an attack, Gian Fomor can attack the same target again, regardless of its success or failure. This ability can add only one additional attack per round.</p><p><strong>◯Counter</strong></p><p>Identical effect as the Combat Feat [Counter].</p><br><br><p><strong>⏩△Technique & ◯Muscle Mystery</strong></p><p>Can use [Cat's Eye], [Beetleskin], [Bear Muscle], [Giant Arms], [Titan's Foot], [Troll Vitals], and [Recovery (14 points)]. These Techniques have twice the normal duration.</p><p><strong>⏩Stratagem and Maneuver/All Areas (50m Radius)</strong></p><p>Can use [Surging Offense IV: Radiant Strikes] (Accuracy +1, Physical Damage +1).Every third turn, they can use [Maneuver: Unexpected Blow II] (+4 Accuracy, +4 Damage). They cannot use Stratagems if no other allies will be affected by them.</p><br><br><p><strong>◯Attack Obstacle +4/None</strong></p><p>Fomor height prevents enemies from attacking it.The Upper Body receives a +4 bonus to Evasion checks against melee attacks. When the Lower Body falls to 0 HP or lower, this effect disappears.</p>",
  "status1Accuracy": "18",
  "status1AccuracyFix": 25,
  "status1Damage": "2d+17",
  "status1Defense": "12",
  "status1Evasion": "17",
  "status1EvasionFix": 24,
  "status1Hp": "136",
  "status1Mp": "54",
  "status1Style": "Fist (Upper Body)",
  "status2Accuracy": "17",
  "status2AccuracyFix": 24,
  "status2Damage": "2d+18",
  "status2Defense": "12",
  "status2Evasion": "17",
  "status2EvasionFix": 24,
  "status2Hp": "126",
  "status2Mp": "54",
  "status2Style": "Kick (Lower Body)",
  "statusNum": 2,
  "taxa": "Barbarous",
  "type": "m",
  "unitStatus": {
    "Fist (Upper Body):HP": "136/136",
    "Fist (Upper Body):MP": "54",
    "Kick (Lower Body):HP": "126/126",
    "Kick (Lower Body):MP": "54"
  },
  "unitExceptStatus": {
    "HP": 2,
    "MP": 2,
    "Defense": 2
  },
  "loots1Num": "2～6",
  "loots1Item": "Bag of Silver (100G / - ) x 2d",
  "loots2Num": "7～11",
  "loots2Item": "Bag of Silver (300G / -) x 2d",
  "loots3Num": "12+",
  "loots3Item": "General's Insignia (7,300G/Gold White S)",
  "fortitude": "20",
  "willpower": "17"
}