{
  "description": "<p>This subspecies of giant crabs has adapted to life in cold regions, specifically dwelling in riverbanks and shoals. It is characterized by its white shell and measures approximately 1.5 meters in length. While the shell itself is not very durable, the entire exterior of the crab's body is covered in hair that contains sensory organs. This hairy covering is believed to provide protection against the cold as well.</p>",
  "disposition": "Hungry",
  "habitat": "Cold regions, Rivers, Coasts",
  "initiative": "10",
  "intellect": "Animal",
  "language": "None",
  "lootsNum": 4,
  "monsterName": "Giant Ice Crab",
  "mndResist": "5",
  "vitResist": "5",
  "lv": "4",
  "parts": "",
  "coreParts": "",
  "mobility": "13 (Many Legs) / 13 (Swimming)",
  "mode": "save",
  "paletteInsertType": "exchange",
  "paletteRemoveTags": "1",
  "paletteTool": "bcdice",
  "paletteUseBuff": "1",
  "paletteUseVar": "1",
  "partsNum": 1,
  "perception": "Five Senses",
  "reputation": "12",
  "reputation+": "15",
  "weakness": "Fire Damage +3",
  "result": "OK",
  "sheetDescriptionM": "分類:Animal　知能:Animal　知覚:Five Senses　反応:Hungry\n言語:None　生息地:Cold regions, Rivers, Coasts\n弱点:Fire Damage +3\n先制値:10　生命抵抗力:5（12）　精神抵抗力:5（12）",
  "sheetDescriptionS": "分類:Animal\n弱点:Fire Damage +3\n先制値:10　生命抵抗力:5（12）　精神抵抗力:5（12）",
  "sin": "0",
  "skills": "<p><strong>◯Underwater Aptitude</strong></p><p></p><p><strong>►Icebubble Breath / 6 (13) / Fortitude / Half</strong></p><p>Within \"Range: Touch\" it sprays icy bubbles at up to three targets, dealing 2d+3 points of Water/Ice magic damage. This ability cannot be used on consecutive turns.</p>",
  "status1Accuracy": "5(12)",
  "status1AccuracyFix": 12,
  "status1Damage": "2d+5",
  "status1Defense": "5",
  "status1Evasion": "3(10)",
  "status1EvasionFix": 10,
  "status1Hp": "25",
  "status1Mp": "6",
  "status1Style": "Claws",
  "statusNum": 1,
  "taxa": "Animal",
  "type": "m",
  "unitStatus": {
    "Claws:HP": "25/25",
    "Claws:MP": "6"
  },
  "unitExceptStatus": {
    "HP": 1,
    "MP": 1,
    "Defense": 1
  },
  "loots1Num": "Always",
  "loots1Item": "Icy Claw (100G / Red Gold A)",
  "loots2Num": "2～6",
  "loots2Item": "Nothing",
  "loots3Num": "7～11",
  "loots3Item": "Icy Shell (200G / Red Gold A)",
  "loots4Num": "12+",
  "loots4Item": "Snow White Shell (600G / Red Gold A)",
  "fortitude": "5",
  "willpower": "5"
}