{
  "description": "<p>Giant Bats are flying mammals that suck blood from animals. Using ultrasonic waves inaudible to humans, the Bat can find its prey by hearing how the waves echo back to it (echolocation), allowing it to fly around and search for prey in darkness.</p>",
  "disposition": "Hostile",
  "habitat": "Forests, Caves",
  "initiative": "12",
  "intellect": "Animal",
  "language": "None",
  "lootsNum": 3,
  "monsterName": "Giant Bat",
  "mndResist": "4",
  "vitResist": "4",
  "lv": "3",
  "parts": "",
  "coreParts": "",
  "mobility": "-/20 (Flying)",
  "mode": "save",
  "paletteInsertType": "exchange",
  "paletteRemoveTags": "1",
  "paletteTool": "bcdice",
  "paletteUseBuff": "1",
  "paletteUseVar": "1",
  "partsNum": 1,
  "perception": "Five Senses (Hearing)",
  "reputation": "8",
  "reputation+": "12",
  "weakness": "Accuracy +1",
  "result": "OK",
  "sheetDescriptionM": "分類:Animal　知能:Animal　知覚:Five Senses (Hearing)　反応:Hostile\n言語:None　生息地:Forests, Caves\n弱点:Accuracy +1\n先制値:12　生命抵抗力:4（11）　精神抵抗力:4（11）",
  "sheetDescriptionS": "分類:Animal\n弱点:Accuracy +1\n先制値:12　生命抵抗力:4（11）　精神抵抗力:4（11）",
  "sin": "0",
  "skills": "<p><strong>◯Flight</strong></p><p>A Giant Bat receives a +1 bonus to Accuracy and Evasion only for melee attacks.</p><p><strong>◯Bloodsucking</strong></p><p>If a Bite attack hits, the monster's HP is restored by a value equal to the applied damage.</p>",
  "status1Accuracy": "4",
  "status1AccuracyFix": 11,
  "status1Damage": "2d+2",
  "status1Defense": "0",
  "status1Evasion": "4",
  "status1EvasionFix": 11,
  "status1Hp": "24",
  "status1Mp": "10",
  "status1Style": "Bite",
  "statusNum": 1,
  "taxa": "Animal",
  "type": "m",
  "unitStatus": {
    "Bite:HP": "24/24",
    "Bite:MP": "10"
  },
  "unitExceptStatus": {
    "HP": 1,
    "MP": 1,
    "Defense": 1
  },
  "loots1Num": "Always",
  "loots1Item": "Bat Wing (30G / Red B)",
  "loots2Num": "2～6",
  "loots2Item": "None",
  "loots3Num": "7+",
  "loots3Item": "Purple Jewel (120G / Gold A)",
  "fortitude": "4",
  "willpower": "4"
}