{
  "description": "<p>These huge boars, which live in forests and mountains and reach more than 5 meters in length, are omnivores and are feared as demolishers of the environment because of their appetite for devouring anything and everything they can find and the wildness that they can rampage about on their huge bodies. They are extremely belligerent and territorial and will react with fierce hostility to anyone who approaches them.</p>",
  "disposition": "Hostile",
  "habitat": "Forests, Mountains",
  "initiative": "19",
  "intellect": "Animal",
  "language": "None",
  "lootsNum": 3,
  "monsterName": "Giant Bohr",
  "mndResist": "11",
  "vitResist": "13",
  "lv": "9",
  "parts": "2 (Head / Body)",
  "coreParts": "Head",
  "mobility": "25 (4 Legs)",
  "mode": "save",
  "paletteInsertType": "exchange",
  "paletteRemoveTags": "1",
  "paletteTool": "bcdice",
  "paletteUseBuff": "1",
  "paletteUseVar": "1",
  "partsNum": 2,
  "perception": "Five senses",
  "reputation": "16",
  "reputation+": "19",
  "weakness": "Magic damage +2 points",
  "result": "OK",
  "sheetDescriptionM": "分類:Animal　知能:Animal　知覚:Five senses　反応:Hostile\n言語:None　生息地:Forests, Mountains\n弱点:Magic damage +2 points\n先制値:19　生命抵抗力:13（20）　精神抵抗力:11（18）",
  "sheetDescriptionS": "分類:Animal\n弱点:Magic damage +2 points\n先制値:19　生命抵抗力:13（20）　精神抵抗力:11（18）",
  "sin": "0",
  "skills": "<p><strong>►Trample</strong></p><p>A melee attack is applied to the targets within \"Range/Area: 1 (25m) / Breakthrough\", and a melee attack is applied to each target by any one section of this monster.Once this ability is used, all sections will complete the Major Action.This ability cannot be used if the HP of the Body section is 0 or less.</p><br><br><p><strong>►Full Speed Rush</strong></p><p>This ability can only be used in a melee.Giant Bohr rampages around and leaves the melee. It changes position to an adjacent area in the backward direction (Simplified Combat) or to any coordinates within 25m front or back (Standard Combat, Advanced Combat).</p>",
  "status1Accuracy": "13",
  "status1AccuracyFix": 20,
  "status1Damage": "2d+13",
  "status1Defense": "9",
  "status1Evasion": "12",
  "status1EvasionFix": 19,
  "status1Hp": "79",
  "status1Mp": "13",
  "status1Style": "Bite (Head)",
  "status2Accuracy": "12",
  "status2AccuracyFix": 19,
  "status2Damage": "2d+10",
  "status2Defense": "8",
  "status2Evasion": "11",
  "status2EvasionFix": 18,
  "status2Hp": "85",
  "status2Mp": "11",
  "status2Style": "Kick (Body)",
  "statusNum": 2,
  "taxa": "Animal",
  "type": "m",
  "unitStatus": {
    "Bite (Head):HP": "79/79",
    "Bite (Head):MP": "13",
    "Kick (Body):HP": "85/85",
    "Kick (Body):MP": "11"
  },
  "unitExceptStatus": {
    "HP": 2,
    "MP": 2,
    "Defense": 2
  },
  "loots1Num": "2～4",
  "loots1Item": "Fur (150G/Red A)",
  "loots2Num": "5～9",
  "loots2Item": "Fine Fur (450G/Red A)",
  "loots3Num": "10+",
  "loots3Item": "Best Fur (1,350G/Red S)",
  "fortitude": "13",
  "willpower": "11"
}