{
  "description": "<p>This huge eagle is 3 meters in length and over 5 meters in height. It preys on animals as large as a human adults by weakening them with its sharp claws and taking them to its nest.</p><p>Sometimes flying Barbarous train them and keep them as pets.</p>",
  "disposition": "Hungry",
  "habitat": "Wastelands, Mountains",
  "initiative": "18",
  "intellect": "Animal",
  "language": "None",
  "lootsNum": 2,
  "monsterName": "Giant Eagle",
  "mndResist": "9",
  "vitResist": "10",
  "lv": "7",
  "parts": "",
  "coreParts": "",
  "mobility": "-/30(Flying)",
  "mode": "save",
  "paletteInsertType": "exchange",
  "paletteRemoveTags": "1",
  "paletteTool": "bcdice",
  "paletteUseBuff": "1",
  "paletteUseVar": "1",
  "partsNum": 1,
  "perception": "Five Senses",
  "reputation": "14",
  "reputation+": "17",
  "weakness": "Wind type damage +3 points",
  "result": "OK",
  "sheetDescriptionM": "分類:Animal　知能:Animal　知覚:Five Senses　反応:Hungry\n言語:None　生息地:Wastelands, Mountains\n弱点:Wind type damage +3 points\n先制値:18　生命抵抗力:10（17）　精神抵抗力:9（16）",
  "sheetDescriptionS": "分類:Animal\n弱点:Wind type damage +3 points\n先制値:18　生命抵抗力:10（17）　精神抵抗力:9（16）",
  "sin": "0",
  "skills": "<p><strong>◯Flight</strong></p><p>A Giant Eagle receives a +1 bonus to Accuracy and Evasion only for melee attacks.</p><p><strong>🗨Dive Attack</strong></p><p>The Giant Eagle dives down from a high altitude down on the unsuspecting prey.The Accuracy check is increased by +2, and the damage increases by 4 points. As a risk, the Giant Eagle receives a -3 penalty on the Evasion checks.</p>",
  "status1Accuracy": "9",
  "status1AccuracyFix": 16,
  "status1Damage": "2d+10",
  "status1Defense": "5",
  "status1Evasion": "9",
  "status1EvasionFix": 16,
  "status1Hp": "58",
  "status1Mp": "14",
  "status1Style": "Talons",
  "statusNum": 1,
  "taxa": "Animal",
  "type": "m",
  "unitStatus": {
    "Talons:HP": "58/58",
    "Talons:MP": "14"
  },
  "unitExceptStatus": {
    "HP": 1,
    "MP": 1,
    "Defense": 1
  },
  "loots1Num": "2～8",
  "loots1Item": "None",
  "loots2Num": "9+",
  "loots2Item": "Feathers of the Bird of Prey (400G/Red A)",
  "fortitude": "10",
  "willpower": "9"
}