{
  "description": "<p>Giant Balloon Seeds were first cultivated during the Magitech Civilization but have since begun to grow wild. They resemble flowering plants of about 3 meters in length and attack by firing fist-sized seeds from their flower. They are capable of using their roots as legs to move about and these extended vines to protect their flowers from attack. Some individual Giant Balloon Seeds have grown in size and possess a greater number of flowers.</p>",
  "disposition": "Neutral",
  "habitat": "Forests, Swamps",
  "initiative": "10",
  "intellect": "None",
  "language": "None",
  "lootsNum": 3,
  "monsterName": "Giant Balloon Seed",
  "mndResist": "3",
  "vitResist": "4",
  "lv": "3",
  "parts": "3 (Flower / Vine x 2)",
  "coreParts": "None",
  "mobility": "8 (4 Legs)/-",
  "mode": "save",
  "paletteInsertType": "exchange",
  "paletteRemoveTags": "1",
  "paletteTool": "bcdice",
  "paletteUseBuff": "1",
  "paletteUseVar": "1",
  "partsNum": 3,
  "perception": "Magic",
  "reputation": "10",
  "reputation+": "13",
  "weakness": "Fire Damage +3",
  "result": "OK",
  "sheetDescriptionM": "分類:Plant　知能:None　知覚:Magic　反応:Neutral\n言語:None　生息地:Forests, Swamps\n弱点:Fire Damage +3\n先制値:10　生命抵抗力:4（11）　精神抵抗力:3（10）",
  "sheetDescriptionS": "分類:Plant\n弱点:Fire Damage +3\n先制値:10　生命抵抗力:4（11）　精神抵抗力:3（10）",
  "sin": "0",
  "skills": "<p><strong>◯Psychic Immunity</strong></p><p></p><br><br><p><strong>◯Substitution</strong></p><p>When the Flower section suffers damage from a melee or ranged attack, either Vine section can take the damage instead. The damage applied to the Flower applied as-is to the Vine (without recalculation). This unique skill can only be used once per round for each Vine.Giant Balloon Seed cannot use this unique skill against ranged or melee with multiple targets or wide-area attacks.</p>",
  "status1Accuracy": "4",
  "status1AccuracyFix": 11,
  "status1Damage": "2d+5",
  "status1Defense": "1",
  "status1Evasion": "3",
  "status1EvasionFix": 10,
  "status1Hp": "28",
  "status1Mp": "10",
  "status1Style": "Seed (Flower)",
  "status2Accuracy": "5",
  "status2AccuracyFix": 12,
  "status2Damage": "2d+2",
  "status2Defense": "2",
  "status2Evasion": "2",
  "status2EvasionFix": 9,
  "status2Hp": "22",
  "status2Mp": "10",
  "status2Style": "Vine (Vine)",
  "status3Accuracy": "5",
  "status3AccuracyFix": 12,
  "status3Damage": "2d+2",
  "status3Defense": "2",
  "status3Evasion": "2",
  "status3EvasionFix": 9,
  "status3Hp": "22",
  "status3Mp": "10",
  "status3Style": "Vine (Vine)",
  "statusNum": 3,
  "taxa": "Plant",
  "type": "m",
  "unitStatus": {
    "Seed (Flower):HP": "28/28",
    "Seed (Flower):MP": "10",
    "Vine (Vine):HP": "22/22",
    "Vine (Vine):MP": "10"
  },
  "unitExceptStatus": {
    "HP": 3,
    "MP": 3,
    "Defense": 3
  },
  "loots1Num": "Always",
  "loots1Item": "Hard Seed (30G / Green B)",
  "loots2Num": "2～9",
  "loots2Item": "None",
  "loots3Num": "10+",
  "loots3Item": "Beautiful Bulb (300G / Green A)",
  "fortitude": "4",
  "willpower": "3"
}