{
  "description": "<p>Giant Zombie is born from the corpse of a Giant. These are just a few examples of Giant Zombies, and the strength of Giant Zombies varies greatly depending on the race and the individual.</p>",
  "disposition": "Hostile",
  "habitat": "Various",
  "initiative": "19",
  "intellect": "Low",
  "language": "None",
  "lootsNum": 4,
  "monsterName": "Giant Zombie",
  "mndResist": "18",
  "vitResist": "20",
  "lv": "15",
  "parts": "2 (Upper Body / Lower Body)",
  "coreParts": "Upper Body",
  "mobility": "25",
  "mode": "save",
  "paletteInsertType": "exchange",
  "paletteRemoveTags": "1",
  "paletteTool": "bcdice",
  "paletteUseBuff": "1",
  "paletteUseVar": "1",
  "partsNum": 2,
  "perception": "Magic",
  "reputation": "13",
  "reputation+": "20",
  "weakness": "Physical damage +2 points",
  "result": "OK",
  "sheetDescriptionM": "分類:Undead　知能:Low　知覚:Magic　反応:Hostile\n言語:None　生息地:Various\n弱点:Physical damage +2 points\n先制値:19　生命抵抗力:20（27）　精神抵抗力:18（25）",
  "sheetDescriptionS": "分類:Undead\n弱点:Physical damage +2 points\n先制値:19　生命抵抗力:20（27）　精神抵抗力:18（25）",
  "sin": "0",
  "skills": "<p><strong>◯Regeneration = 10 points</strong></p><p>At the end of each round, each section of Giant Zombie recovers 10 HP. This has no effect if the section has 0 HP or lower.</p><p><strong>◯Poison Immunity, ◯Disease Immunity, ◯Psychic Type (Weak) Immunity</strong></p><p></p><p><strong>◯Unstable Healing</strong></p><p>Healing effects such as Divine Magic and items like Unicorn's Horn will damage Undead instead.Magitech, Fairy Magic, Nature Magic, etc. healing has no effect on the Undead.Spiritualism Magic and a few other healing effects can restore an Undead's HP.</p><br><br><p><strong>►War Cry/18 (25)/Willpower/Negates</strong></p><p>The Giant Zombie unleashes a powerful yell, causing fear for \"Range: Caster\" and \"Target: 2-3 areas (10m Radius) / All\". This fear, treated as a Psychic effect, gives a -2 penalty to all Action rolls for the next 30 seconds (3 rounds).This effect is treated as Psychic type.</p><p><strong>🗨Simultaneous Attack</strong></p><p>A Giant Zombie's Weapon can attack all characters in the same skirmish. Each Accuracy Check is made with a -2 penalty.</p><br><br><p><strong>◯Attack Obstacle = +4 • None</strong></p><p>A Giant Zombie's height prevents enemies from attacking it. The Upper Body receives a +4 bonus to Evasion checks against melee attacks. This effect disappears when the Lower Body falls to 0 HP or lower.</p>",
  "status1Accuracy": "19",
  "status1AccuracyFix": 26,
  "status1Damage": "2d+20",
  "status1Defense": "16",
  "status1Evasion": "17",
  "status1EvasionFix": 24,
  "status1Hp": "132",
  "status1Mp": "20",
  "status1Style": "Weapon (Upper Body)",
  "status2Accuracy": "20",
  "status2AccuracyFix": 27,
  "status2Damage": "2d+16",
  "status2Defense": "18",
  "status2Evasion": "16",
  "status2EvasionFix": 23,
  "status2Hp": "142",
  "status2Mp": "10",
  "status2Style": "Kick (Lower Body)",
  "statusNum": 2,
  "taxa": "Undead",
  "type": "m",
  "unitStatus": {
    "Weapon (Upper Body):HP": "132/132",
    "Weapon (Upper Body):MP": "20",
    "Kick (Lower Body):HP": "142/142",
    "Kick (Lower Body):MP": "10"
  },
  "unitExceptStatus": {
    "HP": 2,
    "MP": 2,
    "Defense": 2
  },
  "loots1Num": "Always",
  "loots1Item": "Giant Rotting Weapon (500G/Black White A)",
  "loots2Num": "2～6",
  "loots2Item": "None",
  "loots3Num": "7～12",
  "loots3Item": "Gold Bracelet (5,000G/Gold White S)",
  "loots4Num": "13+",
  "loots4Item": "Giant's Treasure (10,000G/Gold SS)",
  "fortitude": "20",
  "willpower": "18"
}