{
  "description": "<p>This is a gigantic fly with a body length of over 50 cm. They attack mainly animals, cutting them with their sharp mouthparts and sucking their blood to fill their bellies.</p><p>They frequently act in herds. Such herds tend to target larger objects because of the ease of attacking them as a group.</p>",
  "disposition": "Hungry",
  "habitat": "Forests, Meadow, Swamp",
  "initiative": "9",
  "intellect": "Animal",
  "language": "None",
  "lootsNum": 3,
  "monsterName": "Giant Gadfly",
  "mndResist": "2",
  "vitResist": "2",
  "lv": "1",
  "parts": "",
  "coreParts": "",
  "mobility": "3 (6 Legs)/15 (Flying)",
  "mode": "save",
  "paletteInsertType": "exchange",
  "paletteRemoveTags": "1",
  "paletteTool": "bcdice",
  "paletteUseBuff": "1",
  "paletteUseVar": "1",
  "partsNum": 1,
  "perception": "Five senses",
  "reputation": "6",
  "reputation+": "9",
  "weakness": "Physical damage +2 points",
  "result": "OK",
  "sheetDescriptionM": "分類:Animal　知能:Animal　知覚:Five senses　反応:Hungry\n言語:None　生息地:Forests, Meadow, Swamp\n弱点:Physical damage +2 points\n先制値:9　生命抵抗力:2（9）　精神抵抗力:2（9）",
  "sheetDescriptionS": "分類:Animal\n弱点:Physical damage +2 points\n先制値:9　生命抵抗力:2（9）　精神抵抗力:2（9）",
  "sin": "0",
  "skills": "<p><strong>◯Flight</strong></p><p>Receives a +1 bonus to Accuracy and Evasion only for melee attacks.</p><p><strong>◯Constant Attacks</strong></p><p>If an attack by a Giant Gadfly is evaded, the next attack by the Giant Gadfly on that target will gain a +1 bonus to the Accuracy checks until end of the monster's turn.This modifier is cumulative for all Giant Gadflies and has no upper limit. However, it is lost once the Giant Gadfly hits or the last Giant Gadfly attack of the round is avoided.</p>",
  "status1Accuracy": "2",
  "status1AccuracyFix": 9,
  "status1Damage": "2d-1",
  "status1Defense": "1",
  "status1Evasion": "2",
  "status1EvasionFix": 9,
  "status1Hp": "8",
  "status1Mp": "5",
  "status1Style": "Mouth",
  "statusNum": 1,
  "taxa": "Animal",
  "type": "m",
  "unitStatus": {
    "Mouth:HP": "8/8",
    "Mouth:MP": "5"
  },
  "unitExceptStatus": {
    "HP": 1,
    "MP": 1,
    "Defense": 1
  },
  "loots1Num": "2～7",
  "loots1Item": "None",
  "loots2Num": "8～11",
  "loots2Item": "Blackened Compound Eyes (30G/Red B)",
  "loots3Num": "12+",
  "loots3Item": "Shiny Compound Eyes (150G/Red A)",
  "fortitude": "2",
  "willpower": "2"
}