{
  "description": "<p>Measuring on average 2m, a Giant Crab uses its size, bulk, and powerful pincers to take down their prey. It's even said that some land-based animals have been caught and eaten by Giant Crabs.</p>",
  "disposition": "Hungry",
  "habitat": "Coast, Ocean",
  "initiative": "10",
  "intellect": "Animal",
  "language": "None",
  "lootsNum": 3,
  "monsterName": "Giant Crab",
  "mndResist": "4",
  "vitResist": "6",
  "lv": "4",
  "parts": "",
  "coreParts": "",
  "mobility": "14 (Many Legs)/14 (Swimming)",
  "mode": "save",
  "paletteInsertType": "exchange",
  "paletteRemoveTags": "1",
  "paletteTool": "bcdice",
  "paletteUseBuff": "1",
  "paletteUseVar": "1",
  "partsNum": 1,
  "perception": "Five senses",
  "reputation": "11",
  "reputation+": "14",
  "weakness": "Bludgeoning damage +3 points",
  "result": "OK",
  "sheetDescriptionM": "分類:Animal　知能:Animal　知覚:Five senses　反応:Hungry\n言語:None　生息地:Coast, Ocean\n弱点:Bludgeoning damage +3 points\n先制値:10　生命抵抗力:6（13）　精神抵抗力:4（11）",
  "sheetDescriptionS": "分類:Animal\n弱点:Bludgeoning damage +3 points\n先制値:10　生命抵抗力:6（13）　精神抵抗力:4（11）",
  "sin": "0",
  "skills": "<p><strong>◯Underwater Aptitude</strong></p><p></p><p><strong>►Twin Strike & Double Attack</strong></p><p>Can make two Pincers attacks each round, though each attack requires its own Accuracy check. They may choose to attack different characters with each attack.</p>",
  "status1Accuracy": "6",
  "status1AccuracyFix": 13,
  "status1Damage": "2d+4",
  "status1Defense": "7",
  "status1Evasion": "4",
  "status1EvasionFix": 11,
  "status1Hp": "22",
  "status1Mp": "6",
  "status1Style": "Pincers",
  "statusNum": 1,
  "taxa": "Animal",
  "type": "m",
  "unitStatus": {
    "Pincers:HP": "22/22",
    "Pincers:MP": "6"
  },
  "unitExceptStatus": {
    "HP": 1,
    "MP": 1,
    "Defense": 1
  },
  "loots1Num": "Always",
  "loots1Item": "Sharp Pincers (50G/Red B)",
  "loots2Num": "2～10",
  "loots2Item": "None",
  "loots3Num": "11+",
  "loots3Item": "Crab Innards (600G/Red A)",
  "fortitude": "6",
  "willpower": "4"
}