{
  "description": "<p>Found throughout the continent of Alframe in wastelands with little fruitfulness, this is a huge mass of cottony hairs up to 3 meters in length. They are sometimes seen floating in the wind.</p><p>It attacks any creature that comes near it and plants hairs on its body. The hairs absorb the host's life force and sprout as a seedbed.</p><p>They are called \"Deadly Fluff\" by merchants, travelers, and adventurers, who are told to stay away from them and run away if they see them.</p>",
  "disposition": "Hostile",
  "habitat": "Wilderness",
  "initiative": "14",
  "intellect": "None",
  "language": "None",
  "lootsNum": 2,
  "monsterName": "Giant Fluffball",
  "mndResist": "10",
  "vitResist": "11",
  "lv": "8",
  "parts": "3 (Fluff x 3)",
  "coreParts": "None",
  "mobility": "-/15(Floating)",
  "mode": "save",
  "paletteInsertType": "exchange",
  "paletteRemoveTags": "1",
  "paletteTool": "bcdice",
  "paletteUseBuff": "1",
  "paletteUseVar": "1",
  "partsNum": 3,
  "perception": "Magic",
  "reputation": "14",
  "reputation+": "17",
  "weakness": "Fire damage +3 points",
  "result": "OK",
  "sheetDescriptionM": "分類:Plant　知能:None　知覚:Magic　反応:Hostile\n言語:None　生息地:Wilderness\n弱点:Fire damage +3 points\n先制値:14　生命抵抗力:11（18）　精神抵抗力:10（17）",
  "sheetDescriptionS": "分類:Plant\n弱点:Fire damage +3 points\n先制値:14　生命抵抗力:11（18）　精神抵抗力:10（17）",
  "sin": "0",
  "skills": "<p><strong>◯Fluff Body</strong></p><p>The monster does not receive a critical hit from blunt weapons and is treated as having a Defense value of 3 points higher against blunt weapons.</p><p><strong>◯Fire Vulnerability</strong></p><p>When the Giant Flﾺll is hit by Fire-type damage, it takes an extra 3 damage.</p><p><strong>◯Fluff Scatter/Can't</strong></p><p>If the target character (a character who is hit by a Slam or a character who hits this monster with a melee attack) automatically gains 1 \"fluff point\". This effect accumulates until the number of \"fluff points\" reaches 5.</p><p><strong>◯Fluff Explosion/Can't</strong></p><p>The Fluff section explodes and scatters cotton wool within \"Range: Caster\" when its HP becomes 0. In \"Target: 1 area (5m Radius)/15,\" gets 1d x \"fluff points.\" Fluff points are accumulated until the number of points reaches 5 for each target.After this effect occurs, the Fluff section automatically fails the Death Check.</p><p><strong>◯Fluff Disease/11 (18)/Fortitude/Negates</strong></p><p>A character with 1 or more \"fluff points\" receives \"fluff points\" of fixed damage at the end of their turn. This effect is a disease type and lasts for 1 day.A character can pull out the fluff from \"Target: 1 Character\" (including itself) within \"Range: Touch\" with a Major Action. This makes the target's \"fluff points\" automatically reduced by -1.</p>",
  "status1Accuracy": "10",
  "status1AccuracyFix": 17,
  "status1Damage": "2d+10",
  "status1Defense": "6",
  "status1Evasion": "9",
  "status1EvasionFix": 16,
  "status1Hp": "78",
  "status1Mp": "17",
  "status1Style": "Slam (Fluff)",
  "status2Accuracy": "10",
  "status2AccuracyFix": 17,
  "status2Damage": "2d+10",
  "status2Defense": "6",
  "status2Evasion": "9",
  "status2EvasionFix": 16,
  "status2Hp": "78",
  "status2Mp": "17",
  "status2Style": "Slam (Fluff)",
  "status3Accuracy": "10",
  "status3AccuracyFix": 17,
  "status3Damage": "2d+10",
  "status3Defense": "6",
  "status3Evasion": "9",
  "status3EvasionFix": 16,
  "status3Hp": "78",
  "status3Mp": "17",
  "status3Style": "Slam (Fluff)",
  "statusNum": 3,
  "taxa": "Plant",
  "type": "m",
  "unitStatus": {
    "Slam (Fluff):HP": "78/78",
    "Slam (Fluff):MP": "17"
  },
  "unitExceptStatus": {
    "HP": 3,
    "MP": 3,
    "Defense": 3
  },
  "loots1Num": "2～10",
  "loots1Item": "Dangerous Fluff (200G/Green A)",
  "loots2Num": "11+",
  "loots2Item": "Ash Fluff (2,000G/Green S)",
  "fortitude": "11",
  "willpower": "10"
}