{
  "description": "<p>A carnivorous reptile about 2m long. Adventurers should be wary of lone Giant Lizards, as their companions tend to wait in ambush for unwary stragglers.</p><p>In rare cases, there are those specimens with finer scales than usual. If enough of these scales can be harvested and brought to a skilled armorsmith, high-quality scale mail can be made.</p><p><em>For the mount version of this monster, see Giant Lizard (mount).</em></p>",
  "disposition": "Hungry",
  "habitat": "Various",
  "initiative": "10",
  "intellect": "Animal",
  "language": "None",
  "lootsNum": 2,
  "monsterName": "Giant Lizard",
  "mndResist": "3",
  "vitResist": "5",
  "lv": "2",
  "parts": "",
  "coreParts": "",
  "mobility": "12 (4 Legs)",
  "mode": "save",
  "paletteInsertType": "exchange",
  "paletteRemoveTags": "1",
  "paletteTool": "bcdice",
  "paletteUseBuff": "1",
  "paletteUseVar": "1",
  "partsNum": 1,
  "perception": "Five senses",
  "reputation": "7",
  "reputation+": "11",
  "weakness": "Physical damage +2 points",
  "result": "OK",
  "sheetDescriptionM": "分類:Animal　知能:Animal　知覚:Five senses　反応:Hungry\n言語:None　生息地:Various\n弱点:Physical damage +2 points\n先制値:10　生命抵抗力:5（12）　精神抵抗力:3（10）",
  "sheetDescriptionS": "分類:Animal\n弱点:Physical damage +2 points\n先制値:10　生命抵抗力:5（12）　精神抵抗力:3（10）",
  "sin": "0",
  "skills": "<p><strong></strong></p><p>None.</p>",
  "status1Accuracy": "3",
  "status1AccuracyFix": 10,
  "status1Damage": "2d+2",
  "status1Defense": "2",
  "status1Evasion": "2",
  "status1EvasionFix": 9,
  "status1Hp": "20",
  "status1Mp": "8",
  "status1Style": "Bite",
  "statusNum": 1,
  "taxa": "Animal",
  "type": "m",
  "unitStatus": {
    "Bite:HP": "20/20",
    "Bite:MP": "8"
  },
  "unitExceptStatus": {
    "HP": 1,
    "MP": 1,
    "Defense": 1
  },
  "loots1Num": "2～7",
  "loots1Item": "None",
  "loots2Num": "8+",
  "loots2Item": "High-quality Jade (140G/Red A)",
  "fortitude": "5",
  "willpower": "3"
}