{
  "description": "<p>Gilmen are Humanoid in shape, with fish-like faces and covered in fine scales from head to toe. Able to breathe and move in water without penalty, Gilmen tend to live close to, if not in, the water. Caves and estuaries near rivers are common Gilman settlements, but there are also underwater civilizations as well.</p><p>Gilmen tend to share few to no values with Humanoid races and are fairly emotionless. In combat, a Gilman will fight to win, and will protect allies even if it becomes disadvantageous to do so. They are also rather stoic and will not panic, even if abandoned by their allies.</p>",
  "disposition": "Hostile",
  "habitat": "Coasts, River Deltas",
  "initiative": "13",
  "intellect": "Average",
  "language": "Barbaric, Gilman",
  "lootsNum": 3,
  "monsterName": "Gilman",
  "mndResist": "7",
  "vitResist": "7",
  "lv": "5",
  "parts": "",
  "coreParts": "",
  "mobility": "18/18 (swimming)",
  "mode": "save",
  "paletteInsertType": "exchange",
  "paletteRemoveTags": "1",
  "paletteTool": "bcdice",
  "paletteUseBuff": "1",
  "paletteUseVar": "1",
  "partsNum": 1,
  "perception": "Five Senses (Darkvision)",
  "reputation": "13",
  "reputation+": "16",
  "weakness": "Fire Damage +3",
  "result": "OK",
  "sheetDescriptionM": "分類:Barbarous　知能:Average　知覚:Five Senses (Darkvision)　反応:Hostile\n言語:Barbaric, Gilman　生息地:Coasts, River Deltas\n弱点:Fire Damage +3\n先制値:13　生命抵抗力:7（14）　精神抵抗力:7（14）",
  "sheetDescriptionS": "分類:Barbarous\n弱点:Fire Damage +3\n先制値:13　生命抵抗力:7（14）　精神抵抗力:7（14）",
  "sin": "2",
  "skills": "<p><strong>◯Underwater Aptitude</strong></p><p></p><p><strong>►Feint Attack</strong></p><p>The Gilman receives a +1 Accuracy bonus to the next attack. Characters wearing metal armor are unaffected.</p>",
  "status1Accuracy": "7",
  "status1AccuracyFix": 14,
  "status1Damage": "2d+7",
  "status1Defense": "3",
  "status1Evasion": "7",
  "status1EvasionFix": 14,
  "status1Hp": "32",
  "status1Mp": "23",
  "status1Style": "Weapon",
  "statusNum": 1,
  "taxa": "Barbarous",
  "type": "m",
  "unitStatus": {
    "Weapon:HP": "32/32",
    "Weapon:MP": "23"
  },
  "unitExceptStatus": {
    "HP": 1,
    "MP": 1,
    "Defense": 1
  },
  "loots1Num": "2～3",
  "loots1Item": "None",
  "loots2Num": "4～8",
  "loots2Item": "Mysterious Shells (130G/Gold Red A)",
  "loots3Num": "9+",
  "loots3Item": "Gems (150G/Gold A) x 1d",
  "fortitude": "7",
  "willpower": "7"
}