{
  "description": "<p>A Glass Basilisk that has shown its true form: A large lizard about 5m long, with one eye milky-white and cloudy and the other colorless and transparent. In this form, unlike its rational human form, the Glass Basilisk is driven by emotion and tramples all those before it.</p>",
  "disposition": "Hostile",
  "habitat": "Cold Region, Ruins",
  "initiative": "17",
  "intellect": "Low",
  "language": "Trade Common, Barbaric, Basilisk, Drakish, Arcana",
  "lootsNum": 4,
  "monsterName": "Glass Basilisk (Monstrous Form)",
  "mndResist": "14",
  "vitResist": "14",
  "lv": "12",
  "parts": "4 (Right Evil Eye / Left Evil Eye / Body / Head)",
  "coreParts": "Head",
  "mobility": "12 (4 Legs)/-",
  "mode": "save",
  "paletteInsertType": "exchange",
  "paletteRemoveTags": "1",
  "paletteTool": "bcdice",
  "paletteUseBuff": "1",
  "paletteUseVar": "1",
  "partsNum": 4,
  "perception": "Five Senses (Darkvision)",
  "reputation": "12",
  "reputation+": "16",
  "weakness": "Fire Damage +3",
  "result": "OK",
  "sheetDescriptionM": "分類:Barbarous　知能:Low　知覚:Five Senses (Darkvision)　反応:Hostile\n言語:Trade Common, Barbaric, Basilisk, Drakish, Arcana　生息地:Cold Region, Ruins\n弱点:Fire Damage +3\n先制値:17　生命抵抗力:14（21）　精神抵抗力:14（21）",
  "sheetDescriptionS": "分類:Barbarous\n弱点:Fire Damage +3\n先制値:17　生命抵抗力:14（21）　精神抵抗力:14（21）",
  "sin": "4",
  "skills": "<p><strong>◯Poison, Disease Immunity</strong></p><p></p><p><strong>◯Poisonous Blood / 14 (21) / Fortitude / Negates</strong></p><p>This is the same as the Glass Basilisk (Human Form), except for the difference in Resistance value.</p><br><br><p><strong>⏩Glass Gaze / 14 (21) / Willpower / Negates</strong></p><p>This is the same as the Glass Basilisk (Human Form), except for the difference in Resistance value.</p><br><br><p><strong>⏩Paralyzing Gaze / 14 (21) / Willpower / Negates</strong></p><p>This is the same as the Glass Basilisk (Human Form), except for the difference in Resistance value.</p><br><br><p><strong>►Truespeech Magic 10 Level / Magic Power 11 (18)</strong></p><p></p><p><strong>🗨►Magic Aptitude</strong></p><p>Can use the Combat Feats [Multi-Action], [Universal Metamagic], and [Wordbreak].</p><br><br><p><strong>◯Standing Upright</strong></p><p>If the HP of [Section: Body] is reduced to 0 or less, all other Sections receive a -2 penalty to their Evasion.</p><p><strong>⏩△Instant Humanization</strong></p><p>It instantly transforms into Human form. Refer to Glass Basilisk (Human Form) for data on the Human form. If the Body section has suffered HP or MP damage or has been affected by magic or other effects, these are carried over to the Human form. If its HP is less than 0, it immediately falls unconscious.[⏩△Instant Humanification] cannot be used for 1 hour immediately after using [►Monstrous Form].</p>",
  "status1Accuracy": "-",
  "status1AccuracyFix": null,
  "status1Damage": "-",
  "status1Defense": "5",
  "status1Evasion": "16",
  "status1EvasionFix": 23,
  "status1Hp": "50",
  "status1Mp": "26",
  "status1Style": "None (Right Evil Eye)",
  "status2Accuracy": "-",
  "status2AccuracyFix": null,
  "status2Damage": "-",
  "status2Defense": "5",
  "status2Evasion": "16",
  "status2EvasionFix": 23,
  "status2Hp": "50",
  "status2Mp": "26",
  "status2Style": "None (Left Evil Eye)",
  "status3Accuracy": "14",
  "status3AccuracyFix": 21,
  "status3Damage": "2d + 10",
  "status3Defense": "10",
  "status3Evasion": "15",
  "status3EvasionFix": 22,
  "status3Hp": "89",
  "status3Mp": "55",
  "status3Style": "Bite (Head)",
  "status4Accuracy": "13",
  "status4AccuracyFix": 20,
  "status4Damage": "2d+14",
  "status4Defense": "13",
  "status4Evasion": "13",
  "status4EvasionFix": 20,
  "status4Hp": "99",
  "status4Mp": "53",
  "status4Style": "Claws (Body)",
  "statusNum": 4,
  "taxa": "Barbarous",
  "type": "m",
  "unitStatus": {
    "None (Right Evil Eye):HP": "50/50",
    "None (Right Evil Eye):MP": "26",
    "None (Left Evil Eye):HP": "50/50",
    "None (Left Evil Eye):MP": "26",
    "Bite (Head):HP": "89/89",
    "Bite (Head):MP": "55",
    "Claws (Body):HP": "99/99",
    "Claws (Body):MP": "53"
  },
  "unitExceptStatus": {
    "HP": 4,
    "MP": 4,
    "Defense": 4
  },
  "loots1Num": "Always",
  "loots1Item": "Basilisk Pureblood (1,000G / Red S)",
  "loots2Num": "2～11",
  "loots2Item": "Glass Eye (24,00G / Gold Red S)",
  "loots3Num": "12～13",
  "loots3Item": "Glazed Eye (6,000G / Gold Red S)",
  "loots4Num": "14+",
  "loots4Item": "Glass Eye (12,000G / Gold Red SS)",
  "fortitude": "14",
  "willpower": "14"
}