{
  "description": "<p>Glass Basilisks are a higher species of Basilisk possessed of glass evil eye. Their petrification gaze turns the victim into a translucent glass statue. This variant of Basilisk prefers cold climates, and bears a weakness to fire and high heat.</p><p>Its second evil eye possesses the power of paralyzation, which, once seen, is difficult to escape from.</p>",
  "disposition": "Hostile",
  "habitat": "Cold Region, Ruins",
  "initiative": "17",
  "intellect": "Low",
  "language": "Trade Common, Barbaric, Basilisk, Drakish, Arcana",
  "lootsNum": 4,
  "monsterName": "Glass Basilisk (Human Form)",
  "mndResist": "14",
  "vitResist": "14",
  "lv": "12",
  "parts": "",
  "coreParts": "",
  "mobility": "12 (4 Legs)/-",
  "mode": "save",
  "paletteInsertType": "exchange",
  "paletteRemoveTags": "1",
  "paletteTool": "bcdice",
  "paletteUseBuff": "1",
  "paletteUseVar": "1",
  "partsNum": 1,
  "perception": "Five Senses (Darkvision)",
  "reputation": "12",
  "reputation+": "16",
  "weakness": "Fire Damage +3",
  "result": "OK",
  "sheetDescriptionM": "分類:Barbarous　知能:Low　知覚:Five Senses (Darkvision)　反応:Hostile\n言語:Trade Common, Barbaric, Basilisk, Drakish, Arcana　生息地:Cold Region, Ruins\n弱点:Fire Damage +3\n先制値:17　生命抵抗力:14（21）　精神抵抗力:14（21）",
  "sheetDescriptionS": "分類:Barbarous\n弱点:Fire Damage +3\n先制値:17　生命抵抗力:14（21）　精神抵抗力:14（21）",
  "sin": "4",
  "skills": "<p><strong>◯Poison, Disease Immunity</strong></p><p></p><p><strong>►Truespeech Magic 10 Level / Magic Power 13 (20)</strong></p><p></p><p><strong>🗨►Magic Aptitude</strong></p><p>Can use the Combat Feats [Multi-Action], [Universal Metamagic], and [Wordbreak].</p><p><strong>⏩Glass Gaze / 13 (20) / Willpower / Negates</strong></p><p>With \"Range/Area: 2 (50m) / Target,\" the Glass Basilisk gazes at a \"Target: 1 Character\", afflicting them with petrification (Dexterity / Agility -6). This effect eventually turns the target into a clear glass statue instead of a stone statue, but can be countered with [Cure Stone].If the victim is holding a mirror is targeted with this ability, and if the Success Value of the Willpower check is 4 or more points greater than the target value, the gaze can be reflected and its effect applied to the Glass Basilisk, which does not get its own Willpower check.This effect occurs even if the Glass Basilisk is blindfolded, etc. and is treated as a curse effect.This ability can only be used once a round.</p><p><strong>⏩Paralyzing Gaze / 12 (19) / Willpower / Negates</strong></p><p>With \"Range/Area: 2 (50m)/Target,\" the Glass Basilisk gazes at the target, restricting its movement. If affected, the target cannot make a Full Move for 10 seconds (1 round). This also prevents special movement due to the effects of magic or items. The victim can only walk and fly using its own innate physical abilities. The ability to use the Combat Feat [Shadow Sneak] is also lost, along with other movement-assisting effects.This ability can only be used once a round.</p><p><strong>◯Poisonous Blood / 13 (20) / Fortitude / Negates</strong></p><p>Anyone within the same Skirmish area who deals damage to this monster receives 2d+4 Poison magic damage at the end of their turn.</p><p><strong>►Monstrous Form</strong></p><p>The monster transforms into its monstrous form. For data on this form, see Glass Basilisk (Monstrous Form). Its HP and MP are restored to their maximum values, and all effects of spells and the like are removed. When [►Monstrous Form] is activated, the new Body section is treated as if it took a Major Action. The Head section may take Major Action on this turn. Also, [Evil Left Eye] and [Evil Right Eye] sections can use their gaze abilities on their turn if the Basilisk has not already used it for its turn.The ability [⏩△Instant Humanification] cannot be used for 1 hour immediately after using [►Monstrous Form].</p>",
  "status1Accuracy": "14",
  "status1AccuracyFix": 21,
  "status1Damage": "2d+13",
  "status1Defense": "12",
  "status1Evasion": "12",
  "status1EvasionFix": 19,
  "status1Hp": "93",
  "status1Mp": "67",
  "status1Style": "Weapon",
  "statusNum": 1,
  "taxa": "Barbarous",
  "type": "m",
  "unitStatus": {
    "Weapon:HP": "93/93",
    "Weapon:MP": "67"
  },
  "unitExceptStatus": {
    "HP": 1,
    "MP": 1,
    "Defense": 1
  },
  "loots1Num": "Always",
  "loots1Item": "Basilisk Pureblood (1000G / Red S)",
  "loots2Num": "2～8",
  "loots2Item": "None",
  "loots3Num": "9～12",
  "loots3Item": "Glass Eye (2,400G / Gold Red S)",
  "loots4Num": "13+",
  "loots4Item": "Glazed Eye (6,000G / Gold Red S)",
  "fortitude": "14",
  "willpower": "14"
}