{
  "description": "<p>An earthen fairy, Gnomes are tiny in stature, typically appearing as 1m tall bearded older men. However, there are also female and child Gnomes, though they do not usually appear outside Gnome settlements. The older male Gnomes will fight fiercely to protect these other Gnomes. Because of this, Gnomes have a reputation for valuing strength in the face of adversity and watching friends and family.</p>",
  "disposition": "Neutral",
  "habitat": "Forests, Mountains, Caves",
  "initiative": "13",
  "intellect": "Average",
  "language": "Sylvan",
  "lootsNum": 0,
  "monsterName": "Gnome",
  "mndResist": "8",
  "vitResist": "9",
  "lv": "7",
  "parts": "",
  "coreParts": "",
  "mobility": "16",
  "mode": "save",
  "paletteInsertType": "exchange",
  "paletteRemoveTags": "1",
  "paletteTool": "bcdice",
  "paletteUseBuff": "1",
  "paletteUseVar": "1",
  "partsNum": 1,
  "perception": "Five senses",
  "reputation": "11",
  "reputation+": "16",
  "weakness": "Wind type damage +3 points",
  "result": "OK",
  "sheetDescriptionM": "分類:Fairy　知能:Average　知覚:Five senses　反応:Neutral\n言語:Sylvan　生息地:Forests, Mountains, Caves\n弱点:Wind type damage +3 points\n先制値:13　生命抵抗力:9（16）　精神抵抗力:8（15）",
  "sheetDescriptionS": "分類:Fairy\n弱点:Wind type damage +3 points\n先制値:13　生命抵抗力:9（16）　精神抵抗力:8（15）",
  "sin": "0",
  "skills": "<p><strong>◯Type: Earth/Magic Power 10 (17)</strong></p><p></p><p><strong>◯Wind Vulnerability</strong></p><p>When the Gnome is hit by Wind-type damage, it takes an extra 3 damage.</p><p><strong>◯🗨Magic Aptitude</strong></p><p>They can use the Combat Feats [Metamagic/Targets] and [MP Save/Fairy Tamer].</p><p><strong>►Quake/10 (17)/Fortitude/Negates</strong></p><p>Within \"Range: Caster\" can cause a localized earthquake and makes \"Target: all areas (30m radius)/All\" fall prone down. Targets cannot get up for 1 minute(6 rounds).Characters not touching the ground are immune to this unique skill</p>",
  "status1Accuracy": "11",
  "status1AccuracyFix": 18,
  "status1Damage": "2d+9",
  "status1Defense": "9",
  "status1Evasion": "8",
  "status1EvasionFix": 15,
  "status1Hp": "60",
  "status1Mp": "38",
  "status1Style": "Fist",
  "statusNum": 1,
  "taxa": "Fairy",
  "type": "m",
  "unitStatus": {
    "Fist:HP": "60/60",
    "Fist:MP": "38"
  },
  "unitExceptStatus": {
    "HP": 1,
    "MP": 1,
    "Defense": 1
  },
  "fortitude": "9",
  "willpower": "8"
}