{
  "description": "<p>Shorter and more hunched than Humans, Goblins have green skin, short limbs, large eyes, and a large mouth.</p><p>They are small Youma that abuse anyone weaker than them, yet immediately beg for their lives when they are overmatched. They do not reflect or learn from their actions, and are quick to commit treason.</p><p>They are highly fertile and mainly work in groups. Generally goblins are not very smart, but they are resourceful. They often steal and rob to survive. They also completely lack the reflex to flee from danger.</p>",
  "disposition": "Hostile",
  "habitat": "Forests, Mountains, Caves",
  "initiative": "11",
  "intellect": "Low",
  "language": "Barbaric, Youma",
  "lootsNum": 3,
  "monsterName": "Goblin",
  "mndResist": "3",
  "vitResist": "3",
  "lv": "2",
  "parts": "",
  "coreParts": "",
  "mobility": "11",
  "mode": "save",
  "paletteInsertType": "exchange",
  "paletteRemoveTags": "1",
  "paletteTool": "bcdice",
  "paletteUseBuff": "1",
  "paletteUseVar": "1",
  "partsNum": 1,
  "perception": "Five senses (Darkvision)",
  "reputation": "5",
  "reputation+": "10",
  "weakness": "Magic Damage +2 points",
  "result": "OK",
  "sheetDescriptionM": "分類:Barbarous　知能:Low　知覚:Five senses (Darkvision)　反応:Hostile\n言語:Barbaric, Youma　生息地:Forests, Mountains, Caves\n弱点:Magic Damage +2 points\n先制値:11　生命抵抗力:3（10）　精神抵抗力:3（10）",
  "sheetDescriptionS": "分類:Barbarous\n弱点:Magic Damage +2 points\n先制値:11　生命抵抗力:3（10）　精神抵抗力:3（10）",
  "sin": "2",
  "skills": "<p><strong></strong></p><p>None.</p>",
  "status1Accuracy": "3",
  "status1AccuracyFix": 10,
  "status1Damage": "2d+2",
  "status1Defense": "2",
  "status1Evasion": "3",
  "status1EvasionFix": 10,
  "status1Hp": "16",
  "status1Mp": "12",
  "status1Style": "Weapon",
  "statusNum": 1,
  "taxa": "Barbarous",
  "type": "m",
  "unitStatus": {
    "Weapon:HP": "16/16",
    "Weapon:MP": "12"
  },
  "unitExceptStatus": {
    "HP": 1,
    "MP": 1,
    "Defense": 1
  },
  "loots1Num": "2～3",
  "loots1Item": "Crude Weapon (10G/Black White B)",
  "loots2Num": "4～9",
  "loots2Item": "Weapon (30G / Black White B)",
  "loots3Num": "10+",
  "loots3Item": "High-quality Weapon (150G/Black White A)",
  "fortitude": "3",
  "willpower": "3"
}