{
  "description": "<p>This is a higher class Goblin Youma. They look like ordinary Goblins, but they are decorated with dark-colored bird feathers and gems. They are more intelligent than ordinary Goblins and can use magic.</p>",
  "disposition": "Hostile",
  "habitat": "Forests, Mountains, Caves",
  "initiative": "12",
  "intellect": "Average",
  "language": "Barbaric, Youma, Sylvan",
  "lootsNum": 3,
  "monsterName": "Goblin Shaman",
  "mndResist": "8",
  "vitResist": "7",
  "lv": "5",
  "parts": "",
  "coreParts": "",
  "mobility": "11/-",
  "mode": "save",
  "paletteInsertType": "exchange",
  "paletteRemoveTags": "1",
  "paletteTool": "bcdice",
  "paletteUseBuff": "1",
  "paletteUseVar": "1",
  "partsNum": 1,
  "perception": "Five senses (Darkvision)",
  "reputation": "13",
  "reputation+": "16",
  "weakness": "+2 Magic Damage",
  "result": "OK",
  "sheetDescriptionM": "分類:Barbarous　知能:Average　知覚:Five senses (Darkvision)　反応:Hostile\n言語:Barbaric, Youma, Sylvan　生息地:Forests, Mountains, Caves\n弱点:+2 Magic Damage\n先制値:12　生命抵抗力:7（14）　精神抵抗力:8（15）",
  "sheetDescriptionS": "分類:Barbarous\n弱点:+2 Magic Damage\n先制値:12　生命抵抗力:7（14）　精神抵抗力:8（15）",
  "sin": "3",
  "skills": "<p><strong>►Fairy Magic 5 Level/Magic Power 8 (15)</strong></p><p>Types used are \"Earth\", \"Fire\", \"Wind\", and \"Dark\".</p><p><strong>►Divine Magic 2 Level/Magic Power 5 (12)</strong></p><p></p><p><strong>🗨Magic Aptitude</strong></p><p>Can use [Metamagic/Targets] Combat Feat.</p>",
  "status1Accuracy": "6",
  "status1AccuracyFix": 13,
  "status1Damage": "2d+4",
  "status1Defense": "5",
  "status1Evasion": "7",
  "status1EvasionFix": 14,
  "status1Hp": "36",
  "status1Mp": "38",
  "status1Style": "Weapon",
  "statusNum": 1,
  "taxa": "Barbarous",
  "type": "m",
  "unitStatus": {
    "Weapon:HP": "36/36",
    "Weapon:MP": "38"
  },
  "unitExceptStatus": {
    "HP": 1,
    "MP": 1,
    "Defense": 1
  },
  "loots1Num": "2～5",
  "loots1Item": "Bag of Silver (30G) x 1d",
  "loots2Num": "6～9",
  "loots2Item": "Gems (150G/Gold A) x 1d",
  "loots3Num": "10+",
  "loots3Item": "Luxury Ornaments (500G/Gold White A) x 1d",
  "fortitude": "7",
  "willpower": "8"
}