{
  "description": "<p>A Goblin High King is so powerful that it is called the \"Only King\" among Goblins. Its height is over 2 meters, and its presence is enough to intimidate even the most powerful Barbarous.</p><p>In battle, he sacrifices many of his men while assessing the capabilities of his opponents and exploiting gaps in their defenses to launch a wave of attacks.</p>",
  "disposition": "Hostile",
  "habitat": "Forests, Mountains, Caves",
  "initiative": "15",
  "intellect": "Average",
  "language": "Barbaric, Youma",
  "lootsNum": 4,
  "monsterName": "Goblin High King",
  "mndResist": "11",
  "vitResist": "11",
  "lv": "8",
  "parts": "",
  "coreParts": "",
  "mobility": "14/-",
  "mode": "save",
  "paletteInsertType": "exchange",
  "paletteRemoveTags": "1",
  "paletteTool": "bcdice",
  "paletteUseBuff": "1",
  "paletteUseVar": "1",
  "partsNum": 1,
  "perception": "Five Senses (Darkvision)",
  "reputation": "12",
  "reputation+": "17",
  "weakness": "Magic Damage +2",
  "result": "OK",
  "sheetDescriptionM": "分類:Barbarous　知能:Average　知覚:Five Senses (Darkvision)　反応:Hostile\n言語:Barbaric, Youma　生息地:Forests, Mountains, Caves\n弱点:Magic Damage +2\n先制値:15　生命抵抗力:11（18）　精神抵抗力:11（18）",
  "sheetDescriptionS": "分類:Barbarous\n弱点:Magic Damage +2\n先制値:15　生命抵抗力:11（18）　精神抵抗力:11（18）",
  "sin": "4",
  "skills": "<p><strong>◯Wait Action</strong></p><p>If this monster loses initiative at the start of combat, it can perform two Major Actions in the first round.</p><p><strong>◯High King</strong></p><p>All \"Target: 1 Entire Character\" within \"Range/Area: 2 (50m) / Target\" around the Goblin High King are inspired by his presence and gain a +1 bonus to Accuracy checks, increasing their damage by +2 points for 10 seconds (1 round). However, while under this effect, they cannot restore HP and MP. If the affected allies are Barbarous of Level 7 or lower, this effect is considered to be \"Resistance: Can't\", otherwise it is \"Resistance: Optional\". It is treated as a Psychic effect with a Success Value of 20.Although it can be used as many times as the High King wants during its turn, its effects do not stack on a target.</p><p><strong>🗨Power Strike I</strong></p><p>They can deal an additional 4 damage on their next attack. However, any Evasion Check made by them this turn receives a -2 penalty.</p><p><strong>►King's Authority / 10 (17) / Willpower / Negates</strong></p><p>The Goblin High King makes its presence known to \"Target: All Areas (20m Radius) / All\". They will be unable to target with melee attacks, ranged attacks, magic, or other effects that harm the Goblin High King for 10 seconds (1 round).Using this effect consumes 5 points of MP.</p>",
  "status1Accuracy": "11",
  "status1AccuracyFix": 18,
  "status1Damage": "2d+12",
  "status1Defense": "8",
  "status1Evasion": "10",
  "status1EvasionFix": 17,
  "status1Hp": "70",
  "status1Mp": "30",
  "status1Style": "Weapon",
  "statusNum": 1,
  "taxa": "Barbarous",
  "type": "m",
  "unitStatus": {
    "Weapon:HP": "70/70",
    "Weapon:MP": "30"
  },
  "unitExceptStatus": {
    "HP": 1,
    "MP": 1,
    "Defense": 1
  },
  "loots1Num": "Always",
  "loots1Item": "Glittering Necklace (2,000G/Gold White S)",
  "loots2Num": "2～5",
  "loots2Item": "Bag of Silver (50G) x 1d",
  "loots3Num": "6～10",
  "loots3Item": "Gem (150G/Gold A) x 1d",
  "loots4Num": "11+",
  "loots4Item": "Goblin Crown (700G/Gold White A)",
  "fortitude": "11",
  "willpower": "11"
}