{
  "description": "<p>Dressed in flashy costumes, Goblin Lords represent the royals who lead Goblins from amongst the ranks of Goblin Shamans. They prefer to live under the protection of many other goblins, and thus rarely appear in the Humanoid realm.</p>",
  "disposition": "Hostile",
  "habitat": "Forests, Mountains, Caves",
  "initiative": "13",
  "intellect": "Average",
  "language": "Barbaric, Youma",
  "lootsNum": 3,
  "monsterName": "Goblin Lord",
  "mndResist": "9",
  "vitResist": "9",
  "lv": "6",
  "parts": "",
  "coreParts": "",
  "mobility": "14/-",
  "mode": "save",
  "paletteInsertType": "exchange",
  "paletteRemoveTags": "1",
  "paletteTool": "bcdice",
  "paletteUseBuff": "1",
  "paletteUseVar": "1",
  "partsNum": 1,
  "perception": "Five Senses (Darkvision)",
  "reputation": "9",
  "reputation+": "14",
  "weakness": "Magic Damage +2",
  "result": "OK",
  "sheetDescriptionM": "分類:Barbarous　知能:Average　知覚:Five Senses (Darkvision)　反応:Hostile\n言語:Barbaric, Youma　生息地:Forests, Mountains, Caves\n弱点:Magic Damage +2\n先制値:13　生命抵抗力:9（16）　精神抵抗力:9（16）",
  "sheetDescriptionS": "分類:Barbarous\n弱点:Magic Damage +2\n先制値:13　生命抵抗力:9（16）　精神抵抗力:9（16）",
  "sin": "4",
  "skills": "<p><strong>🗨Power Attack I</strong></p><p>They can deal an additional +4 damage on their next attack. However, any Evasion Check made by them this turn receives a -2 penalty.</p><p><strong>⏩Aspect/All Areas (20m Radius)</strong></p><p>Can use [Heavenly Domain: Invisible Pavilion], [Earth Domain: Healing Earth], and [Spirit Domain: Determination] with 2 Qi points.</p><p><strong>◯King's Pride</strong></p><p>Gains +1 to Skill Checks it performs as long as there is a goblin other than the Goblin Lord in the same battlefield (defined as any creature with \"Goblin\" in its name [except for High Goblins] that is also Barbarous).</p>",
  "status1Accuracy": "9",
  "status1AccuracyFix": 16,
  "status1Damage": "2d+9",
  "status1Defense": "7",
  "status1Evasion": "8",
  "status1EvasionFix": 15,
  "status1Hp": "48",
  "status1Mp": "24",
  "status1Style": "Weapon",
  "statusNum": 1,
  "taxa": "Barbarous",
  "type": "m",
  "unitStatus": {
    "Weapon:HP": "48/48",
    "Weapon:MP": "24"
  },
  "unitExceptStatus": {
    "HP": 1,
    "MP": 1,
    "Defense": 1
  },
  "loots1Num": "2～7",
  "loots1Item": "Bag of Silver (50G/-) x 1d",
  "loots2Num": "8～12",
  "loots2Item": "Gem (150G/Gold A) x 1d",
  "loots3Num": "13+",
  "loots3Item": "Goblin Crown (700G/Gold White A)",
  "fortitude": "9",
  "willpower": "9"
}