{
  "description": "<p>Godbells are subservient daemons, also known as \"formless daemons.\" They are completely invisible, even after death, so their true appearance is unknown. Their unique skills, however, allow Godbells to be extraordinary assassins.</p><p>It is feared as a Daemon that is difficult to counter since it can permeate space and can slip through walls to surprise its enemies.</p>",
  "disposition": "Hostile",
  "habitat": "Labyrinths, Ruins",
  "initiative": "16",
  "intellect": "Average",
  "language": "Daemonic",
  "lootsNum": 3,
  "monsterName": "Godbell",
  "mndResist": "12",
  "vitResist": "12",
  "lv": "9",
  "parts": "",
  "coreParts": "",
  "mobility": "15",
  "mode": "save",
  "paletteInsertType": "exchange",
  "paletteRemoveTags": "1",
  "paletteTool": "bcdice",
  "paletteUseBuff": "1",
  "paletteUseVar": "1",
  "partsNum": 1,
  "perception": "Five senses (Darkvision)",
  "reputation": "16",
  "reputation+": "19",
  "weakness": "Physical damage +2 points",
  "result": "OK",
  "sheetDescriptionM": "分類:Daemon　知能:Average　知覚:Five senses (Darkvision)　反応:Hostile\n言語:Daemonic　生息地:Labyrinths, Ruins\n弱点:Physical damage +2 points\n先制値:16　生命抵抗力:12（19）　精神抵抗力:12（19）",
  "sheetDescriptionS": "分類:Daemon\n弱点:Physical damage +2 points\n先制値:16　生命抵抗力:12（19）　精神抵抗力:12（19）",
  "sin": "0",
  "skills": "<p><strong>◯Complete Invisibility</strong></p><p>Godbell is always invisible. See rules for invisibility (CR II, p. 69).</p><p><strong>◯Invisible Assassin/20/Danger Sense/Negates</strong></p><p>If a character approaches a location where this monster is lurking, they need to make a Danger Sense check with target number 20. If they fail, they will be taken by surprise by this monster.</p><p><strong>►Twin Strike & Double Attack</strong></p><p>A Godbell can make two Claws attacks each round. They may choose to attack different characters with each attack.</p><p><strong>►Space Warp</strong></p><p>The monster can move 2 meters through the space itself without being affected by any obstacles or magic effects. There must be no other objects or characters at the destination.Note that this ability has a very limited effect in combat (it is meaningless in Simplified Combat, and even in Standard Combat, the distance is insufficient to get past the skirmish).</p>",
  "status1Accuracy": "12",
  "status1AccuracyFix": 19,
  "status1Damage": "2d+11",
  "status1Defense": "10",
  "status1Evasion": "11",
  "status1EvasionFix": 18,
  "status1Hp": "94",
  "status1Mp": "32",
  "status1Style": "Claws",
  "statusNum": 1,
  "taxa": "Daemon",
  "type": "m",
  "unitStatus": {
    "Claws:HP": "94/94",
    "Claws:MP": "32"
  },
  "unitExceptStatus": {
    "HP": 1,
    "MP": 1,
    "Defense": 1
  },
  "loots1Num": "Always",
  "loots1Item": "Crystallized Daemon's Blood (800G/Red A)",
  "loots2Num": "2～10",
  "loots2Item": "None",
  "loots3Num": "11+",
  "loots3Item": "Transparent Leather (1,400G/Red S)",
  "fortitude": "12",
  "willpower": "12"
}