{
  "description": "<p>Golden Ash is a swarm of very small insects with golden shells. The entire swarm shares a single consciousness and acts as a single organism.</p><p>Golden Ash inhabits ruins and underground labyrinths and usually remains still and calm. In this state, Golden Ash looks like a pile of gold dust, and adventurers dazzled by its treasures may carelessly approach it and become its victims. The Golden Ash devours the bones of its poor victims, and then once again mimics gold dust as it waits for the next victim to come along. When the Golden Ash is defeated, the silver coins and jewelry of its former victims can be found buried among its remains.</p>",
  "disposition": "Hostile",
  "habitat": "Labyrinths, Ruins",
  "initiative": "0",
  "intellect": "Animal",
  "language": "None",
  "lootsNum": 4,
  "monsterName": "Golden Ash",
  "mndResist": "17",
  "vitResist": "17",
  "lv": "14",
  "parts": "",
  "coreParts": "",
  "mobility": "30 (Fluid) / -",
  "mode": "save",
  "paletteInsertType": "exchange",
  "paletteRemoveTags": "1",
  "paletteTool": "bcdice",
  "paletteUseBuff": "1",
  "paletteUseVar": "1",
  "partsNum": 1,
  "perception": "Five senses (Darkvision)",
  "reputation": "18",
  "reputation+": "22",
  "weakness": "Bludgeoning damage +3 points",
  "result": "OK",
  "sheetDescriptionM": "分類:Mythical Beast　知能:Animal　知覚:Five senses (Darkvision)　反応:Hostile\n言語:None　生息地:Labyrinths, Ruins\n弱点:Bludgeoning damage +3 points\n先制値:0　生命抵抗力:17（24）　精神抵抗力:17（24）",
  "sheetDescriptionS": "分類:Mythical Beast\n弱点:Bludgeoning damage +3 points\n先制値:0　生命抵抗力:17（24）　精神抵抗力:17（24）",
  "sin": "0",
  "skills": "<p><strong>◯Mimicry / 25 / Danger Sense / Negates</strong></p><p>It mimics gold sand. While mimicking, characters cannot perform a Monster Knowledge check on this monster. If a character approaches it unintentionally, they need to make a Danger check with Target Number 25, and if it fails, they will be surprised. Mimicry will automatically end once the monster starts to act.This monster can be detected with [Sense Magic].</p><p><strong>►Devouring Swarm/Can’t</strong></p><p>Countless swarms of golden dust crawl up and attack the target. It deals 2d + 1/5 of Golden Ash remaining HP (rounded down) magic damage to a character within a Melee Attack range.</p><p><strong>◯Wriggling Swarm</strong></p><p>It is immune from criticals from any weapon attacks.It cannot be the target of Throw or similar attacks.It can receive only 1 applied magic damage from \"Area: Target\" and \"Target: 1 Character\" magic and effects.Characters cannot use Combat Feats [Targeting] or [Magic Control] in the skirmish areas where this monster resides on any character within, including Golden Ash.</p>",
  "status1Accuracy": "-",
  "status1AccuracyFix": null,
  "status1Damage": "-",
  "status1Defense": "14",
  "status1Evasion": "16",
  "status1EvasionFix": 23,
  "status1Hp": "120",
  "status1Mp": "33",
  "status1Style": "None",
  "statusNum": 1,
  "taxa": "Mythical Beast",
  "type": "m",
  "unitStatus": {
    "None:HP": "120/120",
    "None:MP": "33"
  },
  "unitExceptStatus": {
    "HP": 1,
    "MP": 1,
    "Defense": 1
  },
  "loots1Num": "Always",
  "loots1Item": "Bag of Silver (100G/-) x 2d",
  "loots2Num": "2～6",
  "loots2Item": "Gems (150G/Gold A) x 2d",
  "loots3Num": "7～10",
  "loots3Item": "Gems (300G/Gold A) x 2d",
  "loots4Num": "11+",
  "loots4Item": "Gems (500G/Gold A) x 2d",
  "fortitude": "17",
  "willpower": "17"
}