{
  "description": "<p>This is a construct in the shape of a human head from the neck up. It is gigantic, 3 meters in height, and is floating with the help of magic. It is made of a special metal, and its surface is golden and shiny. It has a few curved surfaces, and many small planes are connected by sharp corners and edges to form the face.</p><p>During the Magic Civilization Period, they were mainly used as gatekeepers of important facilities such as treasuries. Even today, when encountered inside the ruins, the gatekeepers protect such places and act to keep intruders out.</p>",
  "disposition": "Instructed",
  "habitat": "Ruins",
  "initiative": "23",
  "intellect": "Servant",
  "language": "Arcana",
  "lootsNum": 3,
  "monsterName": "Goldface",
  "mndResist": "20",
  "vitResist": "20",
  "lv": "16",
  "parts": "",
  "coreParts": "",
  "mobility": "-/15(Floating)",
  "mode": "save",
  "paletteInsertType": "exchange",
  "paletteRemoveTags": "1",
  "paletteTool": "bcdice",
  "paletteUseBuff": "1",
  "paletteUseVar": "1",
  "partsNum": 1,
  "perception": "Magic",
  "reputation": "22",
  "reputation+": "26",
  "weakness": "Physical damage +2 points",
  "result": "OK",
  "sheetDescriptionM": "分類:Construct　知能:Servant　知覚:Magic　反応:Instructed\n言語:Arcana　生息地:Ruins\n弱点:Physical damage +2 points\n先制値:23　生命抵抗力:20（27）　精神抵抗力:20（27）",
  "sheetDescriptionS": "分類:Construct\n弱点:Physical damage +2 points\n先制値:23　生命抵抗力:20（27）　精神抵抗力:20（27）",
  "sin": "0",
  "skills": "<p><strong>◯Fire Immunity, ◯Poison Immunity, ◯Disease Immunity, ◯Psychic Type Immunity</strong></p><p></p><p><strong>◯Superalloy Body</strong></p><p>It is immune to criticals from magical or weapon attacks.</p><p><strong>◯3 Actions (At Random)</strong></p><p>The monster can take 3 Major Actions in one round. Each Major Action is randomly selected by the table with 1d rolled. The same Major Action may be selected more than once.</p>",
  "status1Accuracy": "22",
  "status1AccuracyFix": 29,
  "status1Damage": "2d+20",
  "status1Defense": "19",
  "status1Evasion": "21",
  "status1EvasionFix": 28,
  "status1Hp": "150",
  "status1Mp": "0",
  "status1Style": "Slam",
  "statusNum": 1,
  "taxa": "Construct",
  "type": "m",
  "unitStatus": {
    "Slam:HP": "150/150",
    "Slam:MP": "0/0"
  },
  "unitExceptStatus": {
    "HP": 1,
    "MP": 1,
    "Defense": 1
  },
  "loots1Num": "Always",
  "loots1Item": "Magical Gold Nuggets (2,000G/Gold Black S)",
  "loots2Num": "2～9",
  "loots2Item": "Mithril (2,600G/Gold S)",
  "loots3Num": "10+",
  "loots3Item": "Pure Mithril (8,800G/Gold S)",
  "fortitude": "20",
  "willpower": "20"
}