{
  "description": "<p>This is a large nut, about 1m long. They are soft and moderately teardrop- shaped. When provoked, it sprinkles juice around it to protect itself.</p>",
  "disposition": "Hostile",
  "habitat": "Forests",
  "initiative": "13",
  "intellect": "None",
  "language": "None",
  "lootsNum": 3,
  "monsterName": "Gradient Plum",
  "mndResist": "8",
  "vitResist": "8",
  "lv": "6",
  "parts": "",
  "coreParts": "",
  "mobility": "12(Rotation)",
  "mode": "save",
  "paletteInsertType": "exchange",
  "paletteRemoveTags": "1",
  "paletteTool": "bcdice",
  "paletteUseBuff": "1",
  "paletteUseVar": "1",
  "partsNum": 1,
  "perception": "Magic",
  "reputation": "13",
  "reputation+": "16",
  "weakness": "Slashing type damage +3",
  "result": "OK",
  "sheetDescriptionM": "分類:Plant　知能:None　知覚:Magic　反応:Hostile\n言語:None　生息地:Forests\n弱点:Slashing type damage +3\n先制値:13　生命抵抗力:8（15）　精神抵抗力:8（15）",
  "sheetDescriptionS": "分類:Plant\n弱点:Slashing type damage +3\n先制値:13　生命抵抗力:8（15）　精神抵抗力:8（15）",
  "sin": "0",
  "skills": "<p><strong>◯Poison, Disease Immunity</strong></p><p></p><p><strong>◯Change Color</strong></p><p>The color of the whole body changes according to the remaining HP; it turns red when the HP is less than half (24) and purple when the HP is less than one-fourth (12). Once the color is changed, it does not change back even if the HP is recovered.</p><p><strong>►Juice Splash/7 (14)/Fortitude/Negates</strong></p><p>Sprays juice around itself. Within \"Range: Caster\" deals 2d+2 magic damage to \"1 area (3m radius)/5\".If the color of the monster is red, the target is blinded for 1 day after failing the resistance check. If the color of the monster is purple, the Gradient Plum gains a +2 bonus to the Standard Values of this unique skill. Damage and its accompanying effects are all of the disease types.This unique skill costs 5 MP.</p>",
  "status1Accuracy": "8",
  "status1AccuracyFix": 15,
  "status1Damage": "2d+8",
  "status1Defense": "6",
  "status1Evasion": "8",
  "status1EvasionFix": 15,
  "status1Hp": "48",
  "status1Mp": "20",
  "status1Style": "Slam",
  "statusNum": 1,
  "taxa": "Plant",
  "type": "m",
  "unitStatus": {
    "Slam:HP": "48/48",
    "Slam:MP": "20"
  },
  "unitExceptStatus": {
    "HP": 1,
    "MP": 1,
    "Defense": 1
  },
  "loots1Num": "2 -8",
  "loots1Item": "None",
  "loots2Num": "9～12",
  "loots2Item": "Diffused Fruit Juice (150G/Green A)",
  "loots3Num": "13+",
  "loots3Item": "Concentrated Fruit Juice (650G/Green A)",
  "fortitude": "8",
  "willpower": "8"
}