{
  "description": "<p>Among the Coast Lizards, this particular individual possesses exceptional vitality and hunting abilities, growing significantly larger than others. It is a dangerous specimen.</p>",
  "disposition": "Hungry",
  "habitat": "Seas, Seaside",
  "initiative": "17",
  "intellect": "Animal",
  "language": "None",
  "lootsNum": 2,
  "monsterName": "Grand Coast Lizard",
  "mndResist": "7",
  "vitResist": "9",
  "lv": "9",
  "parts": "",
  "coreParts": "",
  "mobility": "20 (4 Legs) / 25 (Swimming)",
  "mode": "save",
  "paletteInsertType": "exchange",
  "paletteRemoveTags": "1",
  "paletteTool": "bcdice",
  "paletteUseBuff": "1",
  "paletteUseVar": "1",
  "partsNum": 1,
  "perception": "Five senses (Darkvision)",
  "reputation": "16",
  "reputation+": "19",
  "weakness": "Fire damage +3 points",
  "result": "OK",
  "sheetDescriptionM": "分類:Animal　知能:Animal　知覚:Five senses (Darkvision)　反応:Hungry\n言語:None　生息地:Seas, Seaside\n弱点:Fire damage +3 points\n先制値:17　生命抵抗力:9（16）　精神抵抗力:7（14）",
  "sheetDescriptionS": "分類:Animal\n弱点:Fire damage +3 points\n先制値:17　生命抵抗力:9（16）　精神抵抗力:7（14）",
  "sin": "0",
  "skills": "<p><strong>◯Underwater Aptitude</strong></p><p></p><p><strong>��Tail Sweep</strong></p><p>The monster can use its tail to attack up to 3 targets in the same skirmish. An Accuracy check is made on all characters at once, and damage is determined individually.This attack cannot be used in consecutive rounds.</p>",
  "status1Accuracy": "11",
  "status1AccuracyFix": 18,
  "status1Damage": "2d+13",
  "status1Defense": "8",
  "status1Evasion": "11",
  "status1EvasionFix": 18,
  "status1Hp": "85",
  "status1Mp": "18",
  "status1Style": "Jaw",
  "statusNum": 1,
  "taxa": "Animal",
  "type": "m",
  "unitStatus": {
    "Jaw:HP": "85/85",
    "Jaw:MP": "18"
  },
  "unitExceptStatus": {
    "HP": 1,
    "MP": 1,
    "Defense": 1
  },
  "loots1Num": "2～8",
  "loots1Item": "Crocodile Skin (200G/Red A)",
  "loots2Num": "9+",
  "loots2Item": "Superior Crocodile Skin (600G/Red A)",
  "fortitude": "9",
  "willpower": "7"
}