{
  "description": "<p>This is a large golem in the shape of a sea turtle with a granite shell.</p>",
  "disposition": "Instructed",
  "habitat": "Various",
  "initiative": "17",
  "intellect": "Servant",
  "language": "None",
  "lootsNum": 4,
  "monsterName": "Granite Shell",
  "mndResist": "16",
  "vitResist": "16",
  "lv": "12",
  "parts": "2 (Head / Body)",
  "coreParts": "None",
  "mobility": "10 (4 Legs)/30(Swimming)",
  "mode": "save",
  "paletteInsertType": "exchange",
  "paletteRemoveTags": "1",
  "paletteTool": "bcdice",
  "paletteUseBuff": "1",
  "paletteUseVar": "1",
  "partsNum": 2,
  "perception": "Magic",
  "reputation": "17",
  "reputation+": "22",
  "weakness": "Energy damage +3 points",
  "result": "OK",
  "sheetDescriptionM": "分類:Golem　知能:Servant　知覚:Magic　反応:Instructed\n言語:None　生息地:Various\n弱点:Energy damage +3 points\n先制値:17　生命抵抗力:16（23）　精神抵抗力:16（23）",
  "sheetDescriptionS": "分類:Golem\n弱点:Energy damage +3 points\n先制値:17　生命抵抗力:16（23）　精神抵抗力:16（23）",
  "sin": "0",
  "skills": "<p><strong>◯Rock Body</strong></p><p>A Granite Shell is immune to criticals from edged weapons and all magic damage, except Energy-type damage.</p><p><strong>◯Underwater Specialization</strong></p><p>Can move in water without penalties and restrictions. Conversely, all action checks are subject to a -2 penalty on the ground.</p><br><br><p><strong>►Shell Guard</strong></p><p>The Granite Shell can retract into its shell, increasing its Defense by +10 for 10 seconds (1 round).<div class=\"golemitems\"></p><p><strong>Maximum of Enhancing Items = 4</strong></p><p></p><p><strong>※Head Only</strong></p><p>Spinel Horn (Large) (3,000) (►Charge)Blue Lotus Jade (Large) (8,000)►Blizzard Breath/14 (21)/Fortitude/HalfGolem sprays a jet of water with \"Range/Area: 20m/ Shot\" in a \"Target: 4m Radius/10\", dealing 2d+12 water/ice magic damage. This ability cannot be used on consecutive turns.Calcite Compound Eyes (Large) (4,000) (◯Breath Control)</p><p><strong>※Body Only</strong></p><p>Obsidian Shield (Large) (3,000) (🗨△Cover II)Corundum Protection (Large) (2,000) (◯Guardian II)Lapis Lazuli Weight (Large) (4,000) (🗨Tail Swing I)└Quartz Counterweight (Large) (6,000) (🗨Tail Swing II)</p><p><strong>※Any Section</strong></p><p>Amber Eye (Large) (10,000) (◯Ultimate Aim = +4 Accuracy)Garnet of Vitality (Large) (4,000) (◯HP Enhancement = Max HP +15)└Focused Garnet of Vitality (Large) (6,000) (◯Improved HP Enhancement = Max HP +15)Shimmering Onyx (Large) (3,000) (◯Mana Coating = Magic damage -3)</p><p><strong>※All Section Must be Equipped</strong></p><p>Red Iron Blood (Large) (2,000) (◯Mobility Enhancement = Movement +5) </div></p>",
  "status1Accuracy": "14",
  "status1AccuracyFix": 21,
  "status1Damage": "2d+20",
  "status1Defense": "16",
  "status1Evasion": "13",
  "status1EvasionFix": 20,
  "status1Hp": "80",
  "status1Mp": "0",
  "status1Style": "Bite (Head)",
  "status2Accuracy": "13",
  "status2AccuracyFix": 20,
  "status2Damage": "2d+20",
  "status2Defense": "18",
  "status2Evasion": "12",
  "status2EvasionFix": 19,
  "status2Hp": "90",
  "status2Mp": "0",
  "status2Style": "Tail (Body)",
  "statusNum": 2,
  "taxa": "Golem",
  "type": "m",
  "unitStatus": {
    "Bite (Head):HP": "80/80",
    "Bite (Head):MP": "0/0",
    "Tail (Body):HP": "90/90",
    "Tail (Body):MP": "0/0"
  },
  "unitExceptStatus": {
    "HP": 2,
    "MP": 2,
    "Defense": 2
  },
  "loots1Num": "Always",
  "loots1Item": "Magical Stone (250G/Gold A) x 2d",
  "loots2Num": "2～6",
  "loots2Item": "None",
  "loots3Num": "7～11",
  "loots3Item": "Mithril (2,600G/Gold S)",
  "loots4Num": "12+",
  "loots4Item": "Pure Mithril (8,800G/Gold S)",
  "fortitude": "16",
  "willpower": "16"
}