{
  "description": "<p>This is a plant that floats by its roots and absorbs nutrients from the atmosphere. The total height of the plant is about 3 meters, but the root part is heavier than a piece of iron of the same size. How it floats is a mystery, and the wise men who are trying to figure it out are eagerly waiting for the roots to be brought back.</p><p>Gravity Roots can control gravity around itself, preventing flight and movement, and send leaves flying like arrows to finish off prey.</p>",
  "disposition": "Hostile",
  "habitat": "Forests, Swamps",
  "initiative": "17",
  "intellect": "None",
  "language": "None",
  "lootsNum": 4,
  "monsterName": "Gravity Root",
  "mndResist": "15(22)",
  "vitResist": "15(22)",
  "lv": "13",
  "parts": "4 (Root / Leaf x 3)",
  "coreParts": "None",
  "mobility": "-/20 (Floating)",
  "mode": "save",
  "paletteInsertType": "exchange",
  "paletteRemoveTags": "1",
  "paletteTool": "bcdice",
  "paletteUseBuff": "1",
  "paletteUseVar": "1",
  "partsNum": 4,
  "perception": "Magic",
  "reputation": "17",
  "reputation+": "20",
  "weakness": "Wind Damage +3",
  "result": "OK",
  "sheetDescriptionM": "分類:Plant　知能:None　知覚:Magic　反応:Hostile\n言語:None　生息地:Forests, Swamps\n弱点:Wind Damage +3\n先制値:17　生命抵抗力:15(22)（22）　精神抵抗力:15(22)（22）",
  "sheetDescriptionS": "分類:Plant\n弱点:Wind Damage +3\n先制値:17　生命抵抗力:15(22)（22）　精神抵抗力:15(22)（22）",
  "sin": "0",
  "skills": "<p><strong>◯Psychic Immunity</strong></p><p></p><br><br><p><strong>◯Gravity Wedge / 16 (23) / Willpower / Negates</strong></p><p>It alters gravity, increasing weight and burden and interfering with the actions of creatures. Within \"Ranger: Caster\" and \"Target: All Areas (30m Radius)/Space,\" must perform a Willpower check at the start of each turn, and if they fail, their movement is halved (rounded up) for 10 seconds (1 round) and they cannot fly.Furthermore, if the success value of the resistance for this unique skill is 4 or more points lower than the Target Number, the character will fall prone and will not be able to perform any movement, Minor Actions or declare Combat Feats for the same duration.</p><br><br><p><strong>◯Swarm</strong></p><p>When targeting the Gravity Root or another character in the same skirmish with a ranged attack or magic, the Combat Feats [Targeting] and [Magic Control] cannot be used.If all Leaf sections fall to 0 HP or lower, this unique skill cannot be used.</p><p><strong>►Throw Leaves</strong></p><p>The Bladed Leaf attack can be performed as a thrown attack with \"Range: 1 Area (30m).\" Accuracy check and damage are the same as for normal attacks, and the number of leaves is infinite.</p>",
  "status1Accuracy": "-",
  "status1AccuracyFix": null,
  "status1Damage": "-",
  "status1Defense": "12",
  "status1Evasion": "14",
  "status1EvasionFix": 21,
  "status1Hp": "105",
  "status1Mp": "20",
  "status1Style": "None (Root)",
  "status2Accuracy": "16",
  "status2AccuracyFix": 23,
  "status2Damage": "2d+14",
  "status2Defense": "4",
  "status2Evasion": "15",
  "status2EvasionFix": 22,
  "status2Hp": "68",
  "status2Mp": "11",
  "status2Style": "Bladed Leaf (Leaf)",
  "status3Accuracy": "16",
  "status3AccuracyFix": 23,
  "status3Damage": "2d+14",
  "status3Defense": "4",
  "status3Evasion": "15",
  "status3EvasionFix": 22,
  "status3Hp": "68",
  "status3Mp": "11",
  "status3Style": "Bladed Leaf (Leaf)",
  "status4Accuracy": "16",
  "status4AccuracyFix": 23,
  "status4Damage": "2d+14",
  "status4Defense": "4",
  "status4Evasion": "15",
  "status4EvasionFix": 22,
  "status4Hp": "68",
  "status4Mp": "11",
  "status4Style": "Bladed Leaf (Leaf)",
  "statusNum": 4,
  "taxa": "Plant",
  "type": "m",
  "unitStatus": {
    "None (Root):HP": "105/105",
    "None (Root):MP": "20",
    "Bladed Leaf (Leaf):HP": "68/68",
    "Bladed Leaf (Leaf):MP": "11"
  },
  "unitExceptStatus": {
    "HP": 4,
    "MP": 4,
    "Defense": 4
  },
  "loots1Num": "Always",
  "loots1Item": "Heavy Root (2,300G / Gold Green Black S)",
  "loots2Num": "2～8",
  "loots2Item": "None",
  "loots3Num": "9～12",
  "loots3Item": "Keenly Sharpened Leaves (500G / Green A)",
  "loots4Num": "13+",
  "loots4Item": "Keenly Sharpened Leaves (500G / Green A) x 1d",
  "fortitude": "15(22)",
  "willpower": "15(22)"
}