{
  "description": "<p>This is a mature dragon, about 2,000 years old. Its total length is nearly 20 meters, and its strength rivals that of the armies of great nations. For this reason, most people think of them more like a natural disaster than an enemy to be defeated.</p><p>They are sensitive and will not tolerate any interference. They will direct all of their dragon clan to destroy unwanted intruders if they come to their territory uninvited.</p><p>They are also well known in history and magic but often cannot remember the details of incredibly old matters and may add fictional details to fill those gaps.</p>",
  "disposition": "Neutral",
  "habitat": "Mountains, Caves",
  "initiative": "23",
  "intellect": "High",
  "language": "Trade Common, Draconic, Arcana",
  "lootsNum": 4,
  "monsterName": "Greater Dragon",
  "mndResist": "24",
  "vitResist": "24",
  "lv": "18",
  "parts": "5 (Head / Body / Wing x 2 / Tail)",
  "coreParts": "Head",
  "mobility": "20/40(Flying)",
  "mode": "save",
  "paletteInsertType": "exchange",
  "paletteRemoveTags": "1",
  "paletteTool": "bcdice",
  "paletteUseBuff": "1",
  "paletteUseVar": "1",
  "partsNum": 5,
  "perception": "Five senses (Darkvision)",
  "reputation": "18",
  "reputation+": "24",
  "weakness": "Physical damage +2 points",
  "result": "OK",
  "sheetDescriptionM": "分類:Mythical Beast　知能:High　知覚:Five senses (Darkvision)　反応:Neutral\n言語:Trade Common, Draconic, Arcana　生息地:Mountains, Caves\n弱点:Physical damage +2 points\n先制値:23　生命抵抗力:24（31）　精神抵抗力:24（31）",
  "sheetDescriptionS": "分類:Mythical Beast\n弱点:Physical damage +2 points\n先制値:23　生命抵抗力:24（31）　精神抵抗力:24（31）",
  "sin": "0",
  "skills": "<p><strong>◯Energy Immunity, ◯Fire Immunity</strong></p><p></p><br><br><p><strong>►Truespeech Magic, Spiritualism Magic 15 Level/Magic Power 20 (27)</strong></p><p></p><p><strong>◯🗨►Magic Aptitude</strong></p><p>The Greater Dragon can use the Combat Feats [Multi-Action], [Targeting], [Magic Convergence], [Magic Control], [Universal Metamagic], and [Rune Master].</p><p><strong>►Flame and Brilliant Breath/22 (29)/ Fortitude/Half</strong></p><p>Within \"Range/Area: 2 (50m) / Shot\", spits out breath to \"Target: 1 area (6m Radius)/20\" and deals magic damage to the target. In this case, the monster can arbitrarily choose one of the following two types, which differ in damage and type.Flame Breath: Spits out fire, dealing 2d+30 Fire type.Brilliant Breath: Spits out an energy mass, dealing 2d+24 Energy type.This ability cannot be used in consecutive turns (whichever breath is used, neither breath can be used in the next turn).</p><br><br><p><strong>◯2 Actions</strong></p><p>Can perform two Major Actions in one round.</p><p><strong>►Wordbreak</strong></p><p>Greater Dragon uses [Wordbreak] combat feat using Head's Magic Power.</p><p><strong>◯Attack Obstacle = Impossible • None</strong></p><p>The Greater Dragon's size hinders attacks.The Head of the Greater Dragon cannot be attacked with melee attacks. This unique skill is lost when the Body section has 0 or less HP.</p><br><br><p><strong>◯Flight II</strong></p><p>All sections receive a +2 bonus to Accuracy and Evasion only for melee attacks.If one of the Wings falls to 0 HP or lower, this unique skill cannot be used.</p><p><strong>🗨All-Out Attack</strong></p><p>A Wing can deal an additional 8 damage on its next attack. However, any Evasion check made by this section this turn receives a -3 penalty.</p><br><br><p><strong>🗨Tail Sweep</strong></p><p>The monster can use its tail to attack up to 5 targets in the same skirmish. An Accuracy check is made on all characters at once, and damage is determined individually.This attack cannot be used in consecutive rounds.</p>",
  "status1Accuracy": "23",
  "status1AccuracyFix": 30,
  "status1Damage": "2d+21",
  "status1Defense": "17",
  "status1Evasion": "24",
  "status1EvasionFix": 31,
  "status1Hp": "170",
  "status1Mp": "102",
  "status1Style": "Bite (Head)",
  "status2Accuracy": "24",
  "status2AccuracyFix": 31,
  "status2Damage": "2d+19",
  "status2Defense": "19",
  "status2Evasion": "21",
  "status2EvasionFix": 28,
  "status2Hp": "182",
  "status2Mp": "132",
  "status2Style": "Claws (Body)",
  "status3Accuracy": "21",
  "status3AccuracyFix": 28,
  "status3Damage": "2d+17",
  "status3Defense": "14",
  "status3Evasion": "22",
  "status3EvasionFix": 29,
  "status3Hp": "126",
  "status3Mp": "81",
  "status3Style": "Wing (Wing)",
  "status4Accuracy": "22",
  "status4AccuracyFix": 29,
  "status4Damage": "2d+17",
  "status4Defense": "14",
  "status4Evasion": "22",
  "status4EvasionFix": 29,
  "status4Hp": "126",
  "status4Mp": "81",
  "status4Style": "Wing (Wing)",
  "status5Accuracy": "22",
  "status5AccuracyFix": 29,
  "status5Damage": "2d+19",
  "status5Defense": "18",
  "status5Evasion": "22",
  "status5EvasionFix": 29,
  "status5Hp": "166",
  "status5Mp": "94",
  "status5Style": "Tail (Tail)",
  "statusNum": 5,
  "taxa": "Mythical Beast",
  "type": "m",
  "unitStatus": {
    "Bite (Head):HP": "170/170",
    "Bite (Head):MP": "102",
    "Claws (Body):HP": "182/182",
    "Claws (Body):MP": "132",
    "Wing (Wing):HP": "126/126",
    "Wing (Wing):MP": "81",
    "Tail (Tail):HP": "166/166",
    "Tail (Tail):MP": "94"
  },
  "unitExceptStatus": {
    "HP": 5,
    "MP": 5,
    "Defense": 5
  },
  "loots1Num": "Always",
  "loots1Item": "Dragon Fang (1,200G/Red S) x 1d",
  "loots2Num": "Always",
  "loots2Item": "Dragon Scale (5,000G/Red S)",
  "loots3Num": "2～9",
  "loots3Item": "None",
  "loots4Num": "10+",
  "loots4Item": "Dragon Jewel (10,000G/Gold SS)",
  "fortitude": "24",
  "willpower": "24"
}