{
  "description": "<p>This is one of the strongest Vargs, reaching over 2.5 meters in height. If in a herd, they act as leaders. As a mutual recognition of strength, they often carry the Dark Trolls on their backs.</p>",
  "disposition": "Neutral",
  "habitat": "Forests, Plains, Hills",
  "initiative": "21",
  "intellect": "Low",
  "language": "Vargian",
  "lootsNum": 3,
  "monsterName": "Great Varg",
  "mndResist": "13",
  "vitResist": "15",
  "lv": "10",
  "parts": "",
  "coreParts": "",
  "mobility": "20 (4 Legs)",
  "mode": "save",
  "paletteInsertType": "exchange",
  "paletteRemoveTags": "1",
  "paletteTool": "bcdice",
  "paletteUseBuff": "1",
  "paletteUseVar": "1",
  "partsNum": 1,
  "perception": "Five senses (Darkvision)",
  "reputation": "15",
  "reputation+": "21",
  "weakness": "Fire damage + 3 points",
  "result": "OK",
  "sheetDescriptionM": "分類:Mythical Beast　知能:Low　知覚:Five senses (Darkvision)　反応:Neutral\n言語:Vargian　生息地:Forests, Plains, Hills\n弱点:Fire damage + 3 points\n先制値:21　生命抵抗力:15（22）　精神抵抗力:13（20）",
  "sheetDescriptionS": "分類:Mythical Beast\n弱点:Fire damage + 3 points\n先制値:21　生命抵抗力:15（22）　精神抵抗力:13（20）",
  "sin": "0",
  "skills": "<p><strong>◯Rage</strong></p><p>When another Varg (of any type) in the same skirmish is defeated, the Brutal Varg gains a cumulative +2 bonus to damage for 10 seconds (1 round).The GM decides when a Varg is defeated (incapacitated or dead).</p><p><strong>◯Final Reprimand</strong></p><p>When its HP falls to 0 or below, it emits a cry that inspires and empowers surrounding Vargs. All Vargs (of any type) within \"Range: Caster\" and \"Target: All areas (30m radius)/All\" gain a +4 bonus to Accuracy checks and +4 to Damage until the end of their next turn.This effect is not cumulative.</p><p><strong>🗨Power Strike II</strong></p><p>A Great Varg can deal an additional +12 damage on their next attack. However, any Evasion Check made by them this turn receives a -2 penalty.</p>",
  "status1Accuracy": "16",
  "status1AccuracyFix": 23,
  "status1Damage": "2d+12",
  "status1Defense": "9",
  "status1Evasion": "11",
  "status1EvasionFix": 18,
  "status1Hp": "98",
  "status1Mp": "32",
  "status1Style": "Bite",
  "statusNum": 1,
  "taxa": "Mythical Beast",
  "type": "m",
  "unitStatus": {
    "Bite:HP": "98/98",
    "Bite:MP": "32"
  },
  "unitExceptStatus": {
    "HP": 1,
    "MP": 1,
    "Defense": 1
  },
  "loots1Num": "2～5",
  "loots1Item": "Fine Mythical Beast Hide (300G/Red A)",
  "loots2Num": "6～9",
  "loots2Item": "Beautiful Mythical Beast Hide (800G/Gold Red A)",
  "loots3Num": "10+",
  "loots3Item": "Silver-white Mythical Beast Hide (3,600G/Gold Red S)",
  "fortitude": "15",
  "willpower": "13"
}