{
  "description": "<p>This is a mottled, glowing moss that clings to the outer walls of ruins. The moss and its spores refract light, creating illusions for approaching characters.</p><p>The illusion cannot directly harm, but while it is perceived as a threat, the spore poison slowly drains the target's strength, leading to death.</p>",
  "disposition": "Hostile",
  "habitat": "Ruins",
  "initiative": "0",
  "intellect": "None",
  "language": "None",
  "lootsNum": 3,
  "monsterName": "Green Cemetery",
  "mndResist": "12",
  "vitResist": "13",
  "lv": "9",
  "parts": "",
  "coreParts": "",
  "mobility": "-",
  "mode": "save",
  "paletteInsertType": "exchange",
  "paletteRemoveTags": "1",
  "paletteTool": "bcdice",
  "paletteUseBuff": "1",
  "paletteUseVar": "1",
  "partsNum": 1,
  "perception": "Magic",
  "reputation": "18",
  "reputation+": "21",
  "weakness": "Fire damage + 3 points",
  "result": "OK",
  "sheetDescriptionM": "分類:Plant　知能:None　知覚:Magic　反応:Hostile\n言語:None　生息地:Ruins\n弱点:Fire damage + 3 points\n先制値:0　生命抵抗力:13（20）　精神抵抗力:12（19）",
  "sheetDescriptionS": "分類:Plant\n弱点:Fire damage + 3 points\n先制値:0　生命抵抗力:13（20）　精神抵抗力:12（19）",
  "sin": "0",
  "skills": "<p><strong>◯Wall Moss</strong></p><p>It cannot fall prone, nor is it affected by any effect that moves its position (coordinates or area). Also, it is immune to Throw attacks.</p><p><strong>◯Limited 2 Actions</strong></p><p>Can perform a Major Action twice in one round. However, it is limited to one each of [►Illusory Light] and [►Toxin Spores].</p><p><strong>◯Inviting Light/12 (19)/Willpower/Negates</strong></p><p>It produces light that attracts creatures.Any character within a 50m radius of this monster (in Simplified Combat, all areas) must perform a Willpower check at the start of their turn. If this check fails, the character tries to get as close as possible with its Normal Move. The character can choose any actions they want to make (actions that can only be made with a Limited Move are not allowed).A character already in the same position (coordinates or area) as Green Cemetery is not affected.</p><p><strong>►Illusory Light/Can't</strong></p><p>It gives a hallucination, so it fights with itself to \"Target: 2-3 areas (10m Radius) / All\" and \"Range: Caster.\"The target must immediately perform an Accuracy check, a Spellcasting check, or a Performance check (the one with the highest standard value). Then, the same target must counter it with an Evasion check or Willpower (those who have mastered the combat feat [Counter] may use an Accuracy check) and compare the success value against each other.The target is unaffected if there is a tie or the opposing side's success value is higher. However, if the opponent fails to do so, the target is knocked prone by the illusion. In addition, the target will not be able to move or take a Major Action on its turn.In this comparison of success values, all permanent effects or duration apply to both checks. In the opposite Evasion check or Willpower check, it is possible to use an item to affect the check.</p><p><strong>►Toxin Spores/11 (18)/Fortitude/Half</strong></p><p>Sprays Toxin Spores within \"Range: Caster\" and \"Target: 1 area (6m Radius) / All\", and deals 2d+8 poison magic damage to the targets.</p>",
  "status1Accuracy": "-",
  "status1AccuracyFix": null,
  "status1Damage": "-",
  "status1Defense": "0",
  "status1Evasion": "10",
  "status1EvasionFix": 17,
  "status1Hp": "105",
  "status1Mp": "40",
  "status1Style": "None",
  "statusNum": 1,
  "taxa": "Plant",
  "type": "m",
  "unitStatus": {
    "None:HP": "105/105",
    "None:MP": "40"
  },
  "unitExceptStatus": {
    "HP": 1,
    "MP": 1,
    "Defense": 1
  },
  "loots1Num": "Always",
  "loots1Item": "Green Dye (80G/Green B) x 1d",
  "loots2Num": "2～6",
  "loots2Item": "Fertile Soil (300G/Green A)",
  "loots3Num": "7+",
  "loots3Item": "Abundant Soil (2,000G/Green S)",
  "fortitude": "13",
  "willpower": "12"
}