{
  "description": "<p>This plant mimics settlements and ruins lined with simple buildings. The plant is a giant flower with a radius of about 30 meters, with six petals that open in a radial pattern. Mimicry is achieved by deforming the numerous tentacles that line the petal's surface. Still, there is also an element of magical illusion, and the monster is assumed to have been modified during the Magic Civilization Period. In the center of each petal is a stamen with a greenish light at the tip. To the uninitiated, it looks like a tower of green lights that brightly illuminate the entire settlement. This light is due to the same effect as the symbiotic organisms of the Lunoicos.</p><p>During predation, the tentacles on the surface of the petals break their mimicry, bunch together, and strike at moving objects. The central stamen also attacks using its luminescent ability. The roots beneath the petals must be eliminated in order to defeat it, making it a troublesome monster that should be treated with caution.</p>",
  "disposition": "Hostile",
  "habitat": "Forests, Mountains, Plains",
  "initiative": "21",
  "intellect": "None",
  "language": "None",
  "lootsNum": 3,
  "monsterName": "Green Torch",
  "mndResist": "19",
  "vitResist": "20",
  "lv": "16",
  "parts": "8 (Roots / Stamen / Petal x 6)",
  "coreParts": "Root, Stamen (All)",
  "mobility": "5 (Creep)",
  "mode": "save",
  "paletteInsertType": "exchange",
  "paletteRemoveTags": "1",
  "paletteTool": "bcdice",
  "paletteUseBuff": "1",
  "paletteUseVar": "1",
  "partsNum": 3,
  "perception": "Magic",
  "reputation": "20",
  "reputation+": "25",
  "weakness": "Fire damage +3 damage",
  "result": "OK",
  "sheetDescriptionM": "分類:Plant　知能:None　知覚:Magic　反応:Hostile\n言語:None　生息地:Forests, Mountains, Plains\n弱点:Fire damage +3 damage\n先制値:21　生命抵抗力:20（27）　精神抵抗力:19（26）",
  "sheetDescriptionS": "分類:Plant\n弱点:Fire damage +3 damage\n先制値:21　生命抵抗力:20（27）　精神抵抗力:19（26）",
  "sin": "0",
  "skills": "<p><strong>◯Mimicry/25/Danger Sense/Negates</strong></p><p>It mimics uninhabited settlements and ruins. While mimicking, characters cannot perform a Monster Knowledge check on this monster. If a character approaches it unintentionally, they need to make a Danger check with target number 25, and if it fails, they will be surprised (see CR I, p. 144). Mimicry will be automatically ended once the monster starts to act.This monster can be detected with [Sense Magic].</p><p><strong>◯Psychic Immunity</strong></p><p></p><br><br><p><strong>◯Under the Petals</strong></p><p>Any character wishing to attack or interfere with this monster must roll 1d at the beginning of its turn. If the number of 1d is not greater than the number of Petal sections of this monster alive, the Roots section of this monster cannot be chosen as a target, including those affecting a wide area, and cannot become a target for that turn. Exceptions are magic and effects that have \"Range: 2 (Infinite)\" and do not require visibility.</p><p><strong>►Nutrient Replenishment</strong></p><p>Select any Petal sections with HP of 1 or more, and heal their HP by 60 points. Roots can arbitrarily allocate the HP in units of 10 points.</p><p><strong>►Nutrient Augmentation</strong></p><p>In the turn, when this ability is used, the Stamen section will be able to perform [►Light Wave] twice.</p><br><br><p><strong>►Light Wave/20 (27)/Evasion/Negates</strong></p><p>With \"Range/Area: 2 (30m) / Shot,\" deals 2d+16 energy magic damage to \"Target: 1 Character\".</p><br><br><p><strong>►Undulating Petals/20 (27)/Fortitude/Negates</strong></p><p>The entire petal undulates violently, shaking the character standing above it. The character is knocked prone within \"Range: Caster,\" dealing 2d+25 physical damage to \"Target: 1 area (6m Radius) /2 0\". Flying, floating, and other characters that do not have their feet on the ground are not affected by this effect.Only one Petal section can use this unique skill each turn.</p><p><strong>►Confusing Scene/20 (27)/Willpower/Negates</strong></p><p>Petal's tentacles disorient the surrounding characters.All characters within \"Range: Caster\" and \"Target: All Areas (30m Radius)/All\" should roll 1d. If the roll is \"1-2\", the character cannot take a Major Action on their turn for 10 seconds (1 round). This effect does not apply to characters other than with five senses perception.Only one Petal section can use this unique skill each turn.</p>",
  "status1Accuracy": "-",
  "status1AccuracyFix": null,
  "status1Damage": "-",
  "status1Defense": "13",
  "status1Evasion": "16",
  "status1EvasionFix": 23,
  "status1Hp": "159",
  "status1Mp": "62",
  "status1Style": "None (Roots)",
  "status2Accuracy": "-",
  "status2AccuracyFix": null,
  "status2Damage": "-",
  "status2Defense": "12",
  "status2Evasion": "17",
  "status2EvasionFix": 24,
  "status2Hp": "150",
  "status2Mp": "47",
  "status2Style": "None (Stamen)",
  "status3Accuracy": "20",
  "status3AccuracyFix": 27,
  "status3Damage": "2d+21",
  "status3Defense": "10",
  "status3Evasion": "18",
  "status3EvasionFix": 25,
  "status3Hp": "99",
  "status3Mp": "13",
  "status3Style": "Tentacles (Petal) x 6",
  "statusNum": 3,
  "taxa": "Plant",
  "type": "m",
  "unitStatus": {
    "None (Roots):HP": "159/159",
    "None (Roots):MP": "62",
    "None (Stamen):HP": "150/150",
    "None (Stamen):MP": "47",
    "Tentacles (Petal) x 6:HP": "99/99",
    "Tentacles (Petal) x 6:MP": "13"
  },
  "unitExceptStatus": {
    "HP": 3,
    "MP": 3,
    "Defense": 3
  },
  "loots1Num": "2～6",
  "loots1Item": "Lightly Glowing Pollen (770G/Gold Green A)",
  "loots2Num": "7～10",
  "loots2Item": "Glowing Blue Pollen (1,370G/Gold Green S)",
  "loots3Num": "11+",
  "loots3Item": "White Green Pollen (7,370G/Gold Green S)",
  "fortitude": "20",
  "willpower": "19"
}