{
  "description": "<p>Gremlins look like infants with hair all over their bodies, with small fangs and bat-like wings. They work hard and are mischievous, sometimes tricking and kidnapping Humanoid children or robbing livestock.</p><p>They like to break things like watermills and windmills. Because of that, Humanoids use \"Gremlin laughed\" as a synonym for failing devices.</p><p>Gremlins have the same position as Bolgs in the Barbarous army.</p>",
  "disposition": "Hostile",
  "habitat": "Highlands, Mountains",
  "initiative": "11",
  "intellect": "Average",
  "language": "Trade Common, Barbaric, Arcana, Youma",
  "lootsNum": 2,
  "monsterName": "Gremlin",
  "mndResist": "5",
  "vitResist": "2",
  "lv": "2",
  "parts": "",
  "coreParts": "",
  "mobility": "16/32 (Flying)",
  "mode": "save",
  "paletteInsertType": "exchange",
  "paletteRemoveTags": "1",
  "paletteTool": "bcdice",
  "paletteUseBuff": "1",
  "paletteUseVar": "1",
  "partsNum": 1,
  "perception": "Five senses (Darkvision)",
  "reputation": "9",
  "reputation+": "12",
  "weakness": "Wind type damage +3 points",
  "result": "OK",
  "sheetDescriptionM": "分類:Barbarous　知能:Average　知覚:Five senses (Darkvision)　反応:Hostile\n言語:Trade Common, Barbaric, Arcana, Youma　生息地:Highlands, Mountains\n弱点:Wind type damage +3 points\n先制値:11　生命抵抗力:2（9）　精神抵抗力:5（12）",
  "sheetDescriptionS": "分類:Barbarous\n弱点:Wind type damage +3 points\n先制値:11　生命抵抗力:2（9）　精神抵抗力:5（12）",
  "sin": "2",
  "skills": "<p><strong>►Truespeech Magic 2 Level/Magic Power 4 (11)</strong></p><p></p><p><strong>◯Targeting</strong></p><p>Stray shots cannot occur.</p><p><strong>◯Flight</strong></p><p>A Gremlin receives a +1 bonus to Accuracy and Evasion only for melee attacks.</p>",
  "status1Accuracy": "2",
  "status1AccuracyFix": 9,
  "status1Damage": "2d-2",
  "status1Defense": "0",
  "status1Evasion": "4",
  "status1EvasionFix": 11,
  "status1Hp": "14",
  "status1Mp": "14",
  "status1Style": "Bite",
  "statusNum": 1,
  "taxa": "Barbarous",
  "type": "m",
  "unitStatus": {
    "Bite:HP": "14/14",
    "Bite:MP": "14"
  },
  "unitExceptStatus": {
    "HP": 1,
    "MP": 1,
    "Defense": 1
  },
  "loots1Num": "2～7",
  "loots1Item": "None",
  "loots2Num": "8+",
  "loots2Item": "Strange Necklace (160G/White A)",
  "fortitude": "2",
  "willpower": "5"
}