{
  "description": "<p>These are Giants of about 4 meters in length that inhabit seashores, reefs, lakes, etc. They are sometimes found together with Tannoz.</p><p>They are especially dangerous underwater.</p>",
  "disposition": "Hostile",
  "habitat": "Sea, Coast, Lake, Shore",
  "initiative": "16",
  "intellect": "Low",
  "language": "Giantish, Barbaric, Sea Animal",
  "lootsNum": 2,
  "monsterName": "Grendel",
  "mndResist": "11",
  "vitResist": "13",
  "lv": "9",
  "parts": "2 (Upper Body / Lower Body)",
  "coreParts": "Upper Body",
  "mobility": "16/16 (Swimming)",
  "mode": "save",
  "paletteInsertType": "exchange",
  "paletteRemoveTags": "1",
  "paletteTool": "bcdice",
  "paletteUseBuff": "1",
  "paletteUseVar": "1",
  "partsNum": 2,
  "perception": "Five senses (Darkvision)",
  "reputation": "16",
  "reputation+": "18",
  "weakness": "Fire damage + 3 points",
  "result": "OK",
  "sheetDescriptionM": "分類:Barbarous　知能:Low　知覚:Five senses (Darkvision)　反応:Hostile\n言語:Giantish, Barbaric, Sea Animal　生息地:Sea, Coast, Lake, Shore\n弱点:Fire damage + 3 points\n先制値:16　生命抵抗力:13（20）　精神抵抗力:11（18）",
  "sheetDescriptionS": "分類:Barbarous\n弱点:Fire damage + 3 points\n先制値:16　生命抵抗力:13（20）　精神抵抗力:11（18）",
  "sin": "4",
  "skills": "<p><strong>◯Underwater Aptitude</strong></p><p></p><br><br><p><strong>►Water Blast/12 (19)/Fortitude/Neg</strong></p><p>It slams the water's surface as hard as possible, generating waves.Within \"Range: Caster\" and \"Target: 1 area (4m radius) / 10,\" the target falls prone. This effect does not apply to characters not restricted while in the water by abilities such as [◯Underwater Aptitude], [◯Underwater Specialization], [◯Underwater], or [Sword's Grace/Gentle Water].This unique skill can only be used on or underwater.</p><br><br><p><strong>◯Attack Obstacle = +4 • None</strong></p><p>Grendel's height prevents enemies from attacking them. The Upper Body receives a +4 bonus to Evasion checks against melee attacks.This effect disappears when the Lower Body falls to 0 HP or lower.</p>",
  "status1Accuracy": "12",
  "status1AccuracyFix": 19,
  "status1Damage": "2d+14",
  "status1Defense": "6",
  "status1Evasion": "11",
  "status1EvasionFix": 18,
  "status1Hp": "80",
  "status1Mp": "14",
  "status1Style": "Fist (Upper Body)",
  "status2Accuracy": "13",
  "status2AccuracyFix": 20,
  "status2Damage": "2d+11",
  "status2Defense": "8",
  "status2Evasion": "10",
  "status2EvasionFix": 17,
  "status2Hp": "86",
  "status2Mp": "11",
  "status2Style": "Kick (Lower Body)",
  "statusNum": 2,
  "taxa": "Barbarous",
  "type": "m",
  "unitStatus": {
    "Fist (Upper Body):HP": "80/80",
    "Fist (Upper Body):MP": "14",
    "Kick (Lower Body):HP": "86/86",
    "Kick (Lower Body):MP": "11"
  },
  "unitExceptStatus": {
    "HP": 2,
    "MP": 2,
    "Defense": 2
  },
  "loots1Num": "2～8",
  "loots1Item": "None",
  "loots2Num": "9+",
  "loots2Item": "Gold Bracelet (2,500G/Gold White S)",
  "fortitude": "13",
  "willpower": "11"
}