{
  "description": "<p>This large wildcat has grown to a size of 2m. The Grey Lynx is keen on hiding itself and avoids Human-sized prey, which leads children to think of these cats as myths.</p><p>While fur is not quite a luxury, there is still a steady enough demand for it. There may also be seeds from unknown plants stuck in the fur, some of which may yet still sprout.</p>",
  "disposition": "Hostile",
  "habitat": "Forests, Mountain",
  "initiative": "12",
  "intellect": "Animal",
  "language": "None",
  "lootsNum": 3,
  "monsterName": "Grey Lynx",
  "mndResist": "3",
  "vitResist": "5",
  "lv": "3",
  "parts": "",
  "coreParts": "",
  "mobility": "16 (4 Legs)",
  "mode": "save",
  "paletteInsertType": "exchange",
  "paletteRemoveTags": "1",
  "paletteTool": "bcdice",
  "paletteUseBuff": "1",
  "paletteUseVar": "1",
  "partsNum": 1,
  "perception": "Five senses (Darkvision)",
  "reputation": "12",
  "reputation+": "15",
  "weakness": "Magic Damage +2 points",
  "result": "OK",
  "sheetDescriptionM": "分類:Animal　知能:Animal　知覚:Five senses (Darkvision)　反応:Hostile\n言語:None　生息地:Forests, Mountain\n弱点:Magic Damage +2 points\n先制値:12　生命抵抗力:5（12）　精神抵抗力:3（10）",
  "sheetDescriptionS": "分類:Animal\n弱点:Magic Damage +2 points\n先制値:12　生命抵抗力:5（12）　精神抵抗力:3（10）",
  "sin": "0",
  "skills": "<p><strong>◯Continuous Attack</strong></p><p>If a Grey Lynx successfully hits a target in melee, it may make a second attack against the same target.</p>",
  "status1Accuracy": "4",
  "status1AccuracyFix": 11,
  "status1Damage": "2d+3",
  "status1Defense": "2",
  "status1Evasion": "5",
  "status1EvasionFix": 12,
  "status1Hp": "19",
  "status1Mp": "10",
  "status1Style": "Bite",
  "statusNum": 1,
  "taxa": "Animal",
  "type": "m",
  "unitStatus": {
    "Bite:HP": "19/19",
    "Bite:MP": "10"
  },
  "unitExceptStatus": {
    "HP": 1,
    "MP": 1,
    "Defense": 1
  },
  "loots1Num": "Always",
  "loots1Item": "Grey Lynx Fur (80G/Red B)",
  "loots2Num": "2～9",
  "loots2Item": "None",
  "loots3Num": "10+",
  "loots3Item": "Mysterious Seeds (100G/Red Green A)",
  "fortitude": "5",
  "willpower": "3"
}