{
  "description": "<p>A large bear with grey-brown fur, Grizzlies can stand on their hind legs to intimidate would-be predators, standing around 2-3m tall. In the summer, they will rarely appear to those wandering in the wilderness, but as the seasons change, they will attack livestock to build up bulk for their winter hibernation. Grizzlies are especially dangerous during the springtime, as they are ravenously hungry after hibernation.</p><p>Bear paws, specifically the right paw, are used as ingredients in high-end cuisine, as the right paw is used to scoop honey. It is said that honey has infused itself into the bear's skin, giving the paw an almost sweet, gamey flavor. The left paw, however, is rarely used and often discarded as there is little demand for it.</p>",
  "disposition": "Hungry",
  "habitat": "Forests, Mountains",
  "initiative": "14",
  "intellect": "Animal",
  "language": "None",
  "lootsNum": 3,
  "monsterName": "Grizzly Bear",
  "mndResist": "6",
  "vitResist": "9",
  "lv": "6",
  "parts": "",
  "coreParts": "",
  "mobility": "18",
  "mode": "save",
  "paletteInsertType": "exchange",
  "paletteRemoveTags": "1",
  "paletteTool": "bcdice",
  "paletteUseBuff": "1",
  "paletteUseVar": "1",
  "partsNum": 1,
  "perception": "Five senses",
  "reputation": "12",
  "reputation+": "16",
  "weakness": "Magic damage +2 points",
  "result": "OK",
  "sheetDescriptionM": "分類:Animal　知能:Animal　知覚:Five senses　反応:Hungry\n言語:None　生息地:Forests, Mountains\n弱点:Magic damage +2 points\n先制値:14　生命抵抗力:9（16）　精神抵抗力:6（13）",
  "sheetDescriptionS": "分類:Animal\n弱点:Magic damage +2 points\n先制値:14　生命抵抗力:9（16）　精神抵抗力:6（13）",
  "sin": "0",
  "skills": "<p><strong>►Double Attack</strong></p><p>A Grizzly Bear can make two Claw attacks.</p><p><strong>◯Bear Hug</strong></p><p>If the Grizzly Bear successfully hits with [►Double Attack], it will hold the target, and the target will not be able to move or make melee or ranged attacks. Each round, the held target is hit automatically by the Grizzly Bear, dealing 2d + 16 damage.When the target tries to escape, use the de-bonding rules.While entangled by this unique skill, the Grizzly Bear cannot attack other characters. If the monster itself wants to release the target, it can do so with a Minor Action.</p><p><strong>🗨Power Attack</strong></p><p>They can deal an additional +4 damage on their next attack. However, any Evasion Check made by them this turn receives a -2 penalty.</p>",
  "status1Accuracy": "8",
  "status1AccuracyFix": 15,
  "status1Damage": "2d+8",
  "status1Defense": "7",
  "status1Evasion": "7",
  "status1EvasionFix": 14,
  "status1Hp": "49",
  "status1Mp": "14",
  "status1Style": "Claws",
  "statusNum": 1,
  "taxa": "Animal",
  "type": "m",
  "unitStatus": {
    "Claws:HP": "49/49",
    "Claws:MP": "14"
  },
  "unitExceptStatus": {
    "HP": 1,
    "MP": 1,
    "Defense": 1
  },
  "loots1Num": "Always",
  "loots1Item": "Fur (150G/Red A)",
  "loots2Num": "2～12",
  "loots2Item": "Bear Paws (300G/Red A)",
  "loots3Num": "13+",
  "loots3Item": "Aromatic Bear Paws (1,200G/Red S)",
  "fortitude": "9",
  "willpower": "6"
}