{
  "description": "<p>A Wight born with a stronger grudge than a normal Wight. Although it appears indistinguishable from a Wight, it possesses enlarged claws that have the ability to bestow curses on the target they strike.</p>",
  "disposition": "Hostile",
  "habitat": "Various",
  "initiative": "13",
  "intellect": "None",
  "language": "None",
  "lootsNum": 4,
  "monsterName": "Grudge Wight",
  "mndResist": "8",
  "vitResist": "8",
  "lv": "6",
  "parts": "",
  "coreParts": "",
  "mobility": "13/-",
  "mode": "save",
  "paletteInsertType": "exchange",
  "paletteRemoveTags": "1",
  "paletteTool": "bcdice",
  "paletteUseBuff": "1",
  "paletteUseVar": "1",
  "partsNum": 1,
  "perception": "Magic",
  "reputation": "13",
  "reputation+": "15",
  "weakness": "Silver Weapon Damage +3",
  "result": "OK",
  "sheetDescriptionM": "分類:Undead　知能:None　知覚:Magic　反応:Hostile\n言語:None　生息地:Various\n弱点:Silver Weapon Damage +3\n先制値:13　生命抵抗力:8（15）　精神抵抗力:8（15）",
  "sheetDescriptionS": "分類:Undead\n弱点:Silver Weapon Damage +3\n先制値:13　生命抵抗力:8（15）　精神抵抗力:8（15）",
  "sin": "0",
  "skills": "<p><strong>◯Poison Claw / 8 (15) / Fortitude / Negates</strong></p><p>If a Claw attack hits and deals at least 1 point of applied damage, it deals an additional 5 poison magic damage to both the target's HP and MP.</p><p><strong>◯Grudge Wight's Curse</strong></p><p>Anyone reduced to 0 HP or below by the Grudge Wight's attack is automatically cursed, without any Resistance Check.Only after the curse is lifted can the victim recover from its unconscious state. If left attended, one Soulscar will be accumulated for every three days (72 hours) that pass. If the fifth Soulscar is acquired by this fact, the character immediately becomes a Grudge Wight.A Success Value of 16 or more is required to remove this curse by magic or other means. The character does not lose any Soulscars accumulated by this effect when the curse is removed.</p><p><strong>►Grudge Return / 7 (14) / Willpower / Half</strong></p><p>At \"Target: 1 Character\" with \"Range/Area: 2 (30m)/Target,\" the Wight expresses its resentment for taking damage. The target will be dealt (20 - the monster's current HP) (minimum 1) Curse magic damage (just 20, not Power 20).</p>",
  "status1Accuracy": "8",
  "status1AccuracyFix": 15,
  "status1Damage": "2d+8",
  "status1Defense": "8",
  "status1Evasion": "7",
  "status1EvasionFix": 14,
  "status1Hp": "50",
  "status1Mp": "15",
  "status1Style": "Claw",
  "statusNum": 1,
  "taxa": "Undead",
  "type": "m",
  "unitStatus": {
    "Claw:HP": "50/50",
    "Claw:MP": "15"
  },
  "unitExceptStatus": {
    "HP": 1,
    "MP": 1,
    "Defense": 1
  },
  "loots1Num": "Always",
  "loots1Item": "Wight Claw (50G / Red B)",
  "loots2Num": "2～6",
  "loots2Item": "None",
  "loots3Num": "7～10",
  "loots3Item": "Cursed Claw (400G / Red A)",
  "loots4Num": "11+",
  "loots4Item": "Sinister Cursed Claw (1,070G / Red S)",
  "fortitude": "8",
  "willpower": "8"
}