{
  "description": "<p>A humanoid daemon with bronze skin and a height of about 3m, Grunels have long tails that they treat like whips.</p><p>Some individuals may have magic weapons as well (increasing both Accuracy and damage by +1), and with their aptitude for magic, it is assumed that the Grunel handmade this weapon. If a Grunel with a magic sword is killed, the sword is automatically looted. The GM may decide the sword's type at their own discretion.</p><p>Oddly enough, Grunels have been seen in the company of Grassrunners. It is not quite sure what the relationship between the two races is, and neither side is willing to talk about it. However, this has led to the rumor that Grassrunners come from another world.</p>",
  "disposition": "Hostile",
  "habitat": "Ruins",
  "initiative": "15",
  "intellect": "Average",
  "language": "Daemonic",
  "lootsNum": 4,
  "monsterName": "Grunel",
  "mndResist": "10",
  "vitResist": "10",
  "lv": "7",
  "parts": "2 (Body / Tail)",
  "coreParts": "Body",
  "mobility": "15",
  "mode": "save",
  "paletteInsertType": "exchange",
  "paletteRemoveTags": "1",
  "paletteTool": "bcdice",
  "paletteUseBuff": "1",
  "paletteUseVar": "1",
  "partsNum": 2,
  "perception": "Five senses (Darkvision)",
  "reputation": "14",
  "reputation+": "19",
  "weakness": "Magic damage +2",
  "result": "OK",
  "sheetDescriptionM": "分類:Daemon　知能:Average　知覚:Five senses (Darkvision)　反応:Hostile\n言語:Daemonic　生息地:Ruins\n弱点:Magic damage +2\n先制値:15　生命抵抗力:10（17）　精神抵抗力:10（17）",
  "sheetDescriptionS": "分類:Daemon\n弱点:Magic damage +2\n先制値:15　生命抵抗力:10（17）　精神抵抗力:10（17）",
  "sin": "0",
  "skills": "<p><strong>►Truespeech Magic, Divine Magic 7 Level/Magic Power 10 (17)</strong></p><p></p><p><strong>◯🗨Magic Aptitude</strong></p><p>They can use the Combat Feats [Targeting] and [Metamagic/Targets].</p><p><strong>🗨Mana Strike = +10 damage</strong></p><p>A Grunel may deal an additional +10 damage to their next melee attack. If they do, they receive a -2 penalty to Fortitude, and Willpower checks until their next turn.</p><br><br><p><strong>◯Entangling Tail</strong></p><p>A successful hit from a Tail entangles the target. In each round, the entangled target is hit automatically by the Tail and makes all Accuracy and Evasion Checks with a -2 penalty. This penalty is not cumulative.When the target tries to escape, use the de-bonding rules.While entangled by this unique skill, the Tail section cannot attack other characters. If the monster itself wants to release the target, it can do so with a Minor Action.</p>",
  "status1Accuracy": "9",
  "status1AccuracyFix": 16,
  "status1Damage": "2d+10",
  "status1Defense": "7",
  "status1Evasion": "9",
  "status1EvasionFix": 16,
  "status1Hp": "63",
  "status1Mp": "60",
  "status1Style": "Weapon (Body)",
  "status2Accuracy": "10",
  "status2AccuracyFix": 17,
  "status2Damage": "2d+8",
  "status2Defense": "4",
  "status2Evasion": "8",
  "status2EvasionFix": 15,
  "status2Hp": "45",
  "status2Mp": "22",
  "status2Style": "Tail (Tail)",
  "statusNum": 2,
  "taxa": "Daemon",
  "type": "m",
  "unitStatus": {
    "Weapon (Body):HP": "63/63",
    "Weapon (Body):MP": "60",
    "Tail (Tail):HP": "45/45",
    "Tail (Tail):MP": "22"
  },
  "unitExceptStatus": {
    "HP": 2,
    "MP": 2,
    "Defense": 2
  },
  "loots1Num": "Always",
  "loots1Item": "Daemon's Blood (100G/Red A)",
  "loots2Num": "2～7",
  "loots2Item": "None",
  "loots3Num": "8～10",
  "loots3Item": "Daemon's Earrings (260G/Gold White A)",
  "loots4Num": "11+",
  "loots4Item": "Daemon's Bracelet (1,200G/Gold White S)",
  "fortitude": "10",
  "willpower": "10"
}