{
  "description": "<p>A mythical beast with the head and wings of an eagle and the body of a lion. Gryphons are surprisingly agile in the air for their bulk and often nest in holes dug into cliffsides. A Gryphon is attracted to and tends to collect shining objects, such as precious metals and gemstones. If they find an intruder trying to steal their shinies, a Gryphon will attack violently. Rarely some Gryphons understand the Trade Common language.</p><p><em>For the mount version of this creature, see Gryphon (mount).</em></p>",
  "disposition": "Neutral",
  "habitat": "Mountains",
  "initiative": "18",
  "intellect": "Low",
  "language": "None",
  "lootsNum": 3,
  "monsterName": "Gryphon",
  "mndResist": "9",
  "vitResist": "12",
  "lv": "7",
  "parts": "3 (Body/Wing x 2)",
  "coreParts": "Body",
  "mobility": "20 (4 Legs)/40 (Flying)",
  "mode": "save",
  "paletteInsertType": "exchange",
  "paletteRemoveTags": "1",
  "paletteTool": "bcdice",
  "paletteUseBuff": "1",
  "paletteUseVar": "1",
  "partsNum": 3,
  "perception": "Five senses",
  "reputation": "12",
  "reputation+": "18",
  "weakness": "Wind type damage +3 points",
  "result": "OK",
  "sheetDescriptionM": "分類:Mythical Beast　知能:Low　知覚:Five senses　反応:Neutral\n言語:None　生息地:Mountains\n弱点:Wind type damage +3 points\n先制値:18　生命抵抗力:12（19）　精神抵抗力:9（16）",
  "sheetDescriptionS": "分類:Mythical Beast\n弱点:Wind type damage +3 points\n先制値:18　生命抵抗力:12（19）　精神抵抗力:9（16）",
  "sin": "0",
  "skills": "<p><strong>◯Continuous Attack</strong></p><p>If a Gryphon successfully hits a target in melee, they may make a second attack against the same target.</p><br><br><p><strong>◯Flight</strong></p><p>A Gryphon receives a +1 bonus to Accuracy and Evasion only for melee attacks.If one of the Wings falls to 0 HP or lower, this unique skill cannot be used.</p>",
  "status1Accuracy": "9",
  "status1AccuracyFix": 16,
  "status1Damage": "2d+11",
  "status1Defense": "5",
  "status1Evasion": "11",
  "status1EvasionFix": 18,
  "status1Hp": "58",
  "status1Mp": "26",
  "status1Style": "Beak (Body)",
  "status2Accuracy": "10",
  "status2AccuracyFix": 17,
  "status2Damage": "2d+8",
  "status2Defense": "4",
  "status2Evasion": "9",
  "status2EvasionFix": 16,
  "status2Hp": "39",
  "status2Mp": "11",
  "status2Style": "Wing (Wing)",
  "status3Accuracy": "10",
  "status3AccuracyFix": 17,
  "status3Damage": "2d+8",
  "status3Defense": "4",
  "status3Evasion": "9",
  "status3EvasionFix": 16,
  "status3Hp": "39",
  "status3Mp": "11",
  "status3Style": "Wing (Wing)",
  "statusNum": 3,
  "taxa": "Mythical Beast",
  "type": "m",
  "unitStatus": {
    "Beak (Body):HP": "58/58",
    "Beak (Body):MP": "26",
    "Wing (Wing):HP": "39/39",
    "Wing (Wing):MP": "11"
  },
  "unitExceptStatus": {
    "HP": 3,
    "MP": 3,
    "Defense": 3
  },
  "loots1Num": "2～5",
  "loots1Item": "None",
  "loots2Num": "6～12",
  "loots2Item": "Gems (150G/Gold A) x 1d",
  "loots3Num": "13+",
  "loots3Item": "Mithril (2,600G/Gold S)",
  "fortitude": "12",
  "willpower": "9"
}