{
  "description": "<p>This large Barba is about one meter in length and holds a Bursting Shell and a restore fluid to support front-line Magitech. The fluid solidifies quickly when it touches the damaged part of the Magitech and closes it temporarily.</p><p>Both Bursting Shell and the restore liquid are loaded only enough for one use.</p>",
  "disposition": "Instructed",
  "habitat": "Ruins, Mountains",
  "initiative": "13",
  "intellect": "Servant",
  "language": "Magitech",
  "lootsNum": 3,
  "monsterName": "Gur Barba",
  "mndResist": "7",
  "vitResist": "7",
  "lv": "6",
  "parts": "",
  "coreParts": "",
  "mobility": "-/10(Floating)",
  "mode": "save",
  "paletteInsertType": "exchange",
  "paletteRemoveTags": "1",
  "paletteTool": "bcdice",
  "paletteUseBuff": "1",
  "paletteUseVar": "1",
  "partsNum": 1,
  "perception": "Mechanical",
  "reputation": "13",
  "reputation+": "16",
  "weakness": "Physical damage +2 points",
  "result": "OK",
  "sheetDescriptionM": "分類:Magitech　知能:Servant　知覚:Mechanical　反応:Instructed\n言語:Magitech　生息地:Ruins, Mountains\n弱点:Physical damage +2 points\n先制値:13　生命抵抗力:7（14）　精神抵抗力:7（14）",
  "sheetDescriptionS": "分類:Magitech\n弱点:Physical damage +2 points\n先制値:13　生命抵抗力:7（14）　精神抵抗力:7（14）",
  "sin": "0",
  "skills": "<p><strong>►Bursting Shell Drop/8 (15)/Willpower/ Half</strong></p><p>The bursting shell is dropped on the top of the target. Within \"Range: Caster\" deals 2d+7 Fire magic damage to \"Target: 1 area (3m Radius) / 5\".This ability can only be used once.</p><p><strong>►Sprinkle Repair Liquid/Can't</strong></p><p>Sprays Magitech restoring liquid to \"Target: 1 area (3m Radius) / 5\" in \"Range: Caster.\" If the target is a Magitech character, its HP is restored by 2d+7 points.This effect can be used only once. This monster is always excluded from this effect.</p><p><strong>◯Poison Immunity, ◯Disease Immunity, ◯Psychic Type Immunity</strong></p><p></p><p><strong>◯Limited Healing</strong></p><p>Effects which can heal Magitech HP are very limited, and mostly come from Spiritualism Magic and some special items.Healing effects such as Divine Magic, Fairy Magic, and Nature Magic cannot restore a Magitech's HP.</p><p><strong>◯Can Be Detected</strong></p><p>Magitech can be detected with the [Sense Magic] spell and similar effects.</p>",
  "status1Accuracy": "9",
  "status1AccuracyFix": 16,
  "status1Damage": "2d+8",
  "status1Defense": "5",
  "status1Evasion": "8",
  "status1EvasionFix": 15,
  "status1Hp": "48",
  "status1Mp": "-",
  "status1Style": "Legs",
  "statusNum": 1,
  "taxa": "Magitech",
  "type": "m",
  "unitStatus": {
    "Legs:HP": "48/48",
    "Legs:MP": "-"
  },
  "unitExceptStatus": {
    "HP": 1,
    "MP": 1,
    "Defense": 1
  },
  "loots1Num": "Always",
  "loots1Item": "Iron (20G/Black B)",
  "loots2Num": "2～7",
  "loots2Item": "Crude Magitech Components (100G/Black White A)",
  "loots3Num": "8+",
  "loots3Item": "Magitech Components (300G/Black White A)",
  "fortitude": "7",
  "willpower": "7"
}