{
  "description": "<p>This is a mythical beast inhabiting the sea and rivers, with the front half of its body as a crocodile and the back half as a fish.</p><p>It circulates in a large territory and attacks violently against those it perceives to be violating its territory. As a result, its territory is a place where there are few dangerous predators. It is often is called the guardian of marine life by fishermen and others who live in the sea. However, they are rarely seen. In some areas, a folk song says, \"They live hard and sleep at the bottom of the sea.\"</p><p><em>For the mount version of this creature, see Gurangatch.</em></p>",
  "disposition": "Neutral",
  "habitat": "Sea, Riverside",
  "initiative": "18",
  "intellect": "Low",
  "language": "Sea Animal, Sylvan",
  "lootsNum": 3,
  "monsterName": "Gurangatch",
  "mndResist": "13",
  "vitResist": "14",
  "lv": "11",
  "parts": "2 (Front / Back)",
  "coreParts": "Front",
  "mobility": "20(Crawling)/40(Swimming)",
  "mode": "save",
  "paletteInsertType": "exchange",
  "paletteRemoveTags": "1",
  "paletteTool": "bcdice",
  "paletteUseBuff": "1",
  "paletteUseVar": "1",
  "partsNum": 2,
  "perception": "Five senses (Darkvision)",
  "reputation": "18",
  "reputation+": "21",
  "weakness": "Earth damage + 3 points",
  "result": "OK",
  "sheetDescriptionM": "分類:Mythical Beast　知能:Low　知覚:Five senses (Darkvision)　反応:Neutral\n言語:Sea Animal, Sylvan　生息地:Sea, Riverside\n弱点:Earth damage + 3 points\n先制値:18　生命抵抗力:14（21）　精神抵抗力:13（20）",
  "sheetDescriptionS": "分類:Mythical Beast\n弱点:Earth damage + 3 points\n先制値:18　生命抵抗力:14（21）　精神抵抗力:13（20）",
  "sin": "0",
  "skills": "<p><strong>◯Underwater Aptitude</strong></p><p></p><br><br><p><strong>►Twin Strike & Double Attack</strong></p><p>It can make two Front Legs attacks each round, though each attack requires its accuracy check. They may choose to attack different characters with each attack.</p><p><strong>►Fairy Magic 10 Level / Magic Power 12 (19)</strong></p><p>It can use Water/Ice, Wind, Light, and Dark types.</p><p><strong>◯🗨►Magic Aptitude</strong></p><p>They can use the Combat Feats [Multi-Action], [Targeting], [Metamagic/Targets], and [Wordbreak].[Multi-Action] can be declared when the monster uses [►Twin Strike & Double Attack], and it can cast the spell after the second Accuracy check. The monster instead can use [►Twin Strike & Double Attack] after it casts the spell, but not after using [►Jaw Bite].</p><p><strong>►Jaw Bite/13 (20)/Danger Sense/Negates</strong></p><p>It feints with its arms and attack by biting with its jaws.Within \"Range: Touch\" deals with a \"Target: 1 Character\" 2d+25 physical damage.This unique skill cannot be used in consecutive turns. Once a character becomes a target of this effect, they gain a +4 bonus on Danger Sense checks to resist this effect until the end of combat.</p><br><br><p><strong>◯Furious Tail</strong></p><p>In response to the threat to its own life, it becomes furious.If the current HP of Front is less than 70 points, the Tail damage is increased by +2 points; if it is less than 40 points, another +2 points (total +4 points); if it is less than 15 points, another +4 points (total +8 points).</p><p><strong>🗨All-Out Attack</strong></p><p>A Tail can deal an additional 8 damage on its next attack. However, any Evasion check made by this section this turn receives a -3 penalty as a risk.</p>",
  "status1Accuracy": "14",
  "status1AccuracyFix": 21,
  "status1Damage": "2d+15",
  "status1Defense": "14",
  "status1Evasion": "13",
  "status1EvasionFix": 20,
  "status1Hp": "105",
  "status1Mp": "66",
  "status1Style": "Front Legs (Front)",
  "status2Accuracy": "13",
  "status2AccuracyFix": 20,
  "status2Damage": "2d+12",
  "status2Defense": "10",
  "status2Evasion": "14",
  "status2EvasionFix": 21,
  "status2Hp": "92",
  "status2Mp": "23",
  "status2Style": "Tail (Back)",
  "statusNum": 2,
  "taxa": "Mythical Beast",
  "type": "m",
  "unitStatus": {
    "Front Legs (Front):HP": "105/105",
    "Front Legs (Front):MP": "66",
    "Tail (Back):HP": "92/92",
    "Tail (Back):MP": "23"
  },
  "unitExceptStatus": {
    "HP": 2,
    "MP": 2,
    "Defense": 2
  },
  "loots1Num": "2～6",
  "loots1Item": "Clean Scales (200G/Red A)",
  "loots2Num": "7～11",
  "loots2Item": "Green Scales (1,600G/Gold Red S)",
  "loots3Num": "12+",
  "loots3Item": "Langgan Scales (6,800/Gold Red S)",
  "fortitude": "14",
  "willpower": "13"
}