{
  "description": "<p>A quadrupedal animal with a large and rigid head, resembling that of a small rhinoceros in overall shape. These creatures are gentle and live in herds in different locations. They have an omnivorous diet and will consume almost anything. During territorial disputes, they surround their enemies and use headbutts as a form of attack.</p><p>However, they are not physically strong and are not suitable for domestic tasks such as pulling carts.</p>",
  "disposition": "Hungry",
  "habitat": "Various",
  "initiative": "9",
  "intellect": "Animal",
  "language": "None",
  "lootsNum": 3,
  "monsterName": "Hammerhead",
  "mndResist": "4",
  "vitResist": "4",
  "lv": "3",
  "parts": "2 (Head / Body)",
  "coreParts": "Head",
  "mobility": "11 (4 Legs)",
  "mode": "save",
  "paletteInsertType": "exchange",
  "paletteRemoveTags": "1",
  "paletteTool": "bcdice",
  "paletteUseBuff": "1",
  "paletteUseVar": "1",
  "partsNum": 2,
  "perception": "Five Senses",
  "reputation": "9",
  "reputation+": "12",
  "weakness": "Magic Damage +2",
  "result": "OK",
  "sheetDescriptionM": "分類:Animal　知能:Animal　知覚:Five Senses　反応:Hungry\n言語:None　生息地:Various\n弱点:Magic Damage +2\n先制値:9　生命抵抗力:4（11）　精神抵抗力:4（11）",
  "sheetDescriptionS": "分類:Animal\n弱点:Magic Damage +2\n先制値:9　生命抵抗力:4（11）　精神抵抗力:4（11）",
  "sin": "0",
  "skills": "<p><strong>◯Painful Strike</strong></p><p>If the 2d roll of the damage roll is 10 or more, the damage is increased by an additional +6 points.</p>",
  "status1Accuracy": "4",
  "status1AccuracyFix": 11,
  "status1Damage": "2d+5",
  "status1Defense": "4",
  "status1Evasion": "3",
  "status1EvasionFix": 10,
  "status1Hp": "20",
  "status1Mp": "8",
  "status1Style": "Headbutt (Head)",
  "status2Accuracy": "5",
  "status2AccuracyFix": 12,
  "status2Damage": "2d+2",
  "status2Defense": "3",
  "status2Evasion": "4",
  "status2EvasionFix": 11,
  "status2Hp": "17",
  "status2Mp": "10",
  "status2Style": "Kick (Body)",
  "statusNum": 2,
  "taxa": "Animal",
  "type": "m",
  "unitStatus": {
    "Headbutt (Head):HP": "20/20",
    "Headbutt (Head):MP": "8",
    "Kick (Body):HP": "17/17",
    "Kick (Body):MP": "10"
  },
  "unitExceptStatus": {
    "HP": 2,
    "MP": 2,
    "Defense": 2
  },
  "loots1Num": "2～7",
  "loots1Item": "None",
  "loots2Num": "8～10",
  "loots2Item": "Rocky Hide (120G / Red A)",
  "loots3Num": "11+",
  "loots3Item": "Fine Quality Rocky Skin (320G / Red A)",
  "fortitude": "4",
  "willpower": "4"
}