{
  "description": "<p>This is a heavy warrior armed with a large shield and metal armor, a one- handed weapon. They are knights who protect important Humanoid strongholds, such as royal castles and customs posts.</p>",
  "disposition": "Neutral",
  "habitat": "Various",
  "initiative": "16",
  "intellect": "Average",
  "language": "Trade Common",
  "lootsNum": 3,
  "monsterName": "Heavy Shielded Guard",
  "mndResist": "13",
  "vitResist": "15",
  "lv": "11",
  "parts": "",
  "coreParts": "",
  "mobility": "15",
  "mode": "save",
  "paletteInsertType": "exchange",
  "paletteRemoveTags": "1",
  "paletteTool": "bcdice",
  "paletteUseBuff": "1",
  "paletteUseVar": "1",
  "partsNum": 1,
  "perception": "Five senses",
  "reputation": "14",
  "reputation+": "0",
  "weakness": "None",
  "result": "OK",
  "sheetDescriptionM": "分類:Humanoid　知能:Average　知覚:Five senses　反応:Neutral\n言語:Trade Common　生息地:Various\n弱点:None\n先制値:16　生命抵抗力:15（22）　精神抵抗力:13（20）",
  "sheetDescriptionS": "分類:Humanoid\n弱点:None\n先制値:16　生命抵抗力:15（22）　精神抵抗力:13（20）",
  "sin": "0",
  "skills": "<p><strong>◯🗨△Bodyguard Knowledge</strong></p><p>They can use the Combat Feats [Block] and [Cover II].</p><p><strong>🗨Power Strike I</strong></p><p>They can deal an additional 12 damage on their next attack. However, any Evasion Check made by them this turn receives a -2 penalty.</p><p><strong>⏩△Techniques</strong></p><p>They may use the [Cat's Eyes], [Beetleskin], and [Bear Muscle] Techniques.</p><p><strong>◯Sword's Grace/Change Fate</strong></p><p>Once per day, they may change the result of a Skill Check or Damage roll, by switching the faces of the rolled 2d to the opposite sides and adding +2 to it.</p>",
  "status1Accuracy": "14",
  "status1AccuracyFix": 21,
  "status1Damage": "2d+15",
  "status1Defense": "15",
  "status1Evasion": "13",
  "status1EvasionFix": 20,
  "status1Hp": "90",
  "status1Mp": "15",
  "status1Style": "Weapon",
  "statusNum": 1,
  "taxa": "Humanoid",
  "type": "m",
  "unitStatus": {
    "Weapon:HP": "90/90",
    "Weapon:MP": "15"
  },
  "unitExceptStatus": {
    "HP": 1,
    "MP": 1,
    "Defense": 1
  },
  "loots1Num": "Always",
  "loots1Item": "Well-Kept Large Shield (4,000G/Black White S)",
  "loots2Num": "2～6",
  "loots2Item": "None",
  "loots3Num": "7+",
  "loots3Item": "Bag of Silver (300G) x 2d",
  "fortitude": "15",
  "willpower": "13"
}