{
  "description": "<p>This is a 12-armed Giant of about 6 meters in height. When fighting, they carry weapons on 6 arms and shields on the other 6. They value bravery and respect those who come at them fairly and squarely, but they are angry at those who act cowardly. Because of this, they are often entrusted with guarding important places such as the treasury and are not often seen outside.</p>",
  "disposition": "Hostile",
  "habitat": "Various",
  "initiative": "20",
  "intellect": "Average",
  "language": "Barbaric, Giantish",
  "lootsNum": 4,
  "monsterName": "Hecatoncheires",
  "mndResist": "19",
  "vitResist": "21",
  "lv": "15",
  "parts": "8 (Upper Body / Arm x 6 / Lower Body)",
  "coreParts": "Upper Body",
  "mobility": "20",
  "mode": "save",
  "paletteInsertType": "exchange",
  "paletteRemoveTags": "1",
  "paletteTool": "bcdice",
  "paletteUseBuff": "1",
  "paletteUseVar": "1",
  "partsNum": 3,
  "perception": "Five senses (Darkvision)",
  "reputation": "16",
  "reputation+": "22",
  "weakness": "Physical damage +2 points",
  "result": "OK",
  "sheetDescriptionM": "分類:Barbarous　知能:Average　知覚:Five senses (Darkvision)　反応:Hostile\n言語:Barbaric, Giantish　生息地:Various\n弱点:Physical damage +2 points\n先制値:20　生命抵抗力:21（28）　精神抵抗力:19（26）",
  "sheetDescriptionS": "分類:Barbarous\n弱点:Physical damage +2 points\n先制値:20　生命抵抗力:21（28）　精神抵抗力:19（26）",
  "sin": "4",
  "skills": "<p><strong>►Swords Dance/Can't</strong></p><p>The Hecatoncheires does a strange, flailing dance that deals (2d x (Remaining Arms) + 5) Physical damage to one target in the same skirmish.This ability cannot be used when even one Arm has completed its Major Action. Also, after this ability is used, Major Actions of all Arms are completed.</p><p><strong>◯Limited Attacks</strong></p><p>Due to the size of the Hecatoncheires, only two Arms can attack the same target in 10 seconds (1 round).</p><p><strong>🗨Power Strike II</strong></p><p>They can deal an additional +12 damage on their next attack. However, any Evasion Check made by them this turn receives a -2 penalty.</p><p><strong>◯Layered Protection</strong></p><p>The Defense of Upper Body section is increased by +2 points for each remaining Arm section.</p><br><br><p><strong>◯Attack Obstacle = +4 • None</strong></p><p>Hecatoncheires' height prevents enemies from attacking it. The Upper Body receives a +4 bonus to Evasion checks against melee attacks. This effect disappears when the Lower Body falls to 0 HP or lower.</p>",
  "status1Accuracy": "-",
  "status1AccuracyFix": null,
  "status1Damage": "-",
  "status1Defense": "12",
  "status1Evasion": "19",
  "status1EvasionFix": 26,
  "status1Hp": "148",
  "status1Mp": "35",
  "status1Style": "None (Upper Body)",
  "status2Accuracy": "21",
  "status2AccuracyFix": 28,
  "status2Damage": "2d+19",
  "status2Defense": "12",
  "status2Evasion": "21",
  "status2EvasionFix": 28,
  "status2Hp": "103",
  "status2Mp": "18",
  "status2Style": "Weapon (Arm) x 6",
  "status3Accuracy": "19",
  "status3AccuracyFix": 26,
  "status3Damage": "2d+21",
  "status3Defense": "15",
  "status3Evasion": "21",
  "status3EvasionFix": 28,
  "status3Hp": "137",
  "status3Mp": "23",
  "status3Style": "Kick (Lower Body)",
  "statusNum": 3,
  "taxa": "Barbarous",
  "type": "m",
  "unitStatus": {
    "None (Upper Body):HP": "148/148",
    "None (Upper Body):MP": "35",
    "Weapon (Arm) x 6:HP": "103/103",
    "Weapon (Arm) x 6:MP": "18",
    "Kick (Lower Body):HP": "137/137",
    "Kick (Lower Body):MP": "23"
  },
  "unitExceptStatus": {
    "HP": 3,
    "MP": 3,
    "Defense": 3
  },
  "loots1Num": "Always",
  "loots1Item": "Massive Weapon (300G/Black White A) x 6",
  "loots2Num": "2～7",
  "loots2Item": "None",
  "loots3Num": "8～12",
  "loots3Item": "Lump of Silver (3,600G/Gold S)",
  "loots4Num": "13+",
  "loots4Item": "Lump of Gold (18,000G/Gold SS)",
  "fortitude": "21",
  "willpower": "19"
}