{
  "description": "<p>Hellhounds are large dogs with jet-black fur, often seen spitting gouts of flame. It is sometimes found in and around a Shallow Abyss, which is why it is also called \"Watchdogs of Hell\".</p><p>Rarely, a red stone with a faint heat may be found inside its body.</p>",
  "disposition": "Hostile",
  "habitat": "Ruins",
  "initiative": "16",
  "intellect": "Low",
  "language": "None",
  "lootsNum": 3,
  "monsterName": "Hellhound",
  "mndResist": "7",
  "vitResist": "6",
  "lv": "4",
  "parts": "",
  "coreParts": "",
  "mobility": "18 (4 Legs)",
  "mode": "save",
  "paletteInsertType": "exchange",
  "paletteRemoveTags": "1",
  "paletteTool": "bcdice",
  "paletteUseBuff": "1",
  "paletteUseVar": "1",
  "partsNum": 1,
  "perception": "Five senses (Darkvision)",
  "reputation": "9",
  "reputation+": "15",
  "weakness": "Water/Ice damage + 3 points",
  "result": "OK",
  "sheetDescriptionM": "分類:Mythical Beast　知能:Low　知覚:Five senses (Darkvision)　反応:Hostile\n言語:None　生息地:Ruins\n弱点:Water/Ice damage + 3 points\n先制値:16　生命抵抗力:6（13）　精神抵抗力:7（14）",
  "sheetDescriptionS": "分類:Mythical Beast\n弱点:Water/Ice damage + 3 points\n先制値:16　生命抵抗力:6（13）　精神抵抗力:7（14）",
  "sin": "0",
  "skills": "<p><strong>◯Fire Immunity</strong></p><p></p><p><strong>►Fire Breath/5 (12)/Fortitude/Half</strong></p><p>A Hellhound breathes fire in a \"Range: Touch\", dealing 2d + 4 Fire magic damage to up to 3 targets.This unique skill cannot be used in consecutive rounds.</p>",
  "status1Accuracy": "7",
  "status1AccuracyFix": 14,
  "status1Damage": "2d+4",
  "status1Defense": "2",
  "status1Evasion": "6",
  "status1EvasionFix": 13,
  "status1Hp": "38",
  "status1Mp": "20",
  "status1Style": "Bite",
  "statusNum": 1,
  "taxa": "Mythical Beast",
  "type": "m",
  "unitStatus": {
    "Bite:HP": "38/38",
    "Bite:MP": "20"
  },
  "unitExceptStatus": {
    "HP": 1,
    "MP": 1,
    "Defense": 1
  },
  "loots1Num": "2～3",
  "loots1Item": "None",
  "loots2Num": "4～11",
  "loots2Item": "Mythical Beast Hide (140G/Red A)",
  "loots3Num": "12+",
  "loots3Item": "Flame Crystal (1,600G/Gold S)",
  "fortitude": "6",
  "willpower": "7"
}