{
  "description": "<p>This is a priest who is not accepted by the Humanoid community and has turned to the worship of Barbarous gods associated with the Second Sword. While hiding their true identity, they work as a spy for Barbarous.</p>",
  "disposition": "Hostile",
  "habitat": "Various",
  "initiative": "7",
  "intellect": "Average",
  "language": "Trade Common, Regional Dialect, Arcana",
  "lootsNum": 4,
  "monsterName": "Heretic Priest",
  "mndResist": "14",
  "vitResist": "12",
  "lv": "10",
  "parts": "",
  "coreParts": "",
  "mobility": "12",
  "mode": "save",
  "paletteInsertType": "exchange",
  "paletteRemoveTags": "1",
  "paletteTool": "bcdice",
  "paletteUseBuff": "1",
  "paletteUseVar": "1",
  "partsNum": 1,
  "perception": "Five senses",
  "reputation": "13",
  "reputation+": "0",
  "weakness": "None",
  "result": "OK",
  "sheetDescriptionM": "分類:Humanoid　知能:Average　知覚:Five senses　反応:Hostile\n言語:Trade Common, Regional Dialect, Arcana　生息地:Various\n弱点:None\n先制値:7　生命抵抗力:12（19）　精神抵抗力:14（21）",
  "sheetDescriptionS": "分類:Humanoid\n弱点:None\n先制値:7　生命抵抗力:12（19）　精神抵抗力:14（21）",
  "sin": "0",
  "skills": "<p><strong>►Divine Magic 10 Level/Magic Power 15 (22)</strong></p><p></p><p><strong>►Spiritualism Magic 7 Level/Magic Power 12 (19)</strong></p><p></p><p><strong>◯🗨►Magic Aptitude</strong></p><p>A Heretic Priest can use the Combat Feats [Universal Metamagic], [Targeting], [Hawk Eye] and [Wordbreak].</p><p><strong>◯Sword's Grace/Change Fate</strong></p><p>Once per day, they may change the result of a Skill Check or Damage roll, by switching the faces of the rolled 2d to the opposite sides and adding +1 to it.</p>",
  "status1Accuracy": "10",
  "status1AccuracyFix": 17,
  "status1Damage": "2d+5",
  "status1Defense": "11",
  "status1Evasion": "8",
  "status1EvasionFix": 15,
  "status1Hp": "65",
  "status1Mp": "74",
  "status1Style": "Staff",
  "statusNum": 1,
  "taxa": "Humanoid",
  "type": "m",
  "unitStatus": {
    "Staff:HP": "65/65",
    "Staff:MP": "74"
  },
  "unitExceptStatus": {
    "HP": 1,
    "MP": 1,
    "Defense": 1
  },
  "loots1Num": "Always",
  "loots1Item": "Bag of Silver (100G) x 2d",
  "loots2Num": "2～6",
  "loots2Item": "None",
  "loots3Num": "7～12",
  "loots3Item": "Bag of Silver (200G) x 2d",
  "loots4Num": "13+",
  "loots4Item": "Large Gem (4,000G/Gold S)",
  "fortitude": "12",
  "willpower": "14"
}