{
  "description": "<p>This Manticore subspecies knows a deep prophecy about not only magic but also Geomancy. They retreat deep into the mountains and refuse contact with Humanoids and others.</p>",
  "disposition": "Neutral",
  "habitat": "Labyrinths",
  "initiative": "16",
  "intellect": "High",
  "language": "Arcana, Sylvan",
  "lootsNum": 2,
  "monsterName": "Hermit Manticore",
  "mndResist": "11",
  "vitResist": "10",
  "lv": "8",
  "parts": "2 (Front / Rear)",
  "coreParts": "Front",
  "mobility": "15 (4 Legs)/23 (Flying)",
  "mode": "save",
  "paletteInsertType": "exchange",
  "paletteRemoveTags": "1",
  "paletteTool": "bcdice",
  "paletteUseBuff": "1",
  "paletteUseVar": "1",
  "partsNum": 2,
  "perception": "Five senses (Darkvision)",
  "reputation": "13",
  "reputation+": "18",
  "weakness": "Wind damage +3 points",
  "result": "OK",
  "sheetDescriptionM": "分類:Mythical Beast　知能:High　知覚:Five senses (Darkvision)　反応:Neutral\n言語:Arcana, Sylvan　生息地:Labyrinths\n弱点:Wind damage +3 points\n先制値:16　生命抵抗力:10（17）　精神抵抗力:11（18）",
  "sheetDescriptionS": "分類:Mythical Beast\n弱点:Wind damage +3 points\n先制値:16　生命抵抗力:10（17）　精神抵抗力:11（18）",
  "sin": "0",
  "skills": "<p><strong>►Truespeech Magic, Spiritualism Magic 7 Level / Magic Power 10 (17)</strong></p><p></p><p><strong>►Fairy Magic 5 Level / Magic Power 8 (15)</strong></p><p>Can use Earth, Fire, Wind, and Dark types.This does not change even if the contract pattern is adopted (see MA, p. 136).</p><p><strong>◯🗨Magic Aptitude</strong></p><p>They can use the Combat Feats [Metamagic/Targets], [Targeting], and [Multi-Action].</p><p><strong>⏩Aspect/All Areas (20m Radius)</strong></p><p>Knows [Heavenly Domain: Descending Thunder], [Earthly Domain: Quicksand], and [Spirit Domain: Terror] Aspects. The Qi Points to be used are all 3 points.</p><br><br><p><strong>◯Numbing Poison / 10 (17) / Fortitude / Negates</strong></p><p>If the Tail's attack hits and deals 1 or more points of applied damage, it has the effect of Petrifaction (Dexterity/-6) (see CR II, p. 329, or ML, p. 71).</p>",
  "status1Accuracy": "11",
  "status1AccuracyFix": 18,
  "status1Damage": "2d+10",
  "status1Defense": "7",
  "status1Evasion": "10",
  "status1EvasionFix": 17,
  "status1Hp": "77",
  "status1Mp": "51",
  "status1Style": "Claw (Front)",
  "status2Accuracy": "10",
  "status2AccuracyFix": 17,
  "status2Damage": "2d+12",
  "status2Defense": "5",
  "status2Evasion": "9",
  "status2EvasionFix": 16,
  "status2Hp": "65",
  "status2Mp": "29",
  "status2Style": "Tail (Rear)",
  "statusNum": 2,
  "taxa": "Mythical Beast",
  "type": "m",
  "unitStatus": {
    "Claw (Front):HP": "77/77",
    "Claw (Front):MP": "51",
    "Tail (Rear):HP": "65/65",
    "Tail (Rear):MP": "29"
  },
  "unitExceptStatus": {
    "HP": 2,
    "MP": 2,
    "Defense": 2
  },
  "loots1Num": "2～7",
  "loots1Item": "Fine Mythical Beast Hide (300G/Red A)",
  "loots2Num": "8+",
  "loots2Item": "Beautiful Mythical Beast Hide (800G/Gold Red A)",
  "fortitude": "10",
  "willpower": "11"
}