{
  "description": "<p>Hibrayzan is a Magitech soldier designed for close combat, with long arms. Its body is comprised of two spheres, one above the other and one below the other, with the head buried in the body and shaped like a plate. The blades on both arms can be heated red-hot, and the power of their slashes is fearsome.</p><p>The blade grows directly from the lower half of the body, spinning as it approaches and cleaving surrounding enemies.</p><p>Hibrayzans appear to be intended for operation on top of Kagners, and are often seen working together simultaneously.</p>",
  "disposition": "Instructed",
  "habitat": "Ruins, Caves",
  "initiative": "14",
  "intellect": "Servant",
  "language": "None",
  "lootsNum": 3,
  "monsterName": "Hibrayzan",
  "mndResist": "9",
  "vitResist": "9",
  "lv": "7",
  "parts": "2 (Upper Body / Lower Body)",
  "coreParts": "None",
  "mobility": "-/18(Floating)",
  "mode": "save",
  "paletteInsertType": "exchange",
  "paletteRemoveTags": "1",
  "paletteTool": "bcdice",
  "paletteUseBuff": "1",
  "paletteUseVar": "1",
  "partsNum": 2,
  "perception": "Mechanical",
  "reputation": "14",
  "reputation+": "17",
  "weakness": "Lightning damage + 3 points",
  "result": "OK",
  "sheetDescriptionM": "分類:Magitech　知能:Servant　知覚:Mechanical　反応:Instructed\n言語:None　生息地:Ruins, Caves\n弱点:Lightning damage + 3 points\n先制値:14　生命抵抗力:9（16）　精神抵抗力:9（16）",
  "sheetDescriptionS": "分類:Magitech\n弱点:Lightning damage + 3 points\n先制値:14　生命抵抗力:9（16）　精神抵抗力:9（16）",
  "sin": "0",
  "skills": "<p><strong>◯Mechanical Body</strong></p><p>It is immune to criticals from edged weapons.</p><p><strong>◯Fire Immunity, ◯Poison Immunity, ◯Disease Immunity, ◯Psychic Type Immunity</strong></p><p></p><p><strong>◯Limited Healing</strong></p><p>Effects which can heal Magitech HP are very limited, and mostly come from Spiritualism Magic and some special items.Healing effects such as Divine Magic, Fairy Magic, and Nature Magic cannot restore a Magitech's HP.</p><p><strong>◯Can Be Detected</strong></p><p>Magitech can be detected with the [Sense Magic] spell and similar effects.</p><br><br><p><strong>►Twin Strike & Double Attack</strong></p><p>It can make two attacks with Cutting Blade each round, though each attack requires its Accuracy check. They may choose to attack different characters with each attack.</p><p><strong>◯Cutting Blade</strong></p><p>Any attacks with Cutting Blade treat Defense as halved (rounded up).</p><p><strong>◯Cool Blade</strong></p><p>If the Cutting Blade's HP is reduced by 1 or more points due to physical damage or magical damage of water/ice or lightning type, the Cutting Torch's damage is reduced by 4 points until the end of the next turn.</p><br><br><p><strong>◯Painful Strike</strong></p><p>If the 2d roll of the damage roll is 10 or more, the damage is increased by an additional +5 points.</p><p><strong>⏩Combat Maneuver</strong></p><p>Hibrayzan flies around in a complex trajectory while floating. The Upper Body section gains a +1 bonus to its Accuracy and Evasion checks. At the same time, Lower Body receives a -1 penalty on Accuracy and Evasion checks. This effect can be used only once per round and cannot be used in consecutive turns.</p><p><strong>►Rotating Blade/10 (17)/Evasion/Negates</strong></p><p>Lower Body of Hibrayzan with its blade attack targets around it.It attacks with its Melee Attack up to 5 targets around it.This ability cannot be used on consecutive turns.</p>",
  "status1Accuracy": "13",
  "status1AccuracyFix": 20,
  "status1Damage": "2d+12",
  "status1Defense": "9",
  "status1Evasion": "12",
  "status1EvasionFix": 19,
  "status1Hp": "85",
  "status1Mp": "0",
  "status1Style": "Cutting Blade (Upper Body)",
  "status2Accuracy": "13",
  "status2AccuracyFix": 20,
  "status2Damage": "2d+12",
  "status2Defense": "9",
  "status2Evasion": "12",
  "status2EvasionFix": 19,
  "status2Hp": "85",
  "status2Mp": "0",
  "status2Style": "Rotating Blade (Lower Body)",
  "statusNum": 2,
  "taxa": "Magitech",
  "type": "m",
  "unitStatus": {
    "Cutting Blade (Upper Body):HP": "85/85",
    "Cutting Blade (Upper Body):MP": "0/0",
    "Rotating Blade (Lower Body):HP": "85/85",
    "Rotating Blade (Lower Body):MP": "0/0"
  },
  "unitExceptStatus": {
    "HP": 2,
    "MP": 2,
    "Defense": 2
  },
  "loots1Num": "Always",
  "loots1Item": "Magitech Components (300G/Black White A)",
  "loots2Num": "2～8",
  "loots2Item": "None",
  "loots3Num": "9+",
  "loots3Item": "Rare Magitech Components (900G/Black White A)",
  "fortitude": "9",
  "willpower": "9"
}