{
  "description": "<p>Created as the leader of High Goblins, she is almost always followed by another species of High Goblin, especially High Goblin Fanatics.</p><p>Although she is stunningly beautiful, she is otherwise no different from other High Goblins with her pale skin, huge red eyes, and the Anti- Magic Enchantment that covers her entire body. Although she is not a powerful fighter, she can make High Goblins go crazy with her body and can emit an aroma that heals wounds. This strengthens the High Goblins around her and protects her, thus ensuring her own safety. They also have the ability to regenerate her own strength by being bathed in the blood of those who have been offered to her.</p><p>They are arrogant, selfish, brutal, and cunning. However, it is said that she instinctively feels strong affection for the stronger Drakes and is willing to obey their commands. For this purpose, she will expend the lives of any number of High Goblins under her command.</p>",
  "disposition": "Hostile",
  "habitat": "Forests, Mountains, Caves",
  "initiative": "20",
  "intellect": "High",
  "language": "Barbaric, Youma, Drakish",
  "lootsNum": 4,
  "monsterName": "High Goblin Maiden",
  "mndResist": "18",
  "vitResist": "15",
  "lv": "13",
  "parts": "",
  "coreParts": "",
  "mobility": "12/-",
  "mode": "save",
  "paletteInsertType": "exchange",
  "paletteRemoveTags": "1",
  "paletteTool": "bcdice",
  "paletteUseBuff": "1",
  "paletteUseVar": "1",
  "partsNum": 1,
  "perception": "Five Senses (Darkvision)",
  "reputation": "15",
  "reputation+": "20",
  "weakness": "Physical Damage +2",
  "result": "OK",
  "sheetDescriptionM": "分類:Barbarous　知能:High　知覚:Five Senses (Darkvision)　反応:Hostile\n言語:Barbaric, Youma, Drakish　生息地:Forests, Mountains, Caves\n弱点:Physical Damage +2\n先制値:20　生命抵抗力:15（22）　精神抵抗力:18（25）",
  "sheetDescriptionS": "分類:Barbarous\n弱点:Physical Damage +2\n先制値:20　生命抵抗力:15（22）　精神抵抗力:18（25）",
  "sin": "4",
  "skills": "<p><strong>►Frenzy Aroma</strong></p><p>It releases a frenzied scent from its entire body that disperses over a wide area, making High Goblins go into a frenzy. This ability costs 5 HP for this monster.For 10 seconds (1 round), within \"Range: Caster\" \"Target: All Areas (20m Radius)/All\" all High Goblins (of any type) receive a +1 bonus on Accuracy checks and +4 to damage. At the same time, it gives a -4 penalty to Evasion checks.This effect is of the psychic type and is not cumulative.</p><p><strong>►Healing Aroma</strong></p><p>The entire body releases a scent that activates High Goblin's resilience and disperses it over a wide area. When using this ability, the High Goblin Maiden consumes its own HP in any range from 1 to 25 points (chosen by this monster). At the same time, all High Goblins (all species except High Goblin Maiden) within \"Range: Caster\" and \"Target: All Areas (20m Radius) / All\" will regain the same number of points of HP.</p><p><strong>⏩Blood Offering/Can't</strong></p><p>High Goblin Maiden instantly kills within \"Range: Touch\" one High Goblin (except another High Goblin Maiden). At the same time, it's own HP is restored to the same number of points as the High Goblin's HP had immediately before dying from this effect.This effect can only be used once per round and before the Maiden takes a Major Action.</p><p><strong>◯Advanced Anti-Magic Enchantment</strong></p><p>When this monster performs a Willpower check against magic, if Willpower s쳮ds, the result is treated as Negated regardless of the type of magic. Furthermore, even if the Willpower check fails, the effect of the magic is still Negated and costs 10 MP to the High Goblin. This effect does not occur if no MP is consumed.This ability does apply to effects other than spells, even if they require a Resistance Check.</p><p><strong>◯Psychic Resistance</strong></p><p>High Goblin Maidens are immune to Psychic (Weak) effects.They also gains a +4 bonus when they makes a Willpower roll against any Psychic-type spell or unique skill.</p>",
  "status1Accuracy": "11",
  "status1AccuracyFix": 18,
  "status1Damage": "2d+10",
  "status1Defense": "8",
  "status1Evasion": "10",
  "status1EvasionFix": 17,
  "status1Hp": "118",
  "status1Mp": "27",
  "status1Style": "Weapon",
  "statusNum": 1,
  "taxa": "Barbarous",
  "type": "m",
  "unitStatus": {
    "Weapon:HP": "118/118",
    "Weapon:MP": "27"
  },
  "unitExceptStatus": {
    "HP": 1,
    "MP": 1,
    "Defense": 1
  },
  "loots1Num": "2～4",
  "loots1Item": "Beautiful Necklace (300G/Gold White A)",
  "loots2Num": "5～7",
  "loots2Item": "Luxury Ornaments (500G/Gold White A) x 1d",
  "loots3Num": "8～11",
  "loots3Item": "Glittering Necklace (2,000G/Gold White S)",
  "loots4Num": "12+",
  "loots4Item": "Heraldic Ring (3,000G/Gold White S) x 1d",
  "fortitude": "15",
  "willpower": "18"
}