{
  "description": "<p>This is a higher species of High Goblin and is considered something akin to a knight in Goblin society. They are fearsome mad warriors who wear heavy armor and use massive weapons far beyond their height to ravage their enemies.</p><p>They were created to take pleasure in blind obedience to the High Goblin Maiden, and they are fanatically loyal to her, even to the point of cutting off their own heads with a smile if they are told to die on the spot.</p><p>Therefore, the combination of High Goblin Fanatic and High Goblin Maiden is a vicious fighting force, as Fanatics can be strongly enhanced by the High Goblin Maiden.</p><p>They believe in fighting as a shield of the High Goblin Maiden with their life. If they should lose the High Goblin Maiden they are supposed to protect, they will start a desperate fight to the end involving everything and everyone around him.</p>",
  "disposition": "Hostile",
  "habitat": "Forests, Mountains, Caves",
  "initiative": "16",
  "intellect": "Low",
  "language": "Barbaric, Youma",
  "lootsNum": 3,
  "monsterName": "High Goblin Fanatic",
  "mndResist": "13",
  "vitResist": "12",
  "lv": "10",
  "parts": "",
  "coreParts": "",
  "mobility": "16/-",
  "mode": "save",
  "paletteInsertType": "exchange",
  "paletteRemoveTags": "1",
  "paletteTool": "bcdice",
  "paletteUseBuff": "1",
  "paletteUseVar": "1",
  "partsNum": 1,
  "perception": "Five Senses (Darkvision)",
  "reputation": "11",
  "reputation+": "16",
  "weakness": "Physical Damage +2",
  "result": "OK",
  "sheetDescriptionM": "分類:Barbarous　知能:Low　知覚:Five Senses (Darkvision)　反応:Hostile\n言語:Barbaric, Youma　生息地:Forests, Mountains, Caves\n弱点:Physical Damage +2\n先制値:16　生命抵抗力:12（19）　精神抵抗力:13（20）",
  "sheetDescriptionS": "分類:Barbarous\n弱点:Physical Damage +2\n先制値:16　生命抵抗力:12（19）　精神抵抗力:13（20）",
  "sin": "4",
  "skills": "<p><strong>◯Multiple Declarations = 2 times</strong></p><p></p><p><strong>🗨△Cover I</strong></p><p>High Goblin Fanatic can use the [Cover I] combat feat (see p. 33).</p><p><strong>🗨Power Strike II</strong></p><p>A High Goblin Fanatic can deal an additional +12 damage on their next attack. However, any Evasion Check made by the High Goblin Fanatic this turn receives a -2 penalty.</p><p><strong>🗨Cleave II</strong></p><p>High Goblin Fanatic can attack with a weapon up to 5 target characters within the skirmish in which it resides.If declared at the same time as a [Power Strike II], only one of the hit characters will be dealt additional damage.</p><p><strong>◯Maiden Fanaticism</strong></p><p>It is blindly fanatical to the High Goblin Maiden (see p. 116). The bonus to Accuracy checks received by its [►Frenzy Aroma] is increased to +2.If a High Goblin Maiden is killed within a radius of 30 meters, it becomes enraged and gains a +2 bonus on Accuracy checks and +8 to damage for 10 seconds (1 round). If more than one High Goblin Maiden is killed within 10 seconds, this effect is cumulative.This effect is of the Psychic type.</p><p><strong>◯Advanced Anti-Magic Enchantment</strong></p><p>When this monster performs a Willpower check against magic, if Willpower s쳮ds, the result is treated as Negated regardless of the type of magic. Furthermore, even if the Willpower check fails, the effect of the magic is still Negated and costs 10 MP to the High Goblin. This effect does not occur if no MP was consumed.This ability does apply to effects other than spells, even if they require a Resistance Check.</p><p><strong>◯Psychic Resistance</strong></p><p>High Goblin is immune to Psychic (Weak) effects.High Goblin also gains a +4 bonus when it makes a Willpower roll against any Psychic-type spell or unique skill.</p>",
  "status1Accuracy": "12",
  "status1AccuracyFix": 19,
  "status1Damage": "2d+11",
  "status1Defense": "7",
  "status1Evasion": "10",
  "status1EvasionFix": 17,
  "status1Hp": "80",
  "status1Mp": "20",
  "status1Style": "Weapon",
  "statusNum": 1,
  "taxa": "Barbarous",
  "type": "m",
  "unitStatus": {
    "Weapon:HP": "80/80",
    "Weapon:MP": "20"
  },
  "unitExceptStatus": {
    "HP": 1,
    "MP": 1,
    "Defense": 1
  },
  "loots1Num": "2～4",
  "loots1Item": "Large Weapon (300G / Black White A)",
  "loots2Num": "5～10",
  "loots2Item": "Engraved Weapon (600G / Black White A)",
  "loots3Num": "11+",
  "loots3Item": "Rare Weapon (4000G/ Black White S)",
  "fortitude": "12",
  "willpower": "13"
}