{
  "description": "<p>High Goblins were created in the Magic Civilization Period by a Drake wizard-king using a Goblin as a base material. This Youma is often compared to the Humanoid Newmen, who were also created through magical experimentation.</p><p>Their skin is morbidly pale and they have huge red eyes. Although they are rather large for Goblins, their body is thin and bare, and they are relatively powerful aside from Goblin Lords and other even larger types. However, their resistance to magic, which they gain from the anti-magic enchantment crests that appear on their body, and their unwavering aggressiveness due to their lack of fear, make them a great threat to their opponents. They have been deployed in many battles as the ultimate soldiers against other wizard-kings.</p>",
  "disposition": "Hostile",
  "habitat": "Forest, Mountain, Cave",
  "initiative": "14",
  "intellect": "Average",
  "language": "Barbaric, Youma",
  "lootsNum": 2,
  "monsterName": "High Goblin",
  "mndResist": "8",
  "vitResist": "7",
  "lv": "6",
  "parts": "",
  "coreParts": "",
  "mobility": "16/-",
  "mode": "save",
  "paletteInsertType": "exchange",
  "paletteRemoveTags": "1",
  "paletteTool": "bcdice",
  "paletteUseBuff": "1",
  "paletteUseVar": "1",
  "partsNum": 1,
  "perception": "Five Senses (Darkvision)",
  "reputation": "11",
  "reputation+": "16",
  "weakness": "Physical Damage +2",
  "result": "OK",
  "sheetDescriptionM": "分類:Barbarous　知能:Average　知覚:Five Senses (Darkvision)　反応:Hostile\n言語:Barbaric, Youma　生息地:Forest, Mountain, Cave\n弱点:Physical Damage +2\n先制値:14　生命抵抗力:7（14）　精神抵抗力:8（15）",
  "sheetDescriptionS": "分類:Barbarous\n弱点:Physical Damage +2\n先制値:14　生命抵抗力:7（14）　精神抵抗力:8（15）",
  "sin": "4",
  "skills": "<p><strong>◯Anti-Magic Enchantment</strong></p><p>When this monster performs a Willpower check against magic and s쳮ds, the result is treated as Negated regardless of the type of magic. If the Willpower check fails, the effect of the magic is applied as if it had s쳮ded and costs 5 MP to the High Goblin.This effect does not occur if no MP was consumed. This ability does apply to effects other than spells, even if they require a Resistance Check.</p><p><strong>◯Psychic Resistance</strong></p><p>High Goblin is immune to Psychic (Weak) effects.High Goblin also gains a +4 bonus when it makes a Willpower roll against any Psychic-type spell or unique skill.</p>",
  "status1Accuracy": "9",
  "status1AccuracyFix": 16,
  "status1Damage": "2d+9",
  "status1Defense": "4",
  "status1Evasion": "9",
  "status1EvasionFix": 16,
  "status1Hp": "40",
  "status1Mp": "10",
  "status1Style": "Weapon",
  "statusNum": 1,
  "taxa": "Barbarous",
  "type": "m",
  "unitStatus": {
    "Weapon:HP": "40/40",
    "Weapon:MP": "10"
  },
  "unitExceptStatus": {
    "HP": 1,
    "MP": 1,
    "Defense": 1
  },
  "loots1Num": "2～10",
  "loots1Item": "High quality Weapon (150G/Black White A)",
  "loots2Num": "11+",
  "loots2Item": "Engraved Weapon (600G/Black White A)",
  "fortitude": "7",
  "willpower": "8"
}