{
  "description": "<p>They are creatures resurrected by powerful hatred or obsessions from the dead.</p><p>The significant difference from the regular Revenant is that it retains almost all of its original knowledge and memories. It is often distorted by delusions, but you can converse with High Revenants and negotiate with them. However, they are rarely interested in anything other than relief from their own grudges.</p><p>High Revenants can be created from Humanoids, Barbarous, Animals, or Mythical Beasts of Adventurer Level or Monster Level 7 or higher.</p>",
  "disposition": "Neutral",
  "habitat": "Various",
  "initiative": "※-2",
  "intellect": "Average",
  "language": "Inherited from previous life",
  "lootsNum": 3,
  "monsterName": "High Revenant",
  "mndResist": "※+2",
  "vitResist": "※+2",
  "lv": "8+",
  "parts": "",
  "coreParts": "",
  "mobility": "※",
  "mode": "save",
  "paletteInsertType": "exchange",
  "paletteRemoveTags": "1",
  "paletteTool": "bcdice",
  "paletteUseBuff": "1",
  "paletteUseVar": "1",
  "partsNum": 1,
  "perception": "Magic",
  "reputation": "12",
  "reputation+": "17",
  "weakness": "HP Recovery (deals damage instead), +3 points",
  "result": "OK",
  "sheetDescriptionM": "分類:Undead　知能:Average　知覚:Magic　反応:Neutral\n言語:Inherited from previous life　生息地:Various\n弱点:HP Recovery (deals damage instead), +3 points\n先制値:※-2　生命抵抗力:※+2（NaN）　精神抵抗力:※+2（NaN）",
  "sheetDescriptionS": "分類:Undead\n弱点:HP Recovery (deals damage instead), +3 points\n先制値:※-2　生命抵抗力:※+2（NaN）　精神抵抗力:※+2（NaN）",
  "sin": "0",
  "skills": "<p><strong>◯Regeneration = 8 points</strong></p><p>At the end of each round, the High Revenant recovers 8 HP. This has no effect if High Revenant has 0 HP or lower.</p><p><strong>◯Past Life</strong></p><p>This monster's strength depends on its strength before it is reborn as a High Revenant.In the various numerical fields, apply the numerical value of the monster before it was reborn to the places marked with \"※\" The level of this monster is equal to \"Previous Level + 1\".High Revenant also inherits combat feats and unique skills and spells.</p><p><strong>◯Poison Immunity, ◯Disease Immunity, ◯Psychic Type (Weak) Immunity</strong></p><p></p><p><strong>◯Unstable Healing</strong></p><p>Healing effects such as Divine Magic and items like Unicorn's Horn will damage Undead instead.Magitech, Fairy Magic, Nature Magic, etc. healing has no effect on the Undead.Spiritualism Magic and a few other healing effects can restore an Undead's HP.</p>",
  "status1Accuracy": "&#x203B;+2",
  "status1AccuracyFix": null,
  "status1Damage": "&#x203B;+2",
  "status1Defense": "&#x203B;",
  "status1Evasion": "&#x203B;-2",
  "status1EvasionFix": null,
  "status1Hp": "&#x203B;+20",
  "status1Mp": "&#x203B;",
  "status1Style": "Weapon, etc.",
  "statusNum": 1,
  "taxa": "Undead",
  "type": "m",
  "unitStatus": {
    "Weapon, etc.:HP": "&#x203B;+20/&#x203B;+20",
    "Weapon, etc.:MP": "&#x203B;"
  },
  "unitExceptStatus": {
    "HP": 1,
    "MP": 1,
    "Defense": 1
  },
  "loots1Num": "Always",
  "loots1Item": "Tainted Skull (300G/Red A)",
  "loots2Num": "2～10",
  "loots2Item": "Tainted Bones (50G/Red B)",
  "loots3Num": "11+",
  "loots3Item": "Tainted Sacrum (2,400G/Red S)",
  "fortitude": "※+2",
  "willpower": "※+2"
}