{
  "description": "<p>A subspecies of Hugl that dwells in tall, snow-capped mountains and colder regions. Perhaps as part of adapting to the environment, it has grown larger than other Hugls, and its scales have become as white as powdered snow.</p>",
  "disposition": "Hostile",
  "habitat": "Mountains, Cold Climates",
  "initiative": "15",
  "intellect": "Low",
  "language": "Barbaric, Youma, Lizardman",
  "lootsNum": 3,
  "monsterName": "Highland Hugl",
  "mndResist": "8",
  "vitResist": "8",
  "lv": "6",
  "parts": "",
  "coreParts": "",
  "mobility": "15/20(Flight)",
  "mode": "save",
  "paletteInsertType": "exchange",
  "paletteRemoveTags": "1",
  "paletteTool": "bcdice",
  "paletteUseBuff": "1",
  "paletteUseVar": "1",
  "partsNum": 1,
  "perception": "Five Senses (Darkvision)",
  "reputation": "13",
  "reputation+": "16",
  "weakness": "Wind-type +3 damage",
  "result": "OK",
  "sheetDescriptionM": "分類:Barbarous　知能:Low　知覚:Five Senses (Darkvision)　反応:Hostile\n言語:Barbaric, Youma, Lizardman　生息地:Mountains, Cold Climates\n弱点:Wind-type +3 damage\n先制値:15　生命抵抗力:8（15）　精神抵抗力:8（15）",
  "sheetDescriptionS": "分類:Barbarous\n弱点:Wind-type +3 damage\n先制値:15　生命抵抗力:8（15）　精神抵抗力:8（15）",
  "sin": "4",
  "skills": "<p><strong>◯Wintry Adaptation</strong></p><p>Receives no penalties for poor footing due to snow, ice, etc.</p><p><strong>⏩△Mobile Flying</strong></p><p>It gains a +1 bonus to Accuracy and Evasion checks for melee attacks for 10 seconds (1 round).This ability cannot be used in consecutive turns. When used in Combat Preparation, it cannot be used in the first round, regardless of the result of the Initiative check.</p><p><strong>◯Winged Pursuit</strong></p><p>If it hits with a Claw attack, it can make an additional melee attack with wings. Accuracy bonus, damage, and other values are the same as for the claw attack.This ability cannot be used on the same turn in which [⏩△Mobile Flying]is used. Also, once an additional attack is made with this ability, [⏩△Mobile Flying] cannot be used on that turn.</p>",
  "status1Accuracy": "8",
  "status1AccuracyFix": 15,
  "status1Damage": "2d+9",
  "status1Defense": "6",
  "status1Evasion": "8",
  "status1EvasionFix": 15,
  "status1Hp": "44",
  "status1Mp": "18",
  "status1Style": "Weapon",
  "statusNum": 1,
  "taxa": "Barbarous",
  "type": "m",
  "unitStatus": {
    "Weapon:HP": "44/44",
    "Weapon:MP": "18"
  },
  "unitExceptStatus": {
    "HP": 1,
    "MP": 1,
    "Defense": 1
  },
  "loots1Num": "2～4",
  "loots1Item": "Snow-hued Scales (30G / Red B)",
  "loots2Num": "5～8",
  "loots2Item": "White Scales (90G / Red B) x 1d",
  "loots3Num": "9+",
  "loots3Item": "Rainbow Hued Scales (220G / Gold Red A) x 1d",
  "fortitude": "8",
  "willpower": "8"
}