{
  "description": "<p>Standing around 5m tall, the Hill Giant is the smallest of the Giants. Not too bright either, a Hill Giant will chase down prey and attempt to eat just about anything once. While other barbarous do use the services of Hill Giants because of their immense power and strength, it's also fairly easy to exploit the poor giants, and more than a few end up as butts of jokes.</p>",
  "disposition": "Hostile",
  "habitat": "Hills",
  "initiative": "15",
  "intellect": "Low",
  "language": "Giantish",
  "lootsNum": 3,
  "monsterName": "Hill Giant",
  "mndResist": "11",
  "vitResist": "14",
  "lv": "10",
  "parts": "2 (Upper Body/Lower Body)",
  "coreParts": "Upper Body",
  "mobility": "18",
  "mode": "save",
  "paletteInsertType": "exchange",
  "paletteRemoveTags": "1",
  "paletteTool": "bcdice",
  "paletteUseBuff": "1",
  "paletteUseVar": "1",
  "partsNum": 2,
  "perception": "Five senses",
  "reputation": "15",
  "reputation+": "18",
  "weakness": "Physical damage +2 points",
  "result": "OK",
  "sheetDescriptionM": "分類:Barbarous　知能:Low　知覚:Five senses　反応:Hostile\n言語:Giantish　生息地:Hills\n弱点:Physical damage +2 points\n先制値:15　生命抵抗力:14（21）　精神抵抗力:11（18）",
  "sheetDescriptionS": "分類:Barbarous\n弱点:Physical damage +2 points\n先制値:15　生命抵抗力:14（21）　精神抵抗力:11（18）",
  "sin": "4",
  "skills": "<p><strong>►War Cry/12 (19)/Willpower/Negates</strong></p><p>The Hill Giant unleashes a mighty yell, causing fear in those who fail to resist within a 10-meter radius around Hill Giant. This fear, treated as a psychic effect, gives a -2 penalty to all Skill Checks for the next 30 seconds (3 rounds).</p><br><br><p><strong>◯Attack Obstacle = +4 • None</strong></p><p>Hill Giant's height prevents enemies from attacking it. The Upper Body receives a +4 bonus to Evasion checks against melee attacks.This effect disappears when the Lower Body falls to 0 HP or lower.</p>",
  "status1Accuracy": "12",
  "status1AccuracyFix": 19,
  "status1Damage": "2d+14",
  "status1Defense": "10",
  "status1Evasion": "11",
  "status1EvasionFix": 18,
  "status1Hp": "90",
  "status1Mp": "20",
  "status1Style": "Weapon (Upper Body)",
  "status2Accuracy": "13",
  "status2AccuracyFix": 20,
  "status2Damage": "2d+10",
  "status2Defense": "12",
  "status2Evasion": "10",
  "status2EvasionFix": 17,
  "status2Hp": "98",
  "status2Mp": "10",
  "status2Style": "Kick (Lower Body)",
  "statusNum": 2,
  "taxa": "Barbarous",
  "type": "m",
  "unitStatus": {
    "Weapon (Upper Body):HP": "90/90",
    "Weapon (Upper Body):MP": "20",
    "Kick (Lower Body):HP": "98/98",
    "Kick (Lower Body):MP": "10"
  },
  "unitExceptStatus": {
    "HP": 2,
    "MP": 2,
    "Defense": 2
  },
  "loots1Num": "2～7",
  "loots1Item": "None",
  "loots2Num": "8～12",
  "loots2Item": "Gold Bracelet (2,500G/Gold White S)",
  "loots3Num": "13+",
  "loots3Item": "Giant Helmet (9,000G/Black White S)",
  "fortitude": "14",
  "willpower": "11"
}