{
  "description": "<p>This is a Hoodling Youma who is used to handling animals and fights by riding on them. The riding animal is carried around for food and may be a variety of small to medium size animals, not limited to pigs.</p>",
  "disposition": "Hostile",
  "habitat": "Various",
  "initiative": "12",
  "intellect": "Low",
  "language": "Barbaric, Youma",
  "lootsNum": 4,
  "monsterName": "Hog Hoodling",
  "mndResist": "5",
  "vitResist": "5",
  "lv": "3",
  "parts": "2 (Rider/Pig)",
  "coreParts": "Rider",
  "mobility": "15 (4 Legs)",
  "mode": "save",
  "paletteInsertType": "exchange",
  "paletteRemoveTags": "1",
  "paletteTool": "bcdice",
  "paletteUseBuff": "1",
  "paletteUseVar": "1",
  "partsNum": 2,
  "perception": "Five senses",
  "reputation": "9",
  "reputation+": "12",
  "weakness": "+2 Magic Damage",
  "result": "OK",
  "sheetDescriptionM": "分類:Barbarous　知能:Low　知覚:Five senses　反応:Hostile\n言語:Barbaric, Youma　生息地:Various\n弱点:+2 Magic Damage\n先制値:12　生命抵抗力:5（12）　精神抵抗力:5（12）",
  "sheetDescriptionS": "分類:Barbarous\n弱点:+2 Magic Damage\n先制値:12　生命抵抗力:5（12）　精神抵抗力:5（12）",
  "sin": "2",
  "skills": "<p><strong>◯Dismounting</strong></p><p>This monster's Rider section is mounted on the Pig section. If the Rider is dismounted, all sections suffer a -2 penalty on all Skill Checks and have their damage reduced by -2 points.See the Rider class and the Riding Rules (see CR III, p. 87) for rules for this monster on how to dismount and mount back at the mount.</p>",
  "status1Accuracy": "6",
  "status1AccuracyFix": 13,
  "status1Damage": "2d+4",
  "status1Defense": "2",
  "status1Evasion": "5",
  "status1EvasionFix": 12,
  "status1Hp": "18",
  "status1Mp": "11",
  "status1Style": "Weapon (Rider)",
  "status2Accuracy": "5",
  "status2AccuracyFix": 12,
  "status2Damage": "2d+3",
  "status2Defense": "2",
  "status2Evasion": "3",
  "status2EvasionFix": 10,
  "status2Hp": "23",
  "status2Mp": "7",
  "status2Style": "Slam (Pig)",
  "statusNum": 2,
  "taxa": "Barbarous",
  "type": "m",
  "unitStatus": {
    "Weapon (Rider):HP": "18/18",
    "Weapon (Rider):MP": "11",
    "Slam (Pig):HP": "23/23",
    "Slam (Pig):MP": "7"
  },
  "unitExceptStatus": {
    "HP": 2,
    "MP": 2,
    "Defense": 2
  },
  "loots1Num": "Always",
  "loots1Item": "Dirty Hood (20G/White B)",
  "loots2Num": "2～6",
  "loots2Item": "None",
  "loots3Num": "7～11",
  "loots3Item": "Cheap Meat (100G/Red A)",
  "loots4Num": "12+",
  "loots4Item": "Fine Meat (200G/Red A)",
  "fortitude": "5",
  "willpower": "5"
}