{
  "description": "<p>Holgrad is a Daemon whose entire body is composed of black mist (see ML p. 5). It looks like a silhouette of a woman wearing a shimmering cloak or a deformed figure with numerous tentacles fluttering in the air.</p><p>It is familiar with many systems of magic and has a strong attachment to them. It is furious when magic is used in front of it and takes the initiative in eliminating and weakening enemy magicians.</p>",
  "disposition": "Hostile",
  "habitat": "Ruins, Shallow Abysses",
  "initiative": "18",
  "intellect": "High",
  "language": "Arcane, Daemonic",
  "lootsNum": 3,
  "monsterName": "Holgrad",
  "mndResist": "15",
  "vitResist": "15",
  "lv": "12",
  "parts": "",
  "coreParts": "",
  "mobility": "10/10(Flying)",
  "mode": "save",
  "paletteInsertType": "exchange",
  "paletteRemoveTags": "1",
  "paletteTool": "bcdice",
  "paletteUseBuff": "1",
  "paletteUseVar": "1",
  "partsNum": 1,
  "perception": "Five senses (Darkvision)",
  "reputation": "18",
  "reputation+": "22",
  "weakness": "Accuracy +1",
  "result": "OK",
  "sheetDescriptionM": "分類:Daemon　知能:High　知覚:Five senses (Darkvision)　反応:Hostile\n言語:Arcane, Daemonic　生息地:Ruins, Shallow Abysses\n弱点:Accuracy +1\n先制値:18　生命抵抗力:15（22）　精神抵抗力:15（22）",
  "sheetDescriptionS": "分類:Daemon\n弱点:Accuracy +1\n先制値:18　生命抵抗力:15（22）　精神抵抗力:15（22）",
  "sin": "0",
  "skills": "<p><strong>◯Normal Weapon Immunity</strong></p><p></p><p><strong>►Truespeech Magic, Spiritualism Magic, Summoning Arts 12 Level /Magic Power 15 (22)</strong></p><p></p><p><strong>◯🗨Magic Aptitude</strong></p><p>They can use the Combat Feats [Targeting], [Hawk Eye], [Magic Convergence], [Magic Control], [Universal Metamagic], and [Multi-Action].</p><p><strong>►Mana-binding Fog/15 (22)/Willpower/Temporary</strong></p><p>Within \"Range/Area: 2 (30m)/ Target\" this fog will cause black mana to cling to the \"Target: 1 Character\" and inhibit the casting spell.The target has all Magic Power reduced by -5 for 3 minutes (18 rounds).This effect cannot be used in consecutive turns and costs 10 MP.</p><p><strong>🗨Mana Strike = +15 damage</strong></p><p>May deal an additional +15 damage to their next melee attack. At risk, they take a -2 penalty to their Fortitude and Willpower checks.</p>",
  "status1Accuracy": "15",
  "status1AccuracyFix": 22,
  "status1Damage": "2d+11",
  "status1Defense": "9",
  "status1Evasion": "15",
  "status1EvasionFix": 22,
  "status1Hp": "114",
  "status1Mp": "138",
  "status1Style": "Fist",
  "statusNum": 1,
  "taxa": "Daemon",
  "type": "m",
  "unitStatus": {
    "Fist:HP": "114/114",
    "Fist:MP": "138"
  },
  "unitExceptStatus": {
    "HP": 1,
    "MP": 1,
    "Defense": 1
  },
  "loots1Num": "2～8",
  "loots1Item": "None",
  "loots2Num": "9～11",
  "loots2Item": "Old Grimoire (4,000G/Green White S)",
  "loots3Num": "12+",
  "loots3Item": "Ancient Grimoire (9,000G/Green White S)",
  "fortitude": "15",
  "willpower": "15"
}