{
  "description": "<p>This is an artificial Human that is believed to have been created during the Ancient Magic Civilization period. Although they are completely Human- like in appearance, they are always expressionless and do not change their facial expressions.</p><p>Homunculi were a major source of inspiration for the creation of Runefolk.</p>",
  "disposition": "Neutral",
  "habitat": "Various",
  "initiative": "14",
  "intellect": "Average",
  "language": "Trade Common, Arcana",
  "lootsNum": 3,
  "monsterName": "Homunculus",
  "mndResist": "8",
  "vitResist": "7",
  "lv": "5",
  "parts": "",
  "coreParts": "",
  "mobility": "16",
  "mode": "save",
  "paletteInsertType": "exchange",
  "paletteRemoveTags": "1",
  "paletteTool": "bcdice",
  "paletteUseBuff": "1",
  "paletteUseVar": "1",
  "partsNum": 1,
  "perception": "Five senses",
  "reputation": "10",
  "reputation+": "15",
  "weakness": "Physical damage +2 points",
  "result": "OK",
  "sheetDescriptionM": "分類:Construct　知能:Average　知覚:Five senses　反応:Neutral\n言語:Trade Common, Arcana　生息地:Various\n弱点:Physical damage +2 points\n先制値:14　生命抵抗力:7（14）　精神抵抗力:8（15）",
  "sheetDescriptionS": "分類:Construct\n弱点:Physical damage +2 points\n先制値:14　生命抵抗力:7（14）　精神抵抗力:8（15）",
  "sin": "0",
  "skills": "<p><strong>►Truespeech Magic, Spiritualism Magic 3 Level / Magic Power 6 (13)</strong></p><p></p><p><strong>◯🗨►Magic Aptitude</strong></p><p>They can use the Combat Feats [Targeting], [Magic Convergence], [Hawk Eye], [Metamagic/Targets] and [Wordbreak].</p><p><strong>◯Poison Immunity, ◯Disease Immunity, ◯Psychic Type Immunity</strong></p><p></p><p><strong>◯Limited Healing</strong></p><p>Effects which can heal Construct HP are very limited, and mostly come from Spiritualism Magic and some special items.Healing effects such as Divine Magic, Fairy Magic, and Nature Magic cannot restore a Construct's HP.</p><p><strong>◯Can Be Detected</strong></p><p>Constructs can be detected with the [Sense Magic] spell and similar effects.</p>",
  "status1Accuracy": "7",
  "status1AccuracyFix": 14,
  "status1Damage": "2d+4",
  "status1Defense": "6",
  "status1Evasion": "6",
  "status1EvasionFix": 13,
  "status1Hp": "39",
  "status1Mp": "37",
  "status1Style": "Weapon",
  "statusNum": 1,
  "taxa": "Construct",
  "type": "m",
  "unitStatus": {
    "Weapon:HP": "39/39",
    "Weapon:MP": "37"
  },
  "unitExceptStatus": {
    "HP": 1,
    "MP": 1,
    "Defense": 1
  },
  "loots1Num": "Always",
  "loots1Item": "Jelly-like Material (100G/Red A)",
  "loots2Num": "2～12",
  "loots2Item": "None",
  "loots3Num": "13+",
  "loots3Item": "Ancient Writings (2,000G/White S)",
  "fortitude": "7",
  "willpower": "8"
}