{
  "description": "<p>They are Hoodling Youma who quickly appear on the outer edges of towns inhabited by Humanoids and carry out destruction and looting. They carry 10-meter-long hooked ropes in their hands, which they use to hook ceilings and other objects, and move about by swinging down like a pendulum.</p>",
  "disposition": "Hostile",
  "habitat": "Various",
  "initiative": "10",
  "intellect": "Low",
  "language": "Barbaric, Youma",
  "lootsNum": 4,
  "monsterName": "Hook Hoodling",
  "mndResist": "5",
  "vitResist": "4",
  "lv": "3",
  "parts": "",
  "coreParts": "",
  "mobility": "12",
  "mode": "save",
  "paletteInsertType": "exchange",
  "paletteRemoveTags": "1",
  "paletteTool": "bcdice",
  "paletteUseBuff": "1",
  "paletteUseVar": "1",
  "partsNum": 1,
  "perception": "Five senses",
  "reputation": "8",
  "reputation+": "12",
  "weakness": "Magic damage +2 points",
  "result": "OK",
  "sheetDescriptionM": "分類:Barbarous　知能:Low　知覚:Five senses　反応:Hostile\n言語:Barbaric, Youma　生息地:Various\n弱点:Magic damage +2 points\n先制値:10　生命抵抗力:4（11）　精神抵抗力:5（12）",
  "sheetDescriptionS": "分類:Barbarous\n弱点:Magic damage +2 points\n先制値:10　生命抵抗力:4（11）　精神抵抗力:5（12）",
  "sin": "2",
  "skills": "<p><strong>◯Hook Rope</strong></p><p>Attacks with Grappling Hook are treated as melee attacks that reach up to Range: 1 (10m).</p><p><strong>⏩△Hanging by a Rope</strong></p><p>The piece of rope is used to hang from an overhead structure or other object. The Hook Hoodling does not receive the usual poor-footing penalty until the beginning of their next round. Additionally, they receive a +1 bonus to Accuracy checks, and damage is reduced by -2.Note that this ability can only be used in environments with ceilings or tall structures overhead, such as in a city.</p>",
  "status1Accuracy": "5",
  "status1AccuracyFix": 12,
  "status1Damage": "2d+5",
  "status1Defense": "3",
  "status1Evasion": "5",
  "status1EvasionFix": 12,
  "status1Hp": "18",
  "status1Mp": "12",
  "status1Style": "Hook Rope",
  "statusNum": 1,
  "taxa": "Barbarous",
  "type": "m",
  "unitStatus": {
    "Hook Rope:HP": "18/18",
    "Hook Rope:MP": "12"
  },
  "unitExceptStatus": {
    "HP": 1,
    "MP": 1,
    "Defense": 1
  },
  "loots1Num": "Always",
  "loots1Item": "Hook Rope (50G/Black White B) x 2",
  "loots2Num": "2～5",
  "loots2Item": "None",
  "loots3Num": "6～10",
  "loots3Item": "Dirty Hood (20G/White B)",
  "loots4Num": "11+",
  "loots4Item": "Worn Hood (80G/White B)",
  "fortitude": "4",
  "willpower": "5"
}