{
  "description": "<p>This is a Youma warrior of the Hugl clans with sharper fingers and enhanced fighting skills.</p><p>Skilled at fighting multiple opponents, they use their claws and wings to strike down one foe after another. They are carefree and are sometimes asked to serve as guards for weaker Barbarous.</p>",
  "disposition": "Hostile",
  "habitat": "Desert, Mountain",
  "initiative": "14",
  "intellect": "Low",
  "language": "Lizardman, Barbaric, Youma",
  "lootsNum": 3,
  "monsterName": "Hugl Assaulter",
  "mndResist": "7",
  "vitResist": "7",
  "lv": "5",
  "parts": "",
  "coreParts": "",
  "mobility": "15/20 (Flying)",
  "mode": "save",
  "paletteInsertType": "exchange",
  "paletteRemoveTags": "1",
  "paletteTool": "bcdice",
  "paletteUseBuff": "1",
  "paletteUseVar": "1",
  "partsNum": 1,
  "perception": "Five senses (Darkvision)",
  "reputation": "12",
  "reputation+": "15",
  "weakness": "Wind type damage +3 points",
  "result": "OK",
  "sheetDescriptionM": "分類:Barbarous　知能:Low　知覚:Five senses (Darkvision)　反応:Hostile\n言語:Lizardman, Barbaric, Youma　生息地:Desert, Mountain\n弱点:Wind type damage +3 points\n先制値:14　生命抵抗力:7（14）　精神抵抗力:7（14）",
  "sheetDescriptionS": "分類:Barbarous\n弱点:Wind type damage +3 points\n先制値:14　生命抵抗力:7（14）　精神抵抗力:7（14）",
  "sin": "3",
  "skills": "<p><strong>⏩△Mobile Flying</strong></p><p>It gains a +1 bonus to Accuracy and Evasion checks for melee attacks for 10 seconds (1 round).This ability cannot be used in consecutive turns. When used in Combat Preparation, it cannot be used in the first round, regardless of the result of the Initiative check.</p><p><strong>►Twin Strike & Double Attack</strong></p><p>They can make two Claws attacks each round. After checking the result of the first attack, the monster can choose whether to make a second attack on the same target further or on a different target of their choice.</p><p><strong>◯Winged Pursuit</strong></p><p>If it hits with a Claw attack, it can make an additional melee attack with wings. Accuracy bonus, damage, and other values are the same as for the claw attack.This ability cannot be used on the same turn in which [⏩△Mobile Flying] is used. Also, once an additional attack is made with this ability, [⏩△Mobile Flying] cannot be used on that turn.</p>",
  "status1Accuracy": "7",
  "status1AccuracyFix": 14,
  "status1Damage": "2d+6",
  "status1Defense": "5",
  "status1Evasion": "7",
  "status1EvasionFix": 14,
  "status1Hp": "38",
  "status1Mp": "16",
  "status1Style": "Claws",
  "statusNum": 1,
  "taxa": "Barbarous",
  "type": "m",
  "unitStatus": {
    "Claws:HP": "38/38",
    "Claws:MP": "16"
  },
  "unitExceptStatus": {
    "HP": 1,
    "MP": 1,
    "Defense": 1
  },
  "loots1Num": "2～4",
  "loots1Item": "Earth-toned Scales (30G/Red B)",
  "loots2Num": "5～8",
  "loots2Item": "Amber Scales (90G/Red B)",
  "loots3Num": "9+",
  "loots3Item": "Seven-color Scales (220G/Gold Red A)",
  "fortitude": "7",
  "willpower": "7"
}