{
  "description": "<p>This Youma has a lizard-like face, brown scales, and a long tail. It has large, strong, leathery wings on its back and can fly.</p><p>Although smaller in stature than Humans, they are strong enough to grab a Human child or goat and fly away.</p><p>The Hugl can attack simultaneously with sharp claws on both arms and wings on their back. However, it is not good at flying and fighting simultaneously.</p><p>Hugls live in family units on rocky mountains, but are often seen accompanying other Barbarous as bouncers.</p>",
  "disposition": "Hostile",
  "habitat": "Desert, Mountain",
  "initiative": "11",
  "intellect": "Low",
  "language": "Lizardman, Barbaric, Youma",
  "lootsNum": 2,
  "monsterName": "Hugl",
  "mndResist": "3",
  "vitResist": "3",
  "lv": "2",
  "parts": "",
  "coreParts": "",
  "mobility": "10/15 (Flying)",
  "mode": "save",
  "paletteInsertType": "exchange",
  "paletteRemoveTags": "1",
  "paletteTool": "bcdice",
  "paletteUseBuff": "1",
  "paletteUseVar": "1",
  "partsNum": 1,
  "perception": "Five senses (Darkvision)",
  "reputation": "9",
  "reputation+": "12",
  "weakness": "Wind type damage +3 points",
  "result": "OK",
  "sheetDescriptionM": "分類:Barbarous　知能:Low　知覚:Five senses (Darkvision)　反応:Hostile\n言語:Lizardman, Barbaric, Youma　生息地:Desert, Mountain\n弱点:Wind type damage +3 points\n先制値:11　生命抵抗力:3（10）　精神抵抗力:3（10）",
  "sheetDescriptionS": "分類:Barbarous\n弱点:Wind type damage +3 points\n先制値:11　生命抵抗力:3（10）　精神抵抗力:3（10）",
  "sin": "1",
  "skills": "<p><strong>⏩△Mobile Flying</strong></p><p>The Hugl gains a +1 bonus to Accuracy and Evasion checks for melee attacks for 10 seconds (1 round).This ability cannot be used in consecutive turns. When used in Combat Preparation, it cannot be used in the first round, regardless of the result of the Initiative check.</p><p><strong>◯Winged Pursuit</strong></p><p>If it hits with a Claw attack, it can make an additional melee attack with wings. Accuracy bonus, damage, and other values are the same as for the claw attack.This ability cannot be used on the same turn in which [⏩△Mobile Flying] is used. Also, once an additional attack is made with this ability, [⏩△Mobile Flying] cannot be used on that turn.</p>",
  "status1Accuracy": "3",
  "status1AccuracyFix": 10,
  "status1Damage": "2d+1",
  "status1Defense": "3",
  "status1Evasion": "3",
  "status1EvasionFix": 10,
  "status1Hp": "12",
  "status1Mp": "7",
  "status1Style": "Claws",
  "statusNum": 1,
  "taxa": "Barbarous",
  "type": "m",
  "unitStatus": {
    "Claws:HP": "12/12",
    "Claws:MP": "7"
  },
  "unitExceptStatus": {
    "HP": 1,
    "MP": 1,
    "Defense": 1
  },
  "loots1Num": "2～9",
  "loots1Item": "Earth-toned Scales (30G/Red B)",
  "loots2Num": "10+",
  "loots2Item": "Amber Scales (90G/Red B)",
  "fortitude": "3",
  "willpower": "3"
}