{
  "description": "<p>This is a skilled warrior of the Hugl Youma tribe who knows how to use Techniques.</p>",
  "disposition": "Hostile",
  "habitat": "Deserts, Mountains",
  "initiative": "18",
  "intellect": "Low",
  "language": "Lizardman, Barbaric, Youma",
  "lootsNum": 3,
  "monsterName": "Hugl Motor",
  "mndResist": "11",
  "vitResist": "11",
  "lv": "9",
  "parts": "",
  "coreParts": "",
  "mobility": "15/20 (Flying)",
  "mode": "save",
  "paletteInsertType": "exchange",
  "paletteRemoveTags": "1",
  "paletteTool": "bcdice",
  "paletteUseBuff": "1",
  "paletteUseVar": "1",
  "partsNum": 1,
  "perception": "Five senses (Darkvision)",
  "reputation": "16",
  "reputation+": "19",
  "weakness": "Wind type damage +3 points",
  "result": "OK",
  "sheetDescriptionM": "分類:Barbarous　知能:Low　知覚:Five senses (Darkvision)　反応:Hostile\n言語:Lizardman, Barbaric, Youma　生息地:Deserts, Mountains\n弱点:Wind type damage +3 points\n先制値:18　生命抵抗力:11（18）　精神抵抗力:11（18）",
  "sheetDescriptionS": "分類:Barbarous\n弱点:Wind type damage +3 points\n先制値:18　生命抵抗力:11（18）　精神抵抗力:11（18）",
  "sin": "3",
  "skills": "<p><strong>⏩△Mobile Flying</strong></p><p>It gains a +1 bonus to Accuracy and Evasion checks for melee attacks for 10 seconds (1 round).This ability cannot be used in consecutive turns. When used in Combat Preparation, it cannot be used in the first round, regardless of the result of the Initiative check.</p><p><strong>◯Winged Pursuit</strong></p><p>If it is hit with a Claw attack, it can make an additional melee attack with wings.Accuracy bonus, damage, and other values are the same as for the claw attack. This ability cannot be used on the same turn in which [⏩△Mobile Flying] is used. Also, once an additional attack is made with this ability, [⏩△Mobile Flying] cannot be used on that turn.</p><p><strong>⏩Techniques</strong></p><p>They may use the [Cat's Eyes], [Bear Muscle], [Daemonfinger], and [Giant Arms] Techniques.</p>",
  "status1Accuracy": "12",
  "status1AccuracyFix": 19,
  "status1Damage": "2d+11",
  "status1Defense": "8",
  "status1Evasion": "11",
  "status1EvasionFix": 18,
  "status1Hp": "74",
  "status1Mp": "27",
  "status1Style": "Claws",
  "statusNum": 1,
  "taxa": "Barbarous",
  "type": "m",
  "unitStatus": {
    "Claws:HP": "74/74",
    "Claws:MP": "27"
  },
  "unitExceptStatus": {
    "HP": 1,
    "MP": 1,
    "Defense": 1
  },
  "loots1Num": "2～4",
  "loots1Item": "Amber Scales (90G/Red B)",
  "loots2Num": "5～8",
  "loots2Item": "Seven-color Scales (220G/Gold Red A)",
  "loots3Num": "9+",
  "loots3Item": "Shining Seven-colored Scales (570G/Gold Red A)",
  "fortitude": "11",
  "willpower": "11"
}