{
  "description": "<p>Perhaps once a servant of an evil magician, some Hugls can use magic. Such individuals become leaders of small groups of Youma or preside over evil rituals.</p><p>Sometimes they collaborate with Bolgs and others to plan evil acts, such as an attack on a Humanoid settlement.</p>",
  "disposition": "Hostile",
  "habitat": "Desert, Mountain",
  "initiative": "11",
  "intellect": "Low",
  "language": "Lizardman, Barbaric, Youma, Arcana",
  "lootsNum": 2,
  "monsterName": "Hugl Caster",
  "mndResist": "5",
  "vitResist": "4",
  "lv": "3",
  "parts": "",
  "coreParts": "",
  "mobility": "10/15 (Flying)",
  "mode": "save",
  "paletteInsertType": "exchange",
  "paletteRemoveTags": "1",
  "paletteTool": "bcdice",
  "paletteUseBuff": "1",
  "paletteUseVar": "1",
  "partsNum": 1,
  "perception": "Five senses (Darkvision)",
  "reputation": "10",
  "reputation+": "13",
  "weakness": "Wind type damage +3 points",
  "result": "OK",
  "sheetDescriptionM": "分類:Barbarous　知能:Low　知覚:Five senses (Darkvision)　反応:Hostile\n言語:Lizardman, Barbaric, Youma, Arcana　生息地:Desert, Mountain\n弱点:Wind type damage +3 points\n先制値:11　生命抵抗力:4（11）　精神抵抗力:5（12）",
  "sheetDescriptionS": "分類:Barbarous\n弱点:Wind type damage +3 points\n先制値:11　生命抵抗力:4（11）　精神抵抗力:5（12）",
  "sin": "2",
  "skills": "<p><strong>►Truespeech Magic 3 Level/Magic Power 4 (11)</strong></p><p></p><p><strong>◯Targeting</strong></p><p>Spells with \"Area: Shot\" fired into a skirmish will not cause stray shots.</p><p><strong>⏩△Mobile Flying</strong></p><p>It gains a +1 bonus to Accuracy and Evasion checks for melee attacks for 10 seconds (1 round).This ability cannot be used in consecutive turns. When used in Combat Preparation, it cannot be used in the first round, regardless of the result of the Initiative check.</p>",
  "status1Accuracy": "4",
  "status1AccuracyFix": 11,
  "status1Damage": "2d+2",
  "status1Defense": "3",
  "status1Evasion": "3",
  "status1EvasionFix": 10,
  "status1Hp": "17",
  "status1Mp": "18",
  "status1Style": "Cane",
  "statusNum": 1,
  "taxa": "Barbarous",
  "type": "m",
  "unitStatus": {
    "Cane:HP": "17/17",
    "Cane:MP": "18"
  },
  "unitExceptStatus": {
    "HP": 1,
    "MP": 1,
    "Defense": 1
  },
  "loots1Num": "2～7",
  "loots1Item": "Earth-toned Scales (30G/Red B)",
  "loots2Num": "8+",
  "loots2Item": "Amber Scales (90G/Red B)",
  "fortitude": "4",
  "willpower": "5"
}