{
  "description": "<p>A Hydra is a beast with numerous snake-heads, about 10 meters long. Each head has an independent ego and each prey on instinct. They usually emerge from swamps and lakes and attack animals in the lakeshore with only their heads protruding. The number of heads of a Hydra is often reported to be 7-9, but various accounts suggest that the number may vary, and each individual is thought to have a different number of heads.</p><p>When the body is attacked, all heads concentrate on this enemy. Hydras have exceptional regeneration ability. It is said they are able to revive heads repeatedly unless the wound is burned.</p>",
  "disposition": "Hostile",
  "habitat": "Lakes, Swamps",
  "initiative": "16",
  "intellect": "Animal",
  "language": "None",
  "lootsNum": 2,
  "monsterName": "Hydra",
  "mndResist": "13",
  "vitResist": "14",
  "lv": "11",
  "parts": "",
  "coreParts": "",
  "mobility": "12 (Crawling)/12(Swimming)",
  "mode": "save",
  "paletteInsertType": "exchange",
  "paletteRemoveTags": "1",
  "paletteTool": "bcdice",
  "paletteUseBuff": "1",
  "paletteUseVar": "1",
  "partsNum": 2,
  "perception": "Five Senses",
  "reputation": "17",
  "reputation+": "20",
  "weakness": "Physical damage +3 points",
  "result": "OK",
  "sheetDescriptionM": "分類:Animal　知能:Animal　知覚:Five Senses　反応:Hostile\n言語:None　生息地:Lakes, Swamps\n弱点:Physical damage +3 points\n先制値:16　生命抵抗力:14（21）　精神抵抗力:13（20）",
  "sheetDescriptionS": "分類:Animal\n弱点:Physical damage +3 points\n先制値:16　生命抵抗力:14（21）　精神抵抗力:13（20）",
  "sin": "0",
  "skills": "<p><strong></strong></p><p><div class=\"row\"><div class=\"col-lg-5 col-md-6\"></p><p><strong>Intelligence: Animal</strong></p><p></p><p><strong>Perception: Five Senses</strong></p><p></p><p><strong>Disposition: Hostile</strong></p><p></p><p><strong>Language: None</strong></p><p></p><p><strong>Habitat: Lakes, Swamps</strong></p><p></p><p><strong>Reputation/Weakness: 17/20</strong></p><p></p><p><strong>Weak Point: Physical damage +3 points</strong></p><p></p><p><strong>Initiative: 16</strong></p><p></p><p><strong>Movement Speed: 12 (Crawling)/12(Swimming)</strong></p><p></p><p><strong>Fortitude: 14 (21)</strong></p><p></p><p><strong>Willpower: 13 (20)</strong></p><p></div><div class=\"col-lg-7 col-md-6\">A Hydra is a beast with numerous snake-heads, about 10 meters long. Each head has an independent ego and each prey on instinct. They usually emerge from swamps and lakes and attack animals in the lakeshore with only their heads protruding. The number of heads of a Hydra is often reported to be 7-9, but various accounts suggest that the number may vary, and each individual is thought to have a different number of heads.When the body is attacked, all heads concentrate on this enemy. Hydras have exceptional regeneration ability. It is said they are able to revive heads repeatedly unless the wound is burned.</p><p><strong>Source: CR II, p. 362</strong></p><p></div></div></p>",
  "status1Accuracy": "-",
  "status1AccuracyFix": null,
  "status1Damage": "-",
  "status1Defense": "13",
  "status1Evasion": "12",
  "status1EvasionFix": 19,
  "status1Hp": "106",
  "status1Mp": "44",
  "status1Style": "None (Body)",
  "status2Accuracy": "14",
  "status2AccuracyFix": 21,
  "status2Damage": "2d+15",
  "status2Defense": "9",
  "status2Evasion": "13",
  "status2EvasionFix": 20,
  "status2Hp": "86",
  "status2Mp": "29",
  "status2Style": "Bite (Neck x 7-9)",
  "statusNum": 2,
  "taxa": "Animal",
  "type": "m",
  "unitStatus": {
    "None (Body):HP": "106/106",
    "None (Body):MP": "44",
    "Bite (Neck x 7-9):HP": "86/86",
    "Bite (Neck x 7-9):MP": "29"
  },
  "unitExceptStatus": {
    "HP": 2,
    "MP": 2,
    "Defense": 2
  },
  "loots1Num": "2～11",
  "loots1Item": "False-dragon Scale (350G/Red A)",
  "loots2Num": "12+",
  "loots2Item": "Green Scales (1,600G/Gold Red S)",
  "fortitude": "14",
  "willpower": "13"
}