{
  "description": "<p>This is a monster who died in a snowfield or a snowy mountain and became undead. Except for the pale discoloration and coldness of the skin, it looks almost the same as before its death. The blocks of ice cling to various parts of their former equipment, and they sometimes attack with ice blocks by throwing them, freezing anything they touch.</p>",
  "disposition": "Hostile",
  "habitat": "Cold Regions",
  "initiative": "14",
  "intellect": "Low",
  "language": "Regional Dialect",
  "lootsNum": 2,
  "monsterName": "Iceman",
  "mndResist": "9",
  "vitResist": "8",
  "lv": "6",
  "parts": "",
  "coreParts": "",
  "mobility": "15",
  "mode": "save",
  "paletteInsertType": "exchange",
  "paletteRemoveTags": "1",
  "paletteTool": "bcdice",
  "paletteUseBuff": "1",
  "paletteUseVar": "1",
  "partsNum": 1,
  "perception": "Magic",
  "reputation": "14",
  "reputation+": "17",
  "weakness": "Fire damage + 3 points",
  "result": "OK",
  "sheetDescriptionM": "分類:Undead　知能:Low　知覚:Magic　反応:Hostile\n言語:Regional Dialect　生息地:Cold Regions\n弱点:Fire damage + 3 points\n先制値:14　生命抵抗力:8（15）　精神抵抗力:9（16）",
  "sheetDescriptionS": "分類:Undead\n弱点:Fire damage + 3 points\n先制値:14　生命抵抗力:8（15）　精神抵抗力:9（16）",
  "sin": "0",
  "skills": "<p><strong>◯Water/Ice Immunity</strong></p><p></p><p><strong>◯Snow and Ice Mastery</strong></p><p>On snow and ice, it has no penalties due to poor footing.</p><p><strong>►Throw Ice Block/9 (16)/Evasion/Negates</strong></p><p>Throws a block of ice at \"Target: 1 Character\" with \"Range: 1 (100m)\", dealing 2d+8 water/ice physical damage.</p><p><strong>◯Freeze/Can't</strong></p><p>If a fist attack or [►Throw Ice Block] hits, it will freeze the opponent. This is treated as a Petrifaction (Dexterity or Agility/-6) effect.This effect is Water/Ice type. Also, if the target receiving this effect has HP or MP being reduced by a Fire type effect, this effect will be removed entirely.If its Dexterity or Agility reaches 0, the target becomes completely petrified (frozen).</p><p><strong>◯Poison Immunity, ◯Disease Immunity, ◯Psychic Type (Weak) Immunity</strong></p><p></p><p><strong>◯Unstable Healing</strong></p><p>Healing effects such as Divine Magic and items like Unicorn's Horn will damage Undead instead.Magitech, Fairy Magic, Nature Magic, etc. healing has no effect on the Undead.Spiritualism Magic and a few other healing effects can restore an Undead's HP.</p>",
  "status1Accuracy": "9",
  "status1AccuracyFix": 16,
  "status1Damage": "2d+9",
  "status1Defense": "8",
  "status1Evasion": "8",
  "status1EvasionFix": 15,
  "status1Hp": "49",
  "status1Mp": "25",
  "status1Style": "Fist",
  "statusNum": 1,
  "taxa": "Undead",
  "type": "m",
  "unitStatus": {
    "Fist:HP": "49/49",
    "Fist:MP": "25"
  },
  "unitExceptStatus": {
    "HP": 1,
    "MP": 1,
    "Defense": 1
  },
  "loots1Num": "2～11",
  "loots1Item": "None",
  "loots2Num": "12+",
  "loots2Item": "Ice Crystal (1,600G/Gold S)",
  "fortitude": "8",
  "willpower": "9"
}