{
  "description": "<p>A vampire who has received the 'Blood Kiss' but is not yet at full strength (see CR II, p. 353, or ML, p. 97).</p><p>They are unable to use the gaze power that is so synonymous with vampires, and the spawns they produce are weak. Even so, they are more powerful than the average Barbarous commander and are an object of fear and awe.</p>",
  "disposition": "Hostile",
  "habitat": "Various",
  "initiative": "15",
  "intellect": "High",
  "language": "Trade Common, Barbaric, Nosferatu, Regional Dialect, Arcana",
  "lootsNum": 4,
  "monsterName": "Immature Vampire",
  "mndResist": "10",
  "vitResist": "10",
  "lv": "8",
  "parts": "",
  "coreParts": "",
  "mobility": "16/32 (Flight)",
  "mode": "save",
  "paletteInsertType": "exchange",
  "paletteRemoveTags": "1",
  "paletteTool": "bcdice",
  "paletteUseBuff": "1",
  "paletteUseVar": "1",
  "partsNum": 1,
  "perception": "Five Senses (Darkvision)",
  "reputation": "12",
  "reputation+": "17",
  "weakness": "Silver Weapon Damage +3",
  "result": "OK",
  "sheetDescriptionM": "分類:Barbarous　知能:High　知覚:Five Senses (Darkvision)　反応:Hostile\n言語:Trade Common, Barbaric, Nosferatu, Regional Dialect, Arcana　生息地:Various\n弱点:Silver Weapon Damage +3\n先制値:15　生命抵抗力:10（17）　精神抵抗力:10（17）",
  "sheetDescriptionS": "分類:Barbarous\n弱点:Silver Weapon Damage +3\n先制値:15　生命抵抗力:10（17）　精神抵抗力:10（17）",
  "sin": "4",
  "skills": "<p><strong>◯Normal Weapon Immunity</strong></p><p></p><p><strong>◯Regeneration = 5 points</strong></p><p>At the end of each round, an Immature Vampire recovers 5 HP. This does not affect the Immature Vampire at 0 HP or lower.</p><p><strong>◯Vampire Body</strong></p><p>As long as an Immature Vampire is under sunlight, it takes 5 magic damage at the end of its turn and receives a -2 penalty to all Accuracy and Evasion Checks. This damage cannot be reduced in any way. Additionally, the Immature Vampire cannot use their [◯Regeneration] or [◯Normal Weapon Immunity] abilities.</p><p><strong>◯Flight</strong></p><p>An Immature Vampire receives a +1 bonus to Accuracy and Evasion only for melee attacks.</p><p><strong>►Divine Magic 7 Level /Magic Power 10 (21)</strong></p><p></p><p><strong>►Truespeech Magic, Spiritualism Magic 5 Level/Magic Power 8 (15)</strong></p><p></p><p><strong>🗨Magical Aptitude</strong></p><p>The Immature Vampire has mastered the combat feats [Metamagic/Targets] and [Multi-Action].</p><p><strong>►Vampire Bite / 10 (17) / Evasion / Negates</strong></p><p>The Immature Vampire bites the target, dealing 2d+7 physical damage. The Immature Vampire heals HP equal to the applied dealt.If the target is reduced to 0 HP or lower from this attack, they receive a -10 penalty to their next Death Check. If the character fails this Death Check, they receive an extra 5 soulscars and rise as a Blood Sucker.Immature Vampires lose 4 HP and MP per day (cumulative) that they do not drain blood via [►Vampire Bite] and also cannot use their [◯Regeneration] unique skill. These penalties immediately disappear once the Immature Vampire successfully drains blood via [►Vampire Bite].</p>",
  "status1Accuracy": "11",
  "status1AccuracyFix": 18,
  "status1Damage": "2d+9",
  "status1Defense": "8",
  "status1Evasion": "10",
  "status1EvasionFix": 17,
  "status1Hp": "77",
  "status1Mp": "55",
  "status1Style": "Claw",
  "statusNum": 1,
  "taxa": "Barbarous",
  "type": "m",
  "unitStatus": {
    "Claw:HP": "77/77",
    "Claw:MP": "55"
  },
  "unitExceptStatus": {
    "HP": 1,
    "MP": 1,
    "Defense": 1
  },
  "loots1Num": "Always",
  "loots1Item": "Corrupted Ash (300G/Red A)",
  "loots2Num": "2～6",
  "loots2Item": "None",
  "loots3Num": "7～11",
  "loots3Item": "Gray Cloak (300G / White A)",
  "loots4Num": "12+",
  "loots4Item": "Vampire Cloak (1,000G/White S)",
  "fortitude": "10",
  "willpower": "10"
}