{
  "description": "<p>Imps are small hairless daemons with brown skin, bat-like wings, and a tail pointed like a spear. Often used as messengers for the Daemons, Imps are typically sent to help others who may do the work of the Daemons. As such, seeing an Imp nearby may mean stronger Daemons are not far off.</p>",
  "disposition": "Hostile",
  "habitat": "Various",
  "initiative": "9",
  "intellect": "Average",
  "language": "Youma, Daemonic",
  "lootsNum": 3,
  "monsterName": "Imp",
  "mndResist": "4",
  "vitResist": "3",
  "lv": "2",
  "parts": "",
  "coreParts": "",
  "mobility": "10/10(Flying)",
  "mode": "save",
  "paletteInsertType": "exchange",
  "paletteRemoveTags": "1",
  "paletteTool": "bcdice",
  "paletteUseBuff": "1",
  "paletteUseVar": "1",
  "partsNum": 1,
  "perception": "Five senses (Darkvision)",
  "reputation": "12",
  "reputation+": "15",
  "weakness": "Slashing damage +3",
  "result": "OK",
  "sheetDescriptionM": "分類:Daemon　知能:Average　知覚:Five senses (Darkvision)　反応:Hostile\n言語:Youma, Daemonic　生息地:Various\n弱点:Slashing damage +3\n先制値:9　生命抵抗力:3（10）　精神抵抗力:4（11）",
  "sheetDescriptionS": "分類:Daemon\n弱点:Slashing damage +3\n先制値:9　生命抵抗力:3（10）　精神抵抗力:4（11）",
  "sin": "0",
  "skills": "<p><strong>►Divine Magic 2 Level/Magic Power 4 (11)</strong></p><p></p><p><strong>◯Flight</strong></p><p>An Imp receives a +1 bonus to Accuracy and Evasion only for melee attacks.</p><p><strong>◯Paralyzing Poison/3 (10)/Fortitude/Negates</strong></p><p>If the Imp hits with its Tail attack and inflicts 1 or more applied damage, the target receives a -2 penalty to Evasion checks for 30 seconds (3 rounds).This effect is not cumulative and is of the poison type.</p>",
  "status1Accuracy": "3",
  "status1AccuracyFix": 10,
  "status1Damage": "2d+3",
  "status1Defense": "2",
  "status1Evasion": "4",
  "status1EvasionFix": 11,
  "status1Hp": "16",
  "status1Mp": "22",
  "status1Style": "Tail",
  "statusNum": 1,
  "taxa": "Daemon",
  "type": "m",
  "unitStatus": {
    "Tail:HP": "16/16",
    "Tail:MP": "22"
  },
  "unitExceptStatus": {
    "HP": 1,
    "MP": 1,
    "Defense": 1
  },
  "loots1Num": "Always",
  "loots1Item": "Daemon's Blood (100G/Red A)",
  "loots2Num": "2～8",
  "loots2Item": "None",
  "loots3Num": "9+",
  "loots3Item": "Poison Tail (150G/Red A)",
  "fortitude": "3",
  "willpower": "4"
}