{
  "description": "<p>Some Grudge Wights, upon their resurrection, receive the blessing of Zeides the Immortal Queen or other deities closely associated with the Undead. These more powerful individuals are termed \"Implicit Grudge Wights.\" They gain intelligence and the ability to plan and move deliberately, and even wield a limited form of Divine Magic.</p>",
  "disposition": "Hostile",
  "habitat": "Various",
  "initiative": "13 (20)",
  "intellect": "Human",
  "language": "None",
  "lootsNum": 4,
  "monsterName": "Implicit Grudge Wight",
  "mndResist": "13",
  "vitResist": "13",
  "lv": "10",
  "parts": "",
  "coreParts": "",
  "mobility": "16/-",
  "mode": "save",
  "paletteInsertType": "exchange",
  "paletteRemoveTags": "1",
  "paletteTool": "bcdice",
  "paletteUseBuff": "1",
  "paletteUseVar": "1",
  "partsNum": 1,
  "perception": "Magic",
  "reputation": "17",
  "reputation+": "20",
  "weakness": "Silver Weapon Damage +3",
  "result": "OK",
  "sheetDescriptionM": "分類:Undead　知能:Human　知覚:Magic　反応:Hostile\n言語:None　生息地:Various\n弱点:Silver Weapon Damage +3\n先制値:13 (20)　生命抵抗力:13（20）　精神抵抗力:13（20）",
  "sheetDescriptionS": "分類:Undead\n弱点:Silver Weapon Damage +3\n先制値:13 (20)　生命抵抗力:13（20）　精神抵抗力:13（20）",
  "sin": "0",
  "skills": "<p><strong>◯Poison Claw / 12 (19) / Fortitude / Negates</strong></p><p>If a Claw attack hits and deals at least 1 point of applied damage, it deals an additional 9 Poison magic damage to both the target's HP and MP.</p><p><strong>◯Grudge Wight's Curse</strong></p><p>Anyone reduced to 0 HP or below by the Grudge Wight's attack is automatically cursed, without any Resistance Check.Only after the curse is lifted can the victim recover from its unconscious state. If left attended, one Soulscar will be accumulated for every three days (72 hours) that pass. If the fifth Soulscar is acquired by this fact, the character immediately becomes a Grudge Wight (see p. 129).A Success Value of 20 or more is required to remove this curse by magic or other means. The character does not lose any Soulscars accumulated by this effect when the curse is removed.</p><p><strong>►Grudge Return / 11 (18) / Willpower / Half</strong></p><p>At \"Target: 1 Character\" with \"Range/Area: 2 (30m)/Target,\" the Wight expresses its resentment for being hurt. The target will be dealt (36 - the monster's current HP) (minimum 1) Curse magic damage (just 36, not Power 36).</p><p><strong>►Limited Divine Magic/Magic Power 12 (17)</strong></p><p>Can use the Divine magic spell [Fist of God]. (Note the Zeides is a Major God.)</p><p><strong>🗨Magic Aptitude</strong></p><p>The Grudge Wight can use the Combat Feat [Multi-Action].</p>",
  "status1Accuracy": "13",
  "status1AccuracyFix": 20,
  "status1Damage": "2d+14",
  "status1Defense": "12",
  "status1Evasion": "13",
  "status1EvasionFix": 20,
  "status1Hp": "90",
  "status1Mp": "55",
  "status1Style": "Claw",
  "statusNum": 1,
  "taxa": "Undead",
  "type": "m",
  "unitStatus": {
    "Claw:HP": "90/90",
    "Claw:MP": "55"
  },
  "unitExceptStatus": {
    "HP": 1,
    "MP": 1,
    "Defense": 1
  },
  "loots1Num": "Always",
  "loots1Item": "Strange Holy Symbol (3,300G / White S)",
  "loots2Num": "2～7",
  "loots2Item": "Cursed Claw (400G / Red A)",
  "loots3Num": "8～12",
  "loots3Item": "Sinister Cursed Claw (1,070G / Red S)",
  "loots4Num": "13+",
  "loots4Item": "Corrupted Claw (4,800G / Red S)",
  "fortitude": "13",
  "willpower": "13"
}