{
  "description": "<p>It is a custom model of Barba with the ability to hold explosive bullets removed and replaced with a laser blade that emits high heat and a drop tank to increase overall output.</p><p>Its operating time is short when running at full power, and parts of the machine itself seem to frequently break down.</p>",
  "disposition": "Instructed",
  "habitat": "Ruins",
  "initiative": "12",
  "intellect": "Servant",
  "language": "None",
  "lootsNum": 4,
  "monsterName": "Insaid Barba",
  "mndResist": "6",
  "vitResist": "7",
  "lv": "5",
  "parts": "",
  "coreParts": "",
  "mobility": "-/12 (Floating)",
  "mode": "save",
  "paletteInsertType": "exchange",
  "paletteRemoveTags": "1",
  "paletteTool": "bcdice",
  "paletteUseBuff": "1",
  "paletteUseVar": "1",
  "partsNum": 1,
  "perception": "Mechanical",
  "reputation": "12",
  "reputation+": "15",
  "weakness": "Physical Damage +2",
  "result": "OK",
  "sheetDescriptionM": "分類:Magitech　知能:Servant　知覚:Mechanical　反応:Instructed\n言語:None　生息地:Ruins\n弱点:Physical Damage +2\n先制値:12　生命抵抗力:7（14）　精神抵抗力:6（13）",
  "sheetDescriptionS": "分類:Magitech\n弱点:Physical Damage +2\n先制値:12　生命抵抗力:7（14）　精神抵抗力:6（13）",
  "sin": "0",
  "skills": "<p><strong>◯Laser Blade</strong></p><p>Attacks with the Laser Blade treat the target's Defense as being reduced by half (rounded up).</p><p><strong>⏩Tracking Function</strong></p><p>Detects enemies using multiple sensors.The Insaid Barba gains a +1 bonus to Accuracy checks for 10 seconds (1 round).Using this ability consumes 4 HP. This ability can only be used once a round.</p><p><strong>⏩Increase Output</strong></p><p>Overloads its power output in an effort to defeat enemies, gaining +4 damage for 10 seconds (1 round).Using this ability consumes 4 HP. This ability can only be used once a round.</p><p><strong>◯Poison Immunity, ◯Disease Immunity, ◯Psychic Type Immunity</strong></p><p></p><p><strong>◯Limited Healing</strong></p><p>Effects which can heal Magitech HP are very limited, and mostly come from Spiritualism Magic and some special items.Healing effects such as Divine Magic, Fairy Magic, and Nature Magic cannot restore a Magitech's HP.</p><p><strong>◯Can Be Detected</strong></p><p>Magitech can be detected with the [Sense Magic] spell and similar effects.</p>",
  "status1Accuracy": "7",
  "status1AccuracyFix": 14,
  "status1Damage": "2d+5",
  "status1Defense": "5",
  "status1Evasion": "7",
  "status1EvasionFix": 14,
  "status1Hp": "64",
  "status1Mp": "-",
  "status1Style": "Laser Blade",
  "statusNum": 1,
  "taxa": "Magitech",
  "type": "m",
  "unitStatus": {
    "Laser Blade:HP": "64/64",
    "Laser Blade:MP": "-"
  },
  "unitExceptStatus": {
    "HP": 1,
    "MP": 1,
    "Defense": 1
  },
  "loots1Num": "Always",
  "loots1Item": "Iron (20G / Black B)",
  "loots2Num": "2～5",
  "loots2Item": "Nothing",
  "loots3Num": "6～9",
  "loots3Item": "Crude Magitech Components (100G / Black White A)",
  "loots4Num": "10+",
  "loots4Item": "Magitech Components (300G / Black White A)",
  "fortitude": "7",
  "willpower": "6"
}