{
  "description": "<p>An assault soldier from among the Sabinga, highly skilled in combat. They confront the enemy directly, delivering swift and varied attacks with their weapons. However, they are not known for their intelligence, nor are they adept at strategy or negotiations.</p>",
  "disposition": "Hostile",
  "habitat": "Mountains, Floating Rocks",
  "initiative": "13",
  "intellect": "Low",
  "language": "Barbaric, Youma",
  "lootsNum": 2,
  "monsterName": "Ira Sabinga",
  "mndResist": "6",
  "vitResist": "7",
  "lv": "5",
  "parts": "",
  "coreParts": "",
  "mobility": "13/13 (Flight)",
  "mode": "save",
  "paletteInsertType": "exchange",
  "paletteRemoveTags": "1",
  "paletteTool": "bcdice",
  "paletteUseBuff": "1",
  "paletteUseVar": "1",
  "partsNum": 1,
  "perception": "Five Senses",
  "reputation": "13",
  "reputation+": "15",
  "weakness": "Wind-type +3 Damage",
  "result": "OK",
  "sheetDescriptionM": "分類:Barbarous　知能:Low　知覚:Five Senses　反応:Hostile\n言語:Barbaric, Youma　生息地:Mountains, Floating Rocks\n弱点:Wind-type +3 Damage\n先制値:13　生命抵抗力:7（14）　精神抵抗力:6（13）",
  "sheetDescriptionS": "分類:Barbarous\n弱点:Wind-type +3 Damage\n先制値:13　生命抵抗力:7（14）　精神抵抗力:6（13）",
  "sin": "3",
  "skills": "<p><strong>🗨Somersault Attack</strong></p><p>Flips and flutters back and forth in front of the target, attacking at an irregular trajectory.Declaring this before a melee attack grants the Sabinga a +1 bonus to its Accuracy Check, but incurs a -1 penalty to its Evasion Check.This ability cannot be used on consecutive turns.</p><p><strong>🗨Cleave I</strong></p><p>It can attack up to 3 characters with melee attacks that can be reached, but the damage will be reduced by -3.</p>",
  "status1Accuracy": "7",
  "status1AccuracyFix": 14,
  "status1Damage": "2d+6",
  "status1Defense": "4",
  "status1Evasion": "7",
  "status1EvasionFix": 14,
  "status1Hp": "36",
  "status1Mp": "14",
  "status1Style": "Weapon",
  "statusNum": 1,
  "taxa": "Barbarous",
  "type": "m",
  "unitStatus": {
    "Weapon:HP": "36/36",
    "Weapon:MP": "14"
  },
  "unitExceptStatus": {
    "HP": 1,
    "MP": 1,
    "Defense": 1
  },
  "loots1Num": "2～9",
  "loots1Item": "Keen Weapon (100G/Black White A)",
  "loots2Num": "10+",
  "loots2Item": "Extravagant Weapon (500G/Black White A)",
  "fortitude": "7",
  "willpower": "6"
}