{
  "description": "<p>The Iron Maiden is a torture device in the shape of a woman's body, affected by mana and granted sentience. Its entire body is made of iron and is hollow inside. The hollowed-out body is covered with countless thorns, which lock up people and squeeze out their blood, causing them to suffer and bleed.</p>",
  "disposition": "Hostile",
  "habitat": "Labyrinths, Ruins",
  "initiative": "16",
  "intellect": "Low",
  "language": "None",
  "lootsNum": 4,
  "monsterName": "Iron Maiden",
  "mndResist": "15",
  "vitResist": "16",
  "lv": "12",
  "parts": "",
  "coreParts": "",
  "mobility": "-/15 (Floating)",
  "mode": "save",
  "paletteInsertType": "exchange",
  "paletteRemoveTags": "1",
  "paletteTool": "bcdice",
  "paletteUseBuff": "1",
  "paletteUseVar": "1",
  "partsNum": 1,
  "perception": "Magic",
  "reputation": "12",
  "reputation+": "19",
  "weakness": "Magic Damage +2",
  "result": "OK",
  "sheetDescriptionM": "分類:Undead　知能:Low　知覚:Magic　反応:Hostile\n言語:None　生息地:Labyrinths, Ruins\n弱点:Magic Damage +2\n先制値:16　生命抵抗力:16（23）　精神抵抗力:15（22）",
  "sheetDescriptionS": "分類:Undead\n弱点:Magic Damage +2\n先制値:16　生命抵抗力:16（23）　精神抵抗力:15（22）",
  "sin": "0",
  "skills": "<p><strong>◯Iron Body</strong></p><p>The Iron Maiden is immune to criticals from edged weapons.</p><p><strong>►Lock Up / 15 (22) / Evasion / Negates</strong></p><p>Traps a \"Target: 1 Character\" at \"Range: Touch\" inside its own body.The Iron Maiden cannot attempt to [►Lock Up] a new target while one is trapped inside. The Iron Maiden may release the imprisoned character with a Minor Action. Unless it declares [🗨Hold On], the trapped character automatically escapes on its turn.</p><p><strong>🗨Hold On</strong></p><p>Closes its own lid for 10 seconds (1 round). By doing so, the Iron Maiden gains +5 points to its Defense.If this declaration is made first, [►Lock Up] cannot be used later. It is possible to use [►Lock Up] first and declare this ability immediately after the first use of [🗨Hold On].When this declaration is made, [🗨Hold On] deals 2d+14 points of physical damage to the trapped character, if any, and heals its HP by the same amount as the applied damage.With this ability declared, a character trapped inside can escape only by de-bonding (see ML, p. 71) (if no declaration of [🗨Hold On] has been made, the character can escape automatically at the beginning of its turn).If de-bonding causes the character to escape from the inside, the effect of the Defense increase is also lost.</p>",
  "status1Accuracy": "16",
  "status1AccuracyFix": 23,
  "status1Damage": "2d+12",
  "status1Defense": "15",
  "status1Evasion": "14",
  "status1EvasionFix": 21,
  "status1Hp": "113",
  "status1Mp": "36",
  "status1Style": "Slam",
  "statusNum": 1,
  "taxa": "Undead",
  "type": "m",
  "unitStatus": {
    "Slam:HP": "113/113",
    "Slam:MP": "36"
  },
  "unitExceptStatus": {
    "HP": 1,
    "MP": 1,
    "Defense": 1
  },
  "loots1Num": "Always",
  "loots1Item": "Magic Iron Ingot (680G / Gold Black A)",
  "loots2Num": "2～5",
  "loots2Item": "None",
  "loots3Num": "6～10",
  "loots3Item": "Binding Chain (500G / Black A)",
  "loots4Num": "11+",
  "loots4Item": "Jet-black Binding Chain (3000G / Black S)",
  "fortitude": "16",
  "willpower": "15"
}