{
  "description": "<p>This large turtle, ranging anywhere from 1 to 3 m in size, gets its name because its shell is as hard as iron. These turtles are fairly docile, slow to move, and unlikely to cause any harm. However, because their shell is used in a variety of crafts, overfishing has led to a decline in their population and the Iron Turtle is becoming harder to find in the wild.</p>",
  "disposition": "Neutral",
  "habitat": "Seas, Coasts, Rivers, Swamps",
  "initiative": "10",
  "intellect": "Animal",
  "language": "None",
  "lootsNum": 2,
  "monsterName": "Iron Turtle",
  "mndResist": "8",
  "vitResist": "9",
  "lv": "6",
  "parts": "",
  "coreParts": "",
  "mobility": "10 (4 Legs)/30(Swimming)",
  "mode": "save",
  "paletteInsertType": "exchange",
  "paletteRemoveTags": "1",
  "paletteTool": "bcdice",
  "paletteUseBuff": "1",
  "paletteUseVar": "1",
  "partsNum": 1,
  "perception": "Five Senses",
  "reputation": "12",
  "reputation+": "17",
  "weakness": "Fire damage + 3 points",
  "result": "OK",
  "sheetDescriptionM": "分類:Animal　知能:Animal　知覚:Five Senses　反応:Neutral\n言語:None　生息地:Seas, Coasts, Rivers, Swamps\n弱点:Fire damage + 3 points\n先制値:10　生命抵抗力:9（16）　精神抵抗力:8（15）",
  "sheetDescriptionS": "分類:Animal\n弱点:Fire damage + 3 points\n先制値:10　生命抵抗力:9（16）　精神抵抗力:8（15）",
  "sin": "0",
  "skills": "<p><strong>◯Underwater Aptitude</strong></p><p></p><p><strong>►Shell Guard</strong></p><p>The Iron Turtle can retract into its shell, increasing its Defense by +10 for 10 seconds (1 round).</p><p><strong>🗨△Cover I</strong></p><p>The effect is the same as the combat feat [Cover I] (see CR I, p. 255).</p>",
  "status1Accuracy": "7",
  "status1AccuracyFix": 14,
  "status1Damage": "2d+9",
  "status1Defense": "10",
  "status1Evasion": "7",
  "status1EvasionFix": 14,
  "status1Hp": "53",
  "status1Mp": "12",
  "status1Style": "Slam",
  "statusNum": 1,
  "taxa": "Animal",
  "type": "m",
  "unitStatus": {
    "Slam:HP": "53/53",
    "Slam:MP": "12"
  },
  "unitExceptStatus": {
    "HP": 1,
    "MP": 1,
    "Defense": 1
  },
  "loots1Num": "2～8",
  "loots1Item": "Sturdy Shell (200G/Red A)",
  "loots2Num": "9+",
  "loots2Item": "High-Quality Shell (1,200G/Red S)",
  "fortitude": "9",
  "willpower": "8"
}