{
  "description": "<p>The Jabberwock is a mythical beast with a dragon-like head, long neck, four wings, and a long tail, and its total length exceeds 20 meters.</p><p>They are extremely vicious and aggressive. They are also relentless in the pursuit of their prey.</p><p>Because of these characteristics and its use of the Summoning Arts, some believe that Jabberwock is a type of Daemon, while others believe that it originated as a crossbreed between a Daemon and a Dragon.</p><p>Jabberwocks are found primarily in forests and mountains but may also occur in deserts, wildernesses, and archaeological sites. Often, the habitat of the Jabberwock is oddly tranquil, as there are few other animals.</p>",
  "disposition": "Hostile",
  "habitat": "Forests, Mountains",
  "initiative": "24",
  "intellect": "Average",
  "language": "Barbaric, Youma, Daemonic, Arcana",
  "lootsNum": 4,
  "monsterName": "Jabberwock",
  "mndResist": "19",
  "vitResist": "21",
  "lv": "15",
  "parts": "7 (Head / Body / Wing x 4 / Tail)",
  "coreParts": "Head",
  "mobility": "20 (4 Legs) / 35 (Flying)",
  "mode": "save",
  "paletteInsertType": "exchange",
  "paletteRemoveTags": "1",
  "paletteTool": "bcdice",
  "paletteUseBuff": "1",
  "paletteUseVar": "1",
  "partsNum": 7,
  "perception": "Five senses (Darkvision)",
  "reputation": "19",
  "reputation+": "22",
  "weakness": "Silver weapon damage +3 points",
  "result": "OK",
  "sheetDescriptionM": "分類:Mythical Beast　知能:Average　知覚:Five senses (Darkvision)　反応:Hostile\n言語:Barbaric, Youma, Daemonic, Arcana　生息地:Forests, Mountains\n弱点:Silver weapon damage +3 points\n先制値:24　生命抵抗力:21（28）　精神抵抗力:19（26）",
  "sheetDescriptionS": "分類:Mythical Beast\n弱点:Silver weapon damage +3 points\n先制値:24　生命抵抗力:21（28）　精神抵抗力:19（26）",
  "sin": "0",
  "skills": "<p><strong>►Summoning Arts 15 Level / Magic Power 18 (25)</strong></p><p></p><p><strong>◯🗨►Magic Aptitude</strong></p><p>They can use the Combat Feats [Multi-Action], [Targeting], [Magic Convergence], [Magic Control], [Hawk Eye], [Universal Metamagic, and [Wordbreak].</p><p><strong>►Shockwave Breath / 20 (27) / Fortitude / Half</strong></p><p>Jabberwock breathes a mighty wave with \"Range / Area: 2 (30m) / Shot\" in a \"Target: 1 Area (6m Radius) / 20\", dealing 2d+30 Bludgeoning magic damage to the targets and causing them to fall prone.This ability cannot be used on consecutive turns.</p><br><br><p><strong>◯Attack Obstacle = +4 • None</strong></p><p>Jabberwock's tremendous height prevents enemies from attacking it. The Head section receives a +4 bonus to Evasion checks against melee attacks. When the Body falls to 0 HP or lower, this effect disappears.</p><br><br><p><strong>🗨All-Out Attack</strong></p><p>A Wing can deal an additional 8 damage on its next attack. However, any Evasion check made by this section this turn receives a -3 penalty.</p><p><strong>◯Flight</strong></p><p>A Jabberwock receives a +1 bonus to Accuracy and Evasion only for melee attacks.If two Wings fall to 0 HP or lower, this unique skill cannot be used.</p><br><br><p><strong>🗨Tail Sweep</strong></p><p>A Jabberwock can use its Tail to attack up to 5 targets with a Melee Attack. This attack cannot be used in consecutive rounds.</p>",
  "status1Accuracy": "18",
  "status1AccuracyFix": 25,
  "status1Damage": "2d+18",
  "status1Defense": "15",
  "status1Evasion": "20",
  "status1EvasionFix": 27,
  "status1Hp": "147",
  "status1Mp": "84",
  "status1Style": "Bite (Head)",
  "status2Accuracy": "20",
  "status2AccuracyFix": 27,
  "status2Damage": "2d+16",
  "status2Defense": "16",
  "status2Evasion": "16",
  "status2EvasionFix": 23,
  "status2Hp": "158",
  "status2Mp": "46",
  "status2Style": "Claws (Body)",
  "status3Accuracy": "19",
  "status3AccuracyFix": 26,
  "status3Damage": "2d+12",
  "status3Defense": "12",
  "status3Evasion": "17",
  "status3EvasionFix": 24,
  "status3Hp": "91",
  "status3Mp": "23",
  "status3Style": "Wing (Wing)",
  "status4Accuracy": "19",
  "status4AccuracyFix": 26,
  "status4Damage": "2d+12",
  "status4Defense": "12",
  "status4Evasion": "17",
  "status4EvasionFix": 24,
  "status4Hp": "91",
  "status4Mp": "23",
  "status4Style": "Wing  (Wing)",
  "status5Accuracy": "19",
  "status5AccuracyFix": 26,
  "status5Damage": "2d+12",
  "status5Defense": "12",
  "status5Evasion": "17",
  "status5EvasionFix": 24,
  "status5Hp": "91",
  "status5Mp": "23",
  "status5Style": "Wing (Wing)",
  "status6Accuracy": "19",
  "status6AccuracyFix": 26,
  "status6Damage": "2d+12",
  "status6Defense": "12",
  "status6Evasion": "17",
  "status6EvasionFix": 24,
  "status6Hp": "91",
  "status6Mp": "23",
  "status6Style": "Wing (Wing)",
  "status7Accuracy": "21",
  "status7AccuracyFix": 28,
  "status7Damage": "2d+13",
  "status7Defense": "14",
  "status7Evasion": "18",
  "status7EvasionFix": 25,
  "status7Hp": "142",
  "status7Mp": "32",
  "status7Style": "Tail (Tail)",
  "statusNum": 7,
  "taxa": "Mythical Beast",
  "type": "m",
  "unitStatus": {
    "Bite (Head):HP": "147/147",
    "Bite (Head):MP": "84",
    "Claws (Body):HP": "158/158",
    "Claws (Body):MP": "46",
    "Wing (Wing):HP": "91/91",
    "Wing (Wing):MP": "23",
    "Wing  (Wing):HP": "91/91",
    "Wing  (Wing):MP": "23",
    "Tail (Tail):HP": "142/142",
    "Tail (Tail):MP": "32"
  },
  "unitExceptStatus": {
    "HP": 7,
    "MP": 7,
    "Defense": 7
  },
  "loots1Num": "Always",
  "loots1Item": "Shining Red Eyes (5,000G/Gold Red S) x 2",
  "loots2Num": "2～6",
  "loots2Item": "Mysterious Scales (1,000G/Red White S)",
  "loots3Num": "7～10",
  "loots3Item": "Mysterious Scales (1,000G/Red White S) x 2",
  "loots4Num": "11+",
  "loots4Item": "Mysterious Scales (1,000G/Red White S) x 1d",
  "fortitude": "21",
  "willpower": "19"
}