{
  "description": "<p>This is a pumpkin-headed monster dressed in a black veil. They wear white gloves and hold a scythe in both hands, which is larger than their height, and attack with the scythe.</p><p>They haunt and roam the remote villages at night, looking for victims. When they kill their prey, they are said to light up their mouths and eyes with bright lights.</p>",
  "disposition": "Hostile",
  "habitat": "Unknown",
  "initiative": "14",
  "intellect": "High",
  "language": "Arcana",
  "lootsNum": 4,
  "monsterName": "Jack O'Lantern",
  "mndResist": "9",
  "vitResist": "9",
  "lv": "7",
  "parts": "",
  "coreParts": "",
  "mobility": "-/18(Flying)",
  "mode": "save",
  "paletteInsertType": "exchange",
  "paletteRemoveTags": "1",
  "paletteTool": "bcdice",
  "paletteUseBuff": "1",
  "paletteUseVar": "1",
  "partsNum": 1,
  "perception": "Magic",
  "reputation": "13",
  "reputation+": "17",
  "weakness": "HP Recovery (deals damage instead), +3 points",
  "result": "OK",
  "sheetDescriptionM": "分類:Undead　知能:High　知覚:Magic　反応:Hostile\n言語:Arcana　生息地:Unknown\n弱点:HP Recovery (deals damage instead), +3 points\n先制値:14　生命抵抗力:9（16）　精神抵抗力:9（16）",
  "sheetDescriptionS": "分類:Undead\n弱点:HP Recovery (deals damage instead), +3 points\n先制値:14　生命抵抗力:9（16）　精神抵抗力:9（16）",
  "sin": "0",
  "skills": "<p><strong>►Summoning Arts 6 Level/Magic Power 9 (16)</strong></p><p></p><p><strong>◯🗨►Magic Aptitude</strong></p><p>They can use the Combat Feats [Targeting], [Hawk Eye], [Metamagic/Distance], [Wordbreak].</p><p><strong>◯Soul Harvesting</strong></p><p>If the target is reduced to 0 HP or lower from a Jack O'Lantern's Scythe attack, they receive a -10 penalty to their next Death Check.</p><p><strong>◯Poison Immunity, ◯Disease Immunity, ◯Psychic Type (Weak) Immunity</strong></p><p></p><p><strong>◯Unstable Healing</strong></p><p>Healing effects such as Divine Magic and items like Unicorn's Horn will damage Undead instead.Magitech, Fairy Magic, Nature Magic, etc. healing has no effect on the Undead.Spiritualism Magic and a few other healing effects can restore an Undead's HP.</p>",
  "status1Accuracy": "8",
  "status1AccuracyFix": 15,
  "status1Damage": "2d+11",
  "status1Defense": "6",
  "status1Evasion": "9",
  "status1EvasionFix": 16,
  "status1Hp": "58",
  "status1Mp": "36",
  "status1Style": "Scythe",
  "statusNum": 1,
  "taxa": "Undead",
  "type": "m",
  "unitStatus": {
    "Scythe:HP": "58/58",
    "Scythe:MP": "36"
  },
  "unitExceptStatus": {
    "HP": 1,
    "MP": 1,
    "Defense": 1
  },
  "loots1Num": "Always",
  "loots1Item": "Pumpkin Lantern (100G/Green White A)",
  "loots2Num": "2～6",
  "loots2Item": "Rusty Scythe (100G/Black White A)",
  "loots3Num": "7～10",
  "loots3Item": "Large Scythe (600G/Black White A)",
  "loots4Num": "11+",
  "loots4Item": "Soul Harvesting Scythe (3,000G/Gold Black White S)",
  "fortitude": "9",
  "willpower": "9"
}