{
  "description": "<p>Jahgrad is a strange-looking Daemon with a shark-like upper body and a human-like lower body with two legs.</p><p>Although they are over 5 meters tall, they rarely seen in full size, as they are mainly live in the water. In the water, they move with amazing speed as they hunt down their prey.</p><p>Despite their strange appearance, they are cunning and brutal, never letting their prey escape. Its back and chest fins are flexible and become sharp blades that slice through the enemy.</p><p>They may lurk in the vicinity of underwater ruins and will attack approaching creatures. They can also walk on land if necessary but rarely leave the water.</p>",
  "disposition": "Hostile",
  "habitat": "Rivers, Sea",
  "initiative": "21",
  "intellect": "Average",
  "language": "Daemonic",
  "lootsNum": 4,
  "monsterName": "Jahgrad",
  "mndResist": "15",
  "vitResist": "15",
  "lv": "12",
  "parts": "4 (Body / Dorsal Fine / Pectoral Fin x 2)",
  "coreParts": "Body",
  "mobility": "15/30 (Swimming)",
  "mode": "save",
  "paletteInsertType": "exchange",
  "paletteRemoveTags": "1",
  "paletteTool": "bcdice",
  "paletteUseBuff": "1",
  "paletteUseVar": "1",
  "partsNum": 4,
  "perception": "Five Senses (Darkvision)",
  "reputation": "19",
  "reputation+": "22",
  "weakness": "Earth Damage +3",
  "result": "OK",
  "sheetDescriptionM": "分類:Daemon　知能:Average　知覚:Five Senses (Darkvision)　反応:Hostile\n言語:Daemonic　生息地:Rivers, Sea\n弱点:Earth Damage +3\n先制値:21　生命抵抗力:15（22）　精神抵抗力:15（22）",
  "sheetDescriptionS": "分類:Daemon\n弱点:Earth Damage +3\n先制値:21　生命抵抗力:15（22）　精神抵抗力:15（22）",
  "sin": "0",
  "skills": "<p><strong>◯Underwater Aptitude</strong></p><p></p><br><br><p><strong>►Divine Magic 9 Level/Magic Power 11 (18)</strong></p><p></p><p><strong>◯🗨►Magical Aptitude</strong></p><p>Jahgrad can use the combat feats [Multi-Action], [Targeting], [Universal Metamagic] and [Wordbreak].</p><p><strong>🗨All-out Attack</strong></p><p>A Bite attack can deal an additional 8 damage on its next attack. However, any Evasion check made by this section this turn receives a -3 penalty.</p><p><strong>◯Catch and Hold</strong></p><p>If a Bite attack hits, the target is caught and held in the Jahgrad's jaws. The target cannot move, and will be automatically hit by further Bite attacks from the next round onwards.When the target attempts to escape, it follows the de-bonding rules (see ML, p. 71). The Jahgrad can automatically release the target it holds in its mouth with a Minor Action.While Catch and Hold is in use, the Body Section cannot attack other characters or use magic. Likewise, the Fin sections cannot attack the character being held by Catch and Hold in the Jahgrad's mouth.</p><br><br><p><strong>◯Continuous Attack II</strong></p><p>If the Dorsal Fin successfully hits a target in Melee, it may make a second attack against the same target. If the second attack also hits, it may then make a third attack.</p><br><br><p><strong>►Pull / 16 (23) / Evasion / Negates</strong></p><p>Extends its fins and wraps them around \"Target: 1 Character\" with \"Range/Area: 2 (20m) / Shot\". This deals 2d+12 physical damage to the target and moves it into the same area or coordinates as the Jahgrad.</p>",
  "status1Accuracy": "13",
  "status1AccuracyFix": 20,
  "status1Damage": "2d+17",
  "status1Defense": "12",
  "status1Evasion": "14",
  "status1EvasionFix": 21,
  "status1Hp": "121",
  "status1Mp": "53",
  "status1Style": "Bite (Body)",
  "status2Accuracy": "16",
  "status2AccuracyFix": 23,
  "status2Damage": "2d+12",
  "status2Defense": "10",
  "status2Evasion": "15",
  "status2EvasionFix": 22,
  "status2Hp": "89",
  "status2Mp": "21",
  "status2Style": "Fin (Dorsal Fin)",
  "status3Accuracy": "16",
  "status3AccuracyFix": 23,
  "status3Damage": "2d+12",
  "status3Defense": "10",
  "status3Evasion": "15",
  "status3EvasionFix": 22,
  "status3Hp": "89",
  "status3Mp": "21",
  "status3Style": "Fin (Pectoral Fin)",
  "status4Accuracy": "16",
  "status4AccuracyFix": 23,
  "status4Damage": "2d+12",
  "status4Defense": "10",
  "status4Evasion": "15",
  "status4EvasionFix": 22,
  "status4Hp": "89",
  "status4Mp": "21",
  "status4Style": "Fin (Pectoral Fin)",
  "statusNum": 4,
  "taxa": "Daemon",
  "type": "m",
  "unitStatus": {
    "Bite (Body):HP": "121/121",
    "Bite (Body):MP": "53",
    "Fin (Dorsal Fin):HP": "89/89",
    "Fin (Dorsal Fin):MP": "21",
    "Fin (Pectoral Fin):HP": "89/89",
    "Fin (Pectoral Fin):MP": "21"
  },
  "unitExceptStatus": {
    "HP": 4,
    "MP": 4,
    "Defense": 4
  },
  "loots1Num": "Always",
  "loots1Item": "Crystalized Daemon's Blood",
  "loots2Num": "Always",
  "loots2Item": "Jagged Tooth (30G/Red B) x 2",
  "loots3Num": "2～6",
  "loots3Item": "Fresh Fins (1000G/Red S)",
  "loots4Num": "7+",
  "loots4Item": "Fresh Fins (1000G/Red S) x 2",
  "fortitude": "15",
  "willpower": "15"
}