{
  "description": "<p>It is a Lesser Daemon that resembles a 1m long snake with feathered wings. Primarily used as an aerial vanguard, it spits fire from its mouth and possesses powerful fangs. They often appear in groups and prefer cunning tactics, such as striking from above in mountainous areas.</p>",
  "disposition": "Hostile",
  "habitat": "Ruins, Forests, Mountains",
  "initiative": "10",
  "intellect": "Low",
  "language": "None",
  "lootsNum": 3,
  "monsterName": "Jarega",
  "mndResist": "4",
  "vitResist": "6",
  "lv": "3",
  "parts": "",
  "coreParts": "",
  "mobility": "-/10 (Flying)",
  "mode": "save",
  "paletteInsertType": "exchange",
  "paletteRemoveTags": "1",
  "paletteTool": "bcdice",
  "paletteUseBuff": "1",
  "paletteUseVar": "1",
  "partsNum": 1,
  "perception": "Five Senses (Darkvision)",
  "reputation": "9",
  "reputation+": "12",
  "weakness": "Water/Ice Damage +3",
  "result": "OK",
  "sheetDescriptionM": "分類:Daemon　知能:Low　知覚:Five Senses (Darkvision)　反応:Hostile\n言語:None　生息地:Ruins, Forests, Mountains\n弱点:Water/Ice Damage +3\n先制値:10　生命抵抗力:6（13）　精神抵抗力:4（11）",
  "sheetDescriptionS": "分類:Daemon\n弱点:Water/Ice Damage +3\n先制値:10　生命抵抗力:6（13）　精神抵抗力:4（11）",
  "sin": "0",
  "skills": "<p><strong>◯Flight</strong></p><p>Receives a +1 bonus to Accuracy and Evasion only for melee attacks.</p><p><strong>►Fireball/5 (12)/Fortitude/Half</strong></p><p>Within \"Range/Area: 2 (20m) / Shot\" and \"Target: 1 Character,\" a fireball is spits out at the target, dealing 2d+3 Fire magic damage.This ability cannot be used on consecutive turns.</p>",
  "status1Accuracy": "5",
  "status1AccuracyFix": 12,
  "status1Damage": "2d+3",
  "status1Defense": "2",
  "status1Evasion": "4",
  "status1EvasionFix": 11,
  "status1Hp": "19",
  "status1Mp": "14",
  "status1Style": "Bite",
  "statusNum": 1,
  "taxa": "Daemon",
  "type": "m",
  "unitStatus": {
    "Bite:HP": "19/19",
    "Bite:MP": "14"
  },
  "unitExceptStatus": {
    "HP": 1,
    "MP": 1,
    "Defense": 1
  },
  "loots1Num": "Always",
  "loots1Item": "Daemon's Blood (100G/Red A)",
  "loots2Num": "2～9",
  "loots2Item": "None",
  "loots3Num": "10+",
  "loots3Item": "Serpent Daemon's Feathers (90G / Red B)",
  "fortitude": "6",
  "willpower": "4"
}