{
  "description": "<p>The Jii is a creature with the body of a cow and a human face. It has well- developed hind legs that allow it to walk on two legs. According to tradition, the Jii appears before major disasters and utters prophecies. In some nations, the mere appearance of the Jii is considered a sign of an impending disaster.</p><p>Although typically kind and hospitable, the Jii can become aggressive towards those with malicious intentions. The origin of the Jii is unknown, but sightings have been reported in deep forests and on high mountain peaks.</p>",
  "disposition": "Neutral",
  "habitat": "Unknown",
  "initiative": "17",
  "intellect": "High",
  "language": "Trade common, Sylvan",
  "lootsNum": 2,
  "monsterName": "Jii",
  "mndResist": "11",
  "vitResist": "9",
  "lv": "7",
  "parts": "",
  "coreParts": "",
  "mobility": "12 (4 Legs)/-",
  "mode": "save",
  "paletteInsertType": "exchange",
  "paletteRemoveTags": "1",
  "paletteTool": "bcdice",
  "paletteUseBuff": "1",
  "paletteUseVar": "1",
  "partsNum": 1,
  "perception": "Five senses",
  "reputation": "14",
  "reputation+": "18",
  "weakness": "Accuracy +1",
  "result": "OK",
  "sheetDescriptionM": "分類:Mythical Beast　知能:High　知覚:Five senses　反応:Neutral\n言語:Trade common, Sylvan　生息地:Unknown\n弱点:Accuracy +1\n先制値:17　生命抵抗力:9（16）　精神抵抗力:11（18）",
  "sheetDescriptionS": "分類:Mythical Beast\n弱点:Accuracy +1\n先制値:17　生命抵抗力:9（16）　精神抵抗力:11（18）",
  "sin": "0",
  "skills": "<p><strong>►Divine Magic, Fairy Magic 7 Level / Magic Power 11 (18)</strong></p><p>Can use Earth, Wind, Dark, and Light types.If a contract pattern is adopted (see MA, p. 136), it knows all types (5 ranks, special 2 ranks).</p><p><strong>◯🗨►Magic Aptitude</strong></p><p>They can use the Combat Feats [Targeting], [Metamagic/Accuracy], and [Wordbreak].</p><p><strong>🗨Foresight</strong></p><p>This ability can be declared only before the Major Action.For 10 seconds (1 round) Jii gains a +2 bonus to Evasion checks. At the same time, it receives a -2 penalty to its Accuracy check.</p>",
  "status1Accuracy": "7",
  "status1AccuracyFix": 14,
  "status1Damage": "2d+6",
  "status1Defense": "6",
  "status1Evasion": "8",
  "status1EvasionFix": 15,
  "status1Hp": "64",
  "status1Mp": "70",
  "status1Style": "Hoof",
  "statusNum": 1,
  "taxa": "Mythical Beast",
  "type": "m",
  "unitStatus": {
    "Hoof:HP": "64/64",
    "Hoof:MP": "70"
  },
  "unitExceptStatus": {
    "HP": 1,
    "MP": 1,
    "Defense": 1
  },
  "loots1Num": "2～6",
  "loots1Item": "None",
  "loots2Num": "7+",
  "loots2Item": "Sharp Hoof (950G/Red A)",
  "fortitude": "9",
  "willpower": "11"
}