{
  "description": "<p>Jinn are fairy giants that look like regal old men, around 5 meters tall. They move on the wind in wide hills and deserts, and usually swim leisurely in the sky. However, when danger arises, they manipulate the wind and rush to the scene.</p>",
  "disposition": "Neutral",
  "habitat": "Hills, Deserts, Ruins",
  "initiative": "24",
  "intellect": "High",
  "language": "Sylvan",
  "lootsNum": 0,
  "monsterName": "Jinn",
  "mndResist": "22",
  "vitResist": "22",
  "lv": "17",
  "parts": "2 (Upper Body / Lower Body)",
  "coreParts": "Upper Body",
  "mobility": "-/60(Flying)",
  "mode": "save",
  "paletteInsertType": "exchange",
  "paletteRemoveTags": "1",
  "paletteTool": "bcdice",
  "paletteUseBuff": "1",
  "paletteUseVar": "1",
  "partsNum": 2,
  "perception": "Five senses",
  "reputation": "19",
  "reputation+": "22",
  "weakness": "Earth damage + 3 points",
  "result": "OK",
  "sheetDescriptionM": "分類:Fairy　知能:High　知覚:Five senses　反応:Neutral\n言語:Sylvan　生息地:Hills, Deserts, Ruins\n弱点:Earth damage + 3 points\n先制値:24　生命抵抗力:22（29）　精神抵抗力:22（29）",
  "sheetDescriptionS": "分類:Fairy\n弱点:Earth damage + 3 points\n先制値:24　生命抵抗力:22（29）　精神抵抗力:22（29）",
  "sin": "0",
  "skills": "<p><strong>◯Type: Wind/Magic Power 23 (30)</strong></p><p>Only the Upper Body section can cast spells.</p><p><strong>◯Slashing Immunity</strong></p><p></p><p><strong>◯Wind Body</strong></p><p>Slashing weapons treat the Jinn's Defense as 5 points higher.</p><p><strong>◯Flight</strong></p><p>A Jinn receives a +1 bonus to Accuracy and Evasion only for melee attacks.</p><p><strong>◯Earth Vulnerability</strong></p><p>When the Jinn is hit by Earth-type damage, it takes an extra 3 damage.</p><p><strong>◯Multiple Actions = 2 times</strong></p><p></p><p><strong>►Twin Strike & Double Attack</strong></p><p>A Jinn can make two attacks each round, though each attack requires its own Accuracy check. They may choose to attack different characters with each attack.</p><p><strong>🗨Wind Mana Strike = +23 damage</strong></p><p>A Jinn can deal an additional 23 damage on their next attack and turn the attacks into Wind-type damage. At risk, it takes a -2 penalty to its Fortitude and Willpower checks.</p><br><br><p><strong>◯🗨►Magic Aptitude</strong></p><p>They can use the Combat Feats [Multi-Action], [Targeting], [Magic Convergence], [Magic Control], [Hawk Eye], [Universal Metamagic], [Wordbreak].</p><p><strong>◯Continuous Attack</strong></p><p>If a Jinn successfully hits a target in melee, they may make a second attack against the same target.</p><p><strong>⏩Windblade Storm/23 (30)/Fortitude/Half</strong></p><p>Jinn causes their entire body to twist and recoil, creating a storm of wind blades. Within \"Range: Caster\" causes \"Target: All areas (Radius 30m)/All\" to be hit by 2d+24 wind magic damage and fall prone.This unique skill can only be used once per round.</p><br><br><p><strong>◯Wind Spirit Barrier</strong></p><p>The Lower Body section is always under the effect of the Fairy Magic spell [Missile Protection] (see CR II, p. 174).</p><p><strong>◯Attack Obstacle = Impossible • +4</strong></p><p>A Jinn's great size hinders attack.The Upper Body cannot be attacked in melee. Against any ranged attacks, Head receives a +4 bonus to Evasion checks.This effect disappears when the Lower Body falls to 0 HP or lower</p>",
  "status1Accuracy": "22",
  "status1AccuracyFix": 29,
  "status1Damage": "2d+16",
  "status1Defense": "16",
  "status1Evasion": "22",
  "status1EvasionFix": 29,
  "status1Hp": "125",
  "status1Mp": "122",
  "status1Style": "Fists (Upper Body)",
  "status2Accuracy": "22",
  "status2AccuracyFix": 29,
  "status2Damage": "2d+17",
  "status2Defense": "16",
  "status2Evasion": "22",
  "status2EvasionFix": 29,
  "status2Hp": "135",
  "status2Mp": "38",
  "status2Style": "Kick (Lower Body)",
  "statusNum": 2,
  "taxa": "Fairy",
  "type": "m",
  "unitStatus": {
    "Fists (Upper Body):HP": "125/125",
    "Fists (Upper Body):MP": "122",
    "Kick (Lower Body):HP": "135/135",
    "Kick (Lower Body):MP": "38"
  },
  "unitExceptStatus": {
    "HP": 2,
    "MP": 2,
    "Defense": 2
  },
  "fortitude": "22",
  "willpower": "22"
}