{
  "description": "<p>This Daemon resembles a black horse that is about 5 meters in length. It has red eyes and a 1-meter-long black horn on its forehead.</p><p>It is brutal and ruthless and prefers to lure and trick lone Humanoids with its words.</p>",
  "disposition": "Hostile",
  "habitat": "Forest, Shallow Abysses",
  "initiative": "15",
  "intellect": "Average",
  "language": "Trade Common, Barbaric, Daemonic",
  "lootsNum": 3,
  "monsterName": "Jinune",
  "mndResist": "9",
  "vitResist": "10",
  "lv": "7",
  "parts": "",
  "coreParts": "",
  "mobility": "30 (4 Legs)",
  "mode": "save",
  "paletteInsertType": "exchange",
  "paletteRemoveTags": "1",
  "paletteTool": "bcdice",
  "paletteUseBuff": "1",
  "paletteUseVar": "1",
  "partsNum": 1,
  "perception": "Five senses (Darkvision)",
  "reputation": "14",
  "reputation+": "17",
  "weakness": "Bludgeoning damage +3",
  "result": "OK",
  "sheetDescriptionM": "分類:Daemon　知能:Average　知覚:Five senses (Darkvision)　反応:Hostile\n言語:Trade Common, Barbaric, Daemonic　生息地:Forest, Shallow Abysses\n弱点:Bludgeoning damage +3\n先制値:15　生命抵抗力:10（17）　精神抵抗力:9（16）",
  "sheetDescriptionS": "分類:Daemon\n弱点:Bludgeoning damage +3\n先制値:15　生命抵抗力:10（17）　精神抵抗力:9（16）",
  "sin": "0",
  "skills": "<p><strong>⏩Red Eye Menace/9 (16)/Willpower/Negates</strong></p><p>Stares at \"Target: 1 Character\" within \"Range/Area: 1 (10m) / Target\", filling them with fear. A target who fails the resistance check suffers a -2 penalty on Accuracy and Evasion checks for 10 seconds (1 round).This effect can be used only once per round. It also consumes 5 MP when used.</p><p><strong>◯Vital Strike</strong></p><p>If the 2d roll determining damage is 9 or more, the damage is increased by +6 points.</p>",
  "status1Accuracy": "10",
  "status1AccuracyFix": 17,
  "status1Damage": "2d+9",
  "status1Defense": "7",
  "status1Evasion": "9",
  "status1EvasionFix": 16,
  "status1Hp": "68",
  "status1Mp": "25",
  "status1Style": "Horn",
  "statusNum": 1,
  "taxa": "Daemon",
  "type": "m",
  "unitStatus": {
    "Horn:HP": "68/68",
    "Horn:MP": "25"
  },
  "unitExceptStatus": {
    "HP": 1,
    "MP": 1,
    "Defense": 1
  },
  "loots1Num": "Always",
  "loots1Item": "Daemon's Blood (100G/Red A)",
  "loots2Num": "2～7",
  "loots2Item": "Twisted Black Horn (380G/Red A)",
  "loots3Num": "8+",
  "loots3Item": "Twisted Jet-Black Horn (1,480/Red S)",
  "fortitude": "10",
  "willpower": "9"
}