{
  "description": "<p>This construct is a pile of junk that has gained consciousness. Its body is composed entirely of debris, garbage, pieces of wood, and stone, and it changes shape as it moves. In rare cases, special objects or rare ores may be mixed in with its body. When it moves violently, it self-destructs and scatters junk around itself.</p>",
  "disposition": "Instructed",
  "habitat": "Ruins",
  "initiative": "12",
  "intellect": "Servant",
  "language": "None",
  "lootsNum": 3,
  "monsterName": "Junkwalker",
  "mndResist": "8",
  "vitResist": "9",
  "lv": "6",
  "parts": "2 (Right / Left)",
  "coreParts": "None",
  "mobility": "15",
  "mode": "save",
  "paletteInsertType": "exchange",
  "paletteRemoveTags": "1",
  "paletteTool": "bcdice",
  "paletteUseBuff": "1",
  "paletteUseVar": "1",
  "partsNum": 2,
  "perception": "Magic",
  "reputation": "13",
  "reputation+": "16",
  "weakness": "+2 Magic Damage",
  "result": "OK",
  "sheetDescriptionM": "分類:Construct　知能:Servant　知覚:Magic　反応:Instructed\n言語:None　生息地:Ruins\n弱点:+2 Magic Damage\n先制値:12　生命抵抗力:9（16）　精神抵抗力:8（15）",
  "sheetDescriptionS": "分類:Construct\n弱点:+2 Magic Damage\n先制値:12　生命抵抗力:9（16）　精神抵抗力:8（15）",
  "sin": "0",
  "skills": "<p><strong>◯Junk Self-destruction/Can't</strong></p><p>Its body self-destructs.Immediately after both the Right and Left sections' body have finished their turns, one of the randomly selected sections receives 1d+2 fixed damage to its HP, and all other characters in the same area (area, coordinates) except the character itself receive double that amount of physical damage.This ability is lost when the HP of any section falls to 0 or less.</p><p><strong>◯Poison Immunity, ◯Disease Immunity, ◯Psychic Type Immunity</strong></p><p></p><p><strong>◯Limited Healing</strong></p><p>Effects which can heal Construct HP are very limited, and mostly come from Spiritualism Magic and some special items.Healing effects such as Divine Magic, Fairy Magic, and Nature Magic cannot restore a Construct's HP.</p><p><strong>◯Can Be Detected</strong></p><p>Constructs can be detected with the [Sense Magic] spell and similar effects.</p>",
  "status1Accuracy": "8",
  "status1AccuracyFix": 15,
  "status1Damage": "2d+9",
  "status1Defense": "7",
  "status1Evasion": "7",
  "status1EvasionFix": 14,
  "status1Hp": "64",
  "status1Mp": "-",
  "status1Style": "Fists (Right)",
  "status2Accuracy": "8",
  "status2AccuracyFix": 15,
  "status2Damage": "2d+9",
  "status2Defense": "7",
  "status2Evasion": "7",
  "status2EvasionFix": 14,
  "status2Hp": "64",
  "status2Mp": "-",
  "status2Style": "Fists (Left)",
  "statusNum": 2,
  "taxa": "Construct",
  "type": "m",
  "unitStatus": {
    "Fists (Right):HP": "64/64",
    "Fists (Right):MP": "-",
    "Fists (Left):HP": "64/64",
    "Fists (Left):MP": "-"
  },
  "unitExceptStatus": {
    "HP": 2,
    "MP": 2,
    "Defense": 2
  },
  "loots1Num": "Always",
  "loots1Item": "Iron (20G/Black B) x 1d",
  "loots2Num": "2～8",
  "loots2Item": "None",
  "loots3Num": "9+",
  "loots3Item": "Magical Stone (250G/Gold A)",
  "fortitude": "9",
  "willpower": "8"
}