{
  "description": "<p>This is a transportation Magitech used to carry Magitechs during the Magitech Civilization Period in the Alfleim region. It is about 1m high and 3m long with wheels.</p><p>The pedestal has fasteners and fixations for mooring another Magitech, making it suitable for long-distance transportation. It was capable of moving by itself and being towed by a train to carry the Magitech in succession.</p>",
  "disposition": "Instructed",
  "habitat": "Ruins",
  "initiative": "9",
  "intellect": "Servant",
  "language": "Magitech",
  "lootsNum": 3,
  "monsterName": "Kagner",
  "mndResist": "5",
  "vitResist": "5",
  "lv": "3",
  "parts": "",
  "coreParts": "",
  "mobility": "10(Wheeled)",
  "mode": "save",
  "paletteInsertType": "exchange",
  "paletteRemoveTags": "1",
  "paletteTool": "bcdice",
  "paletteUseBuff": "1",
  "paletteUseVar": "1",
  "partsNum": 1,
  "perception": "Mechanical",
  "reputation": "10",
  "reputation+": "13",
  "weakness": "Lightning damage +3 points",
  "result": "OK",
  "sheetDescriptionM": "分類:Magitech　知能:Servant　知覚:Mechanical　反応:Instructed\n言語:Magitech　生息地:Ruins\n弱点:Lightning damage +3 points\n先制値:9　生命抵抗力:5（12）　精神抵抗力:5（12）",
  "sheetDescriptionS": "分類:Magitech\n弱点:Lightning damage +3 points\n先制値:9　生命抵抗力:5（12）　精神抵抗力:5（12）",
  "sin": "0",
  "skills": "<p><strong>◯Mechanical Body</strong></p><p>It is immune to criticals from edged weapons.</p><p><strong>◯Mounted Magitech = 2 Characters</strong></p><p>Up to 2 Magitech characters (2 sections) can be mounted.</p><p><strong>◯Mounted Person Protection = +2 • None</strong></p><p>A character mounted on this monster has a +2 bonus to Evasion checks against melee attacks.</p><p><strong>◯Poison Immunity, ◯Disease Immunity, ◯Psychic Type Immunity</strong></p><p></p><p><strong>◯Limited Healing</strong></p><p>Effects which can heal Magitech HP are very limited, and mostly come from Spiritualism Magic and some special items.Healing effects such as Divine Magic, Fairy Magic, and Nature Magic cannot restore a Magitech's HP.</p><p><strong>◯Can Be Detected</strong></p><p>Magitech can be detected with the [Sense Magic] spell and similar effects.</p>",
  "status1Accuracy": "4",
  "status1AccuracyFix": 11,
  "status1Damage": "2d+4",
  "status1Defense": "4",
  "status1Evasion": "4",
  "status1EvasionFix": 11,
  "status1Hp": "28",
  "status1Mp": "-",
  "status1Style": "Slam",
  "statusNum": 1,
  "taxa": "Magitech",
  "type": "m",
  "unitStatus": {
    "Slam:HP": "28/28",
    "Slam:MP": "-"
  },
  "unitExceptStatus": {
    "HP": 1,
    "MP": 1,
    "Defense": 1
  },
  "loots1Num": "Always",
  "loots1Item": "Iron (20G/Black B)",
  "loots2Num": "2～7",
  "loots2Item": "None",
  "loots3Num": "8+",
  "loots3Item": "Crude Magitech Components (100G/Black White A)",
  "fortitude": "5",
  "willpower": "5"
}