{
  "description": "<p>Kamawets are sea-based mythical beasts, similar in appearance to a dragon without wings. Only a few meters long, they are mild-mannered and rather friendly, and are able to coexist with Humanoids quite easily. Subsisting on a mostly fish diet, they rarely travel outside of the water. Sometimes, it even can carry humanoids on its back.</p>",
  "disposition": "Friendly",
  "habitat": "Sea",
  "initiative": "10",
  "intellect": "Average",
  "language": "Draconic",
  "lootsNum": 2,
  "monsterName": "Kamawet",
  "mndResist": "6",
  "vitResist": "7",
  "lv": "4",
  "parts": "",
  "coreParts": "",
  "mobility": "5(Crawling)/30(Swimming)",
  "mode": "save",
  "paletteInsertType": "exchange",
  "paletteRemoveTags": "1",
  "paletteTool": "bcdice",
  "paletteUseBuff": "1",
  "paletteUseVar": "1",
  "partsNum": 1,
  "perception": "Five senses",
  "reputation": "5",
  "reputation+": "12",
  "weakness": "Lightning damage + 3 points",
  "result": "OK",
  "sheetDescriptionM": "分類:Mythical Beast　知能:Average　知覚:Five senses　反応:Friendly\n言語:Draconic　生息地:Sea\n弱点:Lightning damage + 3 points\n先制値:10　生命抵抗力:7（14）　精神抵抗力:6（13）",
  "sheetDescriptionS": "分類:Mythical Beast\n弱点:Lightning damage + 3 points\n先制値:10　生命抵抗力:7（14）　精神抵抗力:6（13）",
  "sin": "0",
  "skills": "<p><strong>◯Underwater Specialization</strong></p><p>Can move in water without penalties and restrictions. Conversely, all action checks are subject to a -2 penalty on the ground.</p><p><strong>◯Water/Ice Immunity</strong></p><p></p>",
  "status1Accuracy": "5",
  "status1AccuracyFix": 12,
  "status1Damage": "2d+4",
  "status1Defense": "3",
  "status1Evasion": "5",
  "status1EvasionFix": 12,
  "status1Hp": "33",
  "status1Mp": "16",
  "status1Style": "Slam",
  "statusNum": 1,
  "taxa": "Mythical Beast",
  "type": "m",
  "unitStatus": {
    "Slam:HP": "33/33",
    "Slam:MP": "16"
  },
  "unitExceptStatus": {
    "HP": 1,
    "MP": 1,
    "Defense": 1
  },
  "loots1Num": "2～6",
  "loots1Item": "Chipped Fangs (100G/Red A)",
  "loots2Num": "7+",
  "loots2Item": "Kamawet Fangs (500G/Red A)",
  "fortitude": "7",
  "willpower": "6"
}