{
  "description": "<p>This is a Daemon that can use Fairy Magic. It is approximately one meter long and looks like a thin old man, but its face resembles that of a bird of prey.</p><p>It can create a space that mysteriously reverberates magic and delights in disrupting it. It casts Fairy Magic, which is believed to be different in principle from the Fairy Magic used by Humanoid and others.</p>",
  "disposition": "Hostile",
  "habitat": "Shallow Abysses",
  "initiative": "11",
  "intellect": "Low",
  "language": "Daemonic, Sylvan",
  "lootsNum": 3,
  "monsterName": "Kekkubak",
  "mndResist": "6",
  "vitResist": "5",
  "lv": "4",
  "parts": "",
  "coreParts": "",
  "mobility": "13",
  "mode": "save",
  "paletteInsertType": "exchange",
  "paletteRemoveTags": "1",
  "paletteTool": "bcdice",
  "paletteUseBuff": "1",
  "paletteUseVar": "1",
  "partsNum": 1,
  "perception": "Five senses (Darkvision)",
  "reputation": "12",
  "reputation+": "15",
  "weakness": "Slashing type damage +3",
  "result": "OK",
  "sheetDescriptionM": "分類:Daemon　知能:Low　知覚:Five senses (Darkvision)　反応:Hostile\n言語:Daemonic, Sylvan　生息地:Shallow Abysses\n弱点:Slashing type damage +3\n先制値:11　生命抵抗力:5（12）　精神抵抗力:6（13）",
  "sheetDescriptionS": "分類:Daemon\n弱点:Slashing type damage +3\n先制値:11　生命抵抗力:5（12）　精神抵抗力:6（13）",
  "sin": "0",
  "skills": "<p><strong>►Fairy Magic 3 Level / Magic Power 5 (12)</strong></p><p>It can use Earth and Fire types.</p><p><strong>◯Magic Aptitude</strong></p><p>They can use the Combat Feat [Targeting].</p><p><strong>⏩Spell Echo/Can't</strong></p><p>Within \"Range: Caster\" and \"Target: All Areas (Radius 30m)/Space,\" Kekkubak creates a mysterious space in which it repeats spells.For 10 seconds (1 round), when any characters in the affected area cast a spell with \"Target: 1 Character\", another character is selected at random at the same time.A random character is selected from the characters existing within the effect's area, excluding the original target and ignoring the spell's original range and shielding. If the spell is expanded by [Metamagic/Targets], this effect repeats for each target.Using this unique skill costs 5 points of MP.</p>",
  "status1Accuracy": "5",
  "status1AccuracyFix": 12,
  "status1Damage": "2d+5",
  "status1Defense": "4",
  "status1Evasion": "5",
  "status1EvasionFix": 12,
  "status1Hp": "30",
  "status1Mp": "26",
  "status1Style": "Bite",
  "statusNum": 1,
  "taxa": "Daemon",
  "type": "m",
  "unitStatus": {
    "Bite:HP": "30/30",
    "Bite:MP": "26"
  },
  "unitExceptStatus": {
    "HP": 1,
    "MP": 1,
    "Defense": 1
  },
  "loots1Num": "Always",
  "loots1Item": "Daemon's Blood (100G/Red A)",
  "loots2Num": "2～5",
  "loots2Item": "None",
  "loots3Num": "6+",
  "loots3Item": "Daemon's Blood (100G/Red A)",
  "fortitude": "5",
  "willpower": "6"
}