{
  "description": "<p>A huge coniferous tree that can reach up to 10 meters in length. They posses the ability to walk on their roots and can appear in places beyond just forests. They indiscriminately attack enemies that come within its branches, and they further defend themselves by scattering pollen to create Poison Pollens.</p>",
  "disposition": "Hostile",
  "habitat": "Forests, Lakesides, Caves",
  "initiative": "12",
  "intellect": "None",
  "language": "None",
  "lootsNum": 3,
  "monsterName": "Killer Cedar",
  "mndResist": "8",
  "vitResist": "10",
  "lv": "7",
  "parts": "4 (Trunk / Branch x 3)",
  "coreParts": "Trunk",
  "mobility": "10 (Multiple Legs/-)",
  "mode": "save",
  "paletteInsertType": "exchange",
  "paletteRemoveTags": "1",
  "paletteTool": "bcdice",
  "paletteUseBuff": "1",
  "paletteUseVar": "1",
  "partsNum": 4,
  "perception": "Magic",
  "reputation": "13",
  "reputation+": "16",
  "weakness": "Fire Damage +3",
  "result": "OK",
  "sheetDescriptionM": "分類:Plant　知能:None　知覚:Magic　反応:Hostile\n言語:None　生息地:Forests, Lakesides, Caves\n弱点:Fire Damage +3\n先制値:12　生命抵抗力:10（17）　精神抵抗力:8（15）",
  "sheetDescriptionS": "分類:Plant\n弱点:Fire Damage +3\n先制値:12　生命抵抗力:10（17）　精神抵抗力:8（15）",
  "sin": "0",
  "skills": "<p><strong>◯Poison, Disease, Psychic Immunity</strong></p><p></p><br><br><p><strong>►Twin Strike & Double Action</strong></p><p>The Killer Cedar attacks twice with countless roots. After the results of the first attack are determined, the target for the second attack can be decided.</p><br><br><p><strong>◯Painful Strike</strong></p><p>If the 2d roll of the damage roll is 10 or more, the damage is increased by an additional +6 points.</p><p><strong>►Poison Pollen Production</strong></p><p>The Killer Cedar shakes its branches and spawns a Poison Pollen. Once created, the Poison Pollen can immediately take its turn.This ability cannot be used by the same Branch section in consecutive turns, nor can it be used by more than one Branch section on the same turn.When this ability is used, the Branch section that uses it loses 10 HP.</p>",
  "status1Accuracy": "9",
  "status1AccuracyFix": 16,
  "status1Damage": "2d+10",
  "status1Defense": "7",
  "status1Evasion": "8",
  "status1EvasionFix": 15,
  "status1Hp": "83",
  "status1Mp": "11",
  "status1Style": "Root (Trunk)",
  "status2Accuracy": "10",
  "status2AccuracyFix": 17,
  "status2Damage": "2d+7",
  "status2Defense": "5",
  "status2Evasion": "7",
  "status2EvasionFix": 14,
  "status2Hp": "58",
  "status2Mp": "9",
  "status2Style": "Branch (Branch)",
  "status3Accuracy": "10",
  "status3AccuracyFix": 17,
  "status3Damage": "2d+7",
  "status3Defense": "5",
  "status3Evasion": "7",
  "status3EvasionFix": 14,
  "status3Hp": "58",
  "status3Mp": "9",
  "status3Style": "Branch (Branch)",
  "status4Accuracy": "10",
  "status4AccuracyFix": 17,
  "status4Damage": "2d+7",
  "status4Defense": "5",
  "status4Evasion": "7",
  "status4EvasionFix": 14,
  "status4Hp": "58",
  "status4Mp": "9",
  "status4Style": "Branch (Branch)",
  "statusNum": 4,
  "taxa": "Plant",
  "type": "m",
  "unitStatus": {
    "Root (Trunk):HP": "83/83",
    "Root (Trunk):MP": "11",
    "Branch (Branch):HP": "58/58",
    "Branch (Branch):MP": "9"
  },
  "unitExceptStatus": {
    "HP": 4,
    "MP": 4,
    "Defense": 4
  },
  "loots1Num": "Always",
  "loots1Item": "Hard Tree Bark (330G / Green A)",
  "loots2Num": "2～8",
  "loots2Item": "Pollen Ball (60G / Green B) x 1d",
  "loots3Num": "9+",
  "loots3Item": "Pollen Ball (60G / Green B) x 2d",
  "fortitude": "10",
  "willpower": "8"
}