{
  "description": "<p>This is an olden fairy looking like a small fat boy of about 1 meter in height. They live in tunnels and caves and are always busy mining.</p>",
  "disposition": "Friendly",
  "habitat": "Secluded Regions",
  "initiative": "7",
  "intellect": "Average",
  "language": "Sylvan",
  "lootsNum": 0,
  "monsterName": "Knocker",
  "mndResist": "2",
  "vitResist": "3",
  "lv": "1",
  "parts": "",
  "coreParts": "",
  "mobility": "11/-",
  "mode": "save",
  "paletteInsertType": "exchange",
  "paletteRemoveTags": "1",
  "paletteTool": "bcdice",
  "paletteUseBuff": "1",
  "paletteUseVar": "1",
  "partsNum": 1,
  "perception": "Five senses",
  "reputation": "9",
  "reputation+": "14",
  "weakness": "Wind type damage +3 points",
  "result": "OK",
  "sheetDescriptionM": "分類:Fairy　知能:Average　知覚:Five senses　反応:Friendly\n言語:Sylvan　生息地:Secluded Regions\n弱点:Wind type damage +3 points\n先制値:7　生命抵抗力:3（10）　精神抵抗力:2（9）",
  "sheetDescriptionS": "分類:Fairy\n弱点:Wind type damage +3 points\n先制値:7　生命抵抗力:3（10）　精神抵抗力:2（9）",
  "sin": "0",
  "skills": "<p><strong></strong></p><p>**◯Olden / Type: Earth & Light / Magic Power 3 (10)*</p>",
  "status1Accuracy": "0",
  "status1AccuracyFix": 7,
  "status1Damage": "2d",
  "status1Defense": "2",
  "status1Evasion": "2",
  "status1EvasionFix": 9,
  "status1Hp": "13",
  "status1Mp": "10",
  "status1Style": "Pickaxe",
  "statusNum": 1,
  "taxa": "Fairy",
  "type": "m",
  "unitStatus": {
    "Pickaxe:HP": "13/13",
    "Pickaxe:MP": "10"
  },
  "unitExceptStatus": {
    "HP": 1,
    "MP": 1,
    "Defense": 1
  },
  "fortitude": "3",
  "willpower": "2"
}