{
  "description": "<p>Kobolds are the weakest Youma among the Barbarous. They are about 1.2m tall and resemble upright dogs. Other Barbarous treat them like slaves or emergency rations, and some of them flee to the Humanoid cities to escape persecution.</p><p>They are obedient to everyone and loyal to those who feed them. Because of their dexterity and culinary skills, they can often be seen working in the dining hall attached to the Adventurers' Guild.</p>",
  "disposition": "Neutral",
  "habitat": "Forests, Mountains, Caves",
  "initiative": "10",
  "intellect": "Low",
  "language": "Trade Common, Barbaric, Youma",
  "lootsNum": 3,
  "monsterName": "Kobold",
  "mndResist": "3",
  "vitResist": "2",
  "lv": "1",
  "parts": "",
  "coreParts": "",
  "mobility": "12",
  "mode": "save",
  "paletteInsertType": "exchange",
  "paletteRemoveTags": "1",
  "paletteTool": "bcdice",
  "paletteUseBuff": "1",
  "paletteUseVar": "1",
  "partsNum": 1,
  "perception": "Five senses",
  "reputation": "6",
  "reputation+": "11",
  "weakness": "Magic Damage +2 points",
  "result": "OK",
  "sheetDescriptionM": "分類:Barbarous　知能:Low　知覚:Five senses　反応:Neutral\n言語:Trade Common, Barbaric, Youma　生息地:Forests, Mountains, Caves\n弱点:Magic Damage +2 points\n先制値:10　生命抵抗力:2（9）　精神抵抗力:3（10）",
  "sheetDescriptionS": "分類:Barbarous\n弱点:Magic Damage +2 points\n先制値:10　生命抵抗力:2（9）　精神抵抗力:3（10）",
  "sin": "1",
  "skills": "<p><strong></strong></p><p>None.</p>",
  "status1Accuracy": "2",
  "status1AccuracyFix": 9,
  "status1Damage": "2d+1",
  "status1Defense": "1",
  "status1Evasion": "1",
  "status1EvasionFix": 8,
  "status1Hp": "13",
  "status1Mp": "10",
  "status1Style": "Weapon",
  "statusNum": 1,
  "taxa": "Barbarous",
  "type": "m",
  "unitStatus": {
    "Weapon:HP": "13/13",
    "Weapon:MP": "10"
  },
  "unitExceptStatus": {
    "HP": 1,
    "MP": 1,
    "Defense": 1
  },
  "loots1Num": "Always",
  "loots1Item": "Crude Weapon (10G/Black White B)",
  "loots2Num": "2～9",
  "loots2Item": "None",
  "loots3Num": "10+",
  "loots3Item": "Bag of Silver (30G) x 1d",
  "fortitude": "2",
  "willpower": "3"
}