{
  "description": "<p>This is a Kobold Youma who has the Artificer class and can attack at long range with their dexterity.</p><p>On the other hand, they are extremely bad at hand-to-hand combat, so once they get caught up in a melee, they can be easily defeated by even a newbie adventurer. As a Barbarous gunslinger, they are often slaves of Androscorpions.</p>",
  "disposition": "Neutral",
  "habitat": "Forests, Mountains, Caves",
  "initiative": "10",
  "intellect": "Low",
  "language": "Trade common, Barbaric, Youma, Magitech",
  "lootsNum": 3,
  "monsterName": "Kobold Marksman",
  "mndResist": "4",
  "vitResist": "2",
  "lv": "2",
  "parts": "",
  "coreParts": "",
  "mobility": "12/-",
  "mode": "save",
  "paletteInsertType": "exchange",
  "paletteRemoveTags": "1",
  "paletteTool": "bcdice",
  "paletteUseBuff": "1",
  "paletteUseVar": "1",
  "partsNum": 1,
  "perception": "Five senses (Darkvision)",
  "reputation": "7",
  "reputation+": "13",
  "weakness": "Magic damage +2 points",
  "result": "OK",
  "sheetDescriptionM": "分類:Barbarous　知能:Low　知覚:Five senses (Darkvision)　反応:Neutral\n言語:Trade common, Barbaric, Youma, Magitech　生息地:Forests, Mountains, Caves\n弱点:Magic damage +2 points\n先制値:10　生命抵抗力:2（9）　精神抵抗力:4（11）",
  "sheetDescriptionS": "分類:Barbarous\n弱点:Magic damage +2 points\n先制値:10　生命抵抗力:2（9）　精神抵抗力:4（11）",
  "sin": "1",
  "skills": "<p><strong>►Magitech 1 Level/Magic Power 2 (9)</strong></p><p></p><p><strong>►Gunfire / 3 (10) / Evasion / Negates</strong></p><p>The max magazine is 2 with Range: 2 (20m).</p><p><strong>◯Targeting</strong></p><p>Stray shots cannot occur.</p>",
  "status1Accuracy": "3",
  "status1AccuracyFix": 10,
  "status1Damage": "2d+2",
  "status1Defense": "0",
  "status1Evasion": "0",
  "status1EvasionFix": 7,
  "status1Hp": "12",
  "status1Mp": "12",
  "status1Style": "Weapon",
  "statusNum": 1,
  "taxa": "Barbarous",
  "type": "m",
  "unitStatus": {
    "Weapon:HP": "12/12",
    "Weapon:MP": "12"
  },
  "unitExceptStatus": {
    "HP": 1,
    "MP": 1,
    "Defense": 1
  },
  "loots1Num": "Always",
  "loots1Item": "Crude Weapon (10G/Black White B)",
  "loots2Num": "2～7",
  "loots2Item": "None",
  "loots3Num": "8+",
  "loots3Item": "Bag of Silver (30G/-) x 1d",
  "fortitude": "2",
  "willpower": "4"
}