{
  "description": "<p>This is a mythical beast in the form of a huge hairy buffalo that emits blue phosphorescent light. It has two humps on its back, which crystallize over time and are known to yield high-quality garnets and rubies.</p><p>Legend has it that they are the embodiment of the will of the mountain itself and that they have the power to control the climate of the mountain where they live, albeit to a limited extent.</p><p>In many mountains, they are revered as mountain saints, and Kujata himself behaves as such. Although strict in nature, Kujata is basically mild- mannered.</p><p>Because of the constant approach of back gem hunters, Kujata's reaction to Humanoids, Barbarous, and some Mythical Beasts tends to be one of wariness and caution.</p>",
  "disposition": "Neutral",
  "habitat": "Mountains",
  "initiative": "17",
  "intellect": "Average",
  "language": "Sylvan",
  "lootsNum": 5,
  "monsterName": "Kujata",
  "mndResist": "16",
  "vitResist": "15",
  "lv": "12",
  "parts": "3 (Head / Front / Back)",
  "coreParts": "Head",
  "mobility": "20 (4 Legs)",
  "mode": "save",
  "paletteInsertType": "exchange",
  "paletteRemoveTags": "1",
  "paletteTool": "bcdice",
  "paletteUseBuff": "1",
  "paletteUseVar": "1",
  "partsNum": 3,
  "perception": "Five senses",
  "reputation": "18",
  "reputation+": "24",
  "weakness": "Wind damage +3 points",
  "result": "OK",
  "sheetDescriptionM": "分類:Mythical Beast　知能:Average　知覚:Five senses　反応:Neutral\n言語:Sylvan　生息地:Mountains\n弱点:Wind damage +3 points\n先制値:17　生命抵抗力:15（22）　精神抵抗力:16（23）",
  "sheetDescriptionS": "分類:Mythical Beast\n弱点:Wind damage +3 points\n先制値:17　生命抵抗力:15（22）　精神抵抗力:16（23）",
  "sin": "0",
  "skills": "<p><strong>►Fairy Magic 12 Level/Magic Power 15 (22)</strong></p><p>Can use Earth, Water/Ice, Wind, and Light types.</p><p><strong>◯🗨►Magic Aptitude</strong></p><p>They can use the Combat Feats [Targeting], [Magic Convergence], [Magic Control], [Hawk Eye], [Universal Metamagic], [Rune Master], and [Wordbreak].</p><p><strong>►Limited Weather Control</strong></p><p>Kujata can change the weather and temperature in a 10 km radius centered on itself. The weather can be selected from clear skies to heavy rain/heavy snow with 100 mm of rainfall per hour, cloud cover, and rainfall (snowfall). Fog and haze can also be added. This effect works only in mountainous areas and is also limited to the weather-temperatures that can occur in that location and season.</p><br><br><p><strong>◯Attack Obstacle = Impossible • +4</strong></p><p>Kujata's great size hinders attack.The Head cannot be attacked in melee. Against any ranged attacks, Head receives a +4 bonus to Evasion checks.If the HP of either the Front or Back falls to 0 or lower, this unique skill changes to [◯Attack Obstacle = +4 • None (only +4 bonus to Head's Evasion against melee attack)]. If both HPs fall to 0 or lower, the unique skill is completely lost.</p>",
  "status1Accuracy": "15",
  "status1AccuracyFix": 22,
  "status1Damage": "2d+16",
  "status1Defense": "12",
  "status1Evasion": "15",
  "status1EvasionFix": 22,
  "status1Hp": "101",
  "status1Mp": "103",
  "status1Style": "Horns (Head)",
  "status2Accuracy": "16",
  "status2AccuracyFix": 23,
  "status2Damage": "2d+15",
  "status2Defense": "11",
  "status2Evasion": "14",
  "status2EvasionFix": 21,
  "status2Hp": "109",
  "status2Mp": "44",
  "status2Style": "Hooves (Front)",
  "status3Accuracy": "15",
  "status3AccuracyFix": 22,
  "status3Damage": "2d+15",
  "status3Defense": "11",
  "status3Evasion": "14",
  "status3EvasionFix": 21,
  "status3Hp": "119",
  "status3Mp": "44",
  "status3Style": "Hooves (Back)",
  "statusNum": 3,
  "taxa": "Mythical Beast",
  "type": "m",
  "unitStatus": {
    "Horns (Head):HP": "101/101",
    "Horns (Head):MP": "103",
    "Hooves (Front):HP": "109/109",
    "Hooves (Front):MP": "44",
    "Hooves (Back):HP": "119/119",
    "Hooves (Back):MP": "44"
  },
  "unitExceptStatus": {
    "HP": 3,
    "MP": 3,
    "Defense": 3
  },
  "loots1Num": "Always",
  "loots1Item": "Gems (150G/Gold A) x 2d",
  "loots2Num": "Always",
  "loots2Item": "Gems (300G/Gold A) x 1d",
  "loots3Num": "2～6",
  "loots3Item": "Gems (500G/Gold A)",
  "loots4Num": "7～10",
  "loots4Item": "Rare Gems (1,500G/Gold S)",
  "loots5Num": "11+",
  "loots5Item": "Large Gem (4,000G/Gold S)",
  "fortitude": "15",
  "willpower": "16"
}