{
  "description": "<p>Lada Adroda is a high-ranking daemon in the same family as the Ragnakang. However, the Lada Adroda is much larger and has two heads instead of one. These daemons are commonly seen as commanders of daemon attacks and incursions, and hundreds of lesser daemons wait at their disposal.</p>",
  "disposition": "Hostile",
  "habitat": "Labyrinths, Ruins",
  "initiative": "22",
  "intellect": "High",
  "language": "Trade Common, Daemonic",
  "lootsNum": 4,
  "monsterName": "Lada Adroda",
  "mndResist": "21",
  "vitResist": "22",
  "lv": "16",
  "parts": "6 (Head x 2 / Body / Wing x 2 / Tail)",
  "coreParts": "Head (All)",
  "mobility": "15/20(Flying)",
  "mode": "save",
  "paletteInsertType": "exchange",
  "paletteRemoveTags": "1",
  "paletteTool": "bcdice",
  "paletteUseBuff": "1",
  "paletteUseVar": "1",
  "partsNum": 6,
  "perception": "Five senses (Darkvision)",
  "reputation": "19",
  "reputation+": "24",
  "weakness": "Slashing damage +3 points",
  "result": "OK",
  "sheetDescriptionM": "分類:Daemon　知能:High　知覚:Five senses (Darkvision)　反応:Hostile\n言語:Trade Common, Daemonic　生息地:Labyrinths, Ruins\n弱点:Slashing damage +3 points\n先制値:22　生命抵抗力:22（29）　精神抵抗力:21（28）",
  "sheetDescriptionS": "分類:Daemon\n弱点:Slashing damage +3 points\n先制値:22　生命抵抗力:22（29）　精神抵抗力:21（28）",
  "sin": "0",
  "skills": "<p><strong>◯Poison Immunity, ◯Disease Immunity</strong></p><p></p><br><br><p><strong>►Divine Magic 15 Level/Magic Power 21 (28)</strong></p><p></p><p><strong>◯🗨►Magic Aptitude</strong></p><p>A Lada Adroda can use the Combat Feats [Targeting], [Magic Convergence], [Magic Control], [Metamagic/Targets], [Hawk Eye], [Multi- Action], [Rune Master], and [Wordbreak].</p><p><strong>⏩△Techniques</strong></p><p>A Lada Adroda can use the [Gazelle Feet], [Cat's Eyes], [Recovery (10 pts.)], [Scale Leggings], [Strong Blood], [Beetleskin], [Bear Muscle]], [Centaur Legs], [Giant Arms] and [Daemonfinger] Techniques.</p><p><strong>◯Deadly Poison/22 (29)/Fortitude/Negates</strong></p><p>If a Bite attack hits and deals 1 or more points of applied damage, the target receives extra 2d+12 Poison magic damage.</p><br><br><p><strong>►Twin Strike & Double Attack</strong></p><p>A Lady Adroda can make two Claws attacks each round. They may choose to attack different characters with each attack.</p><p><strong>◯Attack Obstacle = +4 • None</strong></p><p>Against melee attacks, the Head section receives a +4 bonus to Evasion checks.This effect disappears when the Body section falls to 0 HP or lower.</p><br><br><p><strong>◯Flight</strong></p><p>All sections receive a +1 bonus to Accuracy and Evasion only for melee attacks.If one of the Wings falls to 0 HP or lower, this unique skill cannot be used.</p><br><br><p><strong>🗨Tail Sweep</strong></p><p>The monster can use its tail to attack up to 5 targets in the same skirmish. An Accuracy check is made on all characters at once, and damage is determined individually.This attack cannot be used in consecutive rounds.</p>",
  "status1Accuracy": "20",
  "status1AccuracyFix": 27,
  "status1Damage": "2d+20",
  "status1Defense": "15",
  "status1Evasion": "20",
  "status1EvasionFix": 27,
  "status1Hp": "135",
  "status1Mp": "114",
  "status1Style": "Bite (Head)",
  "status2Accuracy": "20",
  "status2AccuracyFix": 27,
  "status2Damage": "2d+20",
  "status2Defense": "15",
  "status2Evasion": "20",
  "status2EvasionFix": 27,
  "status2Hp": "135",
  "status2Mp": "114",
  "status2Style": "Bite (Head)",
  "status3Accuracy": "21",
  "status3AccuracyFix": 28,
  "status3Damage": "2d+18",
  "status3Defense": "15",
  "status3Evasion": "18",
  "status3EvasionFix": 25,
  "status3Hp": "146",
  "status3Mp": "52",
  "status3Style": "Claws (Body)",
  "status4Accuracy": "18",
  "status4AccuracyFix": 25,
  "status4Damage": "2d+16",
  "status4Defense": "13",
  "status4Evasion": "19",
  "status4EvasionFix": 26,
  "status4Hp": "82",
  "status4Mp": "39",
  "status4Style": "Wing (Wing)",
  "status5Accuracy": "18",
  "status5AccuracyFix": 25,
  "status5Damage": "2d+16",
  "status5Defense": "13",
  "status5Evasion": "19",
  "status5EvasionFix": 26,
  "status5Hp": "82",
  "status5Mp": "39",
  "status5Style": "Wing (Wing)",
  "status6Accuracy": "20",
  "status6AccuracyFix": 27,
  "status6Damage": "2d+17",
  "status6Defense": "14",
  "status6Evasion": "18",
  "status6EvasionFix": 25,
  "status6Hp": "133",
  "status6Mp": "48",
  "status6Style": "Tail (Tail)",
  "statusNum": 6,
  "taxa": "Daemon",
  "type": "m",
  "unitStatus": {
    "Bite (Head):HP": "135/135",
    "Bite (Head):MP": "114",
    "Claws (Body):HP": "146/146",
    "Claws (Body):MP": "52",
    "Wing (Wing):HP": "82/82",
    "Wing (Wing):MP": "39",
    "Tail (Tail):HP": "133/133",
    "Tail (Tail):MP": "48"
  },
  "unitExceptStatus": {
    "HP": 6,
    "MP": 6,
    "Defense": 6
  },
  "loots1Num": "Always",
  "loots1Item": "Crystallized Great Daemon's Blood (1,600G/Red S)",
  "loots2Num": "2～7",
  "loots2Item": "None",
  "loots3Num": "8～12",
  "loots3Item": "Great Daemon's Horn (4,800G/Red S)",
  "loots4Num": "13+",
  "loots4Item": "Large Great Daemon's Horn (12,900G/Red SS)",
  "fortitude": "22",
  "willpower": "21"
}