{
  "description": "<p>This is the largest type in the Kagner series. It is equipped with a powerful air-blowing mechanism and is capable of floating and moving by blowing wind.</p><p>It is also equipped with a small cannon for self-defense. Connecting an air-blowing mechanism here can launch wind cannonballs to eliminate enemies. Since this mechanism cannot work for weapons and floating systems simultaneously, the weapon is operatable only when moved by wheels.</p>",
  "disposition": "Instructed",
  "habitat": "Ruins, Mountains",
  "initiative": "13",
  "intellect": "Servant",
  "language": "Magitech",
  "lootsNum": 4,
  "monsterName": "Lang Kagner",
  "mndResist": "10",
  "vitResist": "10",
  "lv": "7",
  "parts": "",
  "coreParts": "",
  "mobility": "10(Wheeled)/15(Floating)",
  "mode": "save",
  "paletteInsertType": "exchange",
  "paletteRemoveTags": "1",
  "paletteTool": "bcdice",
  "paletteUseBuff": "1",
  "paletteUseVar": "1",
  "partsNum": 1,
  "perception": "Mechanical",
  "reputation": "14",
  "reputation+": "17",
  "weakness": "Lightning damage +3 points",
  "result": "OK",
  "sheetDescriptionM": "分類:Magitech　知能:Servant　知覚:Mechanical　反応:Instructed\n言語:Magitech　生息地:Ruins, Mountains\n弱点:Lightning damage +3 points\n先制値:13　生命抵抗力:10（17）　精神抵抗力:10（17）",
  "sheetDescriptionS": "分類:Magitech\n弱点:Lightning damage +3 points\n先制値:13　生命抵抗力:10（17）　精神抵抗力:10（17）",
  "sin": "0",
  "skills": "<p><strong>◯Mechanical Body</strong></p><p>It is immune to criticals from edged weapons.</p><p><strong>◯Mounted Magitech = 2 Characters</strong></p><p>Up to 2 magitech characters (2 sections) can be mounted.</p><p><strong>◯Mounted Person Protection = +2 • +2</strong></p><p>A character mounted on this monster has a +2 bonus to Evasion checks against melee and ranged attacks.</p><p><strong>►Gale Artillery/9 (16)/Willpower/Half</strong></p><p>Within \"Range/Area: 2 (20m)/ Shot\", spews a gale of wind, dealing 2d+8 wind magic damage to \"Target: 1 Character\" and knocks prone.This ability can be used only when this character's movement method is \"Wheeled\" (grounded).</p><p><strong>◯Poison Immunity, ◯Disease Immunity, ◯Psychic Type Immunity</strong></p><p></p><p><strong>◯Limited Healing</strong></p><p>Effects which can heal Magitech HP are very limited, and mostly come from Spiritualism Magic and some special items.Healing effects such as Divine Magic, Fairy Magic, and Nature Magic cannot restore a Magitech's HP.</p><p><strong>◯Can Be Detected</strong></p><p>Magitech can be detected with the [Sense Magic] spell and similar effects.</p>",
  "status1Accuracy": "10",
  "status1AccuracyFix": 17,
  "status1Damage": "2d+11",
  "status1Defense": "7",
  "status1Evasion": "9",
  "status1EvasionFix": 16,
  "status1Hp": "63",
  "status1Mp": "0",
  "status1Style": "Slam",
  "statusNum": 1,
  "taxa": "Magitech",
  "type": "m",
  "unitStatus": {
    "Slam:HP": "63/63",
    "Slam:MP": "0/0"
  },
  "unitExceptStatus": {
    "HP": 1,
    "MP": 1,
    "Defense": 1
  },
  "loots1Num": "Always",
  "loots1Item": "Iron (20G/Black B)",
  "loots2Num": "2～8",
  "loots2Item": "Magitech Components (300G/Black White A)",
  "loots3Num": "9～11",
  "loots3Item": "Rare Magitech Components (900G/Black White A)",
  "loots4Num": "12+",
  "loots4Item": "Mysterious Magitech Components (2,400G/Black White S)",
  "fortitude": "10",
  "willpower": "10"
}