{
  "description": "<p>This former Humanoid's head is the only undead part of its body, drifting in midair. The entire head is enveloped in a blue luminescence, attacking all living things without regard. At times, it can use the Divine Magic of Immortal Queen Zeides.</p>",
  "disposition": "Hostile",
  "habitat": "Unknown",
  "initiative": "13",
  "intellect": "Low",
  "language": "Barbaric, Arcana",
  "lootsNum": 3,
  "monsterName": "Lanternhead",
  "mndResist": "8",
  "vitResist": "8",
  "lv": "6",
  "parts": "",
  "coreParts": "",
  "mobility": "-/12(Floating)",
  "mode": "save",
  "paletteInsertType": "exchange",
  "paletteRemoveTags": "1",
  "paletteTool": "bcdice",
  "paletteUseBuff": "1",
  "paletteUseVar": "1",
  "partsNum": 1,
  "perception": "Magic",
  "reputation": "12",
  "reputation+": "15",
  "weakness": "HP Recovery (deals damage instead), +3 points",
  "result": "OK",
  "sheetDescriptionM": "分類:Undead　知能:Low　知覚:Magic　反応:Hostile\n言語:Barbaric, Arcana　生息地:Unknown\n弱点:HP Recovery (deals damage instead), +3 points\n先制値:13　生命抵抗力:8（15）　精神抵抗力:8（15）",
  "sheetDescriptionS": "分類:Undead\n弱点:HP Recovery (deals damage instead), +3 points\n先制値:13　生命抵抗力:8（15）　精神抵抗力:8（15）",
  "sin": "0",
  "skills": "<p><strong>►Divine Magic 6 Level/Magic Power 8 (15)</strong></p><p></p><p><strong>⏩Fear Curse/8 (15)/Willpower/Half</strong></p><p>Within \"Range/Area: 1 (10m) / Target,\" Lanternhead whispers a word of fear curse into the \"Target: 1 Character's\" ear and inflicts 1d magical damage to the target MP.Using this ability consumes 3 points of MP. Also, once the target s쳮ds in Willpower, it cannot be used on this turn.</p><p><strong>◯Nimble</strong></p><p>Lanternhead gains a +2 bonus to the Evasion check against ranged attacks.</p><p><strong>◯Poison Immunity, ◯Disease Immunity, ◯Psychic Type (Weak) Immunity</strong></p><p></p><p><strong>◯Unstable Healing</strong></p><p>Healing effects such as Divine Magic and items like Unicorn's Horn will damage Undead instead.Magitech, Fairy Magic, Nature Magic, etc. healing has no effect on the Undead.Spiritualism Magic and a few other healing effects can restore an Undead's HP.</p>",
  "status1Accuracy": "7",
  "status1AccuracyFix": 14,
  "status1Damage": "2d+7",
  "status1Defense": "4",
  "status1Evasion": "7",
  "status1EvasionFix": 14,
  "status1Hp": "48",
  "status1Mp": "42",
  "status1Style": "Bite",
  "statusNum": 1,
  "taxa": "Undead",
  "type": "m",
  "unitStatus": {
    "Bite:HP": "48/48",
    "Bite:MP": "42"
  },
  "unitExceptStatus": {
    "HP": 1,
    "MP": 1,
    "Defense": 1
  },
  "loots1Num": "Always",
  "loots1Item": "Missing Bones (80G/Red B)",
  "loots2Num": "2～9",
  "loots2Item": "None",
  "loots3Num": "10+",
  "loots3Item": "Tainted Skull (300G/Red A)",
  "fortitude": "8",
  "willpower": "8"
}