{
  "description": "<p>They are approximately 2 meters tall and resemble a wall of swirling flames. Their fire is intensely hot and possesses the ability to harden metal. Although they are unable to speak in sylvan, they comprehend the languages of others and actively assist the summoner and their companions in combat.</p><p>These fairies serve as barriers in ruins and volcanoes, preventing animals and other creatures from accessing hazardous areas.</p>",
  "disposition": "Friendly",
  "habitat": "Volcanoes, Ruins",
  "initiative": "15",
  "intellect": "Average",
  "language": "Sylvan",
  "lootsNum": 0,
  "monsterName": "Lasebara",
  "mndResist": "12",
  "vitResist": "12",
  "lv": "9",
  "parts": "",
  "coreParts": "",
  "mobility": "- / 5 (Floating)",
  "mode": "save",
  "paletteInsertType": "exchange",
  "paletteRemoveTags": "1",
  "paletteTool": "bcdice",
  "paletteUseBuff": "1",
  "paletteUseVar": "1",
  "partsNum": 1,
  "perception": "Magic",
  "reputation": "16",
  "reputation+": "19",
  "weakness": "Water/Ice damage +3 points",
  "result": "OK",
  "sheetDescriptionM": "分類:Fairy　知能:Average　知覚:Magic　反応:Friendly\n言語:Sylvan　生息地:Volcanoes, Ruins\n弱点:Water/Ice damage +3 points\n先制値:15　生命抵抗力:12（19）　精神抵抗力:12（19）",
  "sheetDescriptionS": "分類:Fairy\n弱点:Water/Ice damage +3 points\n先制値:15　生命抵抗力:12（19）　精神抵抗力:12（19）",
  "sin": "0",
  "skills": "<p><strong>◯Type: Fire / Magic Power 12 (19)</strong></p><p></p><p><strong>◯Flame-walled Body</strong></p><p>It does not receive critical hits from non-Water/Ice-type weapons, magic, etc.</p><p><strong>◯Flame Wall In the Way</strong></p><p>Knows [Block] Combat Feat.</p><p><strong>◯🗨Magic Aptitude</strong></p><p>They can use the Combat Feats [Targeting], [Metamagic/Targets], and [Multi-Action].</p><p><strong>⏩Instant Forged Iron / Metal Armor</strong></p><p>For 10 seconds (1 round) within \"Range: Touch\" gives +2 points to Defense of \"Target: 1 Character\". Using this effect consumes 3 MP.This ability can be used only up to 3 times per round, and only affects targets equipped with the metal armor.</p><p><strong>⏩Instant Forged Iron / Shield</strong></p><p>For 10 seconds (1 round) within \"Range: Touch\" gives +1 points to Defense of \"Target: 1 Character\". Using this effect consumes 3 MP.This ability can be used only up to 3 times per round, and only affects targets equipped with the shield. If the target changes shield during the duration of this ability, this effect is lost immediately</p>",
  "status1Accuracy": "11",
  "status1AccuracyFix": 18,
  "status1Damage": "2d+11",
  "status1Defense": "11",
  "status1Evasion": "11",
  "status1EvasionFix": 18,
  "status1Hp": "100",
  "status1Mp": "46",
  "status1Style": "Slam",
  "statusNum": 1,
  "taxa": "Fairy",
  "type": "m",
  "unitStatus": {
    "Slam:HP": "100/100",
    "Slam:MP": "46"
  },
  "unitExceptStatus": {
    "HP": 1,
    "MP": 1,
    "Defense": 1
  },
  "fortitude": "12",
  "willpower": "12"
}