{
  "description": "<p>This fish-shaped golem is made from animal skin. It does not have scales and has a slimy texture.</p>",
  "disposition": "Instructed",
  "habitat": "Various",
  "initiative": "10",
  "intellect": "Servant",
  "language": "None",
  "lootsNum": 2,
  "monsterName": "Leather Fish",
  "mndResist": "6",
  "vitResist": "6",
  "lv": "4",
  "parts": "",
  "coreParts": "",
  "mobility": "-/15 (Swimming)",
  "mode": "save",
  "paletteInsertType": "exchange",
  "paletteRemoveTags": "1",
  "paletteTool": "bcdice",
  "paletteUseBuff": "1",
  "paletteUseVar": "1",
  "partsNum": 1,
  "perception": "Magic",
  "reputation": "12",
  "reputation+": "15",
  "weakness": "Physical damage +2 points",
  "result": "OK",
  "sheetDescriptionM": "分類:Golem　知能:Servant　知覚:Magic　反応:Instructed\n言語:None　生息地:Various\n弱点:Physical damage +2 points\n先制値:10　生命抵抗力:6（13）　精神抵抗力:6（13）",
  "sheetDescriptionS": "分類:Golem\n弱点:Physical damage +2 points\n先制値:10　生命抵抗力:6（13）　精神抵抗力:6（13）",
  "sin": "0",
  "skills": "<p><strong>◯Underwater</strong></p><p>Leather Fish doesn't receive penalties for moving or taking action in the water. However, it can't perform any Action without water.<div class=\"golemitems\"></p><p><strong>Maximum of Enhancing Items = 3</strong></p><p>Lapis Lazuli Weight (Small) (200) (🗨Tail Swing I)└Quartz Counterweight (Small) (300) (🗨Tail Swing II)Blue Lotus Jade (Small) (600)►Water Gun/5 (12)/Fortitude/HalfGolem sprays a jet of water with \"Range/Area: 2 (20m)/ Shot\" onto \"Target: 1 Character\", dealing 2d+4 water/ice magic damage and causing it to fall prone. Stray shots cannot occur with this ability.Amber Eye (Small) (500) (◯Ultimate Aim = +4 Accuracy)Garnet of Vitality (Small) (200) (◯HP Enhancement = Max HP +5)Anisotropic Anorthite (Small) (150) (Ground movement 10 (crawling), [◯Underwater Specialization]) </div></p>",
  "status1Accuracy": "6",
  "status1AccuracyFix": 13,
  "status1Damage": "2d+4",
  "status1Defense": "4",
  "status1Evasion": "6",
  "status1EvasionFix": 13,
  "status1Hp": "36",
  "status1Mp": "0",
  "status1Style": "Tail",
  "statusNum": 1,
  "taxa": "Golem",
  "type": "m",
  "unitStatus": {
    "Tail:HP": "36/36",
    "Tail:MP": "0/0"
  },
  "unitExceptStatus": {
    "HP": 1,
    "MP": 1,
    "Defense": 1
  },
  "loots1Num": "2～8",
  "loots1Item": "None",
  "loots2Num": "9+",
  "loots2Item": "Enchanted Leather (150G/Gold Red A)",
  "fortitude": "6",
  "willpower": "6"
}