{
  "description": "<p>They are adorable mouse-like creatures, about 50cm long. They are rarely seen alone but are sometimes seen crossing grasslands in groups of several hundred.</p>",
  "disposition": "Neutral",
  "habitat": "Grassland",
  "initiative": "7",
  "intellect": "Animal",
  "language": "None",
  "lootsNum": 2,
  "monsterName": "Lemming",
  "mndResist": "2",
  "vitResist": "2",
  "lv": "1",
  "parts": "",
  "coreParts": "",
  "mobility": "10 (4 Legs)/-",
  "mode": "save",
  "paletteInsertType": "exchange",
  "paletteRemoveTags": "1",
  "paletteTool": "bcdice",
  "paletteUseBuff": "1",
  "paletteUseVar": "1",
  "partsNum": 1,
  "perception": "Five senses",
  "reputation": "10",
  "reputation+": "13",
  "weakness": "Earth damage + 3 points",
  "result": "OK",
  "sheetDescriptionM": "分類:Mythical Beast　知能:Animal　知覚:Five senses　反応:Neutral\n言語:None　生息地:Grassland\n弱点:Earth damage + 3 points\n先制値:7　生命抵抗力:2（9）　精神抵抗力:2（9）",
  "sheetDescriptionS": "分類:Mythical Beast\n弱点:Earth damage + 3 points\n先制値:7　生命抵抗力:2（9）　精神抵抗力:2（9）",
  "sin": "0",
  "skills": "<p><strong>◯Swarm</strong></p><p>Lemming gains a +1 bonus to Accuracy checks and +1 to HP for each other Lemming in the same skirmish area. The maximum bonus modifier and increase in HP due to this effect are +5.</p>",
  "status1Accuracy": "2",
  "status1AccuracyFix": 9,
  "status1Damage": "2d-2",
  "status1Defense": "0",
  "status1Evasion": "2",
  "status1EvasionFix": 9,
  "status1Hp": "10",
  "status1Mp": "10",
  "status1Style": "Bite",
  "statusNum": 1,
  "taxa": "Mythical Beast",
  "type": "m",
  "unitStatus": {
    "Bite:HP": "10/10",
    "Bite:MP": "10"
  },
  "unitExceptStatus": {
    "HP": 1,
    "MP": 1,
    "Defense": 1
  },
  "loots1Num": "2～9",
  "loots1Item": "None",
  "loots2Num": "10+",
  "loots2Item": "Lemming's Tooth (30G/Red B)",
  "fortitude": "2",
  "willpower": "2"
}