{
  "description": "<p>A young dragon, less than 500 years of age, yet older than a Draconet. Even though it is relatively young for a Dragon, Lesser Dragons tend to be around 10m long, so any sort of melee attack on the head is nigh impossible.</p><p>Able to spit flames and cast spells while flying over the skirmish, a Lesser Dragon's offensive power is second to none. Because of this, Lesser Dragons tend to be very self-centered and overconfident, looking down on others they consider \"lesser creatures.\" Lesser Dragons look to hoard treasure and valuables, just like any other dragon.</p><p>Any brave adventurer (or adventuring party) that can kill a Lesser Dragon will not only earn the title \"Dragon Slayer\" but will have access to the vast hoard that the dragon had acquired. Additionally, very rarely do dragons have Dragon Eggs inside their bodies, which are incredibly valued on their own due to their use in several magical experiments.</p><p><em>For the mount version of this creature, see Lesser Dragon (mount).</em></p>",
  "disposition": "Neutral",
  "habitat": "Cave",
  "initiative": "18",
  "intellect": "High",
  "language": "Trade Common, Draconic, Arcana",
  "lootsNum": 4,
  "monsterName": "Lesser Dragon",
  "mndResist": "17",
  "vitResist": "17",
  "lv": "13",
  "parts": "4 (Head / Body / Wing x 2)",
  "coreParts": "Head",
  "mobility": "15/30 (Flying)",
  "mode": "save",
  "paletteInsertType": "exchange",
  "paletteRemoveTags": "1",
  "paletteTool": "bcdice",
  "paletteUseBuff": "1",
  "paletteUseVar": "1",
  "partsNum": 4,
  "perception": "Five senses (Darkvision)",
  "reputation": "12",
  "reputation+": "20",
  "weakness": "Physical damage +2 points",
  "result": "OK",
  "sheetDescriptionM": "分類:Mythical Beast　知能:High　知覚:Five senses (Darkvision)　反応:Neutral\n言語:Trade Common, Draconic, Arcana　生息地:Cave\n弱点:Physical damage +2 points\n先制値:18　生命抵抗力:17（24）　精神抵抗力:17（24）",
  "sheetDescriptionS": "分類:Mythical Beast\n弱点:Physical damage +2 points\n先制値:18　生命抵抗力:17（24）　精神抵抗力:17（24）",
  "sin": "0",
  "skills": "<p><strong>◯Fire Immunity</strong></p><p></p><br><br><p><strong>►Truespeech Magic, Spiritualism Magic 10 Level/Magic Power 14 (21)</strong></p><p></p><p><strong>◯🗨►Magic Aptitude</strong></p><p>They can use the Combat Feats [Targeting], [Magic Convergence], [Magic Control], [Universal Metamagic], and [Wordbreak].</p><p><strong>►Flame Breath/15 (22)/Fortitude/Half</strong></p><p>With \"Range/Area: 2 (20m)/ Shot\", spits fire at \"Target: 1 area (6m Radius) / 20\", dealing 2d+20 Fire magic damage.This unique skill cannot be used on consecutive turns.</p><p><strong>⏩△Techniques</strong></p><p>They may use the [Strong Blood], [Beetleskin], and [Recovery (7 points)] Techniques.</p><br><br><p><strong>🗨Tail Sweep</strong></p><p>The monster can use its tail to attack up to 5 targets in the same skirmish. An Accuracy check is made on all characters at once, and damage is determined individually.This attack cannot be used in consecutive rounds.</p><p><strong>◯Attack Obstacle = Impossible • None</strong></p><p>The Lesser Dragon's size hinders attack.The Head cannot be attacked in melee. When the Body falls to 0 HP or lower, this effect disappears.</p><br><br><p><strong>🗨All-Out Attack</strong></p><p>A Wing can deal an additional 8 damage on its next attack. However, any Evasion check made by this section this turn receives a -3 penalty as a risk.</p><p><strong>◯Flight</strong></p><p>A Lesser Dragon receives a +1 bonus to Accuracy and Evasion only for melee attacks. If any Wings fall to 0 HP or lower, this unique skill cannot be used.</p>",
  "status1Accuracy": "17",
  "status1AccuracyFix": 24,
  "status1Damage": "2d+18",
  "status1Defense": "14",
  "status1Evasion": "15",
  "status1EvasionFix": 22,
  "status1Hp": "119",
  "status1Mp": "84",
  "status1Style": "Bite (Head)",
  "status2Accuracy": "16",
  "status2AccuracyFix": 23,
  "status2Damage": "2d+16",
  "status2Defense": "16",
  "status2Evasion": "13",
  "status2EvasionFix": 20,
  "status2Hp": "133",
  "status2Mp": "30",
  "status2Style": "Tail (Body)",
  "status3Accuracy": "15",
  "status3AccuracyFix": 22,
  "status3Damage": "2d+14",
  "status3Defense": "13",
  "status3Evasion": "13",
  "status3EvasionFix": 20,
  "status3Hp": "84",
  "status3Mp": "28",
  "status3Style": "Wing (Wing)",
  "status4Accuracy": "15",
  "status4AccuracyFix": 22,
  "status4Damage": "2d+14",
  "status4Defense": "13",
  "status4Evasion": "13",
  "status4EvasionFix": 20,
  "status4Hp": "84",
  "status4Mp": "28",
  "status4Style": "Wing (Wing)",
  "statusNum": 4,
  "taxa": "Mythical Beast",
  "type": "m",
  "unitStatus": {
    "Bite (Head):HP": "119/119",
    "Bite (Head):MP": "84",
    "Tail (Body):HP": "133/133",
    "Tail (Body):MP": "30",
    "Wing (Wing):HP": "84/84",
    "Wing (Wing):MP": "28"
  },
  "unitExceptStatus": {
    "HP": 4,
    "MP": 4,
    "Defense": 4
  },
  "loots1Num": "Always",
  "loots1Item": "Dragon Scale (5,000G/Red S)",
  "loots2Num": "2～6",
  "loots2Item": "Dragon Fang (1,200G/Red S)",
  "loots3Num": "7～12",
  "loots3Item": "Dragon Fang (1,200G/Red S) x 1d",
  "loots4Num": "13+",
  "loots4Item": "Dragon Jewel (10,000G/Gold SS)",
  "fortitude": "17",
  "willpower": "17"
}