{
  "description": "<p>Immortalized by a Blood Kiss from an older Nosferatu, Lesser Vampires are incredibly powerful, even among the Barbarous. Often, they are followers of Zeides who were once Humans that have fallen into the good graces of other vampires and left their humanity behind. Despite this, they are often stunning, and even their gaze can paralyze and fascinate lesser creatures.</p><p>Lesser Vampires must still drink blood daily to keep themselves at peak performance. The actual source of the blood can be any living being, but often, they will prey upon beautiful members of the opposite gender. Occasionally, they will even starve themselves to fit into society and get closer to their desired target, making the drinking all sweeter. Care has to be taken, however, as it is effortless to drain a target entirely and raise them as a subordinate Blood Sucker, and often a Lesser Vampire has a small retinue of followers.</p><p>Despite their powers, sunlight is the bane of the Lesser Vampire, reducing them to ash in a small amount of time. After only a few minutes outside during the day, all that will be left of the Lesser Vampire is a pile of ashes and possibly some clothing. Because of this, Lesser Vampires will be reluctant to move out of their roost during daylight hours.</p>",
  "disposition": "Hostile",
  "habitat": "Various",
  "initiative": "18",
  "intellect": "High",
  "language": "Trade Common, Barbaric, Nosferatu, Regional Dialect, Arcana",
  "lootsNum": 4,
  "monsterName": "Lesser Vampire",
  "mndResist": "14",
  "vitResist": "14",
  "lv": "11",
  "parts": "",
  "coreParts": "",
  "mobility": "18/36 (Flying)",
  "mode": "save",
  "paletteInsertType": "exchange",
  "paletteRemoveTags": "1",
  "paletteTool": "bcdice",
  "paletteUseBuff": "1",
  "paletteUseVar": "1",
  "partsNum": 1,
  "perception": "Five senses (Darkvision)",
  "reputation": "12",
  "reputation+": "20",
  "weakness": "Silver weapon damage +3 points",
  "result": "OK",
  "sheetDescriptionM": "分類:Barbarous　知能:High　知覚:Five senses (Darkvision)　反応:Hostile\n言語:Trade Common, Barbaric, Nosferatu, Regional Dialect, Arcana　生息地:Various\n弱点:Silver weapon damage +3 points\n先制値:18　生命抵抗力:14（21）　精神抵抗力:14（21）",
  "sheetDescriptionS": "分類:Barbarous\n弱点:Silver weapon damage +3 points\n先制値:18　生命抵抗力:14（21）　精神抵抗力:14（21）",
  "sin": "4",
  "skills": "<p><strong>►Divine Magic 10 Level / Magic Power 14 (21)</strong></p><p></p><p><strong>►Truespeech Magic, Spiritualism Magic 8 Level / Magic Power 11 (18)</strong></p><p></p><p><strong>⏩Gaze/13 (20)/Willpower/Negates</strong></p><p>A Lesser Vampire may attempt to paralyze with \"Range/Area: 50m/Target\". If the target fails to resist the Gaze, they are paralyzed for 10 seconds (1 round), cannot take any Minor Actions, and may not use active combat feats. If the target's resistance roll is 16 or less, the target is instead charmed by the Lesser Vampire and will move to aid and defend it for the next minute (6 rounds). This effect is treated as a Psychic type.This ability can be used only once per round.</p><p><strong>►Vampire Bite/13 (20)/Evasion/Neg</strong></p><p>The Lesser Vampire bites the target, dealing 2d+10 physical damage. The Lesser Vampire heals HP equal to the applied dealt.If the target is reduced to 0 HP or lower from this attack, they receive a -10 penalty to their next Death Check. If the character fails this Death Check, they receive an extra 5 soulscars and rise as a Blood Sucker.Lesser Vampires lose 6 HP and MP per day (cumulative) that they do not drain blood via [►Vampire Bite] and also cannot use their [◯Regeneration] unique skill. These penalties immediately disappear once the Lesser Vampire successfully drains blood via [►Vampire Bite].</p><p><strong>◯Normal Weapon Immunity</strong></p><p></p><p><strong>◯Regeneration = 7 points</strong></p><p>At the end of each round, a Lesser Vampire recovers 7 HP. This does not affect the Lesser Vampire at 0 HP or lower.</p><p><strong>◯Vampire Body</strong></p><p>As long as a Lesser Vampire is under sunlight, it takes 7 magic damage at the end of its turn and receives a -2 penalty to all Accuracy and Evasion Checks. This damage cannot be reduced in any way. Additionally, the Lesser Vampire cannot use their [◯Regeneration] or [◯Normal Weapon Immunity] abilities.</p><p><strong>◯Flight</strong></p><p>A Lesser Vampire receives a +1 bonus to Accuracy and Evasion only for melee attacks.</p>",
  "status1Accuracy": "14",
  "status1AccuracyFix": 21,
  "status1Damage": "2d+14",
  "status1Defense": "11",
  "status1Evasion": "13",
  "status1EvasionFix": 20,
  "status1Hp": "99",
  "status1Mp": "77",
  "status1Style": "Claws",
  "statusNum": 1,
  "taxa": "Barbarous",
  "type": "m",
  "unitStatus": {
    "Claws:HP": "99/99",
    "Claws:MP": "77"
  },
  "unitExceptStatus": {
    "HP": 1,
    "MP": 1,
    "Defense": 1
  },
  "loots1Num": "Always",
  "loots1Item": "Corrupted Ash (300G/Red A)",
  "loots2Num": "2～8",
  "loots2Item": "None",
  "loots3Num": "9～12",
  "loots3Item": "Vampire Cloak (1,000G/White S)",
  "loots4Num": "13+",
  "loots4Item": "Jet-Black Cloak (5,000G/White S)",
  "fortitude": "14",
  "willpower": "14"
}