{
  "description": "<p>This is a Mythical Beast with the body of a lion, bat wings on its back, a scorpion tail, and an old man's face. The Lesser species is approximately 3 meters long.</p><p>Highly intelligent, Lesser Manticores possess extensive knowledge of magic and history. They have a deep understanding of the world, sword mythology, and various civilizations. However, they are vile creatures, both mentally and physically twisted, and do not share their knowledge honestly.</p>",
  "disposition": "Neutral",
  "habitat": "Labyrinths",
  "initiative": "14",
  "intellect": "Average",
  "language": "Arcana, Sylvan",
  "lootsNum": 3,
  "monsterName": "Lesser Manticore",
  "mndResist": "9",
  "vitResist": "8",
  "lv": "6",
  "parts": "2 (Front / Rear)",
  "coreParts": "Front",
  "mobility": "15 (4 Legs)/23 (Flying)",
  "mode": "save",
  "paletteInsertType": "exchange",
  "paletteRemoveTags": "1",
  "paletteTool": "bcdice",
  "paletteUseBuff": "1",
  "paletteUseVar": "1",
  "partsNum": 2,
  "perception": "Five senses (Darkvision)",
  "reputation": "11",
  "reputation+": "16",
  "weakness": "Wind damage +3 points",
  "result": "OK",
  "sheetDescriptionM": "分類:Mythical Beast　知能:Average　知覚:Five senses (Darkvision)　反応:Neutral\n言語:Arcana, Sylvan　生息地:Labyrinths\n弱点:Wind damage +3 points\n先制値:14　生命抵抗力:8（15）　精神抵抗力:9（16）",
  "sheetDescriptionS": "分類:Mythical Beast\n弱点:Wind damage +3 points\n先制値:14　生命抵抗力:8（15）　精神抵抗力:9（16）",
  "sin": "0",
  "skills": "<p><strong>►Truespeech Magic, Spiritualism Magic 5 Level  / Magic Power 8 (15)</strong></p><p>If you have introduced Deep Magic, it can also cast Deep Magic at the same level and Magic Power.</p><p><strong>►Fairy Magic 3 Level / Magic Power 6 (13)</strong></p><p>Can use Earth, Water/Ice, Fire, and Dark types.This does not change even if the contract pattern is adopted (see MA, p. 136).</p><p><strong>⏩△Techniques</strong></p><p>They may use the [Cat's Eyes] and [Beetleskin] Techniques.</p><br><br><p><strong>◯Numbing Poison / 8 (15) / Fortitude / Negates</strong></p><p>If the Tail's attack hits and deals 1 or more points of applied damage, it will paralyze the target and reduce its Dexterity by -6 points (to a minimum of 0). This effect is cumulative, and when the Dexterity reaches 0, the target will be unable to make any melee or ranged attacks.If the character has a fixed value, its Accuracy check is reduced by -1 for each effect of this poison, and the character cannot be attacked after three such effects.This effect is Poison type and lasts for 1 hour.</p>",
  "status1Accuracy": "9",
  "status1AccuracyFix": 16,
  "status1Damage": "2d+7",
  "status1Defense": "6",
  "status1Evasion": "8",
  "status1EvasionFix": 15,
  "status1Hp": "58",
  "status1Mp": "52",
  "status1Style": "Claw (Front)",
  "status2Accuracy": "8",
  "status2AccuracyFix": 15,
  "status2Damage": "2d+9",
  "status2Defense": "4",
  "status2Evasion": "7",
  "status2EvasionFix": 14,
  "status2Hp": "52",
  "status2Mp": "18",
  "status2Style": "Tail (Rear)",
  "statusNum": 2,
  "taxa": "Mythical Beast",
  "type": "m",
  "unitStatus": {
    "Claw (Front):HP": "58/58",
    "Claw (Front):MP": "52",
    "Tail (Rear):HP": "52/52",
    "Tail (Rear):MP": "18"
  },
  "unitExceptStatus": {
    "HP": 2,
    "MP": 2,
    "Defense": 2
  },
  "loots1Num": "2～6",
  "loots1Item": "None",
  "loots2Num": "7～8",
  "loots2Item": "Fine Mythical Beast Hide (300G/Red A)",
  "loots3Num": "10+",
  "loots3Item": "Beautiful Mythical Beast Hide (800G/Gold Red A)",
  "fortitude": "8",
  "willpower": "9"
}