{
  "description": "<p>Standing about 2 meters tall, a Lesser Ogre is a fearsome flesh-eating behemoth of pure muscle. Lesser Ogres are still small among Ogres (see ML p. 58). A Lesser Ogre's most distinctive feature is its ability to take on Human form.</p><p>Those who actively take on Human form often have a deep knowledge of Human culture, which may be why some have a Human-like personality and mindset. A Lesser Ogre can automatically take one unique Humanoid form which is considered \"theirs,\" but if it eats the heart of a Humanoid, it can also take that individual's form. The more hearts they eat, the more forms they can take.</p><p>It is difficult to detect a Lesser Ogre disguised as a Humanoid. The PCs must have sufficient reason to be suspicious (as judged by the GM) to perform a Detect check (see CR I, p. 111).</p>",
  "disposition": "Hostile",
  "habitat": "Various",
  "initiative": "13",
  "intellect": "Average",
  "language": "Trade Common, Barbaric, Ogre, Drakish, Arcana",
  "lootsNum": 4,
  "monsterName": "Lesser Ogre",
  "mndResist": "6",
  "vitResist": "5",
  "lv": "4",
  "parts": "",
  "coreParts": "",
  "mobility": "14",
  "mode": "save",
  "paletteInsertType": "exchange",
  "paletteRemoveTags": "1",
  "paletteTool": "bcdice",
  "paletteUseBuff": "1",
  "paletteUseVar": "1",
  "partsNum": 1,
  "perception": "Five senses (Darkvision)",
  "reputation": "9",
  "reputation+": "14",
  "weakness": "Accuracy +1",
  "result": "OK",
  "sheetDescriptionM": "分類:Barbarous　知能:Average　知覚:Five senses (Darkvision)　反応:Hostile\n言語:Trade Common, Barbaric, Ogre, Drakish, Arcana　生息地:Various\n弱点:Accuracy +1\n先制値:13　生命抵抗力:5（12）　精神抵抗力:6（13）",
  "sheetDescriptionS": "分類:Barbarous\n弱点:Accuracy +1\n先制値:13　生命抵抗力:5（12）　精神抵抗力:6（13）",
  "sin": "2",
  "skills": "<p><strong>►Truespeech Magic 3 Level / Magic Power 5 (12)</strong></p><p></p><p><strong>⏩△Personification</strong></p><p>A Lesser Ogre may take on the appearance and mannerisms of a character they have eaten or can change back. It can be either innate or something that once had its heart eaten out of it.When transformed, the Lesser Ogre's maximum HP and MP are decreased by 5. Accuracy, Evasion, Fortitude, and Willpower are also reduced by 1 point each. This form can be held up to 18 hours per day.The [⏩△Personification] can also be canceled by Minor Action and Combat Preparation.</p>",
  "status1Accuracy": "5",
  "status1AccuracyFix": 12,
  "status1Damage": "2d+4",
  "status1Defense": "2",
  "status1Evasion": "5",
  "status1EvasionFix": 12,
  "status1Hp": "36",
  "status1Mp": "20",
  "status1Style": "Weapon",
  "statusNum": 1,
  "taxa": "Barbarous",
  "type": "m",
  "unitStatus": {
    "Weapon:HP": "36/36",
    "Weapon:MP": "20"
  },
  "unitExceptStatus": {
    "HP": 1,
    "MP": 1,
    "Defense": 1
  },
  "loots1Num": "2～3",
  "loots1Item": "None",
  "loots2Num": "4～8",
  "loots2Item": "Bag of Silver (30G) x 1d",
  "loots3Num": "9～10",
  "loots3Item": "Bag of Silver (100) x 1d",
  "loots4Num": "11+",
  "loots4Item": "Gem (150G/Gold A) x 1d",
  "fortitude": "5",
  "willpower": "6"
}