{
  "description": "<p>Lethe is a woman with long, wet, and supple hair. She is said to always have a sad expression on her face and to take away the memories of those she likes in order to make them her attendants.</p>",
  "disposition": "Neutral",
  "habitat": "Various",
  "initiative": "19",
  "intellect": "High",
  "language": "Sylvan",
  "lootsNum": 0,
  "monsterName": "Lethe",
  "mndResist": "18",
  "vitResist": "15",
  "lv": "13",
  "parts": "",
  "coreParts": "",
  "mobility": "16",
  "mode": "save",
  "paletteInsertType": "exchange",
  "paletteRemoveTags": "1",
  "paletteTool": "bcdice",
  "paletteUseBuff": "1",
  "paletteUseVar": "1",
  "partsNum": 1,
  "perception": "Five senses",
  "reputation": "20",
  "reputation+": "23",
  "weakness": "Energy type damage +3",
  "result": "OK",
  "sheetDescriptionM": "分類:Fairy　知能:High　知覚:Five senses　反応:Neutral\n言語:Sylvan　生息地:Various\n弱点:Energy type damage +3\n先制値:19　生命抵抗力:15（22）　精神抵抗力:18（25）",
  "sheetDescriptionS": "分類:Fairy\n弱点:Energy type damage +3\n先制値:19　生命抵抗力:15（22）　精神抵抗力:18（25）",
  "sin": "0",
  "skills": "<p><strong>◯Type: Dark/Magic Power 17 (24)</strong></p><p></p><p><strong>◯🗨Magic Aptitude</strong></p><p>They can use the Combat Feats [Targeting], [Magic Convergence], [Magic Control], [Universal Metamagic], [Multi-Action].</p><p><strong>►Oblivion/16 (23)/Willpower/Negates</strong></p><p>Lethe stares at \"Target: 1 Entire Character\" within \"Range: 1 (10m)\", and it changes memory.For 3 minutes (18 rounds), the target forgets the actions that they are casually performing. The target must roll 1d to perform Minor Action during the effect duration. If the roll is \"1-3\", the target cannot perform the action because they cannot remember the procedure, which should be easy. A Minor Action that fails in this effect may not be tried again during its turn. Casting spells with Minor Actions and the use of Techniques are considered different Minor Actions if they have different names. If an Evocation fails once, another Evocation cannot be used in the same turn.This effect is Curse + Psychic type.Using this unique skill consumes 10 MP.</p><p><strong>►Disruption of Consciousness/16 (23)/Willpower/Negates</strong></p><p>This unique skill can only be attempted with the target under the [►Oblivion] effect. When the effect of this ability occurs, [►Oblivion] ends.The \"Range: 1 (10m)\" stares at the \"Target: 1 Entire Character\" and disrupts concentration.During the duration of the effect, the target may be momentarily unconscious. The target must roll 1d at the beginning of each turn. If the roll is \"1-2\", the target cannot move or operate at all during the turn.This effect is a \"Curse + Psychic\" type.Using this unique skill consumes 15 MP.</p><p><strong>►Amnesia/16 (23)/Willpower/Negates</strong></p><p>This unique skill can only be attempted with the target under [►Disruption of Consciousness] effect. When the effect of this ability occurs, [►Disruption of Consciousness] ends, and this unique skill.Lethe stares at \"Target: 1 Entire Character\" with \"Range: 1 (10m)\" and make it lose its memory.The target immediately loses all their memories and falls comatose. The comatose state lasts for 1 hour, after which the target awakens spontaneously but does not regain their memories.The comatose state is a psychic type and can be awakened by the [Awaken] spell. No need to compare the different values.On the other hand, the memory loss effect is permanent of the \"curse +psychic\" type. To cancel it, a comparison of difference values is required.Using this unique skill consumes 20 MP</p>",
  "status1Accuracy": "15",
  "status1AccuracyFix": 22,
  "status1Damage": "2d+10",
  "status1Defense": "14",
  "status1Evasion": "15",
  "status1EvasionFix": 22,
  "status1Hp": "111",
  "status1Mp": "124",
  "status1Style": "Fists",
  "statusNum": 1,
  "taxa": "Fairy",
  "type": "m",
  "unitStatus": {
    "Fists:HP": "111/111",
    "Fists:MP": "124"
  },
  "unitExceptStatus": {
    "HP": 1,
    "MP": 1,
    "Defense": 1
  },
  "fortitude": "15",
  "willpower": "18"
}