{
  "description": "<p>It is a crossbred born from the mating of a Lion and a Tiger. They have the stripes of a tiger and the mane of a lion ,and are so large that they can weigh twice as much as their parents.</p><p>Ligers are rarely fertile and rarely have offspring with lions, tigers, or even with other ligers. It is also unlikely that Lions and Tigers will naturally mate, and they are usually never seen together.</p><p>However, there are constant reports of Ligers being seen in the Barbarous territories. Apparently, the Barbarous are conducting various breeding experiments, and the Liger seems to be one of such experiments. It is also considered a sighting report because the work of creating Ligers is still being carried out.</p>",
  "disposition": "Hostile",
  "habitat": "Grasslands",
  "initiative": "18",
  "intellect": "Animal",
  "language": "None",
  "lootsNum": 4,
  "monsterName": "Liger",
  "mndResist": "11",
  "vitResist": "11",
  "lv": "8",
  "parts": "",
  "coreParts": "",
  "mobility": "20 (4 Legs)/-",
  "mode": "save",
  "paletteInsertType": "exchange",
  "paletteRemoveTags": "1",
  "paletteTool": "bcdice",
  "paletteUseBuff": "1",
  "paletteUseVar": "1",
  "partsNum": 1,
  "perception": "Five Senses",
  "reputation": "13",
  "reputation+": "17",
  "weakness": "Physical Damage +2",
  "result": "OK",
  "sheetDescriptionM": "分類:Animal　知能:Animal　知覚:Five Senses　反応:Hostile\n言語:None　生息地:Grasslands\n弱点:Physical Damage +2\n先制値:18　生命抵抗力:11（18）　精神抵抗力:11（18）",
  "sheetDescriptionS": "分類:Animal\n弱点:Physical Damage +2\n先制値:18　生命抵抗力:11（18）　精神抵抗力:11（18）",
  "sin": "0",
  "skills": "<p><strong>◯Fast Action</strong></p><p>During the first round of combat, if the Liger won the initiative, it may take two Major Actions that round.</p><p><strong>►Triple Attack</strong></p><p>The Liger can bite and attack twice with its claws making 3 attacks per round with Bite and Claws.</p>",
  "status1Accuracy": "10",
  "status1AccuracyFix": 17,
  "status1Damage": "2d+12",
  "status1Defense": "7",
  "status1Evasion": "10",
  "status1EvasionFix": 17,
  "status1Hp": "76",
  "status1Mp": "17",
  "status1Style": "Bite and Claws",
  "statusNum": 1,
  "taxa": "Animal",
  "type": "m",
  "unitStatus": {
    "Bite and Claws:HP": "76/76",
    "Bite and Claws:MP": "17"
  },
  "unitExceptStatus": {
    "HP": 1,
    "MP": 1,
    "Defense": 1
  },
  "loots1Num": "Always",
  "loots1Item": "Large Fang (100G / Red A) x2",
  "loots2Num": "2～7",
  "loots2Item": "None",
  "loots3Num": "8～10",
  "loots3Item": "Lion's Mane (150G / Red A)",
  "loots4Num": "11+",
  "loots4Item": "Golden Mane (900 G / Gold Red A)",
  "fortitude": "11",
  "willpower": "11"
}