{
  "description": "<p>A Lesser Daemon that looks like an adorable young girl at first glance. They seem cute, but this is merely a disguise to throw off Humanoids, and their true nature is that of a very dangerous Daemon. They specialize in insidious acts of corruption and destruction, deceptively tricking people into committing evil acts or driving a wedge between individuals.</p><p>Their hair and costume are both a part of their own flesh and when they engage in combat, the nails of their hand grow long and become terrifying sharp claws. However, their girlish appearance remains in order to assist in catching their opponents off guard.</p>",
  "disposition": "Hostile",
  "habitat": "Ruins, Magical Areas, Cities",
  "initiative": "15",
  "intellect": "Average",
  "language": "Daemonic, Trade Common, Arcana",
  "lootsNum": 3,
  "monsterName": "Lilim",
  "mndResist": "9",
  "vitResist": "8",
  "lv": "6",
  "parts": "",
  "coreParts": "",
  "mobility": "16/-",
  "mode": "save",
  "paletteInsertType": "exchange",
  "paletteRemoveTags": "1",
  "paletteTool": "bcdice",
  "paletteUseBuff": "1",
  "paletteUseVar": "1",
  "partsNum": 1,
  "perception": "Five Senses",
  "reputation": "13",
  "reputation+": "17",
  "weakness": "Accuracy +1",
  "result": "OK",
  "sheetDescriptionM": "分類:Daemon　知能:Average　知覚:Five Senses　反応:Hostile\n言語:Daemonic, Trade Common, Arcana　生息地:Ruins, Magical Areas, Cities\n弱点:Accuracy +1\n先制値:15　生命抵抗力:8（15）　精神抵抗力:9（16）",
  "sheetDescriptionS": "分類:Daemon\n弱点:Accuracy +1\n先制値:15　生命抵抗力:8（15）　精神抵抗力:9（16）",
  "sin": "0",
  "skills": "<p><strong>►Double Attack</strong></p><p>A Lilim can attack the same target twice in one action with its Claws.</p><p><strong>►Spiritualism Magic 5 Level/Magic Power 8 (15)</strong></p><p></p><p><strong>◯Magic Aptitude</strong></p><p>Lilim possesses the Combat Feat [Metamagic/Targets].</p>",
  "status1Accuracy": "8",
  "status1AccuracyFix": 15,
  "status1Damage": "2d+9",
  "status1Defense": "3",
  "status1Evasion": "8",
  "status1EvasionFix": 15,
  "status1Hp": "58",
  "status1Mp": "40",
  "status1Style": "Claws",
  "statusNum": 1,
  "taxa": "Daemon",
  "type": "m",
  "unitStatus": {
    "Claws:HP": "58/58",
    "Claws:MP": "40"
  },
  "unitExceptStatus": {
    "HP": 1,
    "MP": 1,
    "Defense": 1
  },
  "loots1Num": "Always",
  "loots1Item": "Daemon's Blood (100G/Red A)",
  "loots2Num": "2～8",
  "loots2Item": "None",
  "loots3Num": "9+",
  "loots3Item": "Lovely Nails (250G/Red A)",
  "fortitude": "8",
  "willpower": "9"
}