{
  "description": "<p>This fierce four-legged feline carnivore is known as the king of all beasts. They hunt in small groups, setting up territories in grasslands and plains. The males have a magnificent mane, which is highly prized.</p>",
  "disposition": "Hostile",
  "habitat": "Grasslands",
  "initiative": "15",
  "intellect": "Animal",
  "language": "None",
  "lootsNum": 4,
  "monsterName": "Lion",
  "mndResist": "6",
  "vitResist": "8",
  "lv": "5",
  "parts": "",
  "coreParts": "",
  "mobility": "20 (4 Legs)/-",
  "mode": "save",
  "paletteInsertType": "exchange",
  "paletteRemoveTags": "1",
  "paletteTool": "bcdice",
  "paletteUseBuff": "1",
  "paletteUseVar": "1",
  "partsNum": 1,
  "perception": "Five Senses",
  "reputation": "10",
  "reputation+": "14",
  "weakness": "Physical Damage +2",
  "result": "OK",
  "sheetDescriptionM": "分類:Animal　知能:Animal　知覚:Five Senses　反応:Hostile\n言語:None　生息地:Grasslands\n弱点:Physical Damage +2\n先制値:15　生命抵抗力:8（15）　精神抵抗力:6（13）",
  "sheetDescriptionS": "分類:Animal\n弱点:Physical Damage +2\n先制値:15　生命抵抗力:8（15）　精神抵抗力:6（13）",
  "sin": "0",
  "skills": "<p><strong>◯Continuous Attack</strong></p><p>If a Lion successfully hits a target in melee, it may make a second attack against the same target.</p><p><strong>◯Coordination</strong></p><p>A Lion gains a bonus to their Accuracy equal to the number of other Lions in the same skirmish area, up to a maximum of +4.</p>",
  "status1Accuracy": "7",
  "status1AccuracyFix": 14,
  "status1Damage": "2d+7",
  "status1Defense": "4",
  "status1Evasion": "7",
  "status1EvasionFix": 14,
  "status1Hp": "40",
  "status1Mp": "11",
  "status1Style": "Bite",
  "statusNum": 1,
  "taxa": "Animal",
  "type": "m",
  "unitStatus": {
    "Bite:HP": "40/40",
    "Bite:MP": "11"
  },
  "unitExceptStatus": {
    "HP": 1,
    "MP": 1,
    "Defense": 1
  },
  "loots1Num": "Always",
  "loots1Item": "Large Fang (100G / Red A)",
  "loots2Num": "2～9",
  "loots2Item": "None",
  "loots3Num": "10～12",
  "loots3Item": "Lion's Mane (150G / Red A)",
  "loots4Num": "13+",
  "loots4Item": "Golden Mane (900G / Gold Red A)",
  "fortitude": "8",
  "willpower": "6"
}