{
  "description": "<p>These are giant walking trees that boast of their huge size and monstrous strength. Some trees are around 5 meters tall and more than 1,000 years old.</p><p>They are not very intelligent, but they are mild-mannered and honest. They are proud to be the protectors of the forest and can become friends with anyone they meet as long as they are respectful and considerate of the forest.</p>",
  "disposition": "Neutral",
  "habitat": "Forest",
  "initiative": "16",
  "intellect": "Low",
  "language": "Sylvan",
  "lootsNum": 4,
  "monsterName": "Living Tree",
  "mndResist": "13",
  "vitResist": "15",
  "lv": "10",
  "parts": "2 (Trunk x 2)",
  "coreParts": "None",
  "mobility": "14",
  "mode": "save",
  "paletteInsertType": "exchange",
  "paletteRemoveTags": "1",
  "paletteTool": "bcdice",
  "paletteUseBuff": "1",
  "paletteUseVar": "1",
  "partsNum": 2,
  "perception": "Magic",
  "reputation": "15",
  "reputation+": "21",
  "weakness": "Fire damage + 3 points",
  "result": "OK",
  "sheetDescriptionM": "分類:Plant　知能:Low　知覚:Magic　反応:Neutral\n言語:Sylvan　生息地:Forest\n弱点:Fire damage + 3 points\n先制値:16　生命抵抗力:15（22）　精神抵抗力:13（20）",
  "sheetDescriptionS": "分類:Plant\n弱点:Fire damage + 3 points\n先制値:16　生命抵抗力:15（22）　精神抵抗力:13（20）",
  "sin": "0",
  "skills": "<p><strong>►Fairy Magic 2 Level/Magic Power 3 (10)</strong></p><p>Can use Earth, Water/Ice, Light, and Dark types.</p><p><strong>🗨Power Strike II</strong></p><p>They can deal an additional +12 damage on their next attack. However, any Evasion Check made by them this turn receives a -2 penalty.</p><p><strong>🗨Improved Aimed Attack</strong></p><p>When attacking, the Living Tree can gain a +4 bonus to Accuracy but receives a -8 penalty to damage dealt when doing so.</p><p><strong>◯Regeneration = 10 points</strong></p><p>At the end of each round, Living Tree recovers 10 HP. This has no effect if the Living Tree has 0 HP or lower.</p>",
  "status1Accuracy": "13",
  "status1AccuracyFix": 20,
  "status1Damage": "2d+14",
  "status1Defense": "14",
  "status1Evasion": "12",
  "status1EvasionFix": 19,
  "status1Hp": "105",
  "status1Mp": "58",
  "status1Style": "Branch (Trunk)",
  "status2Accuracy": "13",
  "status2AccuracyFix": 20,
  "status2Damage": "2d+14",
  "status2Defense": "14",
  "status2Evasion": "12",
  "status2EvasionFix": 19,
  "status2Hp": "105",
  "status2Mp": "58",
  "status2Style": "Branch (Trunk)",
  "statusNum": 2,
  "taxa": "Plant",
  "type": "m",
  "unitStatus": {
    "Branch (Trunk):HP": "105/105",
    "Branch (Trunk):MP": "58"
  },
  "unitExceptStatus": {
    "HP": 2,
    "MP": 2,
    "Defense": 2
  },
  "loots1Num": "Always",
  "loots1Item": "Ent Leaves (100G/Green A) x 1d",
  "loots2Num": "2～4",
  "loots2Item": "None",
  "loots3Num": "5～8",
  "loots3Item": "Mysterious Seeds (100G/Green A)",
  "loots4Num": "9+",
  "loots4Item": "Mysterious Sapling (500G/Green A)",
  "fortitude": "15",
  "willpower": "13"
}