{
  "description": "<p>These are members of an elite group of Lizardmen trained to rush into enemy territory and create openings for other Barbarous from within. In the past, there was concern that these elite Lizardmen could take down cities under united leadership. Today, they are rarely seen.</p>",
  "disposition": "Hostile",
  "habitat": "Swamps, Wetlands",
  "initiative": "15",
  "intellect": "Average",
  "language": "Barbaric, Lizardman, Draconic",
  "lootsNum": 2,
  "monsterName": "Lizardman Mariner",
  "mndResist": "10",
  "vitResist": "10",
  "lv": "7",
  "parts": "",
  "coreParts": "",
  "mobility": "14/14 (Swimming)",
  "mode": "save",
  "paletteInsertType": "exchange",
  "paletteRemoveTags": "1",
  "paletteTool": "bcdice",
  "paletteUseBuff": "1",
  "paletteUseVar": "1",
  "partsNum": 1,
  "perception": "Five senses",
  "reputation": "12",
  "reputation+": "16",
  "weakness": "Earth damage + 3 points",
  "result": "OK",
  "sheetDescriptionM": "分類:Barbarous　知能:Average　知覚:Five senses　反応:Hostile\n言語:Barbaric, Lizardman, Draconic　生息地:Swamps, Wetlands\n弱点:Earth damage + 3 points\n先制値:15　生命抵抗力:10（17）　精神抵抗力:10（17）",
  "sheetDescriptionS": "分類:Barbarous\n弱点:Earth damage + 3 points\n先制値:15　生命抵抗力:10（17）　精神抵抗力:10（17）",
  "sin": "0",
  "skills": "<p><strong>◯Underwater Aptitude</strong></p><p></p><p><strong>◯Coordination</strong></p><p>A Lizardman Mariner gains a bonus to their Accuracy equal to the number of other Lizardman Mariners in the same skirmish, up to a maximum of +4.</p><p><strong>◯Rage</strong></p><p>When another Lizardman (regardless of type) in the same skirmish is defeated, the Lizardman Mariner gains a cumulative +2 bonus to damage for 10 seconds (1 round).The GM decides when a Lizardman is defeated (so it cannot recoverounds).</p>",
  "status1Accuracy": "10",
  "status1AccuracyFix": 17,
  "status1Damage": "2d+6",
  "status1Defense": "8",
  "status1Evasion": "9",
  "status1EvasionFix": 16,
  "status1Hp": "64",
  "status1Mp": "20",
  "status1Style": "Weapon",
  "statusNum": 1,
  "taxa": "Barbarous",
  "type": "m",
  "unitStatus": {
    "Weapon:HP": "64/64",
    "Weapon:MP": "20"
  },
  "unitExceptStatus": {
    "HP": 1,
    "MP": 1,
    "Defense": 1
  },
  "loots1Num": "2～9",
  "loots1Item": "None",
  "loots2Num": "10+",
  "loots2Item": "Silver Medal (700G/Gold A)",
  "fortitude": "10",
  "willpower": "10"
}