{
  "description": "<p>Lizard Flies appear to be larger than average lizards, ranging in size from about 50cm to 1m, with two pairs of thin, translucent wings on their back.</p><p>Carnivorous, they will stay buried under sand until prey comes near, then spring out and attack.</p>",
  "disposition": "Hungry",
  "habitat": "Forests, Swamps",
  "initiative": "10",
  "intellect": "None",
  "language": "None",
  "lootsNum": 4,
  "monsterName": "Lizard Fly",
  "mndResist": "5",
  "vitResist": "6",
  "lv": "4",
  "parts": "",
  "coreParts": "",
  "mobility": "10 (many legs)",
  "mode": "save",
  "paletteInsertType": "exchange",
  "paletteRemoveTags": "1",
  "paletteTool": "bcdice",
  "paletteUseBuff": "1",
  "paletteUseVar": "1",
  "partsNum": 1,
  "perception": "Five senses (Darkvision)",
  "reputation": "9",
  "reputation+": "13",
  "weakness": "+3 Energy damage",
  "result": "OK",
  "sheetDescriptionM": "分類:Animal　知能:None　知覚:Five senses (Darkvision)　反応:Hungry\n言語:None　生息地:Forests, Swamps\n弱点:+3 Energy damage\n先制値:10　生命抵抗力:6（13）　精神抵抗力:5（12）",
  "sheetDescriptionS": "分類:Animal\n弱点:+3 Energy damage\n先制値:10　生命抵抗力:6（13）　精神抵抗力:5（12）",
  "sin": "0",
  "skills": "<p><strong>◯Flight</strong></p><p>A Lizard Fly receives a +1 bonus to Accuracy and Evasion only for melee attacks.</p>",
  "status1Accuracy": "6",
  "status1AccuracyFix": 13,
  "status1Damage": "2d+7",
  "status1Defense": "1",
  "status1Evasion": "3",
  "status1EvasionFix": 10,
  "status1Hp": "35",
  "status1Mp": "12",
  "status1Style": "Bite",
  "statusNum": 1,
  "taxa": "Animal",
  "type": "m",
  "unitStatus": {
    "Bite:HP": "35/35",
    "Bite:MP": "12"
  },
  "unitExceptStatus": {
    "HP": 1,
    "MP": 1,
    "Defense": 1
  },
  "loots1Num": "Always",
  "loots1Item": "Sand Lizard Skin (70G/Red B)",
  "loots2Num": "2～7",
  "loots2Item": "None",
  "loots3Num": "8～11",
  "loots3Item": "Thin Wings (120G/Red A)",
  "loots4Num": "12+",
  "loots4Item": "Glittering Feathers (340G/Gold Red A)",
  "fortitude": "6",
  "willpower": "5"
}