{
  "description": "<p>This is one of the Lizardmen caste. Their fighting ability is no different from that of an ordinary Lizardman, but they carry a battle flag attached to their spear. In battle, they stay in the rear or beside their regiment, inspiring and supporting their comrades.</p>",
  "disposition": "Hostile",
  "habitat": "Swamps, Wetlands",
  "initiative": "11",
  "intellect": "Average",
  "language": "Barbaric, Lizardman, Draconic",
  "lootsNum": 3,
  "monsterName": "Lizardman Bearer",
  "mndResist": "6",
  "vitResist": "6",
  "lv": "4",
  "parts": "",
  "coreParts": "",
  "mobility": "12/12 (Swimming)",
  "mode": "save",
  "paletteInsertType": "exchange",
  "paletteRemoveTags": "1",
  "paletteTool": "bcdice",
  "paletteUseBuff": "1",
  "paletteUseVar": "1",
  "partsNum": 1,
  "perception": "Five senses",
  "reputation": "12",
  "reputation+": "15",
  "weakness": "Earth damage + 3 points",
  "result": "OK",
  "sheetDescriptionM": "分類:Barbarous　知能:Average　知覚:Five senses　反応:Hostile\n言語:Barbaric, Lizardman, Draconic　生息地:Swamps, Wetlands\n弱点:Earth damage + 3 points\n先制値:11　生命抵抗力:6（13）　精神抵抗力:6（13）",
  "sheetDescriptionS": "分類:Barbarous\n弱点:Earth damage + 3 points\n先制値:11　生命抵抗力:6（13）　精神抵抗力:6（13）",
  "sin": "3",
  "skills": "<p><strong>◯Underwater Aptitude</strong></p><p></p><p><strong>►Inspiring Flag Spear/Can't</strong></p><p>Lizardman Bearer raises its flag spear high, inspiring allies.Lizardmen (regardless of gender) within \"Range: Caster\" and \"Target: All Areas (30m radius) / All\" get +1 bonus to Accuracy check and Magic Power of unique skill for 10 seconds (1 round) and regain 5 HP immediately.This unique skill cannot be used on consecutive turns.</p>",
  "status1Accuracy": "5",
  "status1AccuracyFix": 12,
  "status1Damage": "2d+5",
  "status1Defense": "5",
  "status1Evasion": "5",
  "status1EvasionFix": 12,
  "status1Hp": "30",
  "status1Mp": "18",
  "status1Style": "Flag Spear",
  "statusNum": 1,
  "taxa": "Barbarous",
  "type": "m",
  "unitStatus": {
    "Flag Spear:HP": "30/30",
    "Flag Spear:MP": "18"
  },
  "unitExceptStatus": {
    "HP": 1,
    "MP": 1,
    "Defense": 1
  },
  "loots1Num": "Always",
  "loots1Item": "Lizardman Flag (100G/Green Black A)",
  "loots2Num": "2～10",
  "loots2Item": "None",
  "loots3Num": "11+",
  "loots3Item": "Seven-color Scales (220G/Gold Red A)",
  "fortitude": "6",
  "willpower": "6"
}