{
  "description": "<p>Lizardmen are one of the more aquatically inclined Barbarous, preferring to spend time in swamps and other wetlands worshiping their dragon gods. Standing just shy of 2 meters tall, they look like upright lizards, though they take offense if mistaken for Lildraken.</p><p>While they cannot breathe underwater, like Elves, Lizardmen can hold their breath for up to an hour and similarly have houses with dry and wet sections.</p>",
  "disposition": "Hostile",
  "habitat": "Swamps",
  "initiative": "10",
  "intellect": "Average",
  "language": "Barbaric, Lizardman, Draconic",
  "lootsNum": 2,
  "monsterName": "Lizardman",
  "mndResist": "5",
  "vitResist": "6",
  "lv": "4",
  "parts": "",
  "coreParts": "",
  "mobility": "13/13 (Swimming)",
  "mode": "save",
  "paletteInsertType": "exchange",
  "paletteRemoveTags": "1",
  "paletteTool": "bcdice",
  "paletteUseBuff": "1",
  "paletteUseVar": "1",
  "partsNum": 1,
  "perception": "Five senses",
  "reputation": "11",
  "reputation+": "14",
  "weakness": "Earth damage + 3 points",
  "result": "OK",
  "sheetDescriptionM": "分類:Barbarous　知能:Average　知覚:Five senses　反応:Hostile\n言語:Barbaric, Lizardman, Draconic　生息地:Swamps\n弱点:Earth damage + 3 points\n先制値:10　生命抵抗力:6（13）　精神抵抗力:5（12）",
  "sheetDescriptionS": "分類:Barbarous\n弱点:Earth damage + 3 points\n先制値:10　生命抵抗力:6（13）　精神抵抗力:5（12）",
  "sin": "3",
  "skills": "<p><strong>◯Underwater Aptitude</strong></p><p></p><p><strong>🗨Tail Sweep</strong></p><p>The monster can use its tail to attack up to 5 targets in the same skirmish. An Accuracy check is made on all characters at once, and damage is determined individually.This attack cannot be used in consecutive rounds.</p>",
  "status1Accuracy": "6",
  "status1AccuracyFix": 13,
  "status1Damage": "2d+4",
  "status1Defense": "5",
  "status1Evasion": "4",
  "status1EvasionFix": 11,
  "status1Hp": "32",
  "status1Mp": "15",
  "status1Style": "Weapon",
  "statusNum": 1,
  "taxa": "Barbarous",
  "type": "m",
  "unitStatus": {
    "Weapon:HP": "32/32",
    "Weapon:MP": "15"
  },
  "unitExceptStatus": {
    "HP": 1,
    "MP": 1,
    "Defense": 1
  },
  "loots1Num": "2～9",
  "loots1Item": "None",
  "loots2Num": "10+",
  "loots2Item": "Seven-color Scales (220G/Gold Red A)",
  "fortitude": "6",
  "willpower": "5"
}