{
  "description": "<p>A golem made from clay is the hopes and desires of its creator-given form. Typically standing around 1m, a Loam Puppet is often humanoid, though it can be any shape the creator wishes. The shape does not make any difference in performance.</p>",
  "disposition": "Instructed",
  "habitat": "Various",
  "initiative": "10",
  "intellect": "Servant",
  "language": "None",
  "lootsNum": 2,
  "monsterName": "Loam Puppet",
  "mndResist": "5",
  "vitResist": "5",
  "lv": "3",
  "parts": "",
  "coreParts": "",
  "mobility": "10",
  "mode": "save",
  "paletteInsertType": "exchange",
  "paletteRemoveTags": "1",
  "paletteTool": "bcdice",
  "paletteUseBuff": "1",
  "paletteUseVar": "1",
  "partsNum": 1,
  "perception": "Magic",
  "reputation": "12",
  "reputation+": "15",
  "weakness": "Accuracy +1",
  "result": "OK",
  "sheetDescriptionM": "分類:Golem　知能:Servant　知覚:Magic　反応:Instructed\n言語:None　生息地:Various\n弱点:Accuracy +1\n先制値:10　生命抵抗力:5（12）　精神抵抗力:5（12）",
  "sheetDescriptionS": "分類:Golem\n弱点:Accuracy +1\n先制値:10　生命抵抗力:5（12）　精神抵抗力:5（12）",
  "sin": "0",
  "skills": "<p><strong>◯Earth Immunity</strong></p><p></p><p><strong>◯Mud Body</strong></p><p>Blunt weapons treat the Loam Puppet's Defense as 5 points higher.In addition, a Loam Puppet is immune to criticals from edged weapons.<div class=\"golemitems\"></p><p><strong>Maximum of Enhancing Items = 4</strong></p><p>Obsidian Shield (Small) (150) (🗨△Cover I)Corundum Protection (Small) (100) (◯Guardian I)Cat's Eye Rivet (Small) (200) (►Double Attack)└Golden Cat's Eye Rivet (Small) (200) (►Twin Strike & Double Attack)Amber Eye (Small) (500) (◯Ultimate Aim = +4 Accuracy)Garnet of Vitality (Small) (200) (◯HP Enhancement = Max HP +5)Red Iron Blood (Small) (100) (◯Mobility Enhancement = Movement +5) </div></p>",
  "status1Accuracy": "4",
  "status1AccuracyFix": 11,
  "status1Damage": "2d+4",
  "status1Defense": "2",
  "status1Evasion": "4",
  "status1EvasionFix": 11,
  "status1Hp": "25",
  "status1Mp": "0",
  "status1Style": "Smash",
  "statusNum": 1,
  "taxa": "Golem",
  "type": "m",
  "unitStatus": {
    "Smash:HP": "25/25",
    "Smash:MP": "0/0"
  },
  "unitExceptStatus": {
    "HP": 1,
    "MP": 1,
    "Defense": 1
  },
  "loots1Num": "2～7",
  "loots1Item": "None",
  "loots2Num": "8+",
  "loots2Item": "Enchanted Clay (250G/Gold Green A)",
  "fortitude": "5",
  "willpower": "5"
}