{
  "description": "<p>This is a martial artist who has been training to master the secrets of kicking techniques. They have won much respect for their kicks by striking vital points with their ever-changing kicks.</p>",
  "disposition": "Neutral",
  "habitat": "Various",
  "initiative": "16",
  "intellect": "Average",
  "language": "Trade Common, Regional Dialect",
  "lootsNum": 3,
  "monsterName": "Lone Kick Master",
  "mndResist": "11",
  "vitResist": "12",
  "lv": "9",
  "parts": "",
  "coreParts": "",
  "mobility": "18",
  "mode": "save",
  "paletteInsertType": "exchange",
  "paletteRemoveTags": "1",
  "paletteTool": "bcdice",
  "paletteUseBuff": "1",
  "paletteUseVar": "1",
  "partsNum": 1,
  "perception": "Five senses",
  "reputation": "12",
  "reputation+": "0",
  "weakness": "None",
  "result": "OK",
  "sheetDescriptionM": "分類:Humanoid　知能:Average　知覚:Five senses　反応:Neutral\n言語:Trade Common, Regional Dialect　生息地:Various\n弱点:None\n先制値:16　生命抵抗力:12（19）　精神抵抗力:11（18）",
  "sheetDescriptionS": "分類:Humanoid\n弱点:None\n先制値:16　生命抵抗力:12（19）　精神抵抗力:11（18）",
  "sin": "0",
  "skills": "<p><strong>►Double Attack</strong></p><p>It can attack the same target twice in one action with its Kick.</p><p><strong>◯Leg Kick</strong></p><p></p><p><strong>◯Sword's Grace/Change Fate</strong></p><p>Once per day, they may change the result of a Skill Check or Damage roll, by switching the faces of the rolled 2d to the opposite sides and adding +1 to it.</p>",
  "status1Accuracy": "12",
  "status1AccuracyFix": 19,
  "status1Damage": "2d+13",
  "status1Defense": "6",
  "status1Evasion": "12",
  "status1EvasionFix": 19,
  "status1Hp": "76",
  "status1Mp": "32",
  "status1Style": "Kick",
  "statusNum": 1,
  "taxa": "Humanoid",
  "type": "m",
  "unitStatus": {
    "Kick:HP": "76/76",
    "Kick:MP": "32"
  },
  "unitExceptStatus": {
    "HP": 1,
    "MP": 1,
    "Defense": 1
  },
  "loots1Num": "2～6",
  "loots1Item": "Bag of Silver (100G) x 2d",
  "loots2Num": "7～10",
  "loots2Item": "Gem (300G/Gold A) x 1d",
  "loots3Num": "11+",
  "loots3Item": "Gem (300G/Gold A) x 2d",
  "fortitude": "12",
  "willpower": "11"
}