{
  "description": "<p>Humans wielding longbows that are taller than their own body. Boasting considerable range and Strength that can be further enhanced through Techniques, they become a formidable foe that cannot be ignored.</p>",
  "disposition": "Neutral",
  "habitat": "Various",
  "initiative": "12",
  "intellect": "Average",
  "language": "Trade Common, Regional Dialect",
  "lootsNum": 4,
  "monsterName": "Longbowman",
  "mndResist": "7",
  "vitResist": "6",
  "lv": "5",
  "parts": "",
  "coreParts": "",
  "mobility": "16/-",
  "mode": "save",
  "paletteInsertType": "exchange",
  "paletteRemoveTags": "1",
  "paletteTool": "bcdice",
  "paletteUseBuff": "1",
  "paletteUseVar": "1",
  "partsNum": 1,
  "perception": "Five Senses",
  "reputation": "8",
  "reputation+": "-",
  "weakness": "None",
  "result": "OK",
  "sheetDescriptionM": "分類:Humanoid　知能:Average　知覚:Five Senses　反応:Neutral\n言語:Trade Common, Regional Dialect　生息地:Various\n弱点:None\n先制値:12　生命抵抗力:6（13）　精神抵抗力:7（14）",
  "sheetDescriptionS": "分類:Humanoid\n弱点:None\n先制値:12　生命抵抗力:6（13）　精神抵抗力:7（14）",
  "sin": "0",
  "skills": "<p><strong>◯Sword's Grace/Change Fate</strong></p><p>Once per day, they may choose to change the result of a Skill Check or Damage roll, by switching the faces of the rolled 2d to the opposite sides.</p><p><strong>◯Bow</strong></p><p>Bow attacks are treated as Ranged attacks with Range 2 (50m).</p><p><strong>◯Targeting</strong></p><p>Stray shots cannot occur.</p><p><strong>⏩△Techniques</strong></p><p>Can use the techniques [Gazelle Feet], [Cat's Eyes], [Strong Blood], [Bear Muscle], and [Beetleskin].</p><p><strong>◯Mako Stone</strong></p><p>The Longbowman possesses 5 Mako Stones with 3 MP remaining each, which can be consumed when using skills or transferred to other characters. Mako Stones that are not consumed before the Longbowman's HP falls below 0 are automatically acquired when determining loot.</p>",
  "status1Accuracy": "7",
  "status1AccuracyFix": 14,
  "status1Damage": "2d+8",
  "status1Defense": "5",
  "status1Evasion": "5",
  "status1EvasionFix": 12,
  "status1Hp": "33",
  "status1Mp": "15",
  "status1Style": "Bow",
  "statusNum": 1,
  "taxa": "Humanoid",
  "type": "m",
  "unitStatus": {
    "Bow:HP": "33/33",
    "Bow:MP": "15"
  },
  "unitExceptStatus": {
    "HP": 1,
    "MP": 1,
    "Defense": 1
  },
  "loots1Num": "Always",
  "loots1Item": "Remaining Mako Stones (See above)",
  "loots2Num": "2～6",
  "loots2Item": "None",
  "loots3Num": "7～11",
  "loots3Item": "Bag of Silver (100G/-) x 1d",
  "loots4Num": "12+",
  "loots4Item": "Gems (150G/Gold A) x 1d",
  "fortitude": "6",
  "willpower": "7"
}