{
  "description": "<p>They are a tribe of Barbarous who live in rivers and riverbanks and take the form of beautiful, light-robed women. They charm Humanoid men with their magical singing voices and kidnap them to live in their dwellings. However, it is said that when they are bored or their prey are no longer needed, they will leave their captives to drown.</p>",
  "disposition": "Hostile",
  "habitat": "Rivers",
  "initiative": "13",
  "intellect": "Average",
  "language": "Trade Common, Barbaric, Elven, Sylvan",
  "lootsNum": 4,
  "monsterName": "Loreley",
  "mndResist": "6",
  "vitResist": "4",
  "lv": "4",
  "parts": "",
  "coreParts": "",
  "mobility": "14/14 (Swimming)",
  "mode": "save",
  "paletteInsertType": "exchange",
  "paletteRemoveTags": "1",
  "paletteTool": "bcdice",
  "paletteUseBuff": "1",
  "paletteUseVar": "1",
  "partsNum": 1,
  "perception": "Five senses",
  "reputation": "10",
  "reputation+": "14",
  "weakness": "Physical damage +2 points",
  "result": "OK",
  "sheetDescriptionM": "分類:Barbarous　知能:Average　知覚:Five senses　反応:Hostile\n言語:Trade Common, Barbaric, Elven, Sylvan　生息地:Rivers\n弱点:Physical damage +2 points\n先制値:13　生命抵抗力:4（11）　精神抵抗力:6（13）",
  "sheetDescriptionS": "分類:Barbarous\n弱点:Physical damage +2 points\n先制値:13　生命抵抗力:4（11）　精神抵抗力:6（13）",
  "sin": "2",
  "skills": "<p><strong>◯Underwater Aptitude</strong></p><p></p><p><strong>►Basic Spellsongs 1 Level/7 (14)/All areas (40m Radius)</strong></p><p></p><p><strong>►Special Spellsong [Love Song] /7 (14)/All areas (40m Radius)</strong></p><p>Can use the [Love Song] (see CR II, p. 194) spellsong. This unique skill can only be used if a male is in the opposing faction and if [►Basic Spellsongs] were used on the previous turn.</p><p><strong>►[Finale: Spring Breeze]/7 (14)</strong></p><p>Uses [Finale: Spring Breeze] at \"Range: 2 (40m)\" to deal 1 character 2d+4 Wind magic damage.This unique skill could be used only if [►Basic Spellsongs] or [►Special Spellsong] were used on the previous turn.</p>",
  "status1Accuracy": "4",
  "status1AccuracyFix": 11,
  "status1Damage": "2d+2",
  "status1Defense": "2",
  "status1Evasion": "4",
  "status1EvasionFix": 11,
  "status1Hp": "28",
  "status1Mp": "18",
  "status1Style": "Instrument",
  "statusNum": 1,
  "taxa": "Barbarous",
  "type": "m",
  "unitStatus": {
    "Instrument:HP": "28/28",
    "Instrument:MP": "18"
  },
  "unitExceptStatus": {
    "HP": 1,
    "MP": 1,
    "Defense": 1
  },
  "loots1Num": "2～5",
  "loots1Item": "None",
  "loots2Num": "6～8",
  "loots2Item": "Water Feathered Kimono (100G/White A)",
  "loots3Num": "9～12",
  "loots3Item": "Beautiful Feathered Kimono (300G/White A)",
  "loots4Num": "13+",
  "loots4Item": "Shining Feathered Kimono (1,000G/White S)",
  "fortitude": "4",
  "willpower": "6"
}