{
  "description": "<p>These are the frontline commander of Bolgs, leading their Youma troops through fear.</p>",
  "disposition": "Hostile",
  "habitat": "Forests, Mountains, Caves",
  "initiative": "15",
  "intellect": "Average",
  "language": "Barbaric, Youma",
  "lootsNum": 3,
  "monsterName": "Loud Bolg Commander",
  "mndResist": "10",
  "vitResist": "12",
  "lv": "8",
  "parts": "",
  "coreParts": "",
  "mobility": "15",
  "mode": "save",
  "paletteInsertType": "exchange",
  "paletteRemoveTags": "1",
  "paletteTool": "bcdice",
  "paletteUseBuff": "1",
  "paletteUseVar": "1",
  "partsNum": 1,
  "perception": "Five senses (Darkvision)",
  "reputation": "13",
  "reputation+": "18",
  "weakness": "Physical damage +2 points",
  "result": "OK",
  "sheetDescriptionM": "分類:Barbarous　知能:Average　知覚:Five senses (Darkvision)　反応:Hostile\n言語:Barbaric, Youma　生息地:Forests, Mountains, Caves\n弱点:Physical damage +2 points\n先制値:15　生命抵抗力:12（19）　精神抵抗力:10（17）",
  "sheetDescriptionS": "分類:Barbarous\n弱点:Physical damage +2 points\n先制値:15　生命抵抗力:12（19）　精神抵抗力:10（17）",
  "sin": "3",
  "skills": "<p><strong>△Frightful Commander/Can't</strong></p><p>Gives the order and forces subordinates to follow it.All Accuracy and Evasion checks for \"Target: All areas (30m Radius)/All\" with \"Range: Caster\" are increased by +1. User can exclude any character from the target when used. The character itself is always excluded. This effect is treated as a psychic type with a success value of 0. This ability can only be used in Combat Preparation and lasts until it is individually removed or until this monster is no longer on the battlefield.</p><p><strong>🗨Repeated Strike II</strong></p><p>Can make two Accuracy checks; if either one hits, damage is dealt once. If the first Accuracy check is successful, the damage is increased by +4; if the second check instead is successful, the damage is determined as usual.</p><p><strong>◯Painful Strike</strong></p><p>If the 2d roll of the damage roll is 10 or more, the damage is increased by an additional +6 points.</p>",
  "status1Accuracy": "11",
  "status1AccuracyFix": 18,
  "status1Damage": "2d+13",
  "status1Defense": "9",
  "status1Evasion": "9",
  "status1EvasionFix": 16,
  "status1Hp": "72",
  "status1Mp": "20",
  "status1Style": "Weapon",
  "statusNum": 1,
  "taxa": "Barbarous",
  "type": "m",
  "unitStatus": {
    "Weapon:HP": "72/72",
    "Weapon:MP": "20"
  },
  "unitExceptStatus": {
    "HP": 1,
    "MP": 1,
    "Defense": 1
  },
  "loots1Num": "Always",
  "loots1Item": "Barbarous' Orders (500G/White A)",
  "loots2Num": "2～9",
  "loots2Item": "Extravagant Weapon (500G/Black White A)",
  "loots3Num": "10+",
  "loots3Item": "Well-Kept Weapon (1,000G/Black White S)",
  "fortitude": "12",
  "willpower": "10"
}