{
  "description": "<p>A giant reptile which walks on all four legs, covered with glowing scales. The glowing effect is believed to be created by microscopic insects living symbiotically on the body's surface. They receive nutrients from the main body of Lunoicos and protect them from approaching foreign enemies by strongly glowing.</p><p>Lunoicos themselves are herbivores and do not actively attack other organisms. However, they have learned to harness the power of their symbionts and tend to confront danger rather than flee from it.</p><p>After the death of the Lunoicos, the symbionts reduce their activity to an extremely low level to survive. The scales become pale and luminescent, which lasts for a long time. This makes them highly prized as accessory materials. Each individual has a slight difference in the light's hue, making it collectible to enthusiasts.</p>",
  "disposition": "Neutral",
  "habitat": "Wilderness, Plain",
  "initiative": "19",
  "intellect": "Animal",
  "language": "None",
  "lootsNum": 3,
  "monsterName": "Lunoicos",
  "mndResist": "14",
  "vitResist": "17",
  "lv": "13",
  "parts": "4 (Head / Front / Back / Tail)",
  "coreParts": "Head",
  "mobility": "20 (4 Legs)",
  "mode": "save",
  "paletteInsertType": "exchange",
  "paletteRemoveTags": "1",
  "paletteTool": "bcdice",
  "paletteUseBuff": "1",
  "paletteUseVar": "1",
  "partsNum": 4,
  "perception": "Five senses",
  "reputation": "17",
  "reputation+": "21",
  "weakness": "Energy damage +3 points",
  "result": "OK",
  "sheetDescriptionM": "分類:Animal　知能:Animal　知覚:Five senses　反応:Neutral\n言語:None　生息地:Wilderness, Plain\n弱点:Energy damage +3 points\n先制値:19　生命抵抗力:17（24）　精神抵抗力:14（21）",
  "sheetDescriptionS": "分類:Animal\n弱点:Energy damage +3 points\n先制値:19　生命抵抗力:17（24）　精神抵抗力:14（21）",
  "sin": "0",
  "skills": "<p><strong>◯Light Protection</strong></p><p>It protects itself with a light covering its entire body. A character who makes a melee attack against this monster, regardless of success or failure, suffers 6 Energy fixed damage for each attempt.This monster illuminates an area of 2 to 3 areas (10m Radius) centered on itself.</p><br><br><p><strong>►Light Ray/16 (23)/Fortitude/Half</strong></p><p>It attacks by firing a huge beam of energy light from its horns.With \"Range/Area: 2 (30m)/Line\" dealing 2d+12 energy magic damage.This effect cannot be used on consecutive turns.</p><br><br><p><strong>◯Attack Obstacle = Impossible • +4</strong></p><p>The Head cannot be attacked in melee. Against any ranged attacks, Head receives a +4 bonus to Evasion checks.This effect disappears when either Front or Back section falls to 0 HP or lower.</p><p><strong>◯Painful Strike</strong></p><p>If the 2d roll of the damage roll is 10 or more, the damage is increased by an additional +12 points.</p><br><br><p><strong>🗨Tail Swing</strong></p><p>The monster can use its Tail to attack up to 5 targets in the same skirmish.</p>",
  "status1Accuracy": "15",
  "status1AccuracyFix": 22,
  "status1Damage": "2d+16",
  "status1Defense": "16",
  "status1Evasion": "14",
  "status1EvasionFix": 21,
  "status1Hp": "111",
  "status1Mp": "18",
  "status1Style": "Horns (Head)",
  "status2Accuracy": "16",
  "status2AccuracyFix": 23,
  "status2Damage": "2d+18",
  "status2Defense": "13",
  "status2Evasion": "13",
  "status2EvasionFix": 20,
  "status2Hp": "121",
  "status2Mp": "18",
  "status2Style": "Trample (Front)",
  "status3Accuracy": "16",
  "status3AccuracyFix": 23,
  "status3Damage": "2d+18",
  "status3Defense": "13",
  "status3Evasion": "13",
  "status3EvasionFix": 20,
  "status3Hp": "131",
  "status3Mp": "18",
  "status3Style": "Trample (Back)",
  "status4Accuracy": "17",
  "status4AccuracyFix": 24,
  "status4Damage": "2d+14",
  "status4Defense": "12",
  "status4Evasion": "14",
  "status4EvasionFix": 21,
  "status4Hp": "101",
  "status4Mp": "18",
  "status4Style": "Tail (Tail)",
  "statusNum": 4,
  "taxa": "Animal",
  "type": "m",
  "unitStatus": {
    "Horns (Head):HP": "111/111",
    "Horns (Head):MP": "18",
    "Trample (Front):HP": "121/121",
    "Trample (Front):MP": "18",
    "Trample (Back):HP": "131/131",
    "Trample (Back):MP": "18",
    "Tail (Tail):HP": "101/101",
    "Tail (Tail):MP": "18"
  },
  "unitExceptStatus": {
    "HP": 4,
    "MP": 4,
    "Defense": 4
  },
  "loots1Num": "2～4",
  "loots1Item": "Faintly Glowing Scale (370/Gold Red A)",
  "loots2Num": "5～9",
  "loots2Item": "Glowing Blue Scale (670G/Gold Red A)",
  "loots3Num": "10+",
  "loots3Item": "White Green Scales (3,370G/Gold Red S)",
  "fortitude": "17",
  "willpower": "14"
}