{
  "description": "<p>This Daemon wears a giant wooden mask reminiscent of a shield and has a body that looks like layers of strong fibers bound together. The mask is decorated with a pattern of straight lines that affect the creature's spirit if one tries to look at it.</p><p>As sparkling fibers make it difficult to see Lunzemase, powerful weapon attacks mercilessly reap the lives of creatures while dazzled.</p>",
  "disposition": "Hostile",
  "habitat": "Various",
  "initiative": "19",
  "intellect": "High",
  "language": "Daemonic",
  "lootsNum": 4,
  "monsterName": "Lunzemase",
  "mndResist": "16",
  "vitResist": "15",
  "lv": "12",
  "parts": "",
  "coreParts": "",
  "mobility": "24",
  "mode": "save",
  "paletteInsertType": "exchange",
  "paletteRemoveTags": "1",
  "paletteTool": "bcdice",
  "paletteUseBuff": "1",
  "paletteUseVar": "1",
  "partsNum": 1,
  "perception": "Five senses (Darkvision)",
  "reputation": "19",
  "reputation+": "23",
  "weakness": "Accuracy +1",
  "result": "OK",
  "sheetDescriptionM": "分類:Daemon　知能:High　知覚:Five senses (Darkvision)　反応:Hostile\n言語:Daemonic　生息地:Various\n弱点:Accuracy +1\n先制値:19　生命抵抗力:15（22）　精神抵抗力:16（23）",
  "sheetDescriptionS": "分類:Daemon\n弱点:Accuracy +1\n先制値:19　生命抵抗力:15（22）　精神抵抗力:16（23）",
  "sin": "0",
  "skills": "<p><strong>◯2 Actions</strong></p><p>Can perform two Major Actions in one round.</p><p><strong>◯Multiple Actions = 2 times</strong></p><p></p><p><strong>◯Sparkling Fibers</strong></p><p>It isn't easy to see a Lunzenmase from a distance. A character who is more than \"Range: 1 (10m)\" away from this monster receives a -2 penalty on checks (Accuracy check, Spellcasting check, Performance check, etc.) when making ranged attacks, casting a spell, Finale, and other unique skills that require visibility of this monster.</p><p><strong>►Twin Strike & Double Attack</strong></p><p>Can make two Weapon attacks each round, though each attack requires its Accuracy check. They may choose to attack different characters with each attack.</p><p><strong>🗨Abyss Blade</strong></p><p>If the target is hit by a Weapon attack, the target's Defense is halved for that attack (rounded up). At risk, the monster takes a -1 penalty to Evasion checks.</p>",
  "status1Accuracy": "16",
  "status1AccuracyFix": 23,
  "status1Damage": "2d+18",
  "status1Defense": "12",
  "status1Evasion": "15",
  "status1EvasionFix": 22,
  "status1Hp": "119",
  "status1Mp": "54",
  "status1Style": "Weapon",
  "statusNum": 1,
  "taxa": "Daemon",
  "type": "m",
  "unitStatus": {
    "Weapon:HP": "119/119",
    "Weapon:MP": "54"
  },
  "unitExceptStatus": {
    "HP": 1,
    "MP": 1,
    "Defense": 1
  },
  "loots1Num": "Always",
  "loots1Item": "Crystallized Daemon's Blood (800G/Red A)",
  "loots2Num": "Always",
  "loots2Item": "Incomprehensible Mask (2,000G/Black White S)",
  "loots3Num": "2～12",
  "loots3Item": "Daemon's Fiber (1,100G/Green S)",
  "loots4Num": "13+",
  "loots4Item": "Lustrous Daemon's Fiber (4,400G/Gold Green S)",
  "fortitude": "15",
  "willpower": "16"
}