{
  "description": "<p>This is a more powerful Blood Sucker. It is rumored that only the most powerful Nosferatu can create these monsters.</p>",
  "disposition": "Hostile",
  "habitat": "Various",
  "initiative": "15",
  "intellect": "Low",
  "language": "Regional Dialect",
  "lootsNum": 3,
  "monsterName": "Mad Blood",
  "mndResist": "12",
  "vitResist": "14",
  "lv": "10",
  "parts": "",
  "coreParts": "",
  "mobility": "17",
  "mode": "save",
  "paletteInsertType": "exchange",
  "paletteRemoveTags": "1",
  "paletteTool": "bcdice",
  "paletteUseBuff": "1",
  "paletteUseVar": "1",
  "partsNum": 1,
  "perception": "Magic",
  "reputation": "15",
  "reputation+": "18",
  "weakness": "HP Recovery (deals damage instead), +3 points",
  "result": "OK",
  "sheetDescriptionM": "分類:Undead　知能:Low　知覚:Magic　反応:Hostile\n言語:Regional Dialect　生息地:Various\n弱点:HP Recovery (deals damage instead), +3 points\n先制値:15　生命抵抗力:14（21）　精神抵抗力:12（19）",
  "sheetDescriptionS": "分類:Undead\n弱点:HP Recovery (deals damage instead), +3 points\n先制値:15　生命抵抗力:14（21）　精神抵抗力:12（19）",
  "sin": "0",
  "skills": "<p><strong>►Double Attack</strong></p><p></p><p><strong>⏩Gaze/11 (18)/Willpower/Negates</strong></p><p>Mad Blood may attempt to paralyze with \"Target: 1 Character\" within \"Range/Area: 2 (50m)/ Target\". If the target fails to resist the Gaze, they are paralyzed for 10 seconds (1 round) and cannot take any Minor Actions or declare Active Combat Feats.This unique skill can be used only once per round.</p><p><strong>►Vampire Bite/12 (19)/Evasion/Negates</strong></p><p>The Mad Blood bites the target, dealing 2d+9 Physical damage. The Mad Blood heals HP equal to the applied damage dealt.</p><p><strong>◯Regeneration = 6 points</strong></p><p>At the end of each round, a Mad Blood recovers 6 HP. This has no effect if the Mad Blood is at 0 HP or lower.</p><p><strong>◯Vampire Body</strong></p><p>As long as a Mad Blood is under sunlight, it takes 6 magic damage at the end of its turn and receives a -2 penalty to all Accuracy and Evasion Checks. This damage cannot be reduced in any way. Additionally, the Mad Blood cannot use their [◯Regeneration] unique skill.</p><p><strong>◯Poison Immunity, ◯Disease Immunity, ◯Psychic Type (Weak) Immunity</strong></p><p></p><p><strong>◯Unstable Healing</strong></p><p>Healing effects such as Divine Magic and items like Unicorn's Horn will damage Undead instead.Magitech, Fairy Magic, Nature Magic, etc. healing has no effect on the Undead.Spiritualism Magic and a few other healing effects can restore an Undead's HP.</p>",
  "status1Accuracy": "13",
  "status1AccuracyFix": 20,
  "status1Damage": "2d+12",
  "status1Defense": "10",
  "status1Evasion": "11",
  "status1EvasionFix": 18,
  "status1Hp": "93",
  "status1Mp": "16",
  "status1Style": "Claws",
  "statusNum": 1,
  "taxa": "Undead",
  "type": "m",
  "unitStatus": {
    "Claws:HP": "93/93",
    "Claws:MP": "16"
  },
  "unitExceptStatus": {
    "HP": 1,
    "MP": 1,
    "Defense": 1
  },
  "loots1Num": "Always",
  "loots1Item": "Corrupted Ash (300G/Gold A)",
  "loots2Num": "2～8",
  "loots2Item": "None",
  "loots3Num": "9+",
  "loots3Item": "Old Cloak (200G/White A)",
  "fortitude": "14",
  "willpower": "12"
}