{
  "description": "<p>Maeve appears as an old woman with pale skin and a black cloak. She doesn't have a particular preferred habitat and lives alone in impoverished places with rich histories.</p><p>She delights in creating feelings of dread and fear in everyone she meets, and is associated with gloom.</p><p>Maeve's appearance sometimes leads people to mistake her for an Undead or Daemon, but it will show its sympathy to those who mistake her.</p>",
  "disposition": "Neutral",
  "habitat": "Various",
  "initiative": "25",
  "intellect": "High",
  "language": "Sylvan",
  "lootsNum": 0,
  "monsterName": "Maeve",
  "mndResist": "23",
  "vitResist": "23",
  "lv": "17",
  "parts": "2 (Upper Body / Lower Body)",
  "coreParts": "Upper Body",
  "mobility": "15/15(Flying)",
  "mode": "save",
  "paletteInsertType": "exchange",
  "paletteRemoveTags": "1",
  "paletteTool": "bcdice",
  "paletteUseBuff": "1",
  "paletteUseVar": "1",
  "partsNum": 2,
  "perception": "Five senses",
  "reputation": "20",
  "reputation+": "23",
  "weakness": "Accuracy +1",
  "result": "OK",
  "sheetDescriptionM": "分類:Fairy　知能:High　知覚:Five senses　反応:Neutral\n言語:Sylvan　生息地:Various\n弱点:Accuracy +1\n先制値:25　生命抵抗力:23（30）　精神抵抗力:23（30）",
  "sheetDescriptionS": "分類:Fairy\n弱点:Accuracy +1\n先制値:25　生命抵抗力:23（30）　精神抵抗力:23（30）",
  "sin": "0",
  "skills": "<p><strong>◯Type: Dark/Magic Power 24 (31)</strong></p><p>Only the Upper Body section can cast spells.</p><p><strong>◯Flight</strong></p><p>They receive a +1 bonus to Accuracy and Evasion only for melee attacks.</p><br><br><p><strong>◯🗨►Magic Aptitude</strong></p><p>They can use the Combat Feats [Multi-Action], [Targeting], [Magic Convergence], [Magic Control], [Hawk Eye], [Wordbreak], and [Rune Master].</p><p><strong>⏩Veil of Darkness</strong></p><p>Maeve's Robe can absorb damage using mana and absorb mana of others.When the Upper Body section receives physical or magical damage, applied damage can be split to HP and MP.If the Upper Body section deals physical damage to another character, it is applied to MP.This effect lasts for 10 seconds (1 round).</p><p><strong>►Cocoon of Darkness/Can't</strong></p><p>This skill creates a giant cocoon of darkness and makes it burst. It inflicts magic damage within \"Range: Caster\" to the \"Target: All Areas (Radius 30m)/All\", and its damage is equal to the maximum MP value of the target minus the current MP value.This ability cannot be used on consecutive turns. Also, when Maeve uses this ability, it costs 30 MP to the Upper Body.</p><br><br><p><strong>◯Realm of Darkness/23 (30)/Willpower/Half</strong></p><p>The surrounding area around Maeve is covered with darkness.All characters in the same skirmish area as Maeve need to do a Willpower save at the end of their turn, losing 10 MP if they fail.This effect is treated as Psychic type.</p><p><strong>◯Attack Obstacle = Impossible • +4</strong></p><p>Maeve's enormous size hinders attack.The Upper Body cannot be attacked in melee. Against any ranged attacks, Head receives a +4 bonus to Evasion checks.This effect disappears when the Lower Body falls to 0 HP or lower</p>",
  "status1Accuracy": "23",
  "status1AccuracyFix": 30,
  "status1Damage": "2d+18",
  "status1Defense": "18",
  "status1Evasion": "22",
  "status1EvasionFix": 29,
  "status1Hp": "131",
  "status1Mp": "135",
  "status1Style": "Fists (Upper Body)",
  "status2Accuracy": "23",
  "status2AccuracyFix": 30,
  "status2Damage": "2d+18",
  "status2Defense": "18",
  "status2Evasion": "22",
  "status2EvasionFix": 29,
  "status2Hp": "140",
  "status2Mp": "110",
  "status2Style": "Kick (Lower Body)",
  "statusNum": 2,
  "taxa": "Fairy",
  "type": "m",
  "unitStatus": {
    "Fists (Upper Body):HP": "131/131",
    "Fists (Upper Body):MP": "135",
    "Kick (Lower Body):HP": "140/140",
    "Kick (Lower Body):MP": "110"
  },
  "unitExceptStatus": {
    "HP": 2,
    "MP": 2,
    "Defense": 2
  },
  "fortitude": "23",
  "willpower": "23"
}