{
  "description": "<p>The Magireplica is a Magitech modeled after an Animal. Except for the fact that it is obviously made of metal, it looks exactly like the modeled animal and behaves very similarly. Even if the animal has unique skills, they are reproduced by magitech.</p><p>In the history of Magitech development, it is said to be the result of the attempt to gain various knowledge by \"learning from nature,\" but it seems that many of them were created as a hobby.</p>",
  "disposition": "Instructed",
  "habitat": "Ruins",
  "initiative": "※",
  "intellect": "Servant",
  "language": "Magitech",
  "lootsNum": 4,
  "monsterName": "Magireplica",
  "mndResist": "※",
  "vitResist": "※",
  "lv": "2",
  "parts": "※",
  "coreParts": "None",
  "mobility": "※(※)/※(※)",
  "mode": "save",
  "paletteInsertType": "exchange",
  "paletteRemoveTags": "1",
  "paletteTool": "bcdice",
  "paletteUseBuff": "1",
  "paletteUseVar": "1",
  "partsNum": 1,
  "perception": "Mechanical",
  "reputation": "※",
  "reputation+": "※",
  "weakness": "Lightning damage +3 damage",
  "result": "OK",
  "sheetDescriptionM": "分類:Magitech　知能:Servant　知覚:Mechanical　反応:Instructed\n言語:Magitech　生息地:Ruins\n弱点:Lightning damage +3 damage\n先制値:※　生命抵抗力:※（NaN）　精神抵抗力:※（NaN）",
  "sheetDescriptionS": "分類:Magitech\n弱点:Lightning damage +3 damage\n先制値:※　生命抵抗力:※（NaN）　精神抵抗力:※（NaN）",
  "sin": "0",
  "skills": "<p><strong>◯Mechanical Body</strong></p><p>It is immune to criticals from edged weapons.</p><p><strong>◯By Model</strong></p><p>The strength of this monster depends on the modeled animal. Please apply the modeled animal monster's values to the place marked with ※ in the various values and data columns.Its level is equal to the Animal Monster's Level + 1. In the case of a multi-section model, the Main Section is always \"None\".Basically, Magireplica has the same unique skills. However, it does not have the effect of regenerating its own HP (such as [◯Regeneration] and [◯Bloodsucking]).</p><p><strong>◯Poison Immunity, ◯Disease Immunity, ◯Psychic Type Immunity</strong></p><p></p><p><strong>◯Limited Healing</strong></p><p>Effects which can heal Magitech HP are very limited, and mostly come from Spiritualism Magic and some special items.Healing effects such as Divine Magic, Fairy Magic, and Nature Magic cannot restore a Magitech's HP.</p><p><strong>◯Can Be Detected</strong></p><p>Magitech can be detected with the [Sense Magic] spell and similar effects.</p>",
  "status1Accuracy": "&#x203B;+1",
  "status1AccuracyFix": null,
  "status1Damage": "&#x203B;+2",
  "status1Defense": "&#x203B;+1",
  "status1Evasion": "&#x203B;",
  "status1EvasionFix": null,
  "status1Hp": "&#x203B;+5",
  "status1Mp": "&#x203B;",
  "status1Style": "&#x203B;(&#x203B;)",
  "statusNum": 1,
  "taxa": "Magitech",
  "type": "m",
  "unitStatus": {
    "&#x203B;(&#x203B;):HP": "&#x203B;+5/&#x203B;+5",
    "&#x203B;(&#x203B;):MP": "&#x203B;"
  },
  "unitExceptStatus": {
    "HP": 1,
    "MP": 1,
    "Defense": 1
  },
  "loots1Num": "Always",
  "loots1Item": "Iron (20G/Black B)",
  "loots2Num": "2～5",
  "loots2Item": "Crude Magitech Components (100G/Black White A)",
  "loots3Num": "6～9",
  "loots3Item": "Magitech Components (300G/Black White A)",
  "loots4Num": "10+",
  "loots4Item": "Rare Magitech Components (900G/Black White A)",
  "fortitude": "※",
  "willpower": "※"
}