{
  "description": "<p>This Construct was created during the Magic Civilization Period. At first glance, it appears to be a large urn, but inside it lives a 60-centimeter-long, dark-skinned Ogre-like construct with a gaping mouth and eyes. Inside, the construct hides in the jar to skillfully fend off attacks.</p><p>The pot has the ability to move by bouncing and rolling.</p><p>The Construct was created to serve as a secret guardian among its owner's furnishings, and those that remain in the labyrinths and ruins today will attack intruders in an attempt to fulfill that role.</p>",
  "disposition": "Instructed",
  "habitat": "Labyrinths, Ruins",
  "initiative": "12",
  "intellect": "Servant",
  "language": "None",
  "lootsNum": 3,
  "monsterName": "Magic Pot",
  "mndResist": "10",
  "vitResist": "11",
  "lv": "8",
  "parts": "",
  "coreParts": "",
  "mobility": "18 (Jumping)/-",
  "mode": "save",
  "paletteInsertType": "exchange",
  "paletteRemoveTags": "1",
  "paletteTool": "bcdice",
  "paletteUseBuff": "1",
  "paletteUseVar": "1",
  "partsNum": 1,
  "perception": "Magic",
  "reputation": "14",
  "reputation+": "19",
  "weakness": "Bludgeoning damage +3 points",
  "result": "OK",
  "sheetDescriptionM": "分類:Construct　知能:Servant　知覚:Magic　反応:Instructed\n言語:None　生息地:Labyrinths, Ruins\n弱点:Bludgeoning damage +3 points\n先制値:12　生命抵抗力:11（18）　精神抵抗力:10（17）",
  "sheetDescriptionS": "分類:Construct\n弱点:Bludgeoning damage +3 points\n先制値:12　生命抵抗力:11（18）　精神抵抗力:10（17）",
  "sin": "0",
  "skills": "<p><strong>►Pot Shot</strong></p><p>The attack is made by something radiating or being fired from the pot's mouth.There are the following types of attacks, which are performed at random. The target of an attack, or the targets of an \"Area: Line\" attack, are selected at random from among the enemies within range.<ol><li><b>Fire Storm / 10 (17) / Willpower / Half:</b> Within \"Range: Caster\" spreads fire over \"1 area (6m Radius) / 20\". Targets are dealt 2d+10 Fire magic damage.</li><li><b>Discharge / 10 (17) / Willpower / Half:</b> Within \"Range / Area: 2 (20m) / Line,\" fires a lightning bolt, dealing 2d+10 Lightning magic damage to targets.</li></li><b>Acid Spray / 10 (17) / Fortitude / Half:</b> Within \"Range / Area: 2 (30m) / Shot,\" spits acid on \"Target: 1 Character\", dealing target 2d+12 Poison magic damage.</li><li><b>Iron Ball Shot / 9 (16) / Evasion / Negates:</b> Within \"Range / Area: 2 (20m) / Line,\" shoots an iron ball. Deals 2d+12 physical damage to the target, and the target falls prone.</li><li><b>Long Arm Attack / 11 (18) / Evasion / Negates:</b> Attacks with Claws \"Target: 1 Character\" within \"Range: 1 (10m)\". Long Arms jumping out of the jar can ignore any skirmish area.</li><li><b>Claws Attack / 11 (18) / Evasion check / Negates:</b> Within \"Range: Touch,\" attacks \"Target: 1 Character\" with its Claws (same as regular melee attack).</li></ol>Which attack will be made is random, but predictable if the PC has successfully completed a Monster Knowledge check. The GM should determine immediately after the attack what the \"next attack\" will be and tell the players (only the first attack is unpredictable, and they do not know the target of each attack).</p><p><strong>◯Ceramic Body</strong></p><p>A Magic Pot is immune to criticals from edged weapons and all magic damage, with the exception of Energy-type damage.</p><p><strong>◯Mana Coating</strong></p><p>Any magic damage the Magic Pot suffers is reduced by -3.</p><p><strong>◯Poison Immunity, ◯Disease Immunity, ◯Psychic Type Immunity</strong></p><p></p><p><strong>◯Limited Healing</strong></p><p>Effects which can heal Construct HP are very limited, and mostly come from Spiritualism Magic and some special items.Healing effects such as Divine Magic, Fairy Magic, and Nature Magic cannot restore a Construct's HP.</p><p><strong>◯Can Be Detected</strong></p><p>Constructs can be detected with the [Sense Magic] spell and similar effects.</p>",
  "status1Accuracy": "11",
  "status1AccuracyFix": 18,
  "status1Damage": "2d+12",
  "status1Defense": "8",
  "status1Evasion": "10",
  "status1EvasionFix": 17,
  "status1Hp": "70",
  "status1Mp": "40",
  "status1Style": "Claws",
  "statusNum": 1,
  "taxa": "Construct",
  "type": "m",
  "unitStatus": {
    "Claws:HP": "70/70",
    "Claws:MP": "40"
  },
  "unitExceptStatus": {
    "HP": 1,
    "MP": 1,
    "Defense": 1
  },
  "loots1Num": "2～7",
  "loots1Item": "Magical Ceramic Shards (250G/Gold Black White A)",
  "loots2Num": "8～11",
  "loots2Item": "Dense Magic Jewel (700G/Gold A)",
  "loots3Num": "12+",
  "loots3Item": "Magic Stones (1,900G/Gold S)",
  "fortitude": "11",
  "willpower": "10"
}