{
  "description": "<p>Maginohek is essentially a self-propelled \"wall.\"</p><p>It features four legs on the back side of a square wall measuring about 5 meters on each side. When in motion, it walks flat on its back, and it is possible to place materials or soldier gunners on top of it.</p><p>Originally, several Maginohek were operated simultaneously, with their role being to construct makeshift field fortifications. To achieve this, several Maginohek would stand on two legs and interweave their remaining two legs with each other in a horizontal line.</p><p>The Maginohek is equipped with several inlays, through which another magitech soldier or shooter can attack using guns. However, the Maginohek seen today lacks accompanying soldiers and attacks with spears and other weapons. It has a balance issue, and when it stands on two legs, it is highly prone to falling over on its own.</p><p>Although they can be seen at the remains of military bases, they are currently few in number and rarely form huge walls. Even so, their defenses are extremely hard, and getting caught in a fall by accident could easily result in being crushed to death.</p>",
  "disposition": "Instructed",
  "habitat": "Ruins, Plains",
  "initiative": "17",
  "intellect": "Servant",
  "language": "None",
  "lootsNum": 1,
  "monsterName": "Maginohek",
  "mndResist": "14",
  "vitResist": "15",
  "lv": "11",
  "parts": "",
  "coreParts": "",
  "mobility": "10 (4 legs)",
  "mode": "save",
  "paletteInsertType": "exchange",
  "paletteRemoveTags": "1",
  "paletteTool": "bcdice",
  "paletteUseBuff": "1",
  "paletteUseVar": "1",
  "partsNum": 1,
  "perception": "Mechanical",
  "reputation": "18",
  "reputation+": "21",
  "weakness": "Magic damage +2 points",
  "result": "OK",
  "sheetDescriptionM": "分類:Magitech　知能:Servant　知覚:Mechanical　反応:Instructed\n言語:None　生息地:Ruins, Plains\n弱点:Magic damage +2 points\n先制値:17　生命抵抗力:15（22）　精神抵抗力:14（21）",
  "sheetDescriptionS": "分類:Magitech\n弱点:Magic damage +2 points\n先制値:17　生命抵抗力:15（22）　精神抵抗力:14（21）",
  "sin": "0",
  "skills": "<p><strong>◯Water/Ice Immunity, ◯Poison Immunity, ◯Disease Immunity, ◯Psychic Type Immunity</strong></p><p></p><p><strong>◯Mechanical Body</strong></p><p>It is immune to criticals from edged weapons.</p><p><strong>◯Limited 3 Attacks</strong></p><p>Maginohek can make three Spear attacks with one Major Action.It can only choose the same target twice in the same round.</p><p><strong>◯Giant Wall</strong></p><p>Maginohek counts as 5 characters for the purpose of determining blocking movement and the size of the skirmish area.</p><p><strong>⏩△Morphogenesis</strong></p><p>This monster has two forms, the \"Mobile Form\" and the \"Combat Form\", which can be changed to each other with Minor Action or during Combat Preparation. In each turn, the Maginohek can perform [⏩△Morphogenesis] only once.Maginohek cannot make Melee Attack cannot be performed in Mobile Form. Also, it gains [◯Mounted = 3 Characters].Melee Attack can be performed in Combat Form. Also, Maginohek gets the [◯Gun-Proof Armor].</p><p><strong>◯Mounted = 3 Characters</strong></p><p>Up to 3 characters can be mounted.This ability is only available when the Maginohek is in Mobile Form. If a character is mounted and then [⏩△Morphogenesis] is used to change into Combat Form, all mounted characters will fall off this monster (see CR III, p. 89).</p><p><strong>◯Gun-Proof Armor</strong></p><p>Defense is useful when the Maginohek receives magic damage from Ranged Attacks, Area: Shot, or Area: Line spells or effects.This ability can be obtained only when Maginohek is in Combat Form.</p><p><strong>◯Out of Balance/14 (21)/Evasion/Negates</strong></p><p>Maginohek can fall prone depending on its HP.Roll 1d at the start of the turn, and Maginohek will fall prone depending on its HP and the roll. If it falls prone, it deals 2d+30 physical damage to \"Target: 1 area(Radius 6m) / 20\" within \"Range: Caster\". After that, it changes to the Moving Form.The Maginohek needs a Major Action to get up from the fall, and cannot perform [⏩△Morphogenesis] on turn it fell from this ability.Tumbling Table</p>",
  "status1Accuracy": "15",
  "status1AccuracyFix": 22,
  "status1Damage": "2d+18",
  "status1Defense": "20",
  "status1Evasion": "10",
  "status1EvasionFix": 17,
  "status1Hp": "200",
  "status1Mp": "0",
  "status1Style": "Spear",
  "statusNum": 1,
  "taxa": "Magitech",
  "type": "m",
  "unitStatus": {
    "Spear:HP": "200/200",
    "Spear:MP": "0/0"
  },
  "unitExceptStatus": {
    "HP": 1,
    "MP": 1,
    "Defense": 1
  },
  "loots1Num": "Always",
  "loots1Item": "Mysterious Magitech Components (2,400G/Black White S)",
  "fortitude": "15",
  "willpower": "14"
}