{
  "description": "<p>This is a daemon with the head of an elephant and the body of a raptor, frequently seen in Shallow Abysses.</p><p>They prioritize offering sacrifices to the god they believe in, and the more brutal the sacrifice, the better. They believe that the act of fighting is itself an offering to the gods.</p>",
  "disposition": "Hostile",
  "habitat": "Shallow Abysses",
  "initiative": "18",
  "intellect": "Average",
  "language": "Daemonic",
  "lootsNum": 4,
  "monsterName": "Mahatiga",
  "mndResist": "13",
  "vitResist": "13",
  "lv": "10",
  "parts": "3 (Head / Body / Wings)",
  "coreParts": "Head",
  "mobility": "25/25 (Flying)",
  "mode": "save",
  "paletteInsertType": "exchange",
  "paletteRemoveTags": "1",
  "paletteTool": "bcdice",
  "paletteUseBuff": "1",
  "paletteUseVar": "1",
  "partsNum": 3,
  "perception": "Five senses (Darkvision)",
  "reputation": "18",
  "reputation+": "22",
  "weakness": "Slashing damage +3",
  "result": "OK",
  "sheetDescriptionM": "分類:Daemon　知能:Average　知覚:Five senses (Darkvision)　反応:Hostile\n言語:Daemonic　生息地:Shallow Abysses\n弱点:Slashing damage +3\n先制値:18　生命抵抗力:13（20）　精神抵抗力:13（20）",
  "sheetDescriptionS": "分類:Daemon\n弱点:Slashing damage +3\n先制値:18　生命抵抗力:13（20）　精神抵抗力:13（20）",
  "sin": "0",
  "skills": "<p><strong>►Divine Magic 10 Level/Magic Power 12 (19)</strong></p><p></p><p><strong>◯🗨Magic Aptitude</strong></p><p>They can use the Combat Feats [Targeting], [Metamagic/Targets], and [Multi-Action].</p><p><strong>🗨Mana Strike = +12 damage</strong></p><p>May deal an additional +12 damage to their next melee attack. At risk, they take a -2 penalty to their Fortitude and Willpower checks.</p><br><br><p><strong>►Twin Strike & Double Attack</strong></p><p>It can make two Claws attacks each round, though each attack requires its Accuracy check. They may choose to attack different characters with each attack.</p><br><br><p><strong>◯Flight</strong></p><p>All section receives a +1 bonus to Accuracy and Evasion only for melee attacks.If the Wings section falls to 0 HP or lower, this unique skill cannot be used.</p><p><strong>►Wind-Edge Blade/12 (19)/Fortitude/Half</strong></p><p>With \"Range/Area: 2 (30m)/ Target\", Garuda uses a blade made of feathers to deal with dealing 2d+12 slashing magic damage.This ability costs 6 MP.</p>",
  "status1Accuracy": "13",
  "status1AccuracyFix": 20,
  "status1Damage": "2d+11",
  "status1Defense": "9",
  "status1Evasion": "12",
  "status1EvasionFix": 19,
  "status1Hp": "85",
  "status1Mp": "85",
  "status1Style": "Snout (Head)",
  "status2Accuracy": "14",
  "status2AccuracyFix": 21,
  "status2Damage": "2d+10",
  "status2Defense": "11",
  "status2Evasion": "11",
  "status2EvasionFix": 18,
  "status2Hp": "99",
  "status2Mp": "32",
  "status2Style": "Claws (Body)",
  "status3Accuracy": "13",
  "status3AccuracyFix": 20,
  "status3Damage": "2d+9",
  "status3Defense": "8",
  "status3Evasion": "11",
  "status3EvasionFix": 18,
  "status3Hp": "72",
  "status3Mp": "36",
  "status3Style": "Wings (Wings)",
  "statusNum": 3,
  "taxa": "Daemon",
  "type": "m",
  "unitStatus": {
    "Snout (Head):HP": "85/85",
    "Snout (Head):MP": "85",
    "Claws (Body):HP": "99/99",
    "Claws (Body):MP": "32",
    "Wings (Wings):HP": "72/72",
    "Wings (Wings):MP": "36"
  },
  "unitExceptStatus": {
    "HP": 3,
    "MP": 3,
    "Defense": 3
  },
  "loots1Num": "Always",
  "loots1Item": "Crystallized Daemon's Blood (800G/Red A)",
  "loots2Num": "2～6",
  "loots2Item": "Daemon's Nose (500G/Red A)",
  "loots3Num": "7～11",
  "loots3Item": "Long Daemon's Nose (1,600G/Red S)",
  "loots4Num": "12+",
  "loots4Item": "Lustrous Daemon's Nose (4,000G/Red S)",
  "fortitude": "13",
  "willpower": "13"
}