{
  "description": "<p>This is a runaway construct of a magical mirror stand used by the nobility in the Magic Civilization Period. It is equipped with three large mirrors reflecting the whole body and is supported by a sturdy base.</p><p>Its original purpose was to place the reflected image outside the mirror in order to be able to check it from all angles, but what is now running amok in ruins is to take the reflected character into the mirror and manipulate only its shadow.</p>",
  "disposition": "Hostile",
  "habitat": "Ruins",
  "initiative": "14",
  "intellect": "Low",
  "language": "Arcana",
  "lootsNum": 2,
  "monsterName": "Malicious Dresser",
  "mndResist": "11",
  "vitResist": "10",
  "lv": "8",
  "parts": "4 (Mirror x 3 / Foundation)",
  "coreParts": "Mirror (All)",
  "mobility": "10 (4 Legs)",
  "mode": "save",
  "paletteInsertType": "exchange",
  "paletteRemoveTags": "1",
  "paletteTool": "bcdice",
  "paletteUseBuff": "1",
  "paletteUseVar": "1",
  "partsNum": 4,
  "perception": "Magic",
  "reputation": "16",
  "reputation+": "19",
  "weakness": "Physical damage +2 points",
  "result": "OK",
  "sheetDescriptionM": "分類:Construct　知能:Low　知覚:Magic　反応:Hostile\n言語:Arcana　生息地:Ruins\n弱点:Physical damage +2 points\n先制値:14　生命抵抗力:10（17）　精神抵抗力:11（18）",
  "sheetDescriptionS": "分類:Construct\n弱点:Physical damage +2 points\n先制値:14　生命抵抗力:10（17）　精神抵抗力:11（18）",
  "sin": "0",
  "skills": "<p><strong>◯Limited Healing</strong></p><p>Effects which can heal Construct HP are very limited, and mostly come from Spiritualism Magic and some special items.Healing effects such as Divine Magic, Fairy Magic, and Nature Magic cannot restore a Construct's HP.</p><p><strong>◯Can Be Detected</strong></p><p>Constructs can be detected with the [Sense Magic] spell and similar effects.</p><br><br><p><strong>►Invitation to the Reversed World/10 (17)/ Willpower/Negates</strong></p><p>Engulfs the person reflected in the mirror, making it impossible to interfere with the real world.Engulfs \"Target: 1 Character\" in the mirror within \"Range: Touch.\" The captured target will not be able to perform any movement or actions (Major Action, Minor Action). The target can attempt to escape at the beginning of its turn by comparing the success value of the ability to its Willpower (with the escaping player being the active player). If the success value is higher than the ability value, the target is released and can continue its turn. Otherwise, the target suffers 2d+5 Curse magic damage.This effect is automatically canceled when the HP of the Mirror section that used this ability becomes 0 or less or the target dies.A Mirror section that already captured another character cannot use this ability.As a general rule, this ability does not allow a character in multiple sections to be the target. However, suppose multiple Mirror sections have not engulfed the character. In that case, using this ability, it is possible to take in as many sections of the target by the same number of Mirror sections. Each check of this ability and each check of escape attempts is performed only once to compare to the success value. Damage incurred in case of escape failure is given to each section individually.</p><p><strong>►Mirroring</strong></p><p>This ability can only be used if another character has been taken in by [►Invitation to the Reversed World].The mirror creates the shadow of the character captured in the mirror and manipulated at will. The abilities and numerical values of the character captured in the mirror are used as they are. The GM controls the shadow.When a shadow performs an action involving an item's consumption, it does so by consuming that item from the character captured in the mirror (but it does not needlessly discard items, etc.).The shadow itself has no HP or MP, and if it must be dealt damage or consumed, the HP and MP of the Mirror section controlling it are reduced instead.When Mirror's turn is over, the shadow disappears.Only one Mirror section can perform the [►Mirroring] per turn. Once one Mirror section has done so, no other section Mirror can use it.When multiple Mirror section is used to capture the character with multiple sections, it is possible to create the shadow of only one of the sections.</p><br><br><p><strong>◯Oak Wood Body</strong></p><p>It is immune to a critical hit from edged weapons.</p><p><strong>◯Attack Obstacle = +4 • None</strong></p><p>Size prevents enemies from attacking it.All Mirror sections receive a +4 bonus to Evasion checks against melee attacks.This effect disappears when the Foundation section falls to 0 HP or lower.</p>",
  "status1Accuracy": "-",
  "status1AccuracyFix": null,
  "status1Damage": "-",
  "status1Defense": "5",
  "status1Evasion": "10",
  "status1EvasionFix": 17,
  "status1Hp": "61",
  "status1Mp": "33",
  "status1Style": "None (Mirror)",
  "status2Accuracy": "-",
  "status2AccuracyFix": null,
  "status2Damage": "-",
  "status2Defense": "5",
  "status2Evasion": "10",
  "status2EvasionFix": 17,
  "status2Hp": "61",
  "status2Mp": "33",
  "status2Style": "None (Mirror)",
  "status3Accuracy": "-",
  "status3AccuracyFix": null,
  "status3Damage": "-",
  "status3Defense": "5",
  "status3Evasion": "10",
  "status3EvasionFix": 17,
  "status3Hp": "61",
  "status3Mp": "33",
  "status3Style": "None (Mirror)",
  "status4Accuracy": "11",
  "status4AccuracyFix": 18,
  "status4Damage": "2d+12",
  "status4Defense": "8",
  "status4Evasion": "9",
  "status4EvasionFix": 16,
  "status4Hp": "69",
  "status4Mp": "15",
  "status4Style": "Kick (Foundation)",
  "statusNum": 4,
  "taxa": "Construct",
  "type": "m",
  "unitStatus": {
    "None (Mirror):HP": "61/61",
    "None (Mirror):MP": "33",
    "Kick (Foundation):HP": "69/69",
    "Kick (Foundation):MP": "15"
  },
  "unitExceptStatus": {
    "HP": 4,
    "MP": 4,
    "Defense": 4
  },
  "loots1Num": "2～10",
  "loots1Item": "Fragments of Mirror (330G/Black White A)",
  "loots2Num": "11+",
  "loots2Item": "Large Fragments of Mirror (1,220G/Black White S)",
  "fortitude": "10",
  "willpower": "11"
}