{
  "description": "<p>A plant whose roots are shaped like a human. The root is about 60cm in length and is typically buried in soil most of the year, with only the head, from which a small amount of leaves grow, exposed. Under normal circumstances, a Mandrake will prefer to grow in dimly-lit sections of deep forests, and have distinctive pale, pink flowers.</p><p>As winter grows near, the Mandrake will uproot itself and wander in search of a mate, looking to create a new batch of seeds.</p><p>Due to their purported uses in medicines and other concoctions, Mandrakes have been overhunted by both Humanoids and Barbarous, and so hold grudges against both groups. A Mandrake can call upon Fairy magic in order to help protect itself, as well as the signature screaming, they are known for. It's said that those who hear the scream and live will still be afflicted with any number of mental disorders.</p>",
  "disposition": "Hostile",
  "habitat": "Forests",
  "initiative": "8",
  "intellect": "Low",
  "language": "None",
  "lootsNum": 3,
  "monsterName": "Mandrake",
  "mndResist": "8",
  "vitResist": "7",
  "lv": "5",
  "parts": "",
  "coreParts": "",
  "mobility": "7",
  "mode": "save",
  "paletteInsertType": "exchange",
  "paletteRemoveTags": "1",
  "paletteTool": "bcdice",
  "paletteUseBuff": "1",
  "paletteUseVar": "1",
  "partsNum": 1,
  "perception": "Magic",
  "reputation": "11",
  "reputation+": "16",
  "weakness": "Physical Damage +2",
  "result": "OK",
  "sheetDescriptionM": "分類:Plant　知能:Low　知覚:Magic　反応:Hostile\n言語:None　生息地:Forests\n弱点:Physical Damage +2\n先制値:8　生命抵抗力:7（14）　精神抵抗力:8（15）",
  "sheetDescriptionS": "分類:Plant\n弱点:Physical Damage +2\n先制値:8　生命抵抗力:7（14）　精神抵抗力:8（15）",
  "sin": "0",
  "skills": "<p><strong>►Fairy Magic 4 Level / Magic Power 6 (13)</strong></p><p>The types used are Earth, Water/Ice, Light and Dark. This does not change even if the contract pattern is adopted (see MA, p. 136).</p><p><strong>◯Scream / 10 & 14 / Fortitude & Willpower / Negates</strong></p><p>Once per day, when it suffers HP damage, the Mandrake can unleash a terrifying, deadly scream.Character in \"Range: Caster\" and \"Target: All Areas (30m Radius)/All\" around Mandrake must immediately make both a Fortitude and Willpower check. The target must immediately perform a Fortitude check with a Target Number of 10. If the target fails to do so, it is immediately unconscious and remains unconscious for 1 hour unless it is restored by a spell such as [Awaken].If the Fortitude s쳮ds, the next must be Willpower with a Target Number of 14. Characters that fail the subsequent Willpower check cannot perform any Major or Minor Actions and receive a -4 penalty to Evasion for 10 seconds (1 round).</p>",
  "status1Accuracy": "7",
  "status1AccuracyFix": 14,
  "status1Damage": "2d+5",
  "status1Defense": "2",
  "status1Evasion": "4",
  "status1EvasionFix": 11,
  "status1Hp": "46",
  "status1Mp": "36",
  "status1Style": "Arm",
  "statusNum": 1,
  "taxa": "Plant",
  "type": "m",
  "unitStatus": {
    "Arm:HP": "46/46",
    "Arm:MP": "36"
  },
  "unitExceptStatus": {
    "HP": 1,
    "MP": 1,
    "Defense": 1
  },
  "loots1Num": "Always",
  "loots1Item": "Vitality Root (100G / Green A)",
  "loots2Num": "2～11",
  "loots2Item": "None",
  "loots3Num": "12+",
  "loots3Item": "Mandrake Seed (1500G / Green S)",
  "fortitude": "7",
  "willpower": "8"
}