{
  "description": "<p>A superior species of Manogaryu who are reputed to have subdued Mythical Beasts and large animals. Manogaryu customarily incorporate the name of the animal or Mythical Beast they have tamed into their own name, which can be used to guess at how strong an individual is.</p><p>It is said one legendary Manogaryu is said to have tamed a dragon, but it has not been confirmed whether this was a true story or a boast.</p>",
  "disposition": "Hostile",
  "habitat": "Forest, Ruins",
  "initiative": "16",
  "intellect": "Low",
  "language": "Barbaric, Youma, Sea Animal",
  "lootsNum": 2,
  "monsterName": "Manodanryu",
  "mndResist": "12",
  "vitResist": "12",
  "lv": "9",
  "parts": "",
  "coreParts": "",
  "mobility": "14/-",
  "mode": "save",
  "paletteInsertType": "exchange",
  "paletteRemoveTags": "1",
  "paletteTool": "bcdice",
  "paletteUseBuff": "1",
  "paletteUseVar": "1",
  "partsNum": 1,
  "perception": "Five Senses (Darkvision)",
  "reputation": "15",
  "reputation+": "18",
  "weakness": "Accuracy +1",
  "result": "OK",
  "sheetDescriptionM": "分類:Barbarous　知能:Low　知覚:Five Senses (Darkvision)　反応:Hostile\n言語:Barbaric, Youma, Sea Animal　生息地:Forest, Ruins\n弱点:Accuracy +1\n先制値:16　生命抵抗力:12（19）　精神抵抗力:12（19）",
  "sheetDescriptionS": "分類:Barbarous\n弱点:Accuracy +1\n先制値:16　生命抵抗力:12（19）　精神抵抗力:12（19）",
  "sin": "4",
  "skills": "<p><strong>◯Twin Strike & Double Attack</strong></p><p>Can make two Whip attacks each round, though each attack requires its own Accuracy check. They may choose to attack different characters with each attack.</p><p><strong>◯Multiple Declarations = 3 times</strong></p><p></p><p><strong>◯Subjugation II</strong></p><p>Adds +2 bonus to Accuracy/Evasion versus Animals and Mythical Beasts.</p><p><strong>🗨Whip Feint</strong></p><p>Deliberately leaves an opening in its attack to bait the opponent into evading. This has the same effect as [Decoy Attack I].</p><p><strong>🗨Vital Aim</strong></p><p>Aims the whip for a weak point and attacks. If the Accuracy Check roll result is 9 or greater, +5 damage is added to the attack's damage roll. As a risk, the Manozalyu receives a -2 penalty to its attack.</p><p><strong>🗨All-Out Offense</strong></p><p>Puts all of their strength behind the whip and launches a vicious blow. This adds +8 damage to the attack's damage roll, but as a Risk, the Manodanryu suffers a -2 penalty to its Evasion.</p>",
  "status1Accuracy": "12",
  "status1AccuracyFix": 19,
  "status1Damage": "2d+12",
  "status1Defense": "7",
  "status1Evasion": "12",
  "status1EvasionFix": 19,
  "status1Hp": "80",
  "status1Mp": "30",
  "status1Style": "Whip",
  "statusNum": 1,
  "taxa": "Barbarous",
  "type": "m",
  "unitStatus": {
    "Whip:HP": "80/80",
    "Whip:MP": "30"
  },
  "unitExceptStatus": {
    "HP": 1,
    "MP": 1,
    "Defense": 1
  },
  "loots1Num": "2～9",
  "loots1Item": "Beast Tamer's Whip (660G / Red A)",
  "loots2Num": "10+",
  "loots2Item": "Whip of Subjugation (1680G / Red S)",
  "fortitude": "12",
  "willpower": "12"
}