{
  "description": "<p>A superior species of Manogaryu known for subjugating numerous beasts and presenting them to high ranking Barbarous. Identical to Manozalyu in size, their skin is instead a dark green.</p><p>They possess greater skill at handling whips, but their intelligence is still low, and thus their status in Barbarous society is not much improved.</p><p>Their is no skill or technique to their beast taming, as it seems to stem from intuition. As such, it is unique to each individual and cannot be taught to others.</p>",
  "disposition": "Hostile",
  "habitat": "Forest, Meadow",
  "initiative": "13",
  "intellect": "Low",
  "language": "Barbaric, Youma",
  "lootsNum": 4,
  "monsterName": "Manozalyu",
  "mndResist": "8",
  "vitResist": "8",
  "lv": "6",
  "parts": "",
  "coreParts": "",
  "mobility": "14/-",
  "mode": "save",
  "paletteInsertType": "exchange",
  "paletteRemoveTags": "1",
  "paletteTool": "bcdice",
  "paletteUseBuff": "1",
  "paletteUseVar": "1",
  "partsNum": 1,
  "perception": "Five Senses (Darkvision)",
  "reputation": "12",
  "reputation+": "15",
  "weakness": "Accuracy +1",
  "result": "OK",
  "sheetDescriptionM": "分類:Barbarous　知能:Low　知覚:Five Senses (Darkvision)　反応:Hostile\n言語:Barbaric, Youma　生息地:Forest, Meadow\n弱点:Accuracy +1\n先制値:13　生命抵抗力:8（15）　精神抵抗力:8（15）",
  "sheetDescriptionS": "分類:Barbarous\n弱点:Accuracy +1\n先制値:13　生命抵抗力:8（15）　精神抵抗力:8（15）",
  "sin": "4",
  "skills": "<p><strong>◯Double Attack</strong></p><p>A Manozalyu can make two Whip attacks against the same target.</p><p><strong>◯Multiple Declarations = 2 times</strong></p><p></p><p><strong>◯Subjugation</strong></p><p>Adds +1 bonus to Accuracy/Evasion versus Animals and Mythical Beasts.</p><p><strong>🗨Whip Feint</strong></p><p>Deliberately leaves an opening in its attack to bait the opponent into evading. This has the same effect as [Decoy Attack I].</p><p><strong>🗨Vital Aim</strong></p><p>Aims the whip for a weak point and attacks. If the Accuracy Check roll result is 9 or greater, +5 damage is added to the attack. As a risk, the Manozalyu receives a -2 penalty to its attack.</p>",
  "status1Accuracy": "8",
  "status1AccuracyFix": 15,
  "status1Damage": "2d+8",
  "status1Defense": "5",
  "status1Evasion": "8",
  "status1EvasionFix": 15,
  "status1Hp": "46",
  "status1Mp": "20",
  "status1Style": "Whip",
  "statusNum": 1,
  "taxa": "Barbarous",
  "type": "m",
  "unitStatus": {
    "Whip:HP": "46/46",
    "Whip:MP": "20"
  },
  "unitExceptStatus": {
    "HP": 1,
    "MP": 1,
    "Defense": 1
  },
  "loots1Num": "Always",
  "loots1Item": "Dance Costume (100G / Red A)",
  "loots2Num": "2～6",
  "loots2Item": "Nothing",
  "loots3Num": "7～11",
  "loots3Item": "Flexible Whip (140G / Red A)",
  "loots4Num": "12+",
  "loots4Item": "Beast Tamer's Whip (660G / Red A)",
  "fortitude": "8",
  "willpower": "8"
}