{
  "description": "<p>A small but strong Barbarous, it has light green skin and stands about 1m 50cm tall as an adult.</p><p>They wield a whip in each hand and are often tasked with commanding and herding lesser beasts, livestock, and war animals. The sight of their dance-like motions in a fight is impressive and sometimes even fascinates their opponents.</p><p>They take pleasure in subjugating Humanoids, especially Lykants, and sometimes go out of their way to target them.</p>",
  "disposition": "Hostile",
  "habitat": "Forests, Grasslands",
  "initiative": "11",
  "intellect": "Low",
  "language": "Barbaric, Youma",
  "lootsNum": 3,
  "monsterName": "Manogaryu",
  "mndResist": "6",
  "vitResist": "6",
  "lv": "4",
  "parts": "",
  "coreParts": "",
  "mobility": "14/-",
  "mode": "save",
  "paletteInsertType": "exchange",
  "paletteRemoveTags": "1",
  "paletteTool": "bcdice",
  "paletteUseBuff": "1",
  "paletteUseVar": "1",
  "partsNum": 1,
  "perception": "Five Senses (Darkvision)",
  "reputation": "8",
  "reputation+": "13",
  "weakness": "Accuracy +1",
  "result": "OK",
  "sheetDescriptionM": "分類:Barbarous　知能:Low　知覚:Five Senses (Darkvision)　反応:Hostile\n言語:Barbaric, Youma　生息地:Forests, Grasslands\n弱点:Accuracy +1\n先制値:11　生命抵抗力:6（13）　精神抵抗力:6（13）",
  "sheetDescriptionS": "分類:Barbarous\n弱点:Accuracy +1\n先制値:11　生命抵抗力:6（13）　精神抵抗力:6（13）",
  "sin": "3",
  "skills": "<p><strong>◯Double Attack</strong></p><p>A Manogaryu can make two Whip attacks against the same target.</p><p><strong>◯Multiple Declarations = 2 times</strong></p><p></p><p><strong>◯Subjugation</strong></p><p>Adds +1 bonus to Accuracy/Evasion versus Animals and Mythical Beasts.</p><p><strong>🗨Whip Feint</strong></p><p>Deliberately leaves an opening in its attack to bait the opponent into evading. This has the same effect as [Decoy Attack I].</p>",
  "status1Accuracy": "6",
  "status1AccuracyFix": 13,
  "status1Damage": "2d+5",
  "status1Defense": "3",
  "status1Evasion": "6",
  "status1EvasionFix": 13,
  "status1Hp": "30",
  "status1Mp": "10",
  "status1Style": "Whip",
  "statusNum": 1,
  "taxa": "Barbarous",
  "type": "m",
  "unitStatus": {
    "Whip:HP": "30/30",
    "Whip:MP": "10"
  },
  "unitExceptStatus": {
    "HP": 1,
    "MP": 1,
    "Defense": 1
  },
  "loots1Num": "Always",
  "loots1Item": "Dance Costume (100G/Red A)",
  "loots2Num": "2～8",
  "loots2Item": "None",
  "loots3Num": "9+",
  "loots3Item": "Long, Flexible Whip (140G/Red A)",
  "fortitude": "6",
  "willpower": "6"
}