{
  "description": "<p>A parasitic, mobile plant whose ivy is usually tangled around the carcass of an animal. At first glance, it looks as if the tentacle and flowers are growing out of a moving corpse, and as a result, it is sometimes confused with the undead. However, this corpse is simply a corpse, and the plant that it is moving it about is the real body.</p><p>It wanders through forests and swamps in search of its next host. They are overly aggressive and attack by entangling and otherwise blocking movement.</p>",
  "disposition": "Hostile",
  "habitat": "Forests, Swamps",
  "initiative": "14",
  "intellect": "None",
  "language": "None",
  "lootsNum": 3,
  "monsterName": "Marionette Ivy",
  "mndResist": "11",
  "vitResist": "12",
  "lv": "8",
  "parts": "",
  "coreParts": "",
  "mobility": "10 (Dependence)/-",
  "mode": "save",
  "paletteInsertType": "exchange",
  "paletteRemoveTags": "1",
  "paletteTool": "bcdice",
  "paletteUseBuff": "1",
  "paletteUseVar": "1",
  "partsNum": 1,
  "perception": "Magic",
  "reputation": "15",
  "reputation+": "18",
  "weakness": "Fire Damage +3",
  "result": "OK",
  "sheetDescriptionM": "分類:Plant　知能:None　知覚:Magic　反応:Hostile\n言語:None　生息地:Forests, Swamps\n弱点:Fire Damage +3\n先制値:14　生命抵抗力:12（19）　精神抵抗力:11（18）",
  "sheetDescriptionS": "分類:Plant\n弱点:Fire Damage +3\n先制値:14　生命抵抗力:12（19）　精神抵抗力:11（18）",
  "sin": "0",
  "skills": "<p><strong>◯Psychic Immunity</strong></p><p></p><p><strong>◯2 Actions</strong></p><p>Marionette Ivy can perform two Major Actions in one round.</p><p><strong>►Snaring Vines / 12 (19) / Fortitude / Negates</strong></p><p>The Marionette Ivy can use its Vine to ensnare a target within \"Range: Touch\" and \"Target: 1 Character\". If the target fails to resist, they are ensnared, unable to move, and receive a -4 penalty to Evasion checks. This effect is not cumulative. When the target tries to escape, use de-bonding (see ML, p. 71).Because of its countless number of vines, Marionette Ivy can attack or use [►Snaring Vines] even if it is already ensnared another target.</p>",
  "status1Accuracy": "11",
  "status1AccuracyFix": 18,
  "status1Damage": "2d+8",
  "status1Defense": "4",
  "status1Evasion": "10",
  "status1EvasionFix": 17,
  "status1Hp": "78",
  "status1Mp": "14",
  "status1Style": "Vine",
  "statusNum": 1,
  "taxa": "Plant",
  "type": "m",
  "unitStatus": {
    "Vine:HP": "78/78",
    "Vine:MP": "14"
  },
  "unitExceptStatus": {
    "HP": 1,
    "MP": 1,
    "Defense": 1
  },
  "loots1Num": "Always",
  "loots1Item": "Magical Vine (80G / Green B) x 1d",
  "loots2Num": "2～11",
  "loots2Item": "None",
  "loots3Num": "12+",
  "loots3Item": "Remains of the Dead (500G / White A)",
  "fortitude": "12",
  "willpower": "11"
}