{
  "description": "<p>This is a mid-air support type of the larger Barba series. At the end of the Magitech Civilization Period, Maris Barba's troops in formation were recorded to have attacked and defeated all the Barbarous.</p><p>However, there is a record of problems such as inferior fighting capability and increased cost as a result of the larger size.</p>",
  "disposition": "Instructed",
  "habitat": "Ruins, Mountains",
  "initiative": "15",
  "intellect": "Servant",
  "language": "Magitech",
  "lootsNum": 4,
  "monsterName": "Maris Barba",
  "mndResist": "11",
  "vitResist": "10",
  "lv": "8",
  "parts": "2 (Body / Legs)",
  "coreParts": "None",
  "mobility": "-/10(Floating)",
  "mode": "save",
  "paletteInsertType": "exchange",
  "paletteRemoveTags": "1",
  "paletteTool": "bcdice",
  "paletteUseBuff": "1",
  "paletteUseVar": "1",
  "partsNum": 2,
  "perception": "Mechanical",
  "reputation": "15",
  "reputation+": "18",
  "weakness": "Physical damage +2 points",
  "result": "OK",
  "sheetDescriptionM": "分類:Magitech　知能:Servant　知覚:Mechanical　反応:Instructed\n言語:Magitech　生息地:Ruins, Mountains\n弱点:Physical damage +2 points\n先制値:15　生命抵抗力:10（17）　精神抵抗力:11（18）",
  "sheetDescriptionS": "分類:Magitech\n弱点:Physical damage +2 points\n先制値:15　生命抵抗力:10（17）　精神抵抗力:11（18）",
  "sin": "0",
  "skills": "<p><strong>◯Limited Healing</strong></p><p>Effects which can heal Magitech HP are very limited, and mostly come from Spiritualism Magic and some special items.Healing effects such as Divine Magic, Fairy Magic, and Nature Magic cannot restore a Magitech's HP.</p><p><strong>◯Can Be Detected</strong></p><p>Magitech can be detected with the [Sense Magic] spell and similar effects.</p><br><br><p><strong>◯Gun</strong></p><p>The Machine Gun is treated as a gun weapon with a \"Range: 2 (20m)\" and a maximum magazine of 3.When the bullets run out, Maris Barba cannot attack at all.</p><p><strong>►Reload (One Time Only)</strong></p><p>Completely reloads the bullets of the Machine Gun. This effect can only be used once.</p><p><strong>◯Targeting & Hawk Eye</strong></p><p>Stray shots cannot occur. It also can aim through skirmishes at targets on the other side.</p><br><br><p><strong>►Bursting Shell Drop/10 (17)/Willpower/ Half</strong></p><p>The bursting shell is dropped on the top of the target. With \"Range: Caster,\" this attack deals 2d+10 Fire magic damage to \"Target: 1 area (3m Radius) / 5\".This ability can only be used once.</p><p><strong>►Sprinkle Repair Liquid/Can't</strong></p><p>Sprays Magitech restoring liquid to \"Target: 1 area (3m Radius)/5\" in \"Range: Caster.\" If the target is a Magitech character, its HP is restored by 2d+7 points.This effect can be used only once. This monster is always excluded from this effect.</p>",
  "status1Accuracy": "11",
  "status1AccuracyFix": 18,
  "status1Damage": "2d+8",
  "status1Defense": "6",
  "status1Evasion": "11",
  "status1EvasionFix": 18,
  "status1Hp": "61",
  "status1Mp": "-",
  "status1Style": "Machine Gun (Body)",
  "status2Accuracy": "11",
  "status2AccuracyFix": 18,
  "status2Damage": "2d+10",
  "status2Defense": "7",
  "status2Evasion": "10",
  "status2EvasionFix": 17,
  "status2Hp": "66",
  "status2Mp": "-",
  "status2Style": "Legs (Legs)",
  "statusNum": 2,
  "taxa": "Magitech",
  "type": "m",
  "unitStatus": {
    "Machine Gun (Body):HP": "61/61",
    "Machine Gun (Body):MP": "-",
    "Legs (Legs):HP": "66/66",
    "Legs (Legs):MP": "-"
  },
  "unitExceptStatus": {
    "HP": 2,
    "MP": 2,
    "Defense": 2
  },
  "loots1Num": "Always",
  "loots1Item": "Iron (20G/Black B)",
  "loots2Num": "2～7",
  "loots2Item": "Magitech Components (300G/Black White A)",
  "loots3Num": "8～10",
  "loots3Item": "Rare Magitech Components (900G/Black White A)",
  "loots4Num": "11+",
  "loots4Item": "Mysterious Magitech Components (2,400G/Black White S)",
  "fortitude": "10",
  "willpower": "11"
}