{
  "description": "<p>This large, fat, balloon-like reptile inhabits the south-central part of the Alframe continent. It is about 8 meters long and prefers arid land, but its body surface resembles that of a crocodile and is also covered with hard scales. Some call it crocodile skin, but it is superior to crocodile skin and is used as a material for leather products.</p><p>With a voracious appetite, any animal they see is prey for them, as large as a horse. When they find their prey to be a threat, they will spit out the fire to weaken it, and then, bouncing their whole body, they will try to finish it off.</p>",
  "disposition": "Hungry",
  "habitat": "Wilderness, Grasslands",
  "initiative": "16",
  "intellect": "Animal",
  "language": "None",
  "lootsNum": 3,
  "monsterName": "Marsavra",
  "mndResist": "12",
  "vitResist": "14",
  "lv": "10",
  "parts": "3 (Head / Body / Tail)",
  "coreParts": "Head",
  "mobility": "15 (4 Legs)",
  "mode": "save",
  "paletteInsertType": "exchange",
  "paletteRemoveTags": "1",
  "paletteTool": "bcdice",
  "paletteUseBuff": "1",
  "paletteUseVar": "1",
  "partsNum": 3,
  "perception": "Five senses (Darkvision)",
  "reputation": "17",
  "reputation+": "20",
  "weakness": "Water/ice damage +3 points",
  "result": "OK",
  "sheetDescriptionM": "分類:Animal　知能:Animal　知覚:Five senses (Darkvision)　反応:Hungry\n言語:None　生息地:Wilderness, Grasslands\n弱点:Water/ice damage +3 points\n先制値:16　生命抵抗力:14（21）　精神抵抗力:12（19）",
  "sheetDescriptionS": "分類:Animal\n弱点:Water/ice damage +3 points\n先制値:16　生命抵抗力:14（21）　精神抵抗力:12（19）",
  "sin": "0",
  "skills": "<p><strong>►Body Press/11 (18)/Fortitude/Half</strong></p><p>The Marsavra's body leaps up, carrying all the weight on its belly.All characters in the skirmish it resides are dealt 2d+18 physical damage.To use this ability, all sections (Head, Body, and Tail) must be able to make a Major Action, and at least one must perform a Major Action. Then, the Major Action of all sections is completed when this ability is used.This ability cannot be used on consecutive turns.</p><br><br><p><strong>►Fire Breath/13 (20)/Fortitude/Half</strong></p><p>Spits out a fire mass at \"Range/Area: 2 (20m)/ Shot\", dealing 2d+12 Fire magic damage to \"Target: 1 Character\".This ability cannot be used on consecutive turns.</p><br><br><p><strong>►Potbelly Defense (Attack Obstacle = Impossible • +4)</strong></p><p>Extends belly to prevent attacks on the head. For 10 seconds (1 round) after this ability is used, the Head section cannot be the target of melee attacks and gains a +4 bonus on Evasion checks against ranged attacks.</p><br><br><p><strong>◯Continuous Attack</strong></p><p>If the section successfully hits a target in melee, it may make a second attack against the same target.</p>",
  "status1Accuracy": "14",
  "status1AccuracyFix": 21,
  "status1Damage": "2d+13",
  "status1Defense": "8",
  "status1Evasion": "12",
  "status1EvasionFix": 19,
  "status1Hp": "81",
  "status1Mp": "14",
  "status1Style": "Bite (Head)",
  "status2Accuracy": "13",
  "status2AccuracyFix": 20,
  "status2Damage": "2d+11",
  "status2Defense": "10",
  "status2Evasion": "11",
  "status2EvasionFix": 18,
  "status2Hp": "98",
  "status2Mp": "13",
  "status2Style": "Arm (Body)",
  "status3Accuracy": "14",
  "status3AccuracyFix": 21,
  "status3Damage": "2d+11",
  "status3Defense": "8",
  "status3Evasion": "11",
  "status3EvasionFix": 18,
  "status3Hp": "77",
  "status3Mp": "10",
  "status3Style": "Tail (Tail)",
  "statusNum": 3,
  "taxa": "Animal",
  "type": "m",
  "unitStatus": {
    "Bite (Head):HP": "81/81",
    "Bite (Head):MP": "14",
    "Arm (Body):HP": "98/98",
    "Arm (Body):MP": "13",
    "Tail (Tail):HP": "77/77",
    "Tail (Tail):MP": "10"
  },
  "unitExceptStatus": {
    "HP": 3,
    "MP": 3,
    "Defense": 3
  },
  "loots1Num": "2～6",
  "loots1Item": "Crocodile Skin (200G/Red A)",
  "loots2Num": "7～9",
  "loots2Item": "Superior Crocodile Skin (600G/Red A)",
  "loots3Num": "10+",
  "loots3Item": "Perfect Crocodile Skin (2,200G/Red S)",
  "fortitude": "14",
  "willpower": "12"
}