{
  "description": "<p>This is a Human-shaped Magitech on a cart that houses a large number of magispheres and material cards. From the back of the Magitech, a number of dexterous arms extend to provide entertainment in all directions, including cards and magic tricks.</p><p>It is said to have existed on the Alframe continent during the Magitech Civilization Period and was used in prosperous underground gambling establishments. In order to suppress a disturbance in an emergency, it can incapacitate the customers who caused the disturbance. Because of its elaborate structure, it is quite rare to find one left in the present age.</p>",
  "disposition": "Instructed",
  "habitat": "Ruins",
  "initiative": "19",
  "intellect": "Servant",
  "language": "Magitech",
  "lootsNum": 4,
  "monsterName": "Material Dealer",
  "mndResist": "16",
  "vitResist": "15",
  "lv": "12",
  "parts": "",
  "coreParts": "",
  "mobility": "20 (4 Legs)",
  "mode": "save",
  "paletteInsertType": "exchange",
  "paletteRemoveTags": "1",
  "paletteTool": "bcdice",
  "paletteUseBuff": "1",
  "paletteUseVar": "1",
  "partsNum": 1,
  "perception": "Mechanical",
  "reputation": "19",
  "reputation+": "22",
  "weakness": "Lightning damage +3 points",
  "result": "OK",
  "sheetDescriptionM": "分類:Magitech　知能:Servant　知覚:Mechanical　反応:Instructed\n言語:Magitech　生息地:Ruins\n弱点:Lightning damage +3 points\n先制値:19　生命抵抗力:15（22）　精神抵抗力:16（23）",
  "sheetDescriptionS": "分類:Magitech\n弱点:Lightning damage +3 points\n先制値:19　生命抵抗力:15（22）　精神抵抗力:16（23）",
  "sin": "0",
  "skills": "<p><strong>◯Card Throwing</strong></p><p>The Card attack is treated as a thrown attack with \"Range: 1 (10m)\", and if it hits, it deals slashing physical damage. The Cards can be used as many times as it wants since they are infinitely generated and replenished.</p><p><strong>◯Targeting & Hawk Eye</strong></p><p>Stray shots cannot occur. It also can aim through skirmishes at targets on the other side.</p><p><strong>►⏩Evocations/15 (22)</strong></p><p>It can use [Vorpal Weapon], [Critical Ray], [Paralyze Mist], [Heal Spray], and [Slash Field] evocations. All Evocations are used at A rank. There is no limit to the number of cards; Material Dealer can use as many cards as needed.When used with a Major Action, the Evocation check is performed with the standard value, success value, described in the heading of this ability; when used with a Minor Action, the success value is treated as 0.</p><p><strong>►Frenzy Card Deal/Can't</strong></p><p>Within \"Range: Caster,\" Material Dealer makes countless cards fly up and attack \"Target: 1 area (6m Radius)/20\", deals 2d+10 points of damage. In this case, roll 1d for each target. If the result is 1-3, slashing magic damage is dealt, and if the result is 4-6, slashing physical damage is dealt to that target.When this ability is used, it consumes 10 points of HP.</p><p><strong>◯Poison Immunity, ◯Disease Immunity, ◯Psychic Type Immunity</strong></p><p></p><p><strong>◯Limited Healing</strong></p><p>Effects which can heal Magitech HP are very limited, and mostly come from Spiritualism Magic and some special items.Healing effects such as Divine Magic, Fairy Magic, and Nature Magic cannot restore a Magitech's HP.</p><p><strong>◯Can Be Detected</strong></p><p>Magitech can be detected with the [Sense Magic] spell and similar effects.</p>",
  "status1Accuracy": "15",
  "status1AccuracyFix": 22,
  "status1Damage": "2d+16",
  "status1Defense": "10",
  "status1Evasion": "14",
  "status1EvasionFix": 21,
  "status1Hp": "111",
  "status1Mp": "-",
  "status1Style": "Card",
  "statusNum": 1,
  "taxa": "Magitech",
  "type": "m",
  "unitStatus": {
    "Card:HP": "111/111",
    "Card:MP": "-"
  },
  "unitExceptStatus": {
    "HP": 1,
    "MP": 1,
    "Defense": 1
  },
  "loots1Num": "Always",
  "loots1Item": "Play Cards (50G/White B)",
  "loots2Num": "2～8",
  "loots2Item": "Rare Magitech Components (900G/Black White A)",
  "loots3Num": "9～11",
  "loots3Item": "Mysterious Magitech Components (2,400G/Black White S)",
  "loots4Num": "12+",
  "loots4Item": "Trove of Magical Components (7,600G/Black White S)",
  "fortitude": "15",
  "willpower": "16"
}