{
  "description": "<p>Drifting in the water, this dangerous seaweed gets its name from the fact that it looks at first glance like the head of a medusa, with snakelike hair flowing.</p><p>The part that looks like the hair is a transformed root originally intended to stick to rocks and other objects. The roots are covered with numerous fine thorns, which petrify the victim of their wounds. This ability is one of the reasons for its name.</p><p>Medusa Heads often drift through the water in groups and attack their prey. They then sink to the seafloor with their petrified prey, gradually chipping away at their poor, stoned victims for sustenance.</p><p>This fearsome seaweed is found mainly in the ocean, but there are also subspecies present in freshwater and rarely in rivers and lakes, where it is intentionally cultivated by Gilman and Mermen to protect their territories. In such cases, they are roped and wired together to prevent them from becoming adrift.</p>",
  "disposition": "Hostile",
  "habitat": "Rivers, Lakes, Seas",
  "initiative": "14",
  "intellect": "None",
  "language": "None",
  "lootsNum": 4,
  "monsterName": "Medusa Head",
  "mndResist": "10(17)",
  "vitResist": "13(20)",
  "lv": "9",
  "parts": "",
  "coreParts": "",
  "mobility": "-/10 (Swimming)",
  "mode": "save",
  "paletteInsertType": "exchange",
  "paletteRemoveTags": "1",
  "paletteTool": "bcdice",
  "paletteUseBuff": "1",
  "paletteUseVar": "1",
  "partsNum": 1,
  "perception": "Magic",
  "reputation": "16",
  "reputation+": "19",
  "weakness": "Bludgeoning Damage +3",
  "result": "OK",
  "sheetDescriptionM": "分類:Plant　知能:None　知覚:Magic　反応:Hostile\n言語:None　生息地:Rivers, Lakes, Seas\n弱点:Bludgeoning Damage +3\n先制値:14　生命抵抗力:13(20)（20）　精神抵抗力:10(17)（17）",
  "sheetDescriptionS": "分類:Plant\n弱点:Bludgeoning Damage +3\n先制値:14　生命抵抗力:13(20)（20）　精神抵抗力:10(17)（17）",
  "sin": "0",
  "skills": "<p><strong>◯Underwater</strong></p><p>The Medusa Head doesn't receive penalties for moving or taking Action in water. However, it can't perform any Action without water.</p><p><strong>◯2 Actions</strong></p><p>Medusa Head can perform two Major Actions in one round.</p><p><strong>◯Counter</strong></p><p>A Medusa Head can use [Counter] Combat Feat.</p><p><strong>◯Petrifying Tentacle / 12 (19) / Fortitude / Negates</strong></p><p>If a tentacle attack hits and this Resistance Check fails, the target becomes Petrified (Agility –12).This effect is Poison type.</p>",
  "status1Accuracy": "12",
  "status1AccuracyFix": 19,
  "status1Damage": "2d+10",
  "status1Defense": "6",
  "status1Evasion": "10",
  "status1EvasionFix": 17,
  "status1Hp": "84",
  "status1Mp": "21",
  "status1Style": "Tentacle",
  "statusNum": 1,
  "taxa": "Plant",
  "type": "m",
  "unitStatus": {
    "Tentacle:HP": "84/84",
    "Tentacle:MP": "21"
  },
  "unitExceptStatus": {
    "HP": 1,
    "MP": 1,
    "Defense": 1
  },
  "loots1Num": "Always",
  "loots1Item": "Slimy Tentacles (300G / Green A)",
  "loots2Num": "2～7",
  "loots2Item": "Petrifying Poison Gland (100G / Green A)",
  "loots3Num": "8～11",
  "loots3Item": "Deadly Petrifying Poison Gland (500G / Green A)",
  "loots4Num": "12+",
  "loots4Item": "Petrifying Poison Crystal (200G / Green S)",
  "fortitude": "13(20)",
  "willpower": "10(17)"
}