{
  "description": "<p>Often mistaken for a human female, Medusae are Barbarous with multiple thin snakes for hair. Not only can a Medusa slowly petrify unlucky adventurers, but the hair snakes are also poisonous. Rarely, a Medusa's eyes may retain their fearsome gaze after death. These magical eyes can be used to make magical armor and command a high price in the markets.</p>",
  "disposition": "Hostile",
  "habitat": "Labyrinths",
  "initiative": "13",
  "intellect": "Average",
  "language": "Barbaric, Youma",
  "lootsNum": 4,
  "monsterName": "Medusa",
  "mndResist": "6",
  "vitResist": "4",
  "lv": "4",
  "parts": "",
  "coreParts": "",
  "mobility": "14",
  "mode": "save",
  "paletteInsertType": "exchange",
  "paletteRemoveTags": "1",
  "paletteTool": "bcdice",
  "paletteUseBuff": "1",
  "paletteUseVar": "1",
  "partsNum": 1,
  "perception": "Five senses (Darkvision)",
  "reputation": "10",
  "reputation+": "15",
  "weakness": "Physical damage +2 points",
  "result": "OK",
  "sheetDescriptionM": "分類:Barbarous　知能:Average　知覚:Five senses (Darkvision)　反応:Hostile\n言語:Barbaric, Youma　生息地:Labyrinths\n弱点:Physical damage +2 points\n先制値:13　生命抵抗力:4（11）　精神抵抗力:6（13）",
  "sheetDescriptionS": "分類:Barbarous\n弱点:Physical damage +2 points\n先制値:13　生命抵抗力:4（11）　精神抵抗力:6（13）",
  "sin": "2",
  "skills": "<p><strong>►Simultaneous Attack</strong></p><p>A Medusa's Snake Hair attacks all characters in the skirmish, but a separate Accuracy Check is needed for each character.</p><p><strong>◯Snake Venom/5 (12)/Fortitude/Negates</strong></p><p>If the Snake Hair attack hits, it inflicts 3 Poison magic damage to the target.</p><p><strong>◯Eyes of Stone/4 (11)/Willpower/Negates</strong></p><p>At the end of each round, if a character faces a Medusa, they need to roll a Willpower Check or receive effects of Petrification (Dexterity, Agility/-6).This effect is treated as Curse type.</p>",
  "status1Accuracy": "6",
  "status1AccuracyFix": 13,
  "status1Damage": "2d+2",
  "status1Defense": "2",
  "status1Evasion": "4",
  "status1EvasionFix": 11,
  "status1Hp": "28",
  "status1Mp": "22",
  "status1Style": "Snake Hair",
  "statusNum": 1,
  "taxa": "Barbarous",
  "type": "m",
  "unitStatus": {
    "Snake Hair:HP": "28/28",
    "Snake Hair:MP": "22"
  },
  "unitExceptStatus": {
    "HP": 1,
    "MP": 1,
    "Defense": 1
  },
  "loots1Num": "Always",
  "loots1Item": "Viper of Medusa (50G/Red B)",
  "loots2Num": "2～9",
  "loots2Item": "None",
  "loots3Num": "10～12",
  "loots3Item": "Gem (150G/Red A) x 1d",
  "loots4Num": "13+",
  "loots4Item": "Eyes of Stone (1,200G/Gold, Red, Black S)",
  "fortitude": "4",
  "willpower": "6"
}