{
  "description": "<p>Megalomor is a massive perennial herb that can grow several meters high with stems and leaves. It thrives in areas with heavy pollution, such as poison or dense mana, and is known to eliminate them.</p><p>It is not considered a threat unless touched, but the juice of its leaves has potent disease-curing properties. People with power and wealth sometimes hire others to collect the leaves. Megalomor sometimes grows in areas where Mako Stones can be mined in abundance because of its mana- removing properties. It is sometimes requested to be exterminated, but some Barbarous who prefer a polluted environment may try to kill it. In such cases, the plant will defend itself with all its might.</p><p>If left alone, Megalomor will eventually die out without leaving anything behind when pollution and mana levels in the environment are sufficiently reduced. How this non-flowering, non-fruit-bearing, and non-bulb- producing plant continues to grow and reappear in new places remains a mystery.</p>",
  "disposition": "Neutral",
  "habitat": "Forests, Meadows",
  "initiative": "20",
  "intellect": "High",
  "language": "None",
  "lootsNum": 3,
  "monsterName": "Megalomor",
  "mndResist": "18",
  "vitResist": "20",
  "lv": "15",
  "parts": "3 (Stem / Leaf x 2)",
  "coreParts": "Stem",
  "mobility": "-",
  "mode": "save",
  "paletteInsertType": "exchange",
  "paletteRemoveTags": "1",
  "paletteTool": "bcdice",
  "paletteUseBuff": "1",
  "paletteUseVar": "1",
  "partsNum": 3,
  "perception": "Magic",
  "reputation": "20",
  "reputation+": "24",
  "weakness": "Physical damage +2 points",
  "result": "OK",
  "sheetDescriptionM": "分類:Plant　知能:High　知覚:Magic　反応:Neutral\n言語:None　生息地:Forests, Meadows\n弱点:Physical damage +2 points\n先制値:20　生命抵抗力:20（27）　精神抵抗力:18（25）",
  "sheetDescriptionS": "分類:Plant\n弱点:Physical damage +2 points\n先制値:20　生命抵抗力:20（27）　精神抵抗力:18（25）",
  "sin": "0",
  "skills": "<p><strong>◯Poison Immunity, ◯Disease Immunity, ◯Curse Immunity, ◯Psychic Immunity</strong></p><p></p><p><strong>◯Mana Interference</strong></p><p>If this monster s쳮ds in any Willpower check, treat resistance as \"Negates\".</p><br><br><p><strong>◯2 Actions</strong></p><p>Can perform two Major Actions in one round.</p><p><strong>►Devour Mana/19 (26)/Willpower/Negates</strong></p><p>Megalomor absorbs mana from surrounding entities and regains life force.\"Target: All Areas (30m Radius) / All\" are dealt magic damage to MP of (1/10 of the target's current MP (rounded up)) within \"Range: Caster\".After that, the HP of the Stem section is recovered by the sum of the applied damage.</p><p><strong>►Full Wave Release/20 (27)</strong></p><p>Megalomor releases a wave that removes all effects on \"Range: Caster\" and \"Target: All areas (30m radius) / All\".This unique skill Success Value is compared with the Success values of all effects to be removed, and if Success Value is higher, those effects are canceled.However, the effects of poison and disease types are automatically canceled. Using this effect consumes 15 MP.</p><br><br><p><strong>🗨△Cover I</strong></p><p>The effect is the same as the combat feat [Cover I]. Exceptionally, a Leaf can only cover a Stem section.</p><p><strong>◯Bloodsucking</strong></p><p>If the Leaf hits, the HP of the Leaf section is restored by the same value as the applied damage.</p>",
  "status1Accuracy": "-",
  "status1AccuracyFix": null,
  "status1Damage": "-",
  "status1Defense": "11",
  "status1Evasion": "16",
  "status1EvasionFix": 23,
  "status1Hp": "150",
  "status1Mp": "60",
  "status1Style": "None (Stem)",
  "status2Accuracy": "19",
  "status2AccuracyFix": 26,
  "status2Damage": "2d+24",
  "status2Defense": "10",
  "status2Evasion": "17",
  "status2EvasionFix": 24,
  "status2Hp": "100",
  "status2Mp": "40",
  "status2Style": "Leaf (Leaf)",
  "status3Accuracy": "19",
  "status3AccuracyFix": 26,
  "status3Damage": "2d+24",
  "status3Defense": "10",
  "status3Evasion": "17",
  "status3EvasionFix": 24,
  "status3Hp": "100",
  "status3Mp": "40",
  "status3Style": "Leaf (Leaf)",
  "statusNum": 3,
  "taxa": "Plant",
  "type": "m",
  "unitStatus": {
    "None (Stem):HP": "150/150",
    "None (Stem):MP": "60",
    "Leaf (Leaf):HP": "100/100",
    "Leaf (Leaf):MP": "40"
  },
  "unitExceptStatus": {
    "HP": 3,
    "MP": 3,
    "Defense": 3
  },
  "loots1Num": "2～7",
  "loots1Item": "Medicinal Leaf Liquid (500G/Gold Green A)",
  "loots2Num": "8～10",
  "loots2Item": "Medicine Leaf Liquid (2,500G/Green S)",
  "loots3Num": "11+",
  "loots3Item": "Sacred Medicine Leaf Liquid (5,000G/Green S)",
  "fortitude": "20",
  "willpower": "18"
}