{
  "description": "<p>This white-haired deer is revered as the guardian god of the snowfields and hail. From the time they are born, their antlers continue to grow, and by the time they reach adulthood, they are over one meter long.</p><p>As the antlers grow, they become harder and more translucent, giving them a mineral-like appearance. The antlers create cold air around them, and can be wielded to create snowstorms or freeze moisture in the air to form ice cubes.</p>",
  "disposition": "Hungry",
  "habitat": "Snowfields",
  "initiative": "19",
  "intellect": "Animal",
  "language": "None",
  "lootsNum": 3,
  "monsterName": "Megaloceros",
  "mndResist": "15",
  "vitResist": "16",
  "lv": "12",
  "parts": "",
  "coreParts": "",
  "mobility": "22 (4 Legs)",
  "mode": "save",
  "paletteInsertType": "exchange",
  "paletteRemoveTags": "1",
  "paletteTool": "bcdice",
  "paletteUseBuff": "1",
  "paletteUseVar": "1",
  "partsNum": 1,
  "perception": "Five senses",
  "reputation": "19",
  "reputation+": "22",
  "weakness": "Fire damage +3 points",
  "result": "OK",
  "sheetDescriptionM": "分類:Animal　知能:Animal　知覚:Five senses　反応:Hungry\n言語:None　生息地:Snowfields\n弱点:Fire damage +3 points\n先制値:19　生命抵抗力:16（23）　精神抵抗力:15（22）",
  "sheetDescriptionS": "分類:Animal\n弱点:Fire damage +3 points\n先制値:19　生命抵抗力:16（23）　精神抵抗力:15（22）",
  "sin": "0",
  "skills": "<p><strong>◯Water/Ice Immunity</strong></p><p></p><p><strong>◯Adapted to Snow</strong></p><p>Megaloceros is not subject to adverse modifications for poor footing due to snow, etc. or cold weather.</p><p><strong>◯Ice Deer Rationale</strong></p><p>Megaloceros have a lot of experience in combat, and they judge the combat situation correctly and act accordingly.In judging the actions of combat, treat it as \"Intelligence: Average.\"</p><p><strong>►Summon Snowstorm/15 (22)/Fortitude/Half</strong></p><p>Megaloceros swings its antlers in complex gestures, creating a blizzard. This unique skill has \"Range: Caster\" and deals 2d+12 water/ice magic damage to \"Target: 1 area (Radius 6m)/20\".If the value of the target's resistance check for this effect is lower than the value of this unique skill by 3 or more, the target cannot take a Minor Action for 10 seconds (1 round).This ability cannot be used on consecutive turns, and it consumes 10 MP when used.</p><p><strong>⏩Ice Shards/16 (23)/Fortitude/Half</strong></p><p>Antlers become covered with ice, and it throws it. It deals 2d+14 Water/Ice magic damage to \"Target: 1 Character\" to \"Range/Area: 2 (20m)/ Shot\".This unique skill can only be used once per round, and costs 6 MP.</p>",
  "status1Accuracy": "15",
  "status1AccuracyFix": 22,
  "status1Damage": "2d+16",
  "status1Defense": "8",
  "status1Evasion": "15",
  "status1EvasionFix": 22,
  "status1Hp": "122",
  "status1Mp": "68",
  "status1Style": "Antlers",
  "statusNum": 1,
  "taxa": "Animal",
  "type": "m",
  "unitStatus": {
    "Antlers:HP": "122/122",
    "Antlers:MP": "68"
  },
  "unitExceptStatus": {
    "HP": 1,
    "MP": 1,
    "Defense": 1
  },
  "loots1Num": "2～6",
  "loots1Item": "Ice Deer Antlers (3,100G/Red S)",
  "loots2Num": "7～12",
  "loots2Item": "Clear Ice Deer Antlers (7,400G/Red S)",
  "loots3Num": "13+",
  "loots3Item": "Crystallized Ice Deer Antlers (14,800G/Red SS)",
  "fortitude": "16",
  "willpower": "15"
}