{
  "description": "<p>Melbiz is a low-rank daemon adapted to water, sporting shiny green scales and a dorsal fin. Standing just slightly taller than an average human at 2.5m tall, they are adapted to the water and will sneak into civilized lands through rivers and canals. High-ranking daemons will often use a contingent of Melbiz to spearhead an attack, coming from the water to attack unsuspecting cities.</p>",
  "disposition": "Hostile",
  "habitat": "Labyrinths, Ruins",
  "initiative": "16",
  "intellect": "Average",
  "language": "Daemonic",
  "lootsNum": 4,
  "monsterName": "Melbiz",
  "mndResist": "12",
  "vitResist": "13",
  "lv": "10",
  "parts": "2 (Upper Body / Lower Body)",
  "coreParts": "Upper Body",
  "mobility": "13/20 (Swimming)",
  "mode": "save",
  "paletteInsertType": "exchange",
  "paletteRemoveTags": "1",
  "paletteTool": "bcdice",
  "paletteUseBuff": "1",
  "paletteUseVar": "1",
  "partsNum": 2,
  "perception": "Five senses (Darkvision)",
  "reputation": "16",
  "reputation+": "20",
  "weakness": "Fire damage + 3 points",
  "result": "OK",
  "sheetDescriptionM": "分類:Daemon　知能:Average　知覚:Five senses (Darkvision)　反応:Hostile\n言語:Daemonic　生息地:Labyrinths, Ruins\n弱点:Fire damage + 3 points\n先制値:16　生命抵抗力:13（20）　精神抵抗力:12（19）",
  "sheetDescriptionS": "分類:Daemon\n弱点:Fire damage + 3 points\n先制値:16　生命抵抗力:13（20）　精神抵抗力:12（19）",
  "sin": "0",
  "skills": "<p><strong>◯Poison Immunity, ◯Disease Immunity</strong></p><p></p><p><strong>◯Underwater Aptitude</strong></p><p></p><br><br><p><strong>►Twin Strike & Double Attack</strong></p><p>A Melbiz can make two Claws attacks each round. They may choose to attack different characters with each attack.</p><p><strong>►Acid Saliva/12 (19)/Evasion/Neg, Underwater/Can't</strong></p><p>The Melbiz spits a gob of acid with \"Range/Area: 2 (20m) / Shot\" and \"Target: 1 Character\" and deals 2d+7 Poison physical damage. In addition, the target's armor and defense are damaged.If the target is a character that has PC data, the Defense of any equipped armor or shield chosen by the target must be reduced by -1.This effect is cumulative, and if Defense becomes 0, it will be completely destroyed. Armor with reduced Defense can be repaired by paying 10% (up to 90%) of the armor's price for each reduction.Each time a character with the monster data is affected by this effect, its Defense is reduced by -1. The effect is cumulative but only down to 0. Defense is restored by +1 point per day.If this ability is used underwater, the acid will dissolve and spread in the water, having \"Range: Caster\", \"Target: 1 area (5m Radius) / 15\", and \"Resistance: Can't\" and deal 2d Poison magic damage. This form of attack cannot be evaded but also does not damage armor.This unique skill cannot be used on consecutive turns.</p>",
  "status1Accuracy": "13",
  "status1AccuracyFix": 20,
  "status1Damage": "2d+13",
  "status1Defense": "12",
  "status1Evasion": "12",
  "status1EvasionFix": 19,
  "status1Hp": "95",
  "status1Mp": "33",
  "status1Style": "Claws (Upper Body)",
  "status2Accuracy": "12",
  "status2AccuracyFix": 19,
  "status2Damage": "2d+10",
  "status2Defense": "11",
  "status2Evasion": "11",
  "status2EvasionFix": 18,
  "status2Hp": "82",
  "status2Mp": "25",
  "status2Style": "Tail (Lower Body)",
  "statusNum": 2,
  "taxa": "Daemon",
  "type": "m",
  "unitStatus": {
    "Claws (Upper Body):HP": "95/95",
    "Claws (Upper Body):MP": "33",
    "Tail (Lower Body):HP": "82/82",
    "Tail (Lower Body):MP": "25"
  },
  "unitExceptStatus": {
    "HP": 2,
    "MP": 2,
    "Defense": 2
  },
  "loots1Num": "Always",
  "loots1Item": "Crystallized Daemon's Blood (800G/Red A)",
  "loots2Num": "2～8",
  "loots2Item": "None",
  "loots3Num": "9～12",
  "loots3Item": "Daemon's Horn (600G/Red A)",
  "loots4Num": "13+",
  "loots4Item": "Green Scales (1,600G/Gold Red S)",
  "fortitude": "13",
  "willpower": "12"
}