{
  "description": "<p>Menehune is a fairy who is about half the height of a human but has a muscular and strong body. They are good-hearted fairy who likes to help others and is good at civil engineering work.</p><p>Although they do not often appear in public, if you find them, it is said that if you wish for construction work while offering their favorite food, shrimp, as an offering, they will fulfill your wish during the night.</p>",
  "disposition": "Neutral",
  "habitat": "Ruins, Near Villages",
  "initiative": "11",
  "intellect": "Average",
  "language": "Trade Common, Sylvan",
  "lootsNum": 0,
  "monsterName": "Menehune",
  "mndResist": "7",
  "vitResist": "8",
  "lv": "5",
  "parts": "",
  "coreParts": "",
  "mobility": "13",
  "mode": "save",
  "paletteInsertType": "exchange",
  "paletteRemoveTags": "1",
  "paletteTool": "bcdice",
  "paletteUseBuff": "1",
  "paletteUseVar": "1",
  "partsNum": 1,
  "perception": "Five senses (Darkvision)",
  "reputation": "12",
  "reputation+": "15",
  "weakness": "Accuracy +1",
  "result": "OK",
  "sheetDescriptionM": "分類:Fairy　知能:Average　知覚:Five senses (Darkvision)　反応:Neutral\n言語:Trade Common, Sylvan　生息地:Ruins, Near Villages\n弱点:Accuracy +1\n先制値:11　生命抵抗力:8（15）　精神抵抗力:7（14）",
  "sheetDescriptionS": "分類:Fairy\n弱点:Accuracy +1\n先制値:11　生命抵抗力:8（15）　精神抵抗力:7（14）",
  "sin": "0",
  "skills": "<p><strong>◯Olden/Type: Earth & Water/Ice / Magic Power 8 (15)</strong></p><p></p><p><strong>◯🗨Magic Aptitude</strong></p><p>They can use the Combat Feats [Multi-Action], [Targeting], [Metamagic/Targets].</p><p><strong>►Exclusive Spell [Mud Spot]</strong></p><p>Casts exclusive Fairy Magic [Mud Spot] (see below).</p><p><strong>◯Painful Strike</strong></p><p>If the 2d roll of the damage roll is 10 or more, the damage is increased by an additional +6 points.Exclusive Spell: Mud Spot</p><p><strong>Fairy Magic Type: Earth & Water/Ice</strong></p><p></p><p><strong>Cost: MP4</strong></p><p></p><p><strong>Target: 1 character X</strong></p><p></p><p><strong>Range/Area: 1 (10m) / Target</strong></p><p></p><p><strong>Duration: 3 minutes (18 rounds)</strong></p><p></p><p><strong>Resistance: Negates</strong></p><p></p><p><strong>Preparation Time: None</strong></p><p></p><p><strong>Casting Time: 1 Major Action</strong></p><p>For the duration of the effect, the target's feet will always be muddy, and the target will receive a -2 penalty for unstable footing. The muddiness will follow the target's feet, and the ground will immediately return to normal after the target's feet have left it</p>",
  "status1Accuracy": "6",
  "status1AccuracyFix": 13,
  "status1Damage": "2d+8",
  "status1Defense": "7",
  "status1Evasion": "7",
  "status1EvasionFix": 14,
  "status1Hp": "38",
  "status1Mp": "36",
  "status1Style": "Pickaxe",
  "statusNum": 1,
  "taxa": "Fairy",
  "type": "m",
  "unitStatus": {
    "Pickaxe:HP": "38/38",
    "Pickaxe:MP": "36"
  },
  "unitExceptStatus": {
    "HP": 1,
    "MP": 1,
    "Defense": 1
  },
  "fortitude": "8",
  "willpower": "7"
}