{
  "description": "<p>Mengle is a Daemon that looks like a skinny child about one meter long. Known as \"Confusing Child,\" it approaches with a hideous smile and confuses its victims by glaring at them with its red glowing eyes.</p>",
  "disposition": "Hostile",
  "habitat": "Various",
  "initiative": "9",
  "intellect": "Low",
  "language": "Trade Common, Daemonic",
  "lootsNum": 2,
  "monsterName": "Mengle",
  "mndResist": "2",
  "vitResist": "2",
  "lv": "1",
  "parts": "",
  "coreParts": "",
  "mobility": "10",
  "mode": "save",
  "paletteInsertType": "exchange",
  "paletteRemoveTags": "1",
  "paletteTool": "bcdice",
  "paletteUseBuff": "1",
  "paletteUseVar": "1",
  "partsNum": 1,
  "perception": "Five senses (Darkvision)",
  "reputation": "8",
  "reputation+": "12",
  "weakness": "Physical damage +2 points",
  "result": "OK",
  "sheetDescriptionM": "分類:Daemon　知能:Low　知覚:Five senses (Darkvision)　反応:Hostile\n言語:Trade Common, Daemonic　生息地:Various\n弱点:Physical damage +2 points\n先制値:9　生命抵抗力:2（9）　精神抵抗力:2（9）",
  "sheetDescriptionS": "分類:Daemon\n弱点:Physical damage +2 points\n先制値:9　生命抵抗力:2（9）　精神抵抗力:2（9）",
  "sin": "0",
  "skills": "<p><strong>►Eyes of Confusion/3 (10)/Willpower/Negates</strong></p><p>Mengle stares within \"Range/Area: 1 (10m)/ Target\" at \"Target: 1 Character\" and disrupts it. The opponent receives a -1 penalty on action checks for 10 seconds (1 round). Using this effect costs 2 MP.</p>",
  "status1Accuracy": "2",
  "status1AccuracyFix": 9,
  "status1Damage": "2d+1",
  "status1Defense": "2",
  "status1Evasion": "2",
  "status1EvasionFix": 9,
  "status1Hp": "12",
  "status1Mp": "8",
  "status1Style": "Weapon",
  "statusNum": 1,
  "taxa": "Daemon",
  "type": "m",
  "unitStatus": {
    "Weapon:HP": "12/12",
    "Weapon:MP": "8"
  },
  "unitExceptStatus": {
    "HP": 1,
    "MP": 1,
    "Defense": 1
  },
  "loots1Num": "2～9",
  "loots1Item": "None",
  "loots2Num": "10+",
  "loots2Item": "Weapon (30G/Black White B)",
  "fortitude": "2",
  "willpower": "2"
}