{
  "description": "<p>This is a plant that parasitizes other species and absorbs nutrients from them. It looks like a clump of sand daisies and usually crawls on the ground.</p><p>It is characterized by its ability to frequently change parasite hosts. It generally parasitizes plants, but occasionally it parasitizes Humanoids, Barbarous, and animals. Among Humanoids, the parasite often targets and parasitizes Meria or Arbors, probably because of their origins.</p><p>It is dangerous to encounter it alone, as it's a parasite that can quickly take the life of its host. Since they do not attack Constructs, Conjurers are very useful for their cleanup.</p>",
  "disposition": "Hostile",
  "habitat": "Forest",
  "initiative": "13",
  "intellect": "None",
  "language": "None",
  "lootsNum": 3,
  "monsterName": "Meria Mistletoe",
  "mndResist": "9",
  "vitResist": "9",
  "lv": "6",
  "parts": "",
  "coreParts": "",
  "mobility": "10 (Crawling)",
  "mode": "save",
  "paletteInsertType": "exchange",
  "paletteRemoveTags": "1",
  "paletteTool": "bcdice",
  "paletteUseBuff": "1",
  "paletteUseVar": "1",
  "partsNum": 1,
  "perception": "Magic",
  "reputation": "13",
  "reputation+": "16",
  "weakness": "Accuracy +1",
  "result": "OK",
  "sheetDescriptionM": "分類:Plant　知能:None　知覚:Magic　反応:Hostile\n言語:None　生息地:Forest\n弱点:Accuracy +1\n先制値:13　生命抵抗力:9（16）　精神抵抗力:9（16）",
  "sheetDescriptionS": "分類:Plant\n弱点:Accuracy +1\n先制値:13　生命抵抗力:9（16）　精神抵抗力:9（16）",
  "sin": "0",
  "skills": "<p><strong>◯Nutrients Consumption</strong></p><p>If a character of the Meria or Arbor race is the target of a melee attack, it is preferentially selected as the target. On the other hand, a character with [◯Poison Immunity] will not be chosen as a target.</p><p><strong>◯Implantation/8 (15)/Willpower/Negates</strong></p><p>The target hit by the attack with Ivy is put to sleep, and the attack is implanted with a parasite.The target falls asleep on the spot. This sleep is not awakened by the passage of time or by natural means. While asleep, the target's maximum HP is reduced by 1 point every 10 seconds (1 round). If this effect causes the maximum HP to reach 0, the target dies without making a Death Check.This effect is of the Psychic type. It can be removed by the [Awaken] spell, [Early Bird] spellsong, or other awakening effects, but the success value must be compared. An Awake Potion cannot be used to remove this effect.</p>",
  "status1Accuracy": "8",
  "status1AccuracyFix": 15,
  "status1Damage": "2d+6",
  "status1Defense": "5",
  "status1Evasion": "8",
  "status1EvasionFix": 15,
  "status1Hp": "63",
  "status1Mp": "22",
  "status1Style": "Ivy",
  "statusNum": 1,
  "taxa": "Plant",
  "type": "m",
  "unitStatus": {
    "Ivy:HP": "63/63",
    "Ivy:MP": "22"
  },
  "unitExceptStatus": {
    "HP": 1,
    "MP": 1,
    "Defense": 1
  },
  "loots1Num": "2～4",
  "loots1Item": "Magical Vine (30G/Green B)",
  "loots2Num": "5～11",
  "loots2Item": "Strong Vine (300G/Green A)",
  "loots3Num": "12+",
  "loots3Item": "Magical Vine (600G/Gold Green A)",
  "fortitude": "9",
  "willpower": "9"
}