{
  "description": "<p>Bishops are one of the strongest Mermen. They follow the gods and lead their tribes as prescribed by their words. Bishops even have the ear of Merman chiefs, giving them considerable political power.</p><p>While Merman Bishops tend to follow the Ancient Gods, regardless of whether they're gods of the First Sword, Lumiere, or the Second Sword, Ignis, some will follow gods that have recently found apotheosis and are thus unknown among the land-dwelling races.</p>",
  "disposition": "Neutral",
  "habitat": "Ocean",
  "initiative": "12",
  "intellect": "Average",
  "language": "Merman, Elven",
  "lootsNum": 4,
  "monsterName": "Merman Bishop",
  "mndResist": "8",
  "vitResist": "7",
  "lv": "6",
  "parts": "",
  "coreParts": "",
  "mobility": "5 (Leap) / 20 (Swimming)",
  "mode": "save",
  "paletteInsertType": "exchange",
  "paletteRemoveTags": "1",
  "paletteTool": "bcdice",
  "paletteUseBuff": "1",
  "paletteUseVar": "1",
  "partsNum": 1,
  "perception": "Five senses (Darkvision)",
  "reputation": "12",
  "reputation+": "15",
  "weakness": "Fire damage + 3 points",
  "result": "OK",
  "sheetDescriptionM": "分類:Barbarous　知能:Average　知覚:Five senses (Darkvision)　反応:Neutral\n言語:Merman, Elven　生息地:Ocean\n弱点:Fire damage + 3 points\n先制値:12　生命抵抗力:7（14）　精神抵抗力:8（15）",
  "sheetDescriptionS": "分類:Barbarous\n弱点:Fire damage + 3 points\n先制値:12　生命抵抗力:7（14）　精神抵抗力:8（15）",
  "sin": "2",
  "skills": "<p><strong>◯Water/Ice Immunity</strong></p><p></p><p><strong>►Divine Magic 6 Level/Magic Power 8 (15)</strong></p><p></p><p><strong>◯Underwater Specialization</strong></p><p>Can move in water without penalties and restrictions. Conversely, all action checks are subject to a -2 penalty on the ground.</p>",
  "status1Accuracy": "6",
  "status1AccuracyFix": 13,
  "status1Damage": "2d+4",
  "status1Defense": "4",
  "status1Evasion": "7",
  "status1EvasionFix": 14,
  "status1Hp": "43",
  "status1Mp": "38",
  "status1Style": "Weapon",
  "statusNum": 1,
  "taxa": "Barbarous",
  "type": "m",
  "unitStatus": {
    "Weapon:HP": "43/43",
    "Weapon:MP": "38"
  },
  "unitExceptStatus": {
    "HP": 1,
    "MP": 1,
    "Defense": 1
  },
  "loots1Num": "Always",
  "loots1Item": "Rusty Spear (50G/Black White B)",
  "loots2Num": "2～6",
  "loots2Item": "None",
  "loots3Num": "7～12",
  "loots3Item": "Beautiful Shell (180/Gold Red A)",
  "loots4Num": "13+",
  "loots4Item": "Silver Pearl (3,000G/Gold Red S)",
  "fortitude": "7",
  "willpower": "8"
}