{
  "description": "<p>Also called mermaids, these Barbarous have the lower half of a fish. Since they live in the sea, they have had little contact with other Barbarous and Humanoids, so they have remained neutral and were not eradicated in the Magitech Civilization era.</p><p>As a race, Mermen tend to avoid fighting except in self-defense and are often neutral towards most other races. However, they have a hostile relationship with some marine Barbarous, which could theoretically be leveraged into an alliance with Elves against the other aquatic races.</p>",
  "disposition": "Neutral",
  "habitat": "Ocean",
  "initiative": "12",
  "intellect": "Average",
  "language": "Merman, Elven",
  "lootsNum": 3,
  "monsterName": "Merman",
  "mndResist": "7",
  "vitResist": "6",
  "lv": "5",
  "parts": "",
  "coreParts": "",
  "mobility": "5 (Leap)/20(Swimming)",
  "mode": "save",
  "paletteInsertType": "exchange",
  "paletteRemoveTags": "1",
  "paletteTool": "bcdice",
  "paletteUseBuff": "1",
  "paletteUseVar": "1",
  "partsNum": 1,
  "perception": "Five senses (Darkvision)",
  "reputation": "11",
  "reputation+": "14",
  "weakness": "Fire damage + 3 points",
  "result": "OK",
  "sheetDescriptionM": "分類:Barbarous　知能:Average　知覚:Five senses (Darkvision)　反応:Neutral\n言語:Merman, Elven　生息地:Ocean\n弱点:Fire damage + 3 points\n先制値:12　生命抵抗力:6（13）　精神抵抗力:7（14）",
  "sheetDescriptionS": "分類:Barbarous\n弱点:Fire damage + 3 points\n先制値:12　生命抵抗力:6（13）　精神抵抗力:7（14）",
  "sin": "2",
  "skills": "<p><strong>◯Water/Ice Immunity</strong></p><p></p><p><strong>◯Underwater Specialization</strong></p><p>Can move in water without penalties and restrictions. Conversely, all action checks are subject to a -2 penalty on the ground.</p><p><strong>🗨△Cover I</strong></p><p>Can use the [Cover I] Combat Feat.</p>",
  "status1Accuracy": "7",
  "status1AccuracyFix": 14,
  "status1Damage": "2d+6",
  "status1Defense": "4",
  "status1Evasion": "7",
  "status1EvasionFix": 14,
  "status1Hp": "35",
  "status1Mp": "19",
  "status1Style": "Weapon",
  "statusNum": 1,
  "taxa": "Barbarous",
  "type": "m",
  "unitStatus": {
    "Weapon:HP": "35/35",
    "Weapon:MP": "19"
  },
  "unitExceptStatus": {
    "HP": 1,
    "MP": 1,
    "Defense": 1
  },
  "loots1Num": "Always",
  "loots1Item": "Rusty Spear (50G/Black White B)",
  "loots2Num": "2～6",
  "loots2Item": "None",
  "loots3Num": "7+",
  "loots3Item": "Beautiful Shell (180G/Gold White A)",
  "fortitude": "6",
  "willpower": "7"
}