{
  "description": "<p>Miga is a Magitech that resembles a giant Humanoid with two arms. It was developed as a general-purpose machine to accompany infantry during the Magitech Civilization Period.</p><p>Miga attacks by striking repeatedly with its huge arms, but it can also shoot one arm to attack a wide area. Although Migas were often found without arms and considered to be used for work, the discovery of a complete body has overturned this assumption. Nowadays, some countries and organizations are manufacturing reconstructors.</p>",
  "disposition": "Instructed",
  "habitat": "Ruins, Caves",
  "initiative": "12",
  "intellect": "Servant",
  "language": "None",
  "lootsNum": 3,
  "monsterName": "Miga",
  "mndResist": "7",
  "vitResist": "8",
  "lv": "5",
  "parts": "",
  "coreParts": "",
  "mobility": "15",
  "mode": "save",
  "paletteInsertType": "exchange",
  "paletteRemoveTags": "1",
  "paletteTool": "bcdice",
  "paletteUseBuff": "1",
  "paletteUseVar": "1",
  "partsNum": 1,
  "perception": "Mechanical",
  "reputation": "13",
  "reputation+": "16",
  "weakness": "+2 Magic Damage",
  "result": "OK",
  "sheetDescriptionM": "分類:Magitech　知能:Servant　知覚:Mechanical　反応:Instructed\n言語:None　生息地:Ruins, Caves\n弱点:+2 Magic Damage\n先制値:12　生命抵抗力:8（15）　精神抵抗力:7（14）",
  "sheetDescriptionS": "分類:Magitech\n弱点:+2 Magic Damage\n先制値:12　生命抵抗力:8（15）　精神抵抗力:7（14）",
  "sin": "0",
  "skills": "<p><strong>►Twin Strike & Double Attack</strong></p><p>It can make two Arms attacks each round, though each attack requires its Accuracy check. They may choose to attack different characters with each attack.</p><p><strong>►Rocket Arm/7 (14)/Evasion/Negates</strong></p><p>Shoots with the whole arm. Deals \"2d+8\" physical damage within \"Range: 2 (30m)\" and \"Area: Shot\".This ability can only be used once. If Miga uses it, it loses [►Twin Strike & Double Attack]. On the other hand, the ability \"►Faint Arm\" becomes available.</p><p><strong>►Faint Arm/Can't</strong></p><p>The auxiliary arm is used to detect the opponent's moves, and to evade their attacks. Within \"Range: Touch\" and \"Target: 1 Character,\" Evasion checks get a -2 penalty. This effect lasts for 10 seconds (1 round).This ability can be used only once per round. Also, this ability can be used only after using [►Rocket Arm] in combat.</p><p><strong>◯Poison Immunity, ◯Disease Immunity, ◯Psychic Type Immunity</strong></p><p></p><p><strong>◯Limited Healing</strong></p><p>Effects which can heal Magitech HP are very limited, and mostly come from Spiritualism Magic and some special items.Healing effects such as Divine Magic, Fairy Magic, and Nature Magic cannot restore a Magitech's HP.</p><p><strong>◯Can Be Detected</strong></p><p>Magitech can be detected with the [Sense Magic] spell and similar effects.</p>",
  "status1Accuracy": "7",
  "status1AccuracyFix": 14,
  "status1Damage": "2d+6",
  "status1Defense": "6",
  "status1Evasion": "6",
  "status1EvasionFix": 13,
  "status1Hp": "50",
  "status1Mp": "0",
  "status1Style": "Arms",
  "statusNum": 1,
  "taxa": "Magitech",
  "type": "m",
  "unitStatus": {
    "Arms:HP": "50/50",
    "Arms:MP": "0/0"
  },
  "unitExceptStatus": {
    "HP": 1,
    "MP": 1,
    "Defense": 1
  },
  "loots1Num": "Always",
  "loots1Item": "Iron (20G/Black B)",
  "loots2Num": "2～8",
  "loots2Item": "None",
  "loots3Num": "9+",
  "loots3Item": "Magitech Components (300G/Black White A)",
  "fortitude": "8",
  "willpower": "7"
}