{
  "description": "<p>Mimir is a fairy that appears in snowfields and snowy mountains. They have the appearance of muscular giants, around 5 meters in height. They are usually the kings of Frau and Skadi and live like kings. He is calm and thoughtful, but if his people are harmed, he will not hesitate to retaliate with his immense power.</p>",
  "disposition": "Neutral",
  "habitat": "Snowfields, Snowy Mountains, Ruins",
  "initiative": "22",
  "intellect": "High",
  "language": "Sylvan",
  "lootsNum": 0,
  "monsterName": "Mimir",
  "mndResist": "23",
  "vitResist": "23",
  "lv": "17",
  "parts": "2 (Upper Body / Lower Body)",
  "coreParts": "Upper Body",
  "mobility": "22/22 (Swimming)",
  "mode": "save",
  "paletteInsertType": "exchange",
  "paletteRemoveTags": "1",
  "paletteTool": "bcdice",
  "paletteUseBuff": "1",
  "paletteUseVar": "1",
  "partsNum": 2,
  "perception": "Five senses",
  "reputation": "19",
  "reputation+": "22",
  "weakness": "Fire damage +3 points",
  "result": "OK",
  "sheetDescriptionM": "分類:Fairy　知能:High　知覚:Five senses　反応:Neutral\n言語:Sylvan　生息地:Snowfields, Snowy Mountains, Ruins\n弱点:Fire damage +3 points\n先制値:22　生命抵抗力:23（30）　精神抵抗力:23（30）",
  "sheetDescriptionS": "分類:Fairy\n弱点:Fire damage +3 points\n先制値:22　生命抵抗力:23（30）　精神抵抗力:23（30）",
  "sin": "0",
  "skills": "<p><strong>◯Type: Water/Ice/Magic Power 23 (30)</strong></p><p>Only the Upper Body section can cast spells.</p><p><strong>◯Ice Body</strong></p><p>If a Mimir takes damage from a blunt weapon, it is treated as if Mimir had additional 5 points of Defense.</p><p><strong>◯Fire Vulnerability</strong></p><p>When a Mimir is hit by Fire-type damage, it takes an extra 3 damage.</p><p><strong>◯Underwater Aptitude</strong></p><p></p><p><strong>◯Multiple Actions = 2 times</strong></p><p></p><p><strong>►Twin Strike & Double Attack</strong></p><p>A Mimir can make two attacks each round, though each attack requires its own Accuracy check. They may choose to attack different characters with each attack.</p><p><strong>►Icy Mana Strike = +23 damage</strong></p><p>A Mimir can deal an additional +23 damage on their next attack and turn the attacks into water/ice-type damage. At risk, it takes a -2 penalty to its Fortitude and Willpower checks.</p><br><br><p><strong>◯🗨►Magic Aptitude</strong></p><p>They can use the Combat Feats [Multi-Action], [Targeting], [Magic Convergence], [Magic Control], [Hawk Eye], [Universal Metamagic], [Wordbreak].</p><p><strong>⏩Raging Blizzard/23 (30)/Fortitude/Half</strong></p><p>Mimir creates a blizzard within \"Range: Caster\" that surrounds and engulfs the \"Target: All areas (30m Radius)/All\" in a blizzard. It deals 2d+19 Water/Ice magic damage to all targets. Targets that fail a Fortitude save will be swept away from Mimir. In Simplified Combat, they will be swept away to their rearguard. In Standard or Advanced Combat, they will be swept away 30m in a straight line from Mimir to the target. If the target is in the same skirmish area as Mimir, their direction of removal will be determined at random.This ability can only be used once per round.</p><br><br><p><strong>◯Thick Legs</strong></p><p>Mimir does not fall over even if they are subjected to a prone effect. Also, they do not receive any penalties due to poor footing.When the Lower Body falls to 0 HP or lower, this effect disappears.</p><p><strong>◯Attack Obstacle = Impossible • +4</strong></p><p>A Mimir's great size hinders attack.The Upper Body cannot be attacked in melee. Against any ranged attacks, Head receives a +4 bonus to Evasion checks.This effect disappears when the Lower Body falls to 0 HP or lower</p>",
  "status1Accuracy": "21",
  "status1AccuracyFix": 28,
  "status1Damage": "2d+18",
  "status1Defense": "17",
  "status1Evasion": "21",
  "status1EvasionFix": 28,
  "status1Hp": "147",
  "status1Mp": "106",
  "status1Style": "Fists (Upper Body)",
  "status2Accuracy": "22",
  "status2AccuracyFix": 29,
  "status2Damage": "2d+18",
  "status2Defense": "17",
  "status2Evasion": "20",
  "status2EvasionFix": 27,
  "status2Hp": "153",
  "status2Mp": "44",
  "status2Style": "Kick (Lower Body)",
  "statusNum": 2,
  "taxa": "Fairy",
  "type": "m",
  "unitStatus": {
    "Fists (Upper Body):HP": "147/147",
    "Fists (Upper Body):MP": "106",
    "Kick (Lower Body):HP": "153/153",
    "Kick (Lower Body):MP": "44"
  },
  "unitExceptStatus": {
    "HP": 2,
    "MP": 2,
    "Defense": 2
  },
  "fortitude": "23",
  "willpower": "23"
}