{
  "description": "<p>This gigantic creature has the body of a human and the head of a bull. It has low intelligence and is ferocious, becoming uncontrollable when enraged.</p><p>It is skilled at finding sword labyrinths and sometimes lives inside them like a guardian.</p><p>It prefers to kidnap Humanoid women, frightening and tormenting them for several days before devouring them.</p>",
  "disposition": "Hostile",
  "habitat": "Various",
  "initiative": "12",
  "intellect": "Low",
  "language": "Barbaric, Minotaur",
  "lootsNum": 4,
  "monsterName": "Minotaur",
  "mndResist": "7",
  "vitResist": "9",
  "lv": "7",
  "parts": "",
  "coreParts": "",
  "mobility": "12",
  "mode": "save",
  "paletteInsertType": "exchange",
  "paletteRemoveTags": "1",
  "paletteTool": "bcdice",
  "paletteUseBuff": "1",
  "paletteUseVar": "1",
  "partsNum": 1,
  "perception": "Five senses (Darkvision)",
  "reputation": "10",
  "reputation+": "17",
  "weakness": "Magic damage +2 points",
  "result": "OK",
  "sheetDescriptionM": "分類:Barbarous　知能:Low　知覚:Five senses (Darkvision)　反応:Hostile\n言語:Barbaric, Minotaur　生息地:Various\n弱点:Magic damage +2 points\n先制値:12　生命抵抗力:9（16）　精神抵抗力:7（14）",
  "sheetDescriptionS": "分類:Barbarous\n弱点:Magic damage +2 points\n先制値:12　生命抵抗力:9（16）　精神抵抗力:7（14）",
  "sin": "4",
  "skills": "<p><strong>◯Multiple Actions = 2 times</strong></p><p></p><p><strong>🗨Cleave I</strong></p><p>It can attack up to 3 characters within reach with melee attacks, but the damage will be reduced by -3. If more than one is hit, the damage is determined individually.</p><p><strong>🗨Power Strike I</strong></p><p>They can deal an additional 4 damage on their next attack. However, any Evasion Check made by them this turn receives a -2 penalty.</p><p><strong>⏩△Techniques</strong></p><p>They may use the [Bear Muscle], [Beetleskin], [Cat's Eyes], [Gazelle Feet], and [Recovery (5 pts.)] Techniques.</p>",
  "status1Accuracy": "9",
  "status1AccuracyFix": 16,
  "status1Damage": "2d+12",
  "status1Defense": "8",
  "status1Evasion": "7",
  "status1EvasionFix": 14,
  "status1Hp": "67",
  "status1Mp": "18",
  "status1Style": "Weapon",
  "statusNum": 1,
  "taxa": "Barbarous",
  "type": "m",
  "unitStatus": {
    "Weapon:HP": "67/67",
    "Weapon:MP": "18"
  },
  "unitExceptStatus": {
    "HP": 1,
    "MP": 1,
    "Defense": 1
  },
  "loots1Num": "Always",
  "loots1Item": "Minotaur's Axe (475G/Black White A)",
  "loots2Num": "2～6",
  "loots2Item": "None",
  "loots3Num": "7～9",
  "loots3Item": "Big Horn (150G/Red A)",
  "loots4Num": "10+",
  "loots4Item": "Beautiful Horn (600G/Red A)",
  "fortitude": "9",
  "willpower": "7"
}