{
  "description": "<p>A much smarter variety of Minotaur, these masters of magic are ferociously cunning. Willing to lie in wait in their labyrinth, a Minotaur Caster will use a variety of traps, spells, and other monsters to wear down any intruders before joining the fray themselves.</p>",
  "disposition": "Hostile",
  "habitat": "Various",
  "initiative": "12",
  "intellect": "Average",
  "language": "Barbaric, Minotaur, languages by magic system",
  "lootsNum": 4,
  "monsterName": "Minotaur Caster",
  "mndResist": "10",
  "vitResist": "11",
  "lv": "9",
  "parts": "",
  "coreParts": "",
  "mobility": "12",
  "mode": "save",
  "paletteInsertType": "exchange",
  "paletteRemoveTags": "1",
  "paletteTool": "bcdice",
  "paletteUseBuff": "1",
  "paletteUseVar": "1",
  "partsNum": 1,
  "perception": "Five senses (Darkvision)",
  "reputation": "11",
  "reputation+": "18",
  "weakness": "Magic damage +2 points",
  "result": "OK",
  "sheetDescriptionM": "分類:Barbarous　知能:Average　知覚:Five senses (Darkvision)　反応:Hostile\n言語:Barbaric, Minotaur, languages by magic system　生息地:Various\n弱点:Magic damage +2 points\n先制値:12　生命抵抗力:11（18）　精神抵抗力:10（17）",
  "sheetDescriptionS": "分類:Barbarous\n弱点:Magic damage +2 points\n先制値:12　生命抵抗力:11（18）　精神抵抗力:10（17）",
  "sin": "4",
  "skills": "<p><strong>►Magic (2 Systems) 8 Level / Magic Power 11 (18)</strong></p><p>Can use any two of Truespeech Magic, Spiritualism Magic, Divine Magic, and Fairy Magic at 8 levels. Fairy Magic has Earth, Water/Ice, Fire, and Dark types.</p><p><strong>◯🗨 Magic Aptitude</strong></p><p>A Minotaur Caster can use the Combat Feats [Magic Convergence], [Magic Control], and [Targeting].</p><p><strong>🗨Cleave I</strong></p><p>It can attack up to 3 characters with melee attacks that can be reached, but the damage will be reduced by -3. If more than one is hit, the damage is determined individually.</p>",
  "status1Accuracy": "9",
  "status1AccuracyFix": 16,
  "status1Damage": "2d+12",
  "status1Defense": "8",
  "status1Evasion": "7",
  "status1EvasionFix": 14,
  "status1Hp": "77",
  "status1Mp": "60",
  "status1Style": "Weapon",
  "statusNum": 1,
  "taxa": "Barbarous",
  "type": "m",
  "unitStatus": {
    "Weapon:HP": "77/77",
    "Weapon:MP": "60"
  },
  "unitExceptStatus": {
    "HP": 1,
    "MP": 1,
    "Defense": 1
  },
  "loots1Num": "Always",
  "loots1Item": "Minotaur's Axe (475G/Black White A)",
  "loots2Num": "2～6",
  "loots2Item": "Big Horn (150G/Red A)",
  "loots3Num": "7～9",
  "loots3Item": "Beautiful Horn (600G/Red A)",
  "loots4Num": "10+",
  "loots4Item": "Majestic Horn (3,500G/Red S)",
  "fortitude": "11",
  "willpower": "10"
}