{
  "description": "<p>This is a subspecies of the Sky Whale. This smaller species measures less than 10 meters in length. However, it surpasses the common Sky Whale in both flying speed and maneuverability.</p><p>These creatures are carnivorous and ferocious. They will charge at prey or anything they perceive as a threat to their territory, regardless of size or whether it is in the air or on the ground.</p><p>In the floating island of Sandokia in the Burlight Region, the \"Sky Temple\" and \"Noahs\" airships used for trading with the ground have been increasingly rammed by this subspecies, creating a significant problem.</p>",
  "disposition": "Hostile",
  "habitat": "Mountains, Floating Rocks",
  "initiative": "14",
  "intellect": "Animal",
  "language": "None",
  "lootsNum": 2,
  "monsterName": "Missile Dolphin",
  "mndResist": "9",
  "vitResist": "11",
  "lv": "8",
  "parts": "2 (Head / Body)",
  "coreParts": "Head",
  "mobility": "-/30 (Flying)",
  "mode": "save",
  "paletteInsertType": "exchange",
  "paletteRemoveTags": "1",
  "paletteTool": "bcdice",
  "paletteUseBuff": "1",
  "paletteUseVar": "1",
  "partsNum": 2,
  "perception": "Five senses",
  "reputation": "17",
  "reputation+": "20",
  "weakness": "Wind damage +3 points",
  "result": "OK",
  "sheetDescriptionM": "分類:Animal　知能:Animal　知覚:Five senses　反応:Hostile\n言語:None　生息地:Mountains, Floating Rocks\n弱点:Wind damage +3 points\n先制値:14　生命抵抗力:11（18）　精神抵抗力:9（16）",
  "sheetDescriptionS": "分類:Animal\n弱点:Wind damage +3 points\n先制値:14　生命抵抗力:11（18）　精神抵抗力:9（16）",
  "sin": "0",
  "skills": "<p><strong></strong></p><p>This ability can be used only on rounds when a Normal Move is made; it charges and Headbutts an enemy as per the Melee Attack, dealing 2d+18 points of physical damage instead.</p><br><br><p><strong></strong></p><p>All sections receive a +1 bonus to Accuracy and Evasion only for melee attacks. This also applies to [►Charge].When the Body section HP becomes 0 or less, this ability ends.</p>",
  "status1Accuracy": "11",
  "status1AccuracyFix": 18,
  "status1Damage": "2d+12",
  "status1Defense": "8",
  "status1Evasion": "10",
  "status1EvasionFix": 17,
  "status1Hp": "68",
  "status1Mp": "16",
  "status1Style": "Headbutt (Head)",
  "status2Accuracy": "10",
  "status2AccuracyFix": 17,
  "status2Damage": "2d+13",
  "status2Defense": "6",
  "status2Evasion": "9",
  "status2EvasionFix": 16,
  "status2Hp": "60",
  "status2Mp": "14",
  "status2Style": "Slam (Body)",
  "statusNum": 2,
  "taxa": "Animal",
  "type": "m",
  "unitStatus": {
    "Headbutt (Head):HP": "68/68",
    "Headbutt (Head):MP": "16",
    "Slam (Body):HP": "60/60",
    "Slam (Body):MP": "14"
  },
  "unitExceptStatus": {
    "HP": 2,
    "MP": 2,
    "Defense": 2
  },
  "loots1Num": "2-9",
  "loots1Item": "None",
  "loots2Num": "10+",
  "loots2Item": "Wind Crystal (1,600G/Gold S)",
  "fortitude": "11",
  "willpower": "9"
}