{
  "description": "<p>A humanoid golem created entirely out of the magical metal mithril, the Mithril Golem is a 10m tall behemoth. However, the Mithril Golem is one of the most dangerous monsters known to exist in the entirety of Raxia, so defeating one and taking the treasure it guards is much easier said than done.</p>",
  "disposition": "Instructed",
  "habitat": "Labyrinths, Ruins",
  "initiative": "20",
  "intellect": "Servant",
  "language": "None",
  "lootsNum": 2,
  "monsterName": "Mithril Golem",
  "mndResist": "25",
  "vitResist": "26",
  "lv": "20",
  "parts": "4 (Upper Body x 2 / Lower Body x 2)",
  "coreParts": "None",
  "mobility": "20",
  "mode": "save",
  "paletteInsertType": "exchange",
  "paletteRemoveTags": "1",
  "paletteTool": "bcdice",
  "paletteUseBuff": "1",
  "paletteUseVar": "1",
  "partsNum": 4,
  "perception": "Magic",
  "reputation": "19",
  "reputation+": "25",
  "weakness": "Accuracy +1",
  "result": "OK",
  "sheetDescriptionM": "分類:Construct　知能:Servant　知覚:Magic　反応:Instructed\n言語:None　生息地:Labyrinths, Ruins\n弱点:Accuracy +1\n先制値:20　生命抵抗力:26（33）　精神抵抗力:25（32）",
  "sheetDescriptionS": "分類:Construct\n弱点:Accuracy +1\n先制値:20　生命抵抗力:26（33）　精神抵抗力:25（32）",
  "sin": "0",
  "skills": "<p><strong>◯Knowledge = Conjurer Class</strong></p><p>Those with Conjurer will automatically s쳮d in the Monster Knowledge check for this monster. But they still must roll to know its weak point.</p><p><strong>◯Mithril Body</strong></p><p>The Mithril Golem is immune to criticals from edged weapons and all Magic damage. The Mithril Golem's melee attacks are treated as silver weapons.</p><p><strong>◯Poison Immunity, ◯Disease Immunity, ◯Psychic Type Immunity</strong></p><p></p><p><strong>◯Limited Healing</strong></p><p>Effects which can heal Construct HP are very limited, and mostly come from Spiritualism Magic and some special items.Healing effects such as Divine Magic, Fairy Magic, and Nature Magic cannot restore a Construct's HP.</p><p><strong>◯Can Be Detected</strong></p><p>Constructs can be detected with the [Sense Magic] spell and similar effects.</p><br><br><p><strong>◯2 Actions</strong></p><p>Can perform two Major Actions in one round.</p><p><strong>◯Multiple Actions = 2 times</strong></p><p></p><p><strong>🗨Improved Aimed Attack</strong></p><p>When attacking, the Mithril Golem can gain a +4 bonus to Accuracy but receives a -8 penalty for damage dealt.</p><p><strong>►Glowing Fists</strong></p><p>Wraps its fists with magical light for 10 seconds (1 round), and the damage it generates in a melee attack becomes energy magic damage.</p><br><br><p><strong>►Simultaneous Attack</strong></p><p>A Mithril Golem's Kick attacks all characters in the same position.</p><p><strong>►Earthshaker/25 (32)/Fortitude/Negates</strong></p><p>The Mithril Golem shakes the ground, and those who fail to resist immediately fall prone.</p><p><strong>◯Balance Loss</strong></p><p>If the HP of any Lower Body section is reduced to 0 or less, the remaining Lower Body sections lose their [►Earthshaker] and [►Simultaneous Attack] abilities.</p><p><strong>◯Attack Obstacle = Impossible • +4</strong></p><p>Upper Body sections cannot be attacked in melee. Against any ranged attacks, Upper Body sections receive a +4 bonus to Evasion checks.This effect disappears when all Lower Body sections fall to 0 HP or lower.</p>",
  "status1Accuracy": "26",
  "status1AccuracyFix": 33,
  "status1Damage": "2d+26",
  "status1Defense": "30",
  "status1Evasion": "23",
  "status1EvasionFix": 30,
  "status1Hp": "204",
  "status1Mp": "-",
  "status1Style": "Fist (Upper Body)",
  "status2Accuracy": "26",
  "status2AccuracyFix": 33,
  "status2Damage": "2d+26",
  "status2Defense": "30",
  "status2Evasion": "23",
  "status2EvasionFix": 30,
  "status2Hp": "204",
  "status2Mp": "-",
  "status2Style": "Fist (Upper Body)",
  "status3Accuracy": "24",
  "status3AccuracyFix": 31,
  "status3Damage": "2d+28",
  "status3Defense": "30",
  "status3Evasion": "22",
  "status3EvasionFix": 29,
  "status3Hp": "228",
  "status3Mp": "-",
  "status3Style": "Kick (Lower Body)",
  "status4Accuracy": "24",
  "status4AccuracyFix": 31,
  "status4Damage": "2d+28",
  "status4Defense": "30",
  "status4Evasion": "22",
  "status4EvasionFix": 29,
  "status4Hp": "228",
  "status4Mp": "-",
  "status4Style": "Kick (Lower Body)",
  "statusNum": 4,
  "taxa": "Construct",
  "type": "m",
  "unitStatus": {
    "Fist (Upper Body):HP": "204/204",
    "Fist (Upper Body):MP": "-",
    "Kick (Lower Body):HP": "228/228",
    "Kick (Lower Body):MP": "-"
  },
  "unitExceptStatus": {
    "HP": 4,
    "MP": 4,
    "Defense": 4
  },
  "loots1Num": "Always",
  "loots1Item": "Mithril (2,600G/Gold S) x 2d",
  "loots2Num": "Always",
  "loots2Item": "Pure Mithril (8,800G/Gold S) x 1d",
  "fortitude": "26",
  "willpower": "25"
}