{
  "description": "<p>The Monocerous is a holy bull. The horns on his forehead enhance its Magic Power, allowing it to perform powerful magic. It is highly intelligent, but it does not speak.</p><p>It is calm and quiet but can defend itself. It is especially unrelenting when it comes to those who offend its pride.</p>",
  "disposition": "Neutral",
  "habitat": "Forests, Grasslands",
  "initiative": "15",
  "intellect": "High",
  "language": "None",
  "lootsNum": 3,
  "monsterName": "Monoceros",
  "mndResist": "10",
  "vitResist": "11",
  "lv": "8",
  "parts": "2 (Front / Rear)",
  "coreParts": "Front",
  "mobility": "23 (4 Legs)/-",
  "mode": "save",
  "paletteInsertType": "exchange",
  "paletteRemoveTags": "1",
  "paletteTool": "bcdice",
  "paletteUseBuff": "1",
  "paletteUseVar": "1",
  "partsNum": 2,
  "perception": "Five senses",
  "reputation": "16",
  "reputation+": "19",
  "weakness": "Physical damage +2 points",
  "result": "OK",
  "sheetDescriptionM": "分類:Mythical Beast　知能:High　知覚:Five senses　反応:Neutral\n言語:None　生息地:Forests, Grasslands\n弱点:Physical damage +2 points\n先制値:15　生命抵抗力:11（18）　精神抵抗力:10（17）",
  "sheetDescriptionS": "分類:Mythical Beast\n弱点:Physical damage +2 points\n先制値:15　生命抵抗力:11（18）　精神抵抗力:10（17）",
  "sin": "0",
  "skills": "<p><strong>►Truespeech Magic, Divine Magic 8 Level / Magic Power 11 (18)</strong></p><p></p><p><strong>◯🗨Magic Aptitude</strong></p><p>They can use the Combat Feats [Targeting], [Hawk Eye], and [Metamagic/Targets].</p><p><strong>⏩Powerful Magic</strong></p><p>Monoceros fills an area with mana and enhances Magic Power, gaining a +2 bonus to the Spellcasting checks for one round (10 seconds). This effect is not cumulative and using this unique skill costs 10 MP.</p><br><br><p><strong>⏩△Techniques</strong></p><p>They may use the [Bear Muscle], [Beetleskin], and [Recovery (5 pts.)] Techniques.</p>",
  "status1Accuracy": "10",
  "status1AccuracyFix": 17,
  "status1Damage": "2d+12",
  "status1Defense": "6",
  "status1Evasion": "10",
  "status1EvasionFix": 17,
  "status1Hp": "69",
  "status1Mp": "62",
  "status1Style": "Horn (Front)",
  "status2Accuracy": "11",
  "status2AccuracyFix": 18,
  "status2Damage": "2d+10",
  "status2Defense": "8",
  "status2Evasion": "9",
  "status2EvasionFix": 16,
  "status2Hp": "81",
  "status2Mp": "36",
  "status2Style": "Hoof (Rear)",
  "statusNum": 2,
  "taxa": "Mythical Beast",
  "type": "m",
  "unitStatus": {
    "Horn (Front):HP": "69/69",
    "Horn (Front):MP": "62",
    "Hoof (Rear):HP": "81/81",
    "Hoof (Rear):MP": "36"
  },
  "unitExceptStatus": {
    "HP": 2,
    "MP": 2,
    "Defense": 2
  },
  "loots1Num": "Always",
  "loots1Item": "Monoceros Horn (1,300G/Red S)",
  "loots2Num": "2～7",
  "loots2Item": "None",
  "loots3Num": "8+",
  "loots3Item": "Sharp Hoof (950G/Red A)",
  "fortitude": "11",
  "willpower": "10"
}