{
  "description": "<p>Riding on horseback, these thugs attack travelers and peddlers. Armed with spears, they block the way of their prey with their horses, threaten them, and take their money and goods. They work in groups of up to ten.</p>",
  "disposition": "Neutral",
  "habitat": "Various",
  "initiative": "11",
  "intellect": "Average",
  "language": "Trade Common, Regional Dialect",
  "lootsNum": 3,
  "monsterName": "Mounted Bandit",
  "mndResist": "5",
  "vitResist": "5",
  "lv": "3",
  "parts": "2 (Rider / Horse)",
  "coreParts": "Rider",
  "mobility": "30 (4 Legs)",
  "mode": "save",
  "paletteInsertType": "exchange",
  "paletteRemoveTags": "1",
  "paletteTool": "bcdice",
  "paletteUseBuff": "1",
  "paletteUseVar": "1",
  "partsNum": 2,
  "perception": "Five senses",
  "reputation": "6",
  "reputation+": "0",
  "weakness": "None",
  "result": "OK",
  "sheetDescriptionM": "分類:Humanoid　知能:Average　知覚:Five senses　反応:Neutral\n言語:Trade Common, Regional Dialect　生息地:Various\n弱点:None\n先制値:11　生命抵抗力:5（12）　精神抵抗力:5（12）",
  "sheetDescriptionS": "分類:Humanoid\n弱点:None\n先制値:11　生命抵抗力:5（12）　精神抵抗力:5（12）",
  "sin": "0",
  "skills": "<p><strong>◯Dismounting</strong></p><p>This monster's Rider section is mounted on the Horse section. If the Rider is dismounted, all sections suffer a -1 penalty on all Skill Checks and have their damage reduced by -1 point.See the Riding Rules (at CR III, p. 84) for how to dismount and mount back on a mount. If not on the mount, this monster's Normal Speed becomes \"12\".</p><br><br><p><strong>◯Sword's Grace/Change Fate</strong></p><p>Once per day, they may choose to change the result of a Skill Check or Damage roll by switching the faces of the rolled 2d to the opposite sides.</p>",
  "status1Accuracy": "5",
  "status1AccuracyFix": 12,
  "status1Damage": "2d+6",
  "status1Defense": "4",
  "status1Evasion": "5",
  "status1EvasionFix": 12,
  "status1Hp": "25",
  "status1Mp": "13",
  "status1Style": "Spear (Rider)",
  "status2Accuracy": "4",
  "status2AccuracyFix": 11,
  "status2Damage": "2d+1",
  "status2Defense": "2",
  "status2Evasion": "3",
  "status2EvasionFix": 10,
  "status2Hp": "26",
  "status2Mp": "9",
  "status2Style": "Hooves (Horse)",
  "statusNum": 2,
  "taxa": "Humanoid",
  "type": "m",
  "unitStatus": {
    "Spear (Rider):HP": "25/25",
    "Spear (Rider):MP": "13",
    "Hooves (Horse):HP": "26/26",
    "Hooves (Horse):MP": "9"
  },
  "unitExceptStatus": {
    "HP": 2,
    "MP": 2,
    "Defense": 2
  },
  "loots1Num": "2～6",
  "loots1Item": "None",
  "loots2Num": "7～12",
  "loots2Item": "Weapon (30G/Black White B)",
  "loots3Num": "13+",
  "loots3Item": "Bag of Silver (50G) x 1d",
  "fortitude": "5",
  "willpower": "5"
}