{
  "description": "<p>This is a spider-like Daemon with a complex purple pattern on its belly. Numerous tentacles extend from the jaws of the spider, and when connect, they drain the life of a living being. Tail needles have a poison that makes the target hallucinate.</p>",
  "disposition": "Hostile",
  "habitat": "Ruins, Shallow Abysses",
  "initiative": "12",
  "intellect": "Animal",
  "language": "None",
  "lootsNum": 4,
  "monsterName": "Movkira",
  "mndResist": "7",
  "vitResist": "7",
  "lv": "5",
  "parts": "3 (Head / Chest / Belly)",
  "coreParts": "Head",
  "mobility": "18(Many Legs)",
  "mode": "save",
  "paletteInsertType": "exchange",
  "paletteRemoveTags": "1",
  "paletteTool": "bcdice",
  "paletteUseBuff": "1",
  "paletteUseVar": "1",
  "partsNum": 3,
  "perception": "Five senses (Darkvision)",
  "reputation": "12",
  "reputation+": "16",
  "weakness": "Physical damage +2 points",
  "result": "OK",
  "sheetDescriptionM": "分類:Daemon　知能:Animal　知覚:Five senses (Darkvision)　反応:Hostile\n言語:None　生息地:Ruins, Shallow Abysses\n弱点:Physical damage +2 points\n先制値:12　生命抵抗力:7（14）　精神抵抗力:7（14）",
  "sheetDescriptionS": "分類:Daemon\n弱点:Physical damage +2 points\n先制値:12　生命抵抗力:7（14）　精神抵抗力:7（14）",
  "sin": "0",
  "skills": "<p><strong>◯Bloodsucking/Can't</strong></p><p>When a Tentacle attack hits, it deals 3 fixed damage to the target in addition to the normal physical damage. At the same time, Head section's HP is recovered by 3 points.</p><br><br><p><strong>►Fasten with Many Legs/8 (15)/Evasion/Negates</strong></p><p>Within \"Range: Touch\" it captures \"Target: 1 Character\" with its eight legs and tightens them. The target is dealt 2d + [Chest section's HP/5 (rounded up)] physical damage.</p><br><br><p><strong>◯Hallucinogenic Poison Needle/6 (13)/ Fortitude/Negates</strong></p><p>The target of the needle attack will hallucinate and lose their judgment. The target cannot use weapon attacks, cast spells, or other unique skills that might make any section of this monster a target, or include any section of this monster as a target, or make any section of this monster a target, even if only probable, for the next 10 seconds (1 round). If the target has multiple sections, this effect is applied to all sections.This effect of Poison type.</p>",
  "status1Accuracy": "7",
  "status1AccuracyFix": 14,
  "status1Damage": "2d+3",
  "status1Defense": "4",
  "status1Evasion": "7",
  "status1EvasionFix": 14,
  "status1Hp": "38",
  "status1Mp": "25",
  "status1Style": "Tentacles (Head)",
  "status2Accuracy": "7",
  "status2AccuracyFix": 14,
  "status2Damage": "2d+5",
  "status2Defense": "6",
  "status2Evasion": "6",
  "status2EvasionFix": 13,
  "status2Hp": "39",
  "status2Mp": "22",
  "status2Style": "Legs (Chest)",
  "status3Accuracy": "7",
  "status3AccuracyFix": 14,
  "status3Damage": "2d+7",
  "status3Defense": "3",
  "status3Evasion": "6",
  "status3EvasionFix": 13,
  "status3Hp": "40",
  "status3Mp": "19",
  "status3Style": "Needles (Belly)",
  "statusNum": 3,
  "taxa": "Daemon",
  "type": "m",
  "unitStatus": {
    "Tentacles (Head):HP": "38/38",
    "Tentacles (Head):MP": "25",
    "Legs (Chest):HP": "39/39",
    "Legs (Chest):MP": "22",
    "Needles (Belly):HP": "40/40",
    "Needles (Belly):MP": "19"
  },
  "unitExceptStatus": {
    "HP": 3,
    "MP": 3,
    "Defense": 3
  },
  "loots1Num": "Always",
  "loots1Item": "Daemon's Blood (100G/Red A)",
  "loots2Num": "2～8",
  "loots2Item": "None",
  "loots3Num": "9～10",
  "loots3Item": "Poison Stinger (100G/Red A)",
  "loots4Num": "11+",
  "loots4Item": "Poison Stinger with Intact Poison Sac (800G/Red A)",
  "fortitude": "7",
  "willpower": "7"
}