{
  "description": "<p>Guardians of the wizard-kings of ancient times, Mummies are dried corpses wholly covered with bandages. Their loyalty is unwavering even in death, and they will mercilessly attack anyone venturing into their king's crypt. A Mummy can also cause a debilitating curse just from touching the living, so contact is highly discouraged.</p>",
  "disposition": "Hostile",
  "habitat": "Ruins",
  "initiative": "14",
  "intellect": "Low",
  "language": "None",
  "lootsNum": 3,
  "monsterName": "Mummy",
  "mndResist": "12",
  "vitResist": "12",
  "lv": "9",
  "parts": "",
  "coreParts": "",
  "mobility": "14",
  "mode": "save",
  "paletteInsertType": "exchange",
  "paletteRemoveTags": "1",
  "paletteTool": "bcdice",
  "paletteUseBuff": "1",
  "paletteUseVar": "1",
  "partsNum": 1,
  "perception": "Magic",
  "reputation": "15",
  "reputation+": "18",
  "weakness": "Fire damage + 3 points",
  "result": "OK",
  "sheetDescriptionM": "分類:Undead　知能:Low　知覚:Magic　反応:Hostile\n言語:None　生息地:Ruins\n弱点:Fire damage + 3 points\n先制値:14　生命抵抗力:12（19）　精神抵抗力:12（19）",
  "sheetDescriptionS": "分類:Undead\n弱点:Fire damage + 3 points\n先制値:14　生命抵抗力:12（19）　精神抵抗力:12（19）",
  "sin": "0",
  "skills": "<p><strong>►Twin Strike & Double Attack</strong></p><p>It can make two Arm attacks each round, though each attack requires its accuracy check. They may choose to attack different characters with each attack.</p><p><strong>◯Decaying Curse</strong></p><p>If an Arm attack hits, it will reduce the target's maximum HP by the same amount as the applied damage (never less than 0). If a character's maximum HP is reduced to 0 in this way, they immediately die (no Death Check needed).This effect is treated as a Curse type and is permanent. This effect can also be removed with a spell such as the [Remove Curse] spell (which requires a success value of at least 20), but it is also automatically removed if the Mummy who bestowed the curse is defeated. A character who dies with a maximum HP of 0 can only be revived after the curse has been removed.</p><p><strong>◯Fire Vulnerability</strong></p><p>When the Mummy is hit by Fire-type damage, it takes an extra 3 damage.</p><p><strong>◯Poison Immunity, ◯Disease Immunity, ◯Psychic Type (Weak) Immunity</strong></p><p></p><p><strong>◯Unstable Healing</strong></p><p>Healing effects such as Divine Magic and items like Unicorn's Horn will damage Undead instead.Magitech, Fairy Magic, Nature Magic, etc. healing has no effect on the Undead.Spiritualism Magic and a few other healing effects can restore an Undead's HP.</p>",
  "status1Accuracy": "11",
  "status1AccuracyFix": 18,
  "status1Damage": "2d+11",
  "status1Defense": "9",
  "status1Evasion": "11",
  "status1EvasionFix": 18,
  "status1Hp": "77",
  "status1Mp": "30",
  "status1Style": "Arm",
  "statusNum": 1,
  "taxa": "Undead",
  "type": "m",
  "unitStatus": {
    "Arm:HP": "77/77",
    "Arm:MP": "30"
  },
  "unitExceptStatus": {
    "HP": 1,
    "MP": 1,
    "Defense": 1
  },
  "loots1Num": "2～7",
  "loots1Item": "None",
  "loots2Num": "8～10",
  "loots2Item": "Yellowed Golden Ring (1,000G/Gold White S)",
  "loots3Num": "11+",
  "loots3Item": "Yellowed Golden Bracelet (2,000G/Gold White S)",
  "fortitude": "12",
  "willpower": "12"
}