{
  "description": "<p>It is believed that, in ancient times, royal families from the Magic Civilization period would often have themselves bound and buried in ornate crypts to keep their family together and protect them from what may lie beyond. A Mummy Lord is unliving proof of such claims and wields incredible power to preserve the family's crypt. Able to command other Mummies that were buried alongside them, a Mummy Lord also has great combat prowess and magical power at its command.</p><p>While a Mummy Lord is typically only roused from its slumber to deter any intruders into the crypt, there are stories of large armies of the undead attacking settlements under the watchful eye of a Mummy Lord.</p>",
  "disposition": "Hostile",
  "habitat": "Ruins",
  "initiative": "17",
  "intellect": "High",
  "language": "Arcana",
  "lootsNum": 4,
  "monsterName": "Mummy Lord",
  "mndResist": "14",
  "vitResist": "14",
  "lv": "11",
  "parts": "",
  "coreParts": "",
  "mobility": "14",
  "mode": "save",
  "paletteInsertType": "exchange",
  "paletteRemoveTags": "1",
  "paletteTool": "bcdice",
  "paletteUseBuff": "1",
  "paletteUseVar": "1",
  "partsNum": 1,
  "perception": "Magic",
  "reputation": "16",
  "reputation+": "19",
  "weakness": "Fire damage + 3 points",
  "result": "OK",
  "sheetDescriptionM": "分類:Undead　知能:High　知覚:Magic　反応:Hostile\n言語:Arcana　生息地:Ruins\n弱点:Fire damage + 3 points\n先制値:17　生命抵抗力:14（21）　精神抵抗力:14（21）",
  "sheetDescriptionS": "分類:Undead\n弱点:Fire damage + 3 points\n先制値:17　生命抵抗力:14（21）　精神抵抗力:14（21）",
  "sin": "0",
  "skills": "<p><strong>►Truespeech Magic 10 Level/Magic Power 14 (21)</strong></p><p></p><p><strong>◯🗨►Magic Aptitude</strong></p><p>They can use the Combat Feats [Targeting], [Magic Convergence], [Magic Control], [Metamagic/Targets], and [Wordbreak].</p><p><strong>◯Decaying Curse</strong></p><p>If a Cane attack hits, it will reduce the target's maximum HP by the same amount as the applied damage (never less than 0). If a character's maximum HP is reduced to 0 in this way, they immediately die (no Death Check needed).This effect is treated as a curse type and is permanent. This effect can also be removed with a spell such as the [Remove Curse] spell (which requires a success value of at least 22), but it is automatically removed if the Mummy Lord who bestowed the curse is defeated. A character who dies with a maximum HP of 0 can only be revived after removing the curse.</p><p><strong>◯Fire Vulnerability</strong></p><p>When the Mummy is hit by Fire-type damage, it takes an extra 3 damage.</p><p><strong>◯Poison Immunity, ◯Disease Immunity, ◯Psychic Type (Weak) Immunity</strong></p><p></p><p><strong>◯Unstable Healing</strong></p><p>Healing effects such as Divine Magic and items like Unicorn's Horn will damage Undead instead.Magitech, Fairy Magic, Nature Magic, etc. healing has no effect on the Undead.Spiritualism Magic and a few other healing effects can restore an Undead's HP.</p>",
  "status1Accuracy": "10",
  "status1AccuracyFix": 17,
  "status1Damage": "2d+12",
  "status1Defense": "13",
  "status1Evasion": "11",
  "status1EvasionFix": 18,
  "status1Hp": "92",
  "status1Mp": "75",
  "status1Style": "Cane",
  "statusNum": 1,
  "taxa": "Undead",
  "type": "m",
  "unitStatus": {
    "Cane:HP": "92/92",
    "Cane:MP": "75"
  },
  "unitExceptStatus": {
    "HP": 1,
    "MP": 1,
    "Defense": 1
  },
  "loots1Num": "Always",
  "loots1Item": "Staff of the Wizard-King (3,000G/Gold White S)",
  "loots2Num": "2～7",
  "loots2Item": "Yellowed Golden Ring (1,000G/Gold White S)",
  "loots3Num": "8～12",
  "loots3Item": "Yellowed Golden Bracelet (2,000G/Gold White S)",
  "loots4Num": "13+",
  "loots4Item": "Golden Mask (15,000G/Gold White SS)",
  "fortitude": "14",
  "willpower": "14"
}