{
  "description": "<p>Among the Murcielago , Latigo vampires are especially favored by Nosferatu. While Murcielagos excel at seducing and cajoling Humanoids, Latigo vampires are known to be equally skilled and even better fighters.</p><p>They educate and direct the regular Murcielagos, serving as a Nosferatu's close associates and personal guards, protecting them with their lives. They also boast of their overwhelming good looks and sometimes use them to discredit superior heroes in humanoid society or even to seduce and take them as their own servants.</p>",
  "disposition": "Hostile",
  "habitat": "Unknown",
  "initiative": "22",
  "intellect": "High",
  "language": "Trade Common, Barbaric, Nosferatu, Arcana",
  "lootsNum": 3,
  "monsterName": "Murcielago Latigo",
  "mndResist": "19",
  "vitResist": "19",
  "lv": "15",
  "parts": "",
  "coreParts": "",
  "mobility": "25/25(Flying)",
  "mode": "save",
  "paletteInsertType": "exchange",
  "paletteRemoveTags": "1",
  "paletteTool": "bcdice",
  "paletteUseBuff": "1",
  "paletteUseVar": "1",
  "partsNum": 1,
  "perception": "Five senses (Darkvision)",
  "reputation": "23",
  "reputation+": "26",
  "weakness": "Physical damage +2 points",
  "result": "OK",
  "sheetDescriptionM": "分類:Barbarous　知能:High　知覚:Five senses (Darkvision)　反応:Hostile\n言語:Trade Common, Barbaric, Nosferatu, Arcana　生息地:Unknown\n弱点:Physical damage +2 points\n先制値:22　生命抵抗力:19（26）　精神抵抗力:19（26）",
  "sheetDescriptionS": "分類:Barbarous\n弱点:Physical damage +2 points\n先制値:22　生命抵抗力:19（26）　精神抵抗力:19（26）",
  "sin": "4",
  "skills": "<p><strong>◯Flight</strong></p><p>A Murcielago receives a +1 bonus to Accuracy and Evasion only for melee attacks.</p><p><strong>◯Swords of Protection Resistance</strong></p><p>If the Murcielago is within the influence of Swords of Protection, the Murcielago's soulscars are treated as 2 points lower than it originally was.</p><p><strong>►Truespeech Magic 15 Level/Magic Power 19 (26)</strong></p><p></p><p><strong>◯🗨Magic Aptitude</strong></p><p>They can use the Combat Feats [Targeting], [Magic Convergence], [Magic Control], [Universal Metamagic],[Multi-Action].</p><p><strong>◯Multiple Actions = 2 times</strong></p><p></p><p><strong>🗨Mana Strike = +19 damage</strong></p><p>May deal an additional +19 damage to their next melee attack. At risk, they take a -2 penalty to their Fortitude and Willpower checks.</p><p><strong>🗨Cleave II</strong></p><p>It attacks with a weapon up to 5 characters within the skirmish in which it resides.</p><p><strong>►Bonds of Love and Blood/18 (25)/Willpower/Neg</strong></p><p>The same ability as of a Murcielago.</p><p><strong>⏩△Bat Shapeshifting</strong></p><p>Murcielago changes its own appearance into a bat about 20 cm in length. Or, it returns to its original form from the state of being a bat.When in the form of a bat, the physical abilities of the bat will be equivalent to its appearance (enough to fly as a bat), and all unique skills will be ineffective. Also, the bat form is not treated as a character and is not a target of any effect. If the character is changed during a battle, it can leave the battlefield.This ability can be used only once per hour, and unless this ability is used, the shape never changes.</p>",
  "status1Accuracy": "18",
  "status1AccuracyFix": 25,
  "status1Damage": "2d+20",
  "status1Defense": "16",
  "status1Evasion": "18",
  "status1EvasionFix": 25,
  "status1Hp": "128",
  "status1Mp": "94",
  "status1Style": "Claws",
  "statusNum": 1,
  "taxa": "Barbarous",
  "type": "m",
  "unitStatus": {
    "Claws:HP": "128/128",
    "Claws:MP": "94"
  },
  "unitExceptStatus": {
    "HP": 1,
    "MP": 1,
    "Defense": 1
  },
  "loots1Num": "Always",
  "loots1Item": "The Lustrous Blood of Murcielago (2,000G/Red S) x 1d",
  "loots2Num": "2～6",
  "loots2Item": "None",
  "loots3Num": "7+",
  "loots3Item": "Blood Family Directives (5,000G/White S)",
  "fortitude": "19",
  "willpower": "19"
}