{
  "description": "<p>Murcielago serve the high Nosferatu Barbarous, and look no different from a Humanoid.</p><p>In addition to their high fighting prowess, they have the ability to shapeshift into bats. They are also resistant to Swords of Protection, and their abilities and appearance allow them to carry out important missions such as infiltrating Humanoid cities.</p><p>They are considered dangerous because they often treat those they have bonded with as \"lovers\" and use them as stepping stones to infiltrate or plot against them by forcing them to do as they wish.</p>",
  "disposition": "Hostile",
  "habitat": "Unknown",
  "initiative": "18",
  "intellect": "High",
  "language": "Trade Common, Barbaric,",
  "lootsNum": 4,
  "monsterName": "Murcielago",
  "mndResist": "14",
  "vitResist": "14",
  "lv": "11",
  "parts": "",
  "coreParts": "",
  "mobility": "20/20(Flying)",
  "mode": "save",
  "paletteInsertType": "exchange",
  "paletteRemoveTags": "1",
  "paletteTool": "bcdice",
  "paletteUseBuff": "1",
  "paletteUseVar": "1",
  "partsNum": 1,
  "perception": "Five senses (Darkvision)",
  "reputation": "19",
  "reputation+": "22",
  "weakness": "Physical damage +2 points",
  "result": "OK",
  "sheetDescriptionM": "分類:Barbarous　知能:High　知覚:Five senses (Darkvision)　反応:Hostile\n言語:Trade Common, Barbaric,　生息地:Unknown\n弱点:Physical damage +2 points\n先制値:18　生命抵抗力:14（21）　精神抵抗力:14（21）",
  "sheetDescriptionS": "分類:Barbarous\n弱点:Physical damage +2 points\n先制値:18　生命抵抗力:14（21）　精神抵抗力:14（21）",
  "sin": "4",
  "skills": "<p><strong>◯Flight</strong></p><p>A Murcielago receives a +1 bonus to Accuracy and Evasion only for melee attacks.</p><p><strong>◯Swords of Protection Resistance</strong></p><p>If the Murcielago is within the influence of Swords of Protection, the Murcielago's Soulscars are treated as 2 points lower.</p><p><strong>►Truespeech Magic 11 Level/Magic Power 14 (21)</strong></p><p></p><p><strong>◯🗨Magic Aptitude</strong></p><p>They can use the Combat Feats [Targeting], [Magic Convergence], [Magic Control], [Universal Metamagic],[Multi-Action], and [Rune Master].</p><p><strong>►Bonds of Love and Blood/14 (21)/Willpower/Neg</strong></p><p>Murcielago extract the blood of the character they have chosen to fight for life, and offer their own bodily fluids to strengthen the bond between them.This ability can be used once a week during combat, and each time it is used, Bonds of Love and Blood points will accumulate by one point. As the points accumulate, the target will start to develop feelings for this monster, eventually loving it like a partner and protecting it as such. The target's love for the Murcielago will become stronger each time it receives this ability (up to a maximum of 7 points).Guidelines for the Number of Times Bonds of Love and Blood has been Received and its Effects</p>",
  "status1Accuracy": "13",
  "status1AccuracyFix": 20,
  "status1Damage": "2d+14",
  "status1Defense": "10",
  "status1Evasion": "13",
  "status1EvasionFix": 20,
  "status1Hp": "91",
  "status1Mp": "77",
  "status1Style": "Claws",
  "statusNum": 1,
  "taxa": "Barbarous",
  "type": "m",
  "unitStatus": {
    "Claws:HP": "91/91",
    "Claws:MP": "77"
  },
  "unitExceptStatus": {
    "HP": 1,
    "MP": 1,
    "Defense": 1
  },
  "loots1Num": "Always",
  "loots1Item": "The Lustrous Blood of Murcielago (2,000G/Red S)",
  "loots2Num": "2～8",
  "loots2Item": "None",
  "loots3Num": "9～12",
  "loots3Item": "Barbarous Directives (500G/White A)",
  "loots4Num": "13+",
  "loots4Item": "Blood Family Directives (5,000G/White S)",
  "fortitude": "14",
  "willpower": "14"
}