{
  "description": "<p>Enormous bees, each one measuring a staggering 2 meters, roam the forests and grasslands of the northern Alframe continent. These majestic creatures hunt larger animals and build nests so massive that they could easily be mistaken for flying boulders.</p><p>So great is their weight that ancient structures and towering trees alike are said to have collapsed under their burden. But it is not just their size that is awe-inspiring. The needle on their abdomen is equally massive, nearly 20 cm in length, and coated with a deadly poison that can blind with a single touch.</p>",
  "disposition": "Hostile",
  "habitat": "Forests, Grassland",
  "initiative": "21",
  "intellect": "Animal",
  "language": "None",
  "lootsNum": 1,
  "monsterName": "Murder Hornet",
  "mndResist": "13",
  "vitResist": "14",
  "lv": "11",
  "parts": "",
  "coreParts": "",
  "mobility": "-/40(Flying)",
  "mode": "save",
  "paletteInsertType": "exchange",
  "paletteRemoveTags": "1",
  "paletteTool": "bcdice",
  "paletteUseBuff": "1",
  "paletteUseVar": "1",
  "partsNum": 1,
  "perception": "Five Senses",
  "reputation": "17",
  "reputation+": "20",
  "weakness": "Physical damage +2 points",
  "result": "OK",
  "sheetDescriptionM": "分類:Animal　知能:Animal　知覚:Five Senses　反応:Hostile\n言語:None　生息地:Forests, Grassland\n弱点:Physical damage +2 points\n先制値:21　生命抵抗力:14（21）　精神抵抗力:13（20）",
  "sheetDescriptionS": "分類:Animal\n弱点:Physical damage +2 points\n先制値:21　生命抵抗力:14（21）　精神抵抗力:13（20）",
  "sin": "0",
  "skills": "<p><strong>◯Flight</strong></p><p>A Murder Hornet receives a +1 bonus to Accuracy and Evasion only for melee attacks.</p><p><strong>◯Vital Strike</strong></p><p>If the 2d roll determining damage is 9 or more, the damage is increased by +8 points.</p><p><strong>◯Deadly Poisonous Needle/14 (21)/Fortitude/Half</strong></p><p>If the Needle hits, it deals 2d+6 Poison magic damage.</p><p><strong>►Murderous Wing Noise/13 (20)/Fortitude/Negates</strong></p><p>The Murder Hornet flaps its wings at high speed and sprays deafening noise to \"Target: 2-3 areas (10m radius) / All\" within \"Range: Caster\", which interferes with the concentration. The targets lose their hearing, and at the same time, suffers a -2 penalty to Spellcasting check and action checks.This effect is of Psychic type. It cannot be used for consecutive turns.</p>",
  "status1Accuracy": "14",
  "status1AccuracyFix": 21,
  "status1Damage": "2d+11",
  "status1Defense": "8",
  "status1Evasion": "13",
  "status1EvasionFix": 20,
  "status1Hp": "97",
  "status1Mp": "33",
  "status1Style": "Needle",
  "statusNum": 1,
  "taxa": "Animal",
  "type": "m",
  "unitStatus": {
    "Needle:HP": "97/97",
    "Needle:MP": "33"
  },
  "unitExceptStatus": {
    "HP": 1,
    "MP": 1,
    "Defense": 1
  },
  "loots1Num": "Always",
  "loots1Item": "Deadly Poisonous Needle (2,400G/Red S)",
  "fortitude": "14",
  "willpower": "13"
}