{
  "description": "<p>They are fairies resembling majestic giants whose entire bodies are wrapped in constant fire. Despite their fierce appearance, they prefer order and equality and are often summoned as part of the army of Blazing Emperor Grendal. Some humanoids and barbarous worship Muspell as if it were a Minor God.</p>",
  "disposition": "Neutral",
  "habitat": "Mountains",
  "initiative": "18",
  "intellect": "Average",
  "language": "Trade Common, Sylvan",
  "lootsNum": 0,
  "monsterName": "Muspell",
  "mndResist": "15",
  "vitResist": "18",
  "lv": "13",
  "parts": "",
  "coreParts": "",
  "mobility": "20",
  "mode": "save",
  "paletteInsertType": "exchange",
  "paletteRemoveTags": "1",
  "paletteTool": "bcdice",
  "paletteUseBuff": "1",
  "paletteUseVar": "1",
  "partsNum": 1,
  "perception": "Five senses",
  "reputation": "16",
  "reputation+": "20",
  "weakness": "Water/Ice damage + 3 points",
  "result": "OK",
  "sheetDescriptionM": "分類:Fairy　知能:Average　知覚:Five senses　反応:Neutral\n言語:Trade Common, Sylvan　生息地:Mountains\n弱点:Water/Ice damage + 3 points\n先制値:18　生命抵抗力:18（25）　精神抵抗力:15（22）",
  "sheetDescriptionS": "分類:Fairy\n弱点:Water/Ice damage + 3 points\n先制値:18　生命抵抗力:18（25）　精神抵抗力:15（22）",
  "sin": "0",
  "skills": "<p><strong>◯Type: Fire/Magic Power 16 (23)</strong></p><p></p><p><strong>🗨►Magic Aptitude</strong></p><p>They can use the Combat Feats [Multi-Action], [Universal Metamagic], [Wordbreak].</p><p><strong>◯Water/Ice Vulnerability</strong></p><p>When the Muspell is hit by Water/Ice-type damage, it takes an extra 3 damage.</p><p><strong>►Fire Rush/17 (24)/Evasion/Negates</strong></p><p>Muspell becomes engulfed with fire and charges through. This is an ability with \"Range/Area: 2 (20)m / Breakthrough\", and deals 2d+20 Fire physical damage to the affected targets. In addition, the target is covered in fire. The target continues to take 5 Fire magic damage at the end of their every turn for the next 3 minutes (18 rounds). When this effect is to be removed, this effect is considered to have a Success Value of 23</p>",
  "status1Accuracy": "18",
  "status1AccuracyFix": 25,
  "status1Damage": "2d+16",
  "status1Defense": "15",
  "status1Evasion": "16",
  "status1EvasionFix": 23,
  "status1Hp": "121",
  "status1Mp": "84",
  "status1Style": "Fists",
  "statusNum": 1,
  "taxa": "Fairy",
  "type": "m",
  "unitStatus": {
    "Fists:HP": "121/121",
    "Fists:MP": "84"
  },
  "unitExceptStatus": {
    "HP": 1,
    "MP": 1,
    "Defense": 1
  },
  "fortitude": "18",
  "willpower": "15"
}