{
  "description": "<p>This 5-meter-long daemon is found mainly in and around Shallow Abysses. It is octopus-shaped with only two tentacles, its body is the head, and it has only one huge eye without eyelids.</p><p>A daemon tends to remain where it is thought to have been summoned or come through and does not significantly shift where it is active.</p>",
  "disposition": "Hostile",
  "habitat": "Shallow Abysses",
  "initiative": "12",
  "intellect": "Average",
  "language": "Daemonic",
  "lootsNum": 3,
  "monsterName": "Nazrak",
  "mndResist": "7",
  "vitResist": "7",
  "lv": "5",
  "parts": "3 (Head/Tentacle x 2)",
  "coreParts": "Head",
  "mobility": "5/â",
  "mode": "save",
  "paletteInsertType": "exchange",
  "paletteRemoveTags": "1",
  "paletteTool": "bcdice",
  "paletteUseBuff": "1",
  "paletteUseVar": "1",
  "partsNum": 3,
  "perception": "Five senses (Darkvision)",
  "reputation": "13",
  "reputation+": "16",
  "weakness": "Magic Damage +2 points",
  "result": "OK",
  "sheetDescriptionM": "分類:Daemon　知能:Average　知覚:Five senses (Darkvision)　反応:Hostile\n言語:Daemonic　生息地:Shallow Abysses\n弱点:Magic Damage +2 points\n先制値:12　生命抵抗力:7（14）　精神抵抗力:7（14）",
  "sheetDescriptionS": "分類:Daemon\n弱点:Magic Damage +2 points\n先制値:12　生命抵抗力:7（14）　精神抵抗力:7（14）",
  "sin": "0",
  "skills": "<p><strong>►Intimidating Gaze/6 (13)/Willpower/Negates</strong></p><p>Nazrak stares at \"Target: 1 Character\" within \"Range/Area: 2 (20m)/ Target\" and terrifies it. The target takes a -2 penalty on all action checks for 10 seconds (1 round).This effect is Psychic type.</p><p><strong>►Frenzied Gaze/6 (13)/Willpower/Negates</strong></p><p>Nazrak stares at \"Target: 1 Character\" within \"Range/Area: 2 (20m)/ Target\" and drives it temporarily insane. The target receives a +2 bonus to any action check for 3 minutes (18 rounds), but it loses 5 points of HP at the end of its turn. This may result in a zero or negative HP. If the target becomes unconscious, the effect is automatically removed.This effect is Psychic type.</p><br><br><p><strong>🗨Tail Sweep</strong></p><p>It can attack up to 3 characters that can be reached with Tentacle attacks. The Accuracy check should be rolled once, and if multiple characters are hit, the damage is determined individually.This ability cannot be used on consecutive turns.</p><p><strong>◯Attack Obstacle = +4 • None</strong></p><p>Nazrak's height prevents enemies from attacking it. The Head receives a +4 bonus to Evasion checks against melee attacks.If any of the Tentacle sections have 0 HP or less, this effect is lost.</p>",
  "status1Accuracy": "-",
  "status1AccuracyFix": null,
  "status1Damage": "-",
  "status1Defense": "4",
  "status1Evasion": "6",
  "status1EvasionFix": 13,
  "status1Hp": "26",
  "status1Mp": "16",
  "status1Style": "None (Head)",
  "status2Accuracy": "7",
  "status2AccuracyFix": 14,
  "status2Damage": "2d+6",
  "status2Defense": "6",
  "status2Evasion": "5",
  "status2EvasionFix": 12,
  "status2Hp": "34",
  "status2Mp": "22",
  "status2Style": "Tentacle (Tentacle)",
  "status3Accuracy": "7",
  "status3AccuracyFix": 14,
  "status3Damage": "2d+6",
  "status3Defense": "6",
  "status3Evasion": "5",
  "status3EvasionFix": 12,
  "status3Hp": "34",
  "status3Mp": "22",
  "status3Style": "Tentacle (Tentacle)",
  "statusNum": 3,
  "taxa": "Daemon",
  "type": "m",
  "unitStatus": {
    "None (Head):HP": "26/26",
    "None (Head):MP": "16",
    "Tentacle (Tentacle):HP": "34/34",
    "Tentacle (Tentacle):MP": "22"
  },
  "unitExceptStatus": {
    "HP": 3,
    "MP": 3,
    "Defense": 3
  },
  "loots1Num": "Always",
  "loots1Item": "Daemon's Blood (100G/Red A)",
  "loots2Num": "2～8",
  "loots2Item": "None",
  "loots3Num": "9+",
  "loots3Item": "Abyss Shard (200G)",
  "fortitude": "7",
  "willpower": "7"
}