{
  "description": "<p>This plant is named after the arrow-like needles that grow from it. It shoots these needles at prey that enter its network of vines. The vines are concealed on the forest floor by dirt and dead leaves. Once unsuspecting prey walks into the area, they are violently attacked as the needles are shot at their feet and lower legs.</p>",
  "disposition": "Hostile",
  "habitat": "Forests",
  "initiative": "4 (11)",
  "intellect": "None",
  "language": "None",
  "lootsNum": 3,
  "monsterName": "Needle Archer",
  "mndResist": "3(10)",
  "vitResist": "4(11)",
  "lv": "2",
  "parts": "",
  "coreParts": "",
  "mobility": "-/-",
  "mode": "save",
  "paletteInsertType": "exchange",
  "paletteRemoveTags": "1",
  "paletteTool": "bcdice",
  "paletteUseBuff": "1",
  "paletteUseVar": "1",
  "partsNum": 1,
  "perception": "Magic",
  "reputation": "7",
  "reputation+": "11",
  "weakness": "Fire damage +3",
  "result": "OK",
  "sheetDescriptionM": "分類:Plant　知能:None　知覚:Magic　反応:Hostile\n言語:None　生息地:Forests\n弱点:Fire damage +3\n先制値:4 (11)　生命抵抗力:4(11)（11）　精神抵抗力:3(10)（10）",
  "sheetDescriptionS": "分類:Plant\n弱点:Fire damage +3\n先制値:4 (11)　生命抵抗力:4(11)（11）　精神抵抗力:3(10)（10）",
  "sin": "0",
  "skills": "<p><strong>◯Psychic Immunity</strong></p><p></p><p><strong>◯Vine Network</strong></p><p>A Needle Archer has thin vines stretching out 2-3 Areas (10m Radius) around itself. If characters don't successfully make a Danger Sense check against Target Number of 12, they will step into it unknowingly and become surprised by Needle Archer.In the event of a Surprise attack, the Needle Archer is placed in the Frontline Area in Simplified Combat. In Standard and Advanced Combat, all PCs are placed within a 10m radius of the monster.</p><p><strong>◯Light Needles</strong></p><p>The Needle Archer can fire its Needle attack as a ranged attack with Range: 2(20m), though any attacks made at targets outside the [◯Vine Network] receive a -1 penalty to Accuracy.</p><p><strong>◯No Blind Spot</strong></p><p>Within the [◯Vine Network], Needle Archer can ignore shielding (Standard/Advanced combat) with Needle attacks, and will not suffer Stray Shots if it shoots into the skirmish.</p><p><strong>🗨Million Needles</strong></p><p>A Needle Archer may attack all characters (enemies and allies) within range of the [◯Vine Network] simultaneously during its turn.</p>",
  "status1Accuracy": "4(11)",
  "status1AccuracyFix": 11,
  "status1Damage": "2d",
  "status1Defense": "0",
  "status1Evasion": "2(9)",
  "status1EvasionFix": 9,
  "status1Hp": "24",
  "status1Mp": "12",
  "status1Style": "Needle",
  "statusNum": 1,
  "taxa": "Plant",
  "type": "m",
  "unitStatus": {
    "Needle:HP": "24/24",
    "Needle:MP": "12"
  },
  "unitExceptStatus": {
    "HP": 1,
    "MP": 1,
    "Defense": 1
  },
  "loots1Num": "Always",
  "loots1Item": "Thorn Arrow (150G / Green B)",
  "loots2Num": "2～10",
  "loots2Item": "None",
  "loots3Num": "11+",
  "loots3Item": "Strong Vine (300G / Green A)",
  "fortitude": "4(11)",
  "willpower": "3(10)"
}