{
  "description": "<p>Pamana Bees are large bees that inhabit the Farveld Plains in the Burlight Region. They can grow up to 1 meter in length and have a massive body. These bees fly across the plains, primarily collecting nectar and pollen from pamana flowers. They have a vast radius of activity, extending over 10 km.</p><p>Generally, Pamana Bees have a calm temperament. However, some bees, known as Nest Guards, are assigned to protect their nests and mates. These Nest Guards are larger than the others and can be dangerous and aggressive. They accompany their allies during nectar and pollen collection but may attack foreign enemies.</p><p>Since Pamana Bees have a wide range of activity, encountering multiple bees at the same time is rare. Usually, only one Nest Guard accompanies the others. If you come across them near their nests, be prepared to face multiple attackers.</p><p>The nectar stored in Pamana Bee nests is highly regarded for its quality. Due to the large size and quantity of the nests, some individuals have found them and made a fortune. However, this task is dangerous and involves fighting off numerous Nest Guards.</p>",
  "disposition": "Hostile",
  "habitat": "Grasslands",
  "initiative": "11",
  "intellect": "Animal",
  "language": "None",
  "lootsNum": 2,
  "monsterName": "Nest Guard Pamana Bee",
  "mndResist": "3",
  "vitResist": "4",
  "lv": "3",
  "parts": "",
  "coreParts": "",
  "mobility": "-/20 (Flying)",
  "mode": "save",
  "paletteInsertType": "exchange",
  "paletteRemoveTags": "1",
  "paletteTool": "bcdice",
  "paletteUseBuff": "1",
  "paletteUseVar": "1",
  "partsNum": 1,
  "perception": "Five senses",
  "reputation": "9",
  "reputation+": "11",
  "weakness": "Accuracy +1",
  "result": "OK",
  "sheetDescriptionM": "分類:Animal　知能:Animal　知覚:Five senses　反応:Hostile\n言語:None　生息地:Grasslands\n弱点:Accuracy +1\n先制値:11　生命抵抗力:4（11）　精神抵抗力:3（10）",
  "sheetDescriptionS": "分類:Animal\n弱点:Accuracy +1\n先制値:11　生命抵抗力:4（11）　精神抵抗力:3（10）",
  "sin": "0",
  "skills": "<p><strong>◯Flight</strong></p><p>A Nest Guard Pamana Bee receives a +1 bonus to Accuracy and Evasion only for melee attacks.</p><p><strong>◯Poison /5 (12) / Fortitude / Negates</strong></p><p>If a Poison Stinger attack hits and deals 1 or more points of applied damage, the target is dealt an additional 7 Poison magic damage.</p>",
  "status1Accuracy": "5",
  "status1AccuracyFix": 12,
  "status1Damage": "2d",
  "status1Defense": "2",
  "status1Evasion": "4",
  "status1EvasionFix": 11,
  "status1Hp": "18",
  "status1Mp": "2",
  "status1Style": "Poison Stinger",
  "statusNum": 1,
  "taxa": "Animal",
  "type": "m",
  "unitStatus": {
    "Poison Stinger:HP": "18/18",
    "Poison Stinger:MP": "2"
  },
  "unitExceptStatus": {
    "HP": 1,
    "MP": 1,
    "Defense": 1
  },
  "loots1Num": "2～6",
  "loots1Item": "None",
  "loots2Num": "7+",
  "loots2Item": "Thin Wings (120G/Red A)",
  "fortitude": "4",
  "willpower": "3"
}