{
  "description": "<p>This foul monster is a Ghoul that can fly at night with bat-like wings on its back. The wings are thought to be evidence of a Soulscar mutation from feeding on corpses.</p><p>Flying in the darkness of the night, they find their poor victims and snatch them away.</p>",
  "disposition": "Hostile",
  "habitat": "Ruins",
  "initiative": "18",
  "intellect": "Low",
  "language": "None",
  "lootsNum": 3,
  "monsterName": "Night Ghoul",
  "mndResist": "12",
  "vitResist": "12",
  "lv": "10",
  "parts": "",
  "coreParts": "",
  "mobility": "-/24 (Flight)",
  "mode": "save",
  "paletteInsertType": "exchange",
  "paletteRemoveTags": "1",
  "paletteTool": "bcdice",
  "paletteUseBuff": "1",
  "paletteUseVar": "1",
  "partsNum": 1,
  "perception": "Magic",
  "reputation": "14",
  "reputation+": "15",
  "weakness": "Silver Weapon Damage +3",
  "result": "OK",
  "sheetDescriptionM": "分類:Undead　知能:Low　知覚:Magic　反応:Hostile\n言語:None　生息地:Ruins\n弱点:Silver Weapon Damage +3\n先制値:18　生命抵抗力:12（19）　精神抵抗力:12（19）",
  "sheetDescriptionS": "分類:Undead\n弱点:Silver Weapon Damage +3\n先制値:18　生命抵抗力:12（19）　精神抵抗力:12（19）",
  "sin": "0",
  "skills": "<p><strong>◯Paralyzing Poison / 12 (19) / Fortitude / Negates</strong></p><p>If a Claw attack hits and deals at least 1 applied damage, the target has a -2 penalty to Evasion checks for 30 seconds (3 rounds). This effect is not cumulative.This effect is of a Poison type.</p><p><strong>◯Flight</strong></p><p>A Night Ghoul receives a +1 bonus to Accuracy and Evasion only for melee attacks.</p>",
  "status1Accuracy": "13",
  "status1AccuracyFix": 20,
  "status1Damage": "2d+10",
  "status1Defense": "10",
  "status1Evasion": "13",
  "status1EvasionFix": 20,
  "status1Hp": "88",
  "status1Mp": "25",
  "status1Style": "Bite",
  "statusNum": 1,
  "taxa": "Undead",
  "type": "m",
  "unitStatus": {
    "Bite:HP": "88/88",
    "Bite:MP": "25"
  },
  "unitExceptStatus": {
    "HP": 1,
    "MP": 1,
    "Defense": 1
  },
  "loots1Num": "Always",
  "loots1Item": "Ghoul Toxin Extract (20G / Gold Red B) x 2",
  "loots2Num": "2～8",
  "loots2Item": "Ghoul Coin (500G / Gold A)",
  "loots3Num": "9+",
  "loots3Item": "Rare Ghoul Coin (350G / Gold A) x 1d",
  "fortitude": "12",
  "willpower": "12"
}