{
  "description": "<p>This type of rattlesnake boasts a vast body that can reach nearly 10 meters in length and a body thickness of over 20 centimeters in diameter. The intimidating sound they make with their tails is so loud that it is said to send anyone who hears it into a panic.</p>",
  "disposition": "Hungry",
  "habitat": "Forests, Grassland, Desert",
  "initiative": "15",
  "intellect": "Animal",
  "language": "None",
  "lootsNum": 4,
  "monsterName": "Noisy Rattlesnake",
  "mndResist": "11",
  "vitResist": "11",
  "lv": "9",
  "parts": "2 (Head / Body)",
  "coreParts": "Head",
  "mobility": "14(Crawling)",
  "mode": "save",
  "paletteInsertType": "exchange",
  "paletteRemoveTags": "1",
  "paletteTool": "bcdice",
  "paletteUseBuff": "1",
  "paletteUseVar": "1",
  "partsNum": 2,
  "perception": "Five senses (Darkvision)",
  "reputation": "17",
  "reputation+": "20",
  "weakness": "Earth damage + 3 points",
  "result": "OK",
  "sheetDescriptionM": "分類:Animal　知能:Animal　知覚:Five senses (Darkvision)　反応:Hungry\n言語:None　生息地:Forests, Grassland, Desert\n弱点:Earth damage + 3 points\n先制値:15　生命抵抗力:11（18）　精神抵抗力:11（18）",
  "sheetDescriptionS": "分類:Animal\n弱点:Earth damage + 3 points\n先制値:15　生命抵抗力:11（18）　精神抵抗力:11（18）",
  "sin": "0",
  "skills": "<p><strong>◯Poison/11 (18)/Fortitude/Negates</strong></p><p>If the Bite attack hits, it deals additional 8 points of poison magic damage to the target.</p><p><strong>◯Counter</strong></p><p>This is the same effect as the combat feat [Counter].</p><p><strong>🗨Strength Burst</strong></p><p>It is always ready to make a move. The monster receives a +1 bonus to Accuracy checks and a -1 penalty to Evasion checks until the beginning of its next turn.</p><br><br><p><strong>◯Noise Disturbance/Can't</strong></p><p>The sound made by the Tail disturbs mental concentration. The Tail gives a -4 penalty to Spellcasting checks and Performance checks for \"Range: Caster\" and \"Target: All areas (50m radius)/All\".This effect has \"Resistance: Can't,\" but it does not extend to characters that cannot hear (see CR II, p. 71).</p><p><strong>►Twin Strike & Double Attack</strong></p><p>It can make two Tail attacks each round, though each attack requires its accuracy check. They may choose to attack different characters with each attack.</p>",
  "status1Accuracy": "11",
  "status1AccuracyFix": 18,
  "status1Damage": "2d+12",
  "status1Defense": "7",
  "status1Evasion": "11",
  "status1EvasionFix": 18,
  "status1Hp": "81",
  "status1Mp": "34",
  "status1Style": "Bite(Head)",
  "status2Accuracy": "12",
  "status2AccuracyFix": 19,
  "status2Damage": "2d+10",
  "status2Defense": "6",
  "status2Evasion": "12",
  "status2EvasionFix": 19,
  "status2Hp": "73",
  "status2Mp": "28",
  "status2Style": "Tail (Body)",
  "statusNum": 2,
  "taxa": "Animal",
  "type": "m",
  "unitStatus": {
    "Bite(Head):HP": "81/81",
    "Bite(Head):MP": "34",
    "Tail (Body):HP": "73/73",
    "Tail (Body):MP": "28"
  },
  "unitExceptStatus": {
    "HP": 2,
    "MP": 2,
    "Defense": 2
  },
  "loots1Num": "Always",
  "loots1Item": "Rattling Tail (770G/Red A)",
  "loots2Num": "2～4",
  "loots2Item": "Snake Skin (20G/Red B)",
  "loots3Num": "5～8",
  "loots3Item": "Fine Snake Skin (120G/Red A)",
  "loots4Num": "9+",
  "loots4Item": "Premium Snake Skin (320G/Red A)",
  "fortitude": "11",
  "willpower": "11"
}