{
  "description": "<p>Nuzumal is a small daemon, about 1.2 meters tall. Its green skin resembles that of amphibians, and its head is also reminiscent of a frog, with large protruding eyes and a wide, side-slit mouth.</p><p>The green blood they shed has cursed power that burns the skin of those it touches.</p><p>It is said that they like humidity, lives in swamps and other places, and attack in groups, dragging their poor victims with them.</p>",
  "disposition": "Hostile",
  "habitat": "Labyrinths, Ruins, Swamps",
  "initiative": "10",
  "intellect": "Low",
  "language": "Daemonic",
  "lootsNum": 3,
  "monsterName": "Nuzumal",
  "mndResist": "5",
  "vitResist": "4",
  "lv": "3",
  "parts": "",
  "coreParts": "",
  "mobility": "10 (4 Legs)/10(Swimming)",
  "mode": "save",
  "paletteInsertType": "exchange",
  "paletteRemoveTags": "1",
  "paletteTool": "bcdice",
  "paletteUseBuff": "1",
  "paletteUseVar": "1",
  "partsNum": 1,
  "perception": "Five senses (Darkvision)",
  "reputation": "12",
  "reputation+": "14",
  "weakness": "Fire damage +3 points",
  "result": "OK",
  "sheetDescriptionM": "分類:Daemon　知能:Low　知覚:Five senses (Darkvision)　反応:Hostile\n言語:Daemonic　生息地:Labyrinths, Ruins, Swamps\n弱点:Fire damage +3 points\n先制値:10　生命抵抗力:4（11）　精神抵抗力:5（12）",
  "sheetDescriptionS": "分類:Daemon\n弱点:Fire damage +3 points\n先制値:10　生命抵抗力:4（11）　精神抵抗力:5（12）",
  "sin": "0",
  "skills": "<p><strong>◯Underwater Aptitude</strong></p><p></p><p><strong>►Greenblood Curse/4 (11)/Willpower/Half</strong></p><p>Within \"Range: Touch,\" Nuzumal deals 2d+2 Curse magic damage to \"Target: 1 Character\". Using this ability consumes 4 points of its HP and MP each.</p>",
  "status1Accuracy": "4",
  "status1AccuracyFix": 11,
  "status1Damage": "2d+4",
  "status1Defense": "3",
  "status1Evasion": "4",
  "status1EvasionFix": 11,
  "status1Hp": "22",
  "status1Mp": "22",
  "status1Style": "Claws",
  "statusNum": 1,
  "taxa": "Daemon",
  "type": "m",
  "unitStatus": {
    "Claws:HP": "22/22",
    "Claws:MP": "22"
  },
  "unitExceptStatus": {
    "HP": 1,
    "MP": 1,
    "Defense": 1
  },
  "loots1Num": "Always",
  "loots1Item": "Daemon's Blood (100G/Red A)",
  "loots2Num": "2～6",
  "loots2Item": "None",
  "loots3Num": "7+",
  "loots3Item": "Daemon's Blood (100G/Red A)",
  "fortitude": "4",
  "willpower": "5"
}