{
  "description": "<p>This fairy takes the form of a glowing, naked girl with two pairs of transparent wings on her back. She is tolerant of all living beings and grants them the benefits of Fairy Magic as much as they desire. However, she is strict against those who harm nature or seek senseless death. After warning them by making her whole body glow strongly, she tries to get rid of them.</p>",
  "disposition": "Neutral",
  "habitat": "Various",
  "initiative": "17",
  "intellect": "High",
  "language": "Trade Common, Sylvan",
  "lootsNum": 0,
  "monsterName": "Nymph",
  "mndResist": "17",
  "vitResist": "16",
  "lv": "13",
  "parts": "",
  "coreParts": "",
  "mobility": "-/20(Flying)",
  "mode": "save",
  "paletteInsertType": "exchange",
  "paletteRemoveTags": "1",
  "paletteTool": "bcdice",
  "paletteUseBuff": "1",
  "paletteUseVar": "1",
  "partsNum": 1,
  "perception": "Five senses",
  "reputation": "16",
  "reputation+": "20",
  "weakness": "Accuracy +1",
  "result": "OK",
  "sheetDescriptionM": "分類:Fairy　知能:High　知覚:Five senses　反応:Neutral\n言語:Trade Common, Sylvan　生息地:Various\n弱点:Accuracy +1\n先制値:17　生命抵抗力:16（23）　精神抵抗力:17（24）",
  "sheetDescriptionS": "分類:Fairy\n弱点:Accuracy +1\n先制値:17　生命抵抗力:16（23）　精神抵抗力:17（24）",
  "sin": "0",
  "skills": "<p><strong>◯Type: Light/Magic Power 17 (24)</strong></p><p></p><p><strong>◯Light Protection</strong></p><p>Any magic damage it receives is reduced by -5 points.</p><p><strong>◯Flight</strong></p><p>They receive a +1 bonus to Accuracy and Evasion only for melee attacks.</p><p><strong>◯🗨►Magic Aptitude</strong></p><p>They can use the Combat Feats [Targeting], [Magic Convergence], [Magic Control], [Hawk Eye], [Universal Metamagic], [Rune Master], and [Wordbreak]</p>",
  "status1Accuracy": "16",
  "status1AccuracyFix": 23,
  "status1Damage": "2d+14",
  "status1Defense": "13",
  "status1Evasion": "16",
  "status1EvasionFix": 23,
  "status1Hp": "111",
  "status1Mp": "114",
  "status1Style": "Slam",
  "statusNum": 1,
  "taxa": "Fairy",
  "type": "m",
  "unitStatus": {
    "Slam:HP": "111/111",
    "Slam:MP": "114"
  },
  "unitExceptStatus": {
    "HP": 1,
    "MP": 1,
    "Defense": 1
  },
  "fortitude": "16",
  "willpower": "17"
}