{
  "description": "<p>Oak Golems are made from oak wood. They are humanoid, with a short and stocky form.</p>",
  "disposition": "Instructed",
  "habitat": "Various",
  "initiative": "9",
  "intellect": "Servant",
  "language": "None",
  "lootsNum": 2,
  "monsterName": "Oak Golem",
  "mndResist": "4",
  "vitResist": "4",
  "lv": "2",
  "parts": "",
  "coreParts": "",
  "mobility": "9",
  "mode": "save",
  "paletteInsertType": "exchange",
  "paletteRemoveTags": "1",
  "paletteTool": "bcdice",
  "paletteUseBuff": "1",
  "paletteUseVar": "1",
  "partsNum": 1,
  "perception": "Magic",
  "reputation": "8",
  "reputation+": "12",
  "weakness": "Fire Damage +3 points",
  "result": "OK",
  "sheetDescriptionM": "分類:Golem　知能:Servant　知覚:Magic　反応:Instructed\n言語:None　生息地:Various\n弱点:Fire Damage +3 points\n先制値:9　生命抵抗力:4（11）　精神抵抗力:4（11）",
  "sheetDescriptionS": "分類:Golem\n弱点:Fire Damage +3 points\n先制値:9　生命抵抗力:4（11）　精神抵抗力:4（11）",
  "sin": "0",
  "skills": "<p><strong></strong></p><p>None.<div class=\"golemitems\"></p><p><strong>Maximum of Enhancing Items = 4</strong></p><p>Cat's Eye Rivet (Small) (200) (►Double Attack)└Golden Cat's Eye Rivet (Small) (200) (►Twin Strike & Double Attack)Jet Sign (Small) (100) (🗨Aimed Attack = +2 Accuracy and -4 damage)Obsidian Shield (Small) (150) (🗨△Cover I)Amber Eye (Small) (500) (◯Ultimate Aim = +4 Accuracy)Garnet of Vitality (Small) (200) (◯HP Enhancement = Max HP +5)Red Iron Blood (Small) (100) (◯Mobility Enhancement = Movement +5)</div></p>",
  "status1Accuracy": "4",
  "status1AccuracyFix": 11,
  "status1Damage": "2d",
  "status1Defense": "2",
  "status1Evasion": "2",
  "status1EvasionFix": 9,
  "status1Hp": "18",
  "status1Mp": "0",
  "status1Style": "Smash",
  "statusNum": 1,
  "taxa": "Golem",
  "type": "m",
  "unitStatus": {
    "Smash:HP": "18/18",
    "Smash:MP": "0/0"
  },
  "unitExceptStatus": {
    "HP": 1,
    "MP": 1,
    "Defense": 1
  },
  "loots1Num": "2～8",
  "loots1Item": "None",
  "loots2Num": "9+",
  "loots2Item": "Enchanted Oak Branch (200G/Gold Green A)",
  "fortitude": "4",
  "willpower": "4"
}