{
  "description": "<p>This quadrupedal golem is made of oak wood and, like the Oak Golem, is not very precisely sculpted.</p>",
  "disposition": "Instructed",
  "habitat": "Various",
  "initiative": "10",
  "intellect": "Servant",
  "language": "None",
  "lootsNum": 2,
  "monsterName": "Oak Hound",
  "mndResist": "4",
  "vitResist": "4",
  "lv": "2",
  "parts": "",
  "coreParts": "",
  "mobility": "9 (4 Legs)",
  "mode": "save",
  "paletteInsertType": "exchange",
  "paletteRemoveTags": "1",
  "paletteTool": "bcdice",
  "paletteUseBuff": "1",
  "paletteUseVar": "1",
  "partsNum": 1,
  "perception": "Magic",
  "reputation": "8",
  "reputation+": "12",
  "weakness": "Fire Damage +3 points",
  "result": "OK",
  "sheetDescriptionM": "分類:Golem　知能:Servant　知覚:Magic　反応:Instructed\n言語:None　生息地:Various\n弱点:Fire Damage +3 points\n先制値:10　生命抵抗力:4（11）　精神抵抗力:4（11）",
  "sheetDescriptionS": "分類:Golem\n弱点:Fire Damage +3 points\n先制値:10　生命抵抗力:4（11）　精神抵抗力:4（11）",
  "sin": "0",
  "skills": "<p><strong></strong></p><p>None.<div class=\"golemitems\"></p><p><strong>Maximum of Enhancing Items = 3</strong></p><p>Tiger's Eye Rivet (Small) (150) (◯Continuous Attack)└Golden Tiger's Eye Rivet (Small) (300) (◯Continuous Attack II)Spinel Horn (Small) (150) (►Charge)Garnet of Vitality (Small) (200) (◯HP Enhancement = Max HP +5)Red Iron Blood (Small) (100) (◯Mobility Enhancement = Movement +5) </div></p>",
  "status1Accuracy": "4",
  "status1AccuracyFix": 11,
  "status1Damage": "2d",
  "status1Defense": "2",
  "status1Evasion": "3",
  "status1EvasionFix": 10,
  "status1Hp": "15",
  "status1Mp": "-",
  "status1Style": "Bite",
  "statusNum": 1,
  "taxa": "Golem",
  "type": "m",
  "unitStatus": {
    "Bite:HP": "15/15",
    "Bite:MP": "-"
  },
  "unitExceptStatus": {
    "HP": 1,
    "MP": 1,
    "Defense": 1
  },
  "loots1Num": "2～7",
  "loots1Item": "None",
  "loots2Num": "8+",
  "loots2Item": "Enchanted Oak Branch (200G/Gold Green A)",
  "fortitude": "4",
  "willpower": "4"
}