{
  "description": "<p>This is a high-ranking Ogre with excellent magical abilities. They are capable of casting Truespeech Magic and Spiritualism Magic and often blend in with humanoids to carry out their evil deeds.</p><p>Ogre Wizards are considered elite among Ogres and sometimes command infiltration teams of Lesser Ogres. They use Lesser Ogres to secretly neutralize the Swords of Protection and enter Humanoid cities. Ogre Wizards are known to gradually replace the inhabitants of a city with Ogres under their control and then one day reveal their true nature and ravage the city. When an Ogre Wizard is discovered in a town, it is often too late to stop them.</p>",
  "disposition": "Hostile",
  "habitat": "Various",
  "initiative": "15",
  "intellect": "Average",
  "language": "Trade Common, Barbaric, Ogre, Drakish, Arcana",
  "lootsNum": 3,
  "monsterName": "Ogre Wizard",
  "mndResist": "12",
  "vitResist": "12",
  "lv": "9",
  "parts": "",
  "coreParts": "",
  "mobility": "18",
  "mode": "save",
  "paletteInsertType": "exchange",
  "paletteRemoveTags": "1",
  "paletteTool": "bcdice",
  "paletteUseBuff": "1",
  "paletteUseVar": "1",
  "partsNum": 1,
  "perception": "Five senses (Darkvision)",
  "reputation": "14",
  "reputation+": "17",
  "weakness": "Accuracy +1",
  "result": "OK",
  "sheetDescriptionM": "分類:Barbarous　知能:Average　知覚:Five senses (Darkvision)　反応:Hostile\n言語:Trade Common, Barbaric, Ogre, Drakish, Arcana　生息地:Various\n弱点:Accuracy +1\n先制値:15　生命抵抗力:12（19）　精神抵抗力:12（19）",
  "sheetDescriptionS": "分類:Barbarous\n弱点:Accuracy +1\n先制値:15　生命抵抗力:12（19）　精神抵抗力:12（19）",
  "sin": "3",
  "skills": "<p><strong>►Truespeech Magic, Spiritualism Magic 8 Level/Magic Power 11 (18)</strong></p><p></p><p><strong>◯🗨►Magic Aptitude</strong></p><p>They can use the Combat Feats [Targeting], [Magic Convergence], [Magic Control], [Wordbreak].</p><p><strong>⏩△Personification</strong></p><p>An Ogre Wizard may take on the appearance and mannerisms of a character they have eaten or change back.When transformed, the Ogre Wizard's maximum HP and MP are decreased by 5. Accuracy, Evasion, Fortitude, and Willpower are also reduced by 1 point each. This form can be held up to 18 hours per day.The [⏩△Personification] can also be ended with Minor Action or during Combat Preparation.</p>",
  "status1Accuracy": "12",
  "status1AccuracyFix": 19,
  "status1Damage": "2d+13",
  "status1Defense": "10",
  "status1Evasion": "12",
  "status1EvasionFix": 19,
  "status1Hp": "72",
  "status1Mp": "85",
  "status1Style": "Weapon",
  "statusNum": 1,
  "taxa": "Barbarous",
  "type": "m",
  "unitStatus": {
    "Weapon:HP": "72/72",
    "Weapon:MP": "85"
  },
  "unitExceptStatus": {
    "HP": 1,
    "MP": 1,
    "Defense": 1
  },
  "loots1Num": "2～6",
  "loots1Item": "Bag of Silver (100G) x 1d",
  "loots2Num": "7～11",
  "loots2Item": "Gem (150G/Gold A) x 1d",
  "loots3Num": "12+",
  "loots3Item": "Gold Bracelet (2,500G/Gold White S)",
  "fortitude": "12",
  "willpower": "12"
}