{
  "description": "<p>Although they lack the shapeshift ability, Ogre Warlords are a superior species of Ogres, possessing physical and magical powers far superior to those of ordinary Ogres. Though not much different in appearance from an ordinary Ogre, they are sometimes adorned with crowns and necklaces and carry specially forged swords that prove their kingship.</p>",
  "disposition": "Hostile",
  "habitat": "Various",
  "initiative": "20",
  "intellect": "Average",
  "language": "Trade Common, Barbaric,",
  "lootsNum": 3,
  "monsterName": "Ogre Warlord",
  "mndResist": "18",
  "vitResist": "18",
  "lv": "13",
  "parts": "",
  "coreParts": "",
  "mobility": "20",
  "mode": "save",
  "paletteInsertType": "exchange",
  "paletteRemoveTags": "1",
  "paletteTool": "bcdice",
  "paletteUseBuff": "1",
  "paletteUseVar": "1",
  "partsNum": 1,
  "perception": "Five senses (Darkvision)",
  "reputation": "16",
  "reputation+": "20",
  "weakness": "Physical damage +2 points",
  "result": "OK",
  "sheetDescriptionM": "分類:Barbarous　知能:Average　知覚:Five senses (Darkvision)　反応:Hostile\n言語:Trade Common, Barbaric,　生息地:Various\n弱点:Physical damage +2 points\n先制値:20　生命抵抗力:18（25）　精神抵抗力:18（25）",
  "sheetDescriptionS": "分類:Barbarous\n弱点:Physical damage +2 points\n先制値:20　生命抵抗力:18（25）　精神抵抗力:18（25）",
  "sin": "4",
  "skills": "<p><strong>◯Multiple Actions = 2 times</strong></p><p></p><p><strong>►Truespeech Magic 10 Level/Magic Power 14 (21)</strong></p><p></p><p><strong>◯🗨►Magic Aptitude</strong></p><p>They can use the Combat Feats [Multi-Action], [Targeting], [Magic Convergence], [Magic Control], [Metamagic/Targets], and [Wordbreak].</p><p><strong>🗨 Mana Strike = +14 damage</strong></p><p>An Ogre Warlord may deal an additional +14 damage to their next melee attack. If they do, at risk, they receive a -2 penalty to Fortitude and Willpower checks until their next turn.</p>",
  "status1Accuracy": "17",
  "status1AccuracyFix": 24,
  "status1Damage": "2d+15",
  "status1Defense": "16",
  "status1Evasion": "14",
  "status1EvasionFix": 21,
  "status1Hp": "121",
  "status1Mp": "69",
  "status1Style": "Weapon",
  "statusNum": 1,
  "taxa": "Barbarous",
  "type": "m",
  "unitStatus": {
    "Weapon:HP": "121/121",
    "Weapon:MP": "69"
  },
  "unitExceptStatus": {
    "HP": 1,
    "MP": 1,
    "Defense": 1
  },
  "loots1Num": "2～8",
  "loots1Item": "Bag of Gold (1,400G)",
  "loots2Num": "9～12",
  "loots2Item": "Luxury Ornaments (500G/Gold White A) x 2d",
  "loots3Num": "13+",
  "loots3Item": "Royal Treasured Sword (8,000G/Gold Black White S)",
  "fortitude": "18",
  "willpower": "18"
}