{
  "description": "<p>Although they have no shapeshift ability and cannot cast spells, they are a subspecies of Ogres, boasting a strong body twice the size of a normal Ogre and formidable strength. Because of their low intellect, they are used by Ogres and Drakes, but as long as they can fight, Ogre Berserkers are happy.</p>",
  "disposition": "Hostile",
  "habitat": "Various",
  "initiative": "17",
  "intellect": "Low",
  "language": "Barbaric, Ogre, Drakish",
  "lootsNum": 3,
  "monsterName": "Ogre Berserker",
  "mndResist": "13",
  "vitResist": "16",
  "lv": "11",
  "parts": "",
  "coreParts": "",
  "mobility": "19",
  "mode": "save",
  "paletteInsertType": "exchange",
  "paletteRemoveTags": "1",
  "paletteTool": "bcdice",
  "paletteUseBuff": "1",
  "paletteUseVar": "1",
  "partsNum": 1,
  "perception": "Five senses (Darkvision)",
  "reputation": "15",
  "reputation+": "19",
  "weakness": "+2 Magic Damage",
  "result": "OK",
  "sheetDescriptionM": "分類:Barbarous　知能:Low　知覚:Five senses (Darkvision)　反応:Hostile\n言語:Barbaric, Ogre, Drakish　生息地:Various\n弱点:+2 Magic Damage\n先制値:17　生命抵抗力:16（23）　精神抵抗力:13（20）",
  "sheetDescriptionS": "分類:Barbarous\n弱点:+2 Magic Damage\n先制値:17　生命抵抗力:16（23）　精神抵抗力:13（20）",
  "sin": "4",
  "skills": "<p><strong>◯Continuous Attack II</strong></p><p>If an Ogre Berserker successfully hits a target in melee, they may make a second attack. They can make a third attack against the same target if a second attack hits.</p><p><strong>🗨Power Strike II</strong></p><p>An Ogre Berserker can deal an additional +12 damage on their next attack. However, any Evasion Check made by the Ogre Berserker this turn receives a -2 penalty.This declaration should have been made at the time of the first attack. It cannot be made during an additional attack from the [◯Continuous Attack II].</p>",
  "status1Accuracy": "15",
  "status1AccuracyFix": 22,
  "status1Damage": "2d+18",
  "status1Defense": "13",
  "status1Evasion": "12",
  "status1EvasionFix": 19,
  "status1Hp": "103",
  "status1Mp": "13",
  "status1Style": "Weapon",
  "statusNum": 1,
  "taxa": "Barbarous",
  "type": "m",
  "unitStatus": {
    "Weapon:HP": "103/103",
    "Weapon:MP": "13"
  },
  "unitExceptStatus": {
    "HP": 1,
    "MP": 1,
    "Defense": 1
  },
  "loots1Num": "2～8",
  "loots1Item": "Bag of Silver (200G)",
  "loots2Num": "9～12",
  "loots2Item": "Gems (500G/Gold A) x 1d",
  "loots3Num": "13+",
  "loots3Item": "Golden Berserker Accessory (4,500G/Gold White S)",
  "fortitude": "16",
  "willpower": "13"
}