{
  "description": "<p>Much larger than the Lesser Ogre species, Ogres wield significant physical and magical power. Standing close to 3m tall, they can use larger equipment. Ogres act as though they are master tacticians, using Lesser Ogres and other Barbarous as fodder for their evil (and often cowardly) operations to attack Humanoid races. However, their success rate isn't the greatest, and those who fail often tend to be sent on those same suicide missions by other Ogres.</p>",
  "disposition": "Hostile",
  "habitat": "Various",
  "initiative": "14",
  "intellect": "Average",
  "language": "Trade Common, Barbaric, Ogre, Drakish, Arcana",
  "lootsNum": 3,
  "monsterName": "Ogre",
  "mndResist": "9",
  "vitResist": "10",
  "lv": "6",
  "parts": "",
  "coreParts": "",
  "mobility": "18",
  "mode": "save",
  "paletteInsertType": "exchange",
  "paletteRemoveTags": "1",
  "paletteTool": "bcdice",
  "paletteUseBuff": "1",
  "paletteUseVar": "1",
  "partsNum": 1,
  "perception": "Five senses (Darkvision)",
  "reputation": "12",
  "reputation+": "15",
  "weakness": "Accuracy +1",
  "result": "OK",
  "sheetDescriptionM": "分類:Barbarous　知能:Average　知覚:Five senses (Darkvision)　反応:Hostile\n言語:Trade Common, Barbaric, Ogre, Drakish, Arcana　生息地:Various\n弱点:Accuracy +1\n先制値:14　生命抵抗力:10（17）　精神抵抗力:9（16）",
  "sheetDescriptionS": "分類:Barbarous\n弱点:Accuracy +1\n先制値:14　生命抵抗力:10（17）　精神抵抗力:9（16）",
  "sin": "3",
  "skills": "<p><strong>►Truespeech Magic 5 Level / Magic Power 8 (15)</strong></p><p></p><p><strong>◯►Magic Aptitude</strong></p><p>They can use the Combat Feats [Targeting] and [Wordbreak].</p><p><strong>⏩△Personification</strong></p><p>An Ogre may take on the appearance and mannerisms of a character they have eaten or change back.When transformed, the Ogre's maximum HP and MP are decreased by 5. Accuracy, Evasion, Fortitude, and Willpower are also reduced by 1 point each. This form can be held up to 18 hours per day.The [⏩△Personification] can also be ended with Minor Action or during Combat Preparation.</p>",
  "status1Accuracy": "10",
  "status1AccuracyFix": 17,
  "status1Damage": "2d+11",
  "status1Defense": "7",
  "status1Evasion": "10",
  "status1EvasionFix": 17,
  "status1Hp": "58",
  "status1Mp": "30",
  "status1Style": "Weapon",
  "statusNum": 1,
  "taxa": "Barbarous",
  "type": "m",
  "unitStatus": {
    "Weapon:HP": "58/58",
    "Weapon:MP": "30"
  },
  "unitExceptStatus": {
    "HP": 1,
    "MP": 1,
    "Defense": 1
  },
  "loots1Num": "2～8",
  "loots1Item": "Bag of Silver (100G) x 1d",
  "loots2Num": "9～12",
  "loots2Item": "Gem (150G/Gold A) x 1d",
  "loots3Num": "13+",
  "loots3Item": "Sword Shard (200G) x 3",
  "fortitude": "10",
  "willpower": "9"
}