{
  "description": "<p>The Onyx Basilisk is a higher-level of Basilisk with an evil onyx eye. The petrification curse this Basilisk gives turns the victim into a black agate (onyx).</p><p>This monster also has an evil eye of stagnation as its second evil eye.</p><p>The transformed Onyx Basilisk is a large lizard over 5 meters in length, and its right and left evil eyes to shine in milky white and black. Unlike the rational Human form, Onyx Basilisk in this form moves with its emotions and lays waste to the beings in front of it.</p><p>For the Monstrous form of this monster, see Onyx Basilisk (Monstrous Form).</p>",
  "disposition": "Neutral",
  "habitat": "Desert, Ruins",
  "initiative": "18",
  "intellect": "High",
  "language": "Trade Common, Barbaric,",
  "lootsNum": 4,
  "monsterName": "Onyx Basilisk (Human Form)",
  "mndResist": "16",
  "vitResist": "16",
  "lv": "13",
  "parts": "",
  "coreParts": "",
  "mobility": "15",
  "mode": "save",
  "paletteInsertType": "exchange",
  "paletteRemoveTags": "1",
  "paletteTool": "bcdice",
  "paletteUseBuff": "1",
  "paletteUseVar": "1",
  "partsNum": 1,
  "perception": "Five senses (Darkvision)",
  "reputation": "11",
  "reputation+": "19",
  "weakness": "Water/Ice damage +3 points",
  "result": "OK",
  "sheetDescriptionM": "分類:Barbarous　知能:High　知覚:Five senses (Darkvision)　反応:Neutral\n言語:Trade Common, Barbaric,　生息地:Desert, Ruins\n弱点:Water/Ice damage +3 points\n先制値:18　生命抵抗力:16（23）　精神抵抗力:16（23）",
  "sheetDescriptionS": "分類:Barbarous\n弱点:Water/Ice damage +3 points\n先制値:18　生命抵抗力:16（23）　精神抵抗力:16（23）",
  "sin": "4",
  "skills": "<p><strong>◯Poison Immunity, ◯Disease Immunity</strong></p><p></p><p><strong>►Truespeech Magic 12 Level/Magic Power 16 (23)</strong></p><p></p><p><strong>🗨►Magic Aptitude</strong></p><p>They can use the Combat Feats [Multi-Action], [Universal Metamagic], and [Wordbreak].</p><p><strong>⏩Onyx Gaze/15 (22)/Willpower/Neg</strong></p><p>With \"Range/Area: 2 (50m) / Target\", it stares at \"Target: 1 Character\" and petrifies the target (Dexterity, Agility-6) (see CR II, p. 329). Under this effect, the target eventually turns into an onyx statue instead of a stone statue. It is possible to cancel the effect with [Cure Stone].If the target of this unique skill is the one who holds the mirror, and if Willpower's success value is 4 or more points higher than the Target Number, gaze can bounce off the, giving this effect to Onyx Basilisk always affecting them without a check even if Onyx Basilisk is blindfolded. This unique skill is of curse type.This unique skill can be used only once per round.</p><p><strong>►Stagnation Gaze/14 (21)/Willpower/Neg</strong></p><p>With \"Range/Area: 2 (30m) / Target\", the monster stares at \"Target: 1 Character\" and prevents its movement. Target cannot take any Major Action and any Minor Action for 10 seconds (1 round). However, if the target can take multiple Major Actions, the number of Major Actions is reduced by only one (still no Minor Action can be taken).</p><p><strong>◯Poison Blood/16 (23)/Fortitude/Neg</strong></p><p>Anyone who deals damage to this monster in the same skirmish will receive 2d+6 poison magic damage at the end of their turn.</p><p><strong>►Monstrous Form</strong></p><p>The monster transforms into its monstrous form. For data on the monstrous form, see Onyx Basilisk (Monstrous Form). HP and MP are restored to their maximum values, and all effects of spells and the like are removed. When [►Monstrous Form] is activated, only the Body section is treated as if it made a Major Action; the Head and Evil Eyes sections may still take a Major Action on this turn.[⏩△Instant Humanification] cannot be used for 1 hour immediately after using [►Monstrous Form].</p>",
  "status1Accuracy": "17",
  "status1AccuracyFix": 24,
  "status1Damage": "2d+14",
  "status1Defense": "14",
  "status1Evasion": "15",
  "status1EvasionFix": 22,
  "status1Hp": "118",
  "status1Mp": "91",
  "status1Style": "Weapon",
  "statusNum": 1,
  "taxa": "Barbarous",
  "type": "m",
  "unitStatus": {
    "Weapon:HP": "118/118",
    "Weapon:MP": "91"
  },
  "unitExceptStatus": {
    "HP": 1,
    "MP": 1,
    "Defense": 1
  },
  "loots1Num": "Always",
  "loots1Item": "Basilisk Pureblood (1,000G/Red S)",
  "loots2Num": "2～5",
  "loots2Item": "None",
  "loots3Num": "6～11",
  "loots3Item": "Onyx Eye (4,000G/Gold Red S)",
  "loots4Num": "12+",
  "loots4Item": "Eye of Stagnation (10,000G/Gold Red SS)",
  "fortitude": "16",
  "willpower": "16"
}