{
  "description": "<p>This is the Monstrous form of the Onyx Basilisk (Human Form).</p>",
  "disposition": "Hostile",
  "habitat": "Desert, Ruins",
  "initiative": "19",
  "intellect": "High",
  "language": "Trade Common, Barbaric,",
  "lootsNum": 4,
  "monsterName": "Onyx Basilisk (Monstrous Form)",
  "mndResist": "17",
  "vitResist": "17",
  "lv": "14",
  "parts": "4 (Right Evil Eye / Left Evil Eye / Head / Body)",
  "coreParts": "Head",
  "mobility": "12(Many Legs)",
  "mode": "save",
  "paletteInsertType": "exchange",
  "paletteRemoveTags": "1",
  "paletteTool": "bcdice",
  "paletteUseBuff": "1",
  "paletteUseVar": "1",
  "partsNum": 4,
  "perception": "Five senses (Darkvision)",
  "reputation": "12",
  "reputation+": "20",
  "weakness": "Water/Ice damage +3 points",
  "result": "OK",
  "sheetDescriptionM": "分類:Barbarous　知能:High　知覚:Five senses (Darkvision)　反応:Hostile\n言語:Trade Common, Barbaric,　生息地:Desert, Ruins\n弱点:Water/Ice damage +3 points\n先制値:19　生命抵抗力:17（24）　精神抵抗力:17（24）",
  "sheetDescriptionS": "分類:Barbarous\n弱点:Water/Ice damage +3 points\n先制値:19　生命抵抗力:17（24）　精神抵抗力:17（24）",
  "sin": "4",
  "skills": "<p><strong>◯Poison Immunity, ◯Disease Immunity</strong></p><p></p><p><strong>◯Poison Blood/17 (24)/Fortitude/Negates</strong></p><p>It is the same as the unique skill of Onyx Basilisk (Human Form), except for a different target number.</p><br><br><p><strong>⏩Onyx Gaze/16 (23)/Willpower/Negates</strong></p><p>It is the same as the unique skill of Onyx Basilisk (Human Form), except for a different target number.</p><br><br><p><strong>►Stagnation Gaze/15 (22)/Willpower/Negates</strong></p><p>It is the same as the unique skill of Onyx Basilisk (Human Form), except for a different target number.</p><br><br><p><strong>►Truespeech Magic 12 Level/Magic Power 14 (21)</strong></p><p></p><p><strong>🗨►Magic Aptitude</strong></p><p>They can use the Combat Feats[Multi-Action], [Universal Metamagic], and [Wordbreak].</p><br><br><p><strong>◯Standing Upright</strong></p><p>If the HP of the Body is 0 or less, all other sections get a -2 penalty on Evasion checks.</p><p><strong>⏩△Instant Humanification</strong></p><p>It instantly transforms into Human form. Refer to Onyx Basilisk (Human Form) for data on the Human form. If the Body section has suffered HP or MP damage or has been affected by magic or other effects, these are carried over to the Human form. If its HP is less than 0, it immediately falls unconscious.[⏩△Instant Humanification] cannot be used for 1 hour immediately after using [►Monstrous Form].</p>",
  "status1Accuracy": "-",
  "status1AccuracyFix": null,
  "status1Damage": "-",
  "status1Defense": "6",
  "status1Evasion": "18",
  "status1EvasionFix": 25,
  "status1Hp": "60",
  "status1Mp": "30",
  "status1Style": "None (Right Evil Eye)",
  "status2Accuracy": "-",
  "status2AccuracyFix": null,
  "status2Damage": "-",
  "status2Defense": "6",
  "status2Evasion": "18",
  "status2EvasionFix": 25,
  "status2Hp": "60",
  "status2Mp": "30",
  "status2Style": "None (Left Evil Eye)",
  "status3Accuracy": "18",
  "status3AccuracyFix": 25,
  "status3Damage": "2d+12",
  "status3Defense": "11",
  "status3Evasion": "17",
  "status3EvasionFix": 24,
  "status3Hp": "114",
  "status3Mp": "65",
  "status3Style": "Bite (Head)",
  "status4Accuracy": "17",
  "status4AccuracyFix": 24,
  "status4Damage": "2d+16",
  "status4Defense": "15",
  "status4Evasion": "15",
  "status4EvasionFix": 22,
  "status4Hp": "126",
  "status4Mp": "73",
  "status4Style": "Claws (Body)",
  "statusNum": 4,
  "taxa": "Barbarous",
  "type": "m",
  "unitStatus": {
    "None (Right Evil Eye):HP": "60/60",
    "None (Right Evil Eye):MP": "30",
    "None (Left Evil Eye):HP": "60/60",
    "None (Left Evil Eye):MP": "30",
    "Bite (Head):HP": "114/114",
    "Bite (Head):MP": "65",
    "Claws (Body):HP": "126/126",
    "Claws (Body):MP": "73"
  },
  "unitExceptStatus": {
    "HP": 4,
    "MP": 4,
    "Defense": 4
  },
  "loots1Num": "Always",
  "loots1Item": "Basilisk Pureblood (1,000G/Red S)",
  "loots2Num": "2～9",
  "loots2Item": "Onyx Eye (4,000G/Gold Red S)",
  "loots3Num": "10～12",
  "loots3Item": "Eye of Stagnation (10,000G/Gold Red SS)",
  "loots4Num": "13+",
  "loots4Item": "Evil Onyx Eye (20,000G/Gold Red SS)",
  "fortitude": "17",
  "willpower": "17"
}