{
  "description": "<p>These are civilians who do not have the means to fight. If you need data for a civilian NPC in a scenario, you may use this data.</p>",
  "disposition": "Friendly",
  "habitat": "Various",
  "initiative": "7",
  "intellect": "Average",
  "language": "Trade Common, Regional Dialect",
  "lootsNum": 0,
  "monsterName": "Ordinary Person",
  "mndResist": "0",
  "vitResist": "0",
  "lv": "0",
  "parts": "",
  "coreParts": "",
  "mobility": "12",
  "mode": "save",
  "paletteInsertType": "exchange",
  "paletteRemoveTags": "1",
  "paletteTool": "bcdice",
  "paletteUseBuff": "1",
  "paletteUseVar": "1",
  "partsNum": 1,
  "perception": "Five senses",
  "reputation": "3",
  "reputation+": "0",
  "weakness": "None",
  "result": "OK",
  "sheetDescriptionM": "分類:Humanoid　知能:Average　知覚:Five senses　反応:Friendly\n言語:Trade Common, Regional Dialect　生息地:Various\n弱点:None\n先制値:7　生命抵抗力:0（7）　精神抵抗力:0（7）",
  "sheetDescriptionS": "分類:Humanoid\n弱点:None\n先制値:7　生命抵抗力:0（7）　精神抵抗力:0（7）",
  "sin": "0",
  "skills": "<p><strong>◯Sword's Grace/Change Fate</strong></p><p>Once per day, they may choose to change the result of a Skill Check or Damage roll, by switching the faces of the rolled 2d to the opposite sides</p>",
  "status1Accuracy": "0",
  "status1AccuracyFix": 7,
  "status1Damage": "2d-2",
  "status1Defense": "2",
  "status1Evasion": "0",
  "status1EvasionFix": 7,
  "status1Hp": "12",
  "status1Mp": "12",
  "status1Style": "Fist",
  "statusNum": 1,
  "taxa": "Humanoid",
  "type": "m",
  "unitStatus": {
    "Fist:HP": "12/12",
    "Fist:MP": "12"
  },
  "unitExceptStatus": {
    "HP": 1,
    "MP": 1,
    "Defense": 1
  },
  "fortitude": "0",
  "willpower": "0"
}