{
  "description": "<p>These are the leaders of the wolf pack. They are one size larger than a normal Wolf and much more dangerous. However, the true fear lies in the fact that wolves led by a pack leader move in a more controlled manner than regular ones.</p><p>For novice adventurers, a pack of wolves led by a Pack Leader can be a considerable threat.</p>",
  "disposition": "Hungry",
  "habitat": "Forests, Meadow",
  "initiative": "13",
  "intellect": "Animal",
  "language": "None",
  "lootsNum": 4,
  "monsterName": "Pack Leader",
  "mndResist": "3",
  "vitResist": "5",
  "lv": "3",
  "parts": "",
  "coreParts": "",
  "mobility": "16 (4 Legs)",
  "mode": "save",
  "paletteInsertType": "exchange",
  "paletteRemoveTags": "1",
  "paletteTool": "bcdice",
  "paletteUseBuff": "1",
  "paletteUseVar": "1",
  "partsNum": 1,
  "perception": "Five senses",
  "reputation": "8",
  "reputation+": "11",
  "weakness": "Physical damage +2 points",
  "result": "OK",
  "sheetDescriptionM": "分類:Animal　知能:Animal　知覚:Five senses　反応:Hungry\n言語:None　生息地:Forests, Meadow\n弱点:Physical damage +2 points\n先制値:13　生命抵抗力:5（12）　精神抵抗力:3（10）",
  "sheetDescriptionS": "分類:Animal\n弱点:Physical damage +2 points\n先制値:13　生命抵抗力:5（12）　精神抵抗力:3（10）",
  "sin": "0",
  "skills": "<p><strong>◯Pack Command</strong></p><p>Gives a +1 bonus to all Wolves' Accuracy and Evasion checks in the skirmish in which it resides. This effect is not cumulative, even if there are multiple Pack Leaders.</p><p><strong>🗨Aimed Attack</strong></p><p>When attacking, the Pack Leader can gain a +1 bonus to Accuracy. This ability has no effect on characters equipped with metal armor.</p>",
  "status1Accuracy": "5",
  "status1AccuracyFix": 12,
  "status1Damage": "2d+3",
  "status1Defense": "2",
  "status1Evasion": "5",
  "status1EvasionFix": 12,
  "status1Hp": "23",
  "status1Mp": "11",
  "status1Style": "Bite",
  "statusNum": 1,
  "taxa": "Animal",
  "type": "m",
  "unitStatus": {
    "Bite:HP": "23/23",
    "Bite:MP": "11"
  },
  "unitExceptStatus": {
    "HP": 1,
    "MP": 1,
    "Defense": 1
  },
  "loots1Num": "2～3",
  "loots1Item": "None",
  "loots2Num": "4～5",
  "loots2Item": "Wolf Hide (20G/Red B)",
  "loots3Num": "6～8",
  "loots3Item": "High-quality Wolf Hide (50G/Red B)",
  "loots4Num": "9+",
  "loots4Item": "Flawless Wolf Hide (100G/Gold Red A)",
  "fortitude": "5",
  "willpower": "3"
}