{
  "description": "<p>A white horse with wings on its back, a Pegasus is a rare sight due to its somewhat skittish personality. The image of a Pegasus is popular in folktales and legends, and it is said that riding one is like running in the sky. They do not simply allow anyone to ride them, so the few adventurers and aristocrats seen on a Pegasus have just that much more prestige.</p><p>The wild species lives mainly in rugged mountains, but it is a popular Mythical Beast for riding and is also kept by the Rider's Guilds. It is rare to find adventurers and nobles who keep them privately.</p><p><em>For the mount version of this creature, see Pegasus.</em></p>",
  "disposition": "Neutral",
  "habitat": "Mountains",
  "initiative": "16",
  "intellect": "Average",
  "language": "None",
  "lootsNum": 3,
  "monsterName": "Pegasus",
  "mndResist": "6",
  "vitResist": "6",
  "lv": "5",
  "parts": "",
  "coreParts": "",
  "mobility": "20 (4 Legs)/40(Flying)",
  "mode": "save",
  "paletteInsertType": "exchange",
  "paletteRemoveTags": "1",
  "paletteTool": "bcdice",
  "paletteUseBuff": "1",
  "paletteUseVar": "1",
  "partsNum": 1,
  "perception": "Five senses",
  "reputation": "9",
  "reputation+": "16",
  "weakness": "Accuracy +1",
  "result": "OK",
  "sheetDescriptionM": "分類:Mythical Beast　知能:Average　知覚:Five senses　反応:Neutral\n言語:None　生息地:Mountains\n弱点:Accuracy +1\n先制値:16　生命抵抗力:6（13）　精神抵抗力:6（13）",
  "sheetDescriptionS": "分類:Mythical Beast\n弱点:Accuracy +1\n先制値:16　生命抵抗力:6（13）　精神抵抗力:6（13）",
  "sin": "0",
  "skills": "<p><strong>◯Flight</strong></p><p>A Pegasus receives a +1 bonus to Accuracy and Evasion only for melee attacks.</p><p><strong>◯Poison/Disease Immunity</strong></p><p>When the mount is subjected to a poison or disease-type effect or damage, it can always be resisted as \"Resistance: Optional.\"</p>",
  "status1Accuracy": "7",
  "status1AccuracyFix": 14,
  "status1Damage": "2d+5",
  "status1Defense": "3",
  "status1Evasion": "6",
  "status1EvasionFix": 13,
  "status1Hp": "41",
  "status1Mp": "23",
  "status1Style": "Hooves",
  "statusNum": 1,
  "taxa": "Mythical Beast",
  "type": "m",
  "unitStatus": {
    "Hooves:HP": "41/41",
    "Hooves:MP": "23"
  },
  "unitExceptStatus": {
    "HP": 1,
    "MP": 1,
    "Defense": 1
  },
  "loots1Num": "Always",
  "loots1Item": "White Feathers (50G/Red B)",
  "loots2Num": "2～9",
  "loots2Item": "None",
  "loots3Num": "10+",
  "loots3Item": "Pure White Mane (800G/Red A)",
  "fortitude": "6",
  "willpower": "6"
}