{
  "description": "<p>Peri has a beautiful female figure, a fire fairy who lives in the secluded regions and high mountains where humanoids and barbarous are not likely to visit.</p><p>The large joints of its arms and legs and other parts of its body are covered with orange-colored fire making it dangerous-looking to approach.</p><p>Basically, Peri prefers solitude. They are usually cold to visitors to their habitat, or they hide and try not to get involved. However, she may develop a romantic interest in a humanoid male on rare occasions.</p><p>In such a case, the Peri will secretly pursue the man, disguise her appearance as that of the opposite race, and seduce him. She then takes him back to her place of residence, never to rerelease him to live with him.</p>",
  "disposition": "Neutral",
  "habitat": "Secluded Regions, High Mountains",
  "initiative": "17",
  "intellect": "Average",
  "language": "Sylvan",
  "lootsNum": 0,
  "monsterName": "Peri",
  "mndResist": "14",
  "vitResist": "14",
  "lv": "11",
  "parts": "",
  "coreParts": "",
  "mobility": "15/22(Flying)",
  "mode": "save",
  "paletteInsertType": "exchange",
  "paletteRemoveTags": "1",
  "paletteTool": "bcdice",
  "paletteUseBuff": "1",
  "paletteUseVar": "1",
  "partsNum": 1,
  "perception": "Five senses",
  "reputation": "14",
  "reputation+": "20",
  "weakness": "Water/Ice damage + 3 points",
  "result": "OK",
  "sheetDescriptionM": "分類:Fairy　知能:Average　知覚:Five senses　反応:Neutral\n言語:Sylvan　生息地:Secluded Regions, High Mountains\n弱点:Water/Ice damage + 3 points\n先制値:17　生命抵抗力:14（21）　精神抵抗力:14（21）",
  "sheetDescriptionS": "分類:Fairy\n弱点:Water/Ice damage + 3 points\n先制値:17　生命抵抗力:14（21）　精神抵抗力:14（21）",
  "sin": "0",
  "skills": "<p><strong>◯Type: Fire/Magic Power 14 (21)</strong></p><p></p><p><strong>◯🗨Magic Aptitude</strong></p><p>They can use the Combat Feats [Targeting], [Magic Convergence], [Magic Control], [Hawk Eye], and [Universal Metamagic].</p><p><strong>◯Flight</strong></p><p>A Peri receives a +1 bonus to Accuracy and Evasion only for melee attacks.</p><p><strong>►Humanization</strong></p><p>Peri can change into any Humanoid female form. It can choose which race it wants to change into, but the specific appearance afterward is fixed for each race. Different Peri can take on various forms (even if they change into the same race), but they all share that they are beautiful and passionate women.This ability can only be used once daily and lasts up to 1 day. Peri can cancel it with Minor Action</p>",
  "status1Accuracy": "14",
  "status1AccuracyFix": 21,
  "status1Damage": "2d+13",
  "status1Defense": "12",
  "status1Evasion": "13",
  "status1EvasionFix": 20,
  "status1Hp": "97",
  "status1Mp": "97",
  "status1Style": "Fist",
  "statusNum": 1,
  "taxa": "Fairy",
  "type": "m",
  "unitStatus": {
    "Fist:HP": "97/97",
    "Fist:MP": "97"
  },
  "unitExceptStatus": {
    "HP": 1,
    "MP": 1,
    "Defense": 1
  },
  "fortitude": "14",
  "willpower": "14"
}