{
  "description": "<p>This is a serpent with a dangerous poison that gradually petrifies its prey. The poison is mainly used to weaken its prey. However, it can also be used as a weapon against powerful enemies, and it will not stop attacking until it has completely petrified its prey.</p>",
  "disposition": "Hostile",
  "habitat": "Forests, Grassland, Ruins",
  "initiative": "15",
  "intellect": "Animal",
  "language": "None",
  "lootsNum": 3,
  "monsterName": "Petroviper",
  "mndResist": "7",
  "vitResist": "8",
  "lv": "6",
  "parts": "",
  "coreParts": "",
  "mobility": "15(Crawling)",
  "mode": "save",
  "paletteInsertType": "exchange",
  "paletteRemoveTags": "1",
  "paletteTool": "bcdice",
  "paletteUseBuff": "1",
  "paletteUseVar": "1",
  "partsNum": 1,
  "perception": "Five senses (Darkvision)",
  "reputation": "10",
  "reputation+": "14",
  "weakness": "Physical damage +2 points",
  "result": "OK",
  "sheetDescriptionM": "分類:Animal　知能:Animal　知覚:Five senses (Darkvision)　反応:Hostile\n言語:None　生息地:Forests, Grassland, Ruins\n弱点:Physical damage +2 points\n先制値:15　生命抵抗力:8（15）　精神抵抗力:7（14）",
  "sheetDescriptionS": "分類:Animal\n弱点:Physical damage +2 points\n先制値:15　生命抵抗力:8（15）　精神抵抗力:7（14）",
  "sin": "0",
  "skills": "<p><strong>◯Petropoison/7 (14)/Fortitude/Negates</strong></p><p>If the Bite's attack hits and deals more than 1 point of applied damage, the target will gain the Petrifaction (Dexterity, Agility/-6) effect. This effect is Poison type.</p>",
  "status1Accuracy": "8",
  "status1AccuracyFix": 15,
  "status1Damage": "2d+6",
  "status1Defense": "6",
  "status1Evasion": "7",
  "status1EvasionFix": 14,
  "status1Hp": "47",
  "status1Mp": "15",
  "status1Style": "Bite",
  "statusNum": 1,
  "taxa": "Animal",
  "type": "m",
  "unitStatus": {
    "Bite:HP": "47/47",
    "Bite:MP": "15"
  },
  "unitExceptStatus": {
    "HP": 1,
    "MP": 1,
    "Defense": 1
  },
  "loots1Num": "2～4",
  "loots1Item": "Snake Skin (20G/Red B)",
  "loots2Num": "5～7",
  "loots2Item": "Fine Snake Skin (120G/Red A)",
  "loots3Num": "9+",
  "loots3Item": "Premium Snake Skin (320G/Red A)",
  "fortitude": "8",
  "willpower": "7"
}