{
  "description": "<p>This is a mythical beast in the shape of a giant 7-meter-long crocodile with pure white scales.</p><p>Despite their fearsome appearance, they are gentle and thoughtful and are self-appointed guardians of great rivers and lakes. Together, they will attack without mercy anyone who harms those who live in the water or who destroy the watery places.</p>",
  "disposition": "Neutral",
  "habitat": "Rivers, Lakes",
  "initiative": "14",
  "intellect": "Average",
  "language": "Elven, Sylvan",
  "lootsNum": 4,
  "monsterName": "Petsuchos",
  "mndResist": "12",
  "vitResist": "12",
  "lv": "9",
  "parts": "2 (Body / Tail)",
  "coreParts": "Body",
  "mobility": "13 (4 Legs) / 20 (Swimming)",
  "mode": "save",
  "paletteInsertType": "exchange",
  "paletteRemoveTags": "1",
  "paletteTool": "bcdice",
  "paletteUseBuff": "1",
  "paletteUseVar": "1",
  "partsNum": 2,
  "perception": "Five senses (Darkvision)",
  "reputation": "15",
  "reputation+": "21",
  "weakness": "Fire damage +3 points",
  "result": "OK",
  "sheetDescriptionM": "分類:Mythical Beast　知能:Average　知覚:Five senses (Darkvision)　反応:Neutral\n言語:Elven, Sylvan　生息地:Rivers, Lakes\n弱点:Fire damage +3 points\n先制値:14　生命抵抗力:12（19）　精神抵抗力:12（19）",
  "sheetDescriptionS": "分類:Mythical Beast\n弱点:Fire damage +3 points\n先制値:14　生命抵抗力:12（19）　精神抵抗力:12（19）",
  "sin": "0",
  "skills": "<p><strong>◯Underwater Aptitude</strong></p><p></p><br><br><p><strong>►Fairy Magic 9 Level / Magic Power 11 (18)</strong></p><p>Can cast Water/Ice type up to 9 ranks. This does not change even if the contract pattern is adopted (see MA, p. 136).</p><p><strong>◯🗨►Magic Aptitude</strong></p><p>They can use the Combat Feats [Multi-Action], [Targeting], [Magic Convergence], [Magic Control], [Hawk Eye], [Universal Metamagic], and [Wordbreak].</p><br><br><p><strong>🗨Tail Swing II</strong></p><p>A Tail attack hits up to 5 targets in the skirmish Petsuchos is in.</p>",
  "status1Accuracy": "11",
  "status1AccuracyFix": 18,
  "status1Damage": "2d+13",
  "status1Defense": "11",
  "status1Evasion": "10",
  "status1EvasionFix": 17,
  "status1Hp": "91",
  "status1Mp": "53",
  "status1Style": "Jaw (Body)",
  "status2Accuracy": "11",
  "status2AccuracyFix": 18,
  "status2Damage": "2d+11",
  "status2Defense": "10",
  "status2Evasion": "10",
  "status2EvasionFix": 17,
  "status2Hp": "76",
  "status2Mp": "33",
  "status2Style": "Tail (Tail)",
  "statusNum": 2,
  "taxa": "Mythical Beast",
  "type": "m",
  "unitStatus": {
    "Jaw (Body):HP": "91/91",
    "Jaw (Body):MP": "53",
    "Tail (Tail):HP": "76/76",
    "Tail (Tail):MP": "33"
  },
  "unitExceptStatus": {
    "HP": 2,
    "MP": 2,
    "Defense": 2
  },
  "loots1Num": "2～5",
  "loots1Item": "None",
  "loots2Num": "6～7",
  "loots2Item": "Crocodile Skin (200G/Red A)",
  "loots3Num": "8～9",
  "loots3Item": "Superior Crocodile Skin (600G/Red A)",
  "loots4Num": "10+",
  "loots4Item": "Pure White Crocodile Skin (1,800G/Red S)",
  "fortitude": "12",
  "willpower": "12"
}