{
  "description": "<p>This is a large butterfly, about 3 meters long. Its wings are beautifully iridescent and it flies slowly in the sky.</p><p>Although they do not speak a language, they are able to share their thoughts with others, and may act as mediators in their territory.</p>",
  "disposition": "Neutral",
  "habitat": "Forest, Lakeside",
  "initiative": "14",
  "intellect": "High",
  "language": "None",
  "lootsNum": 3,
  "monsterName": "Phantasmal Butterfly",
  "mndResist": "9",
  "vitResist": "9",
  "lv": "7",
  "parts": "3 (Body / Right Wing / Left Wing)",
  "coreParts": "Body",
  "mobility": "-/10 (Floating)",
  "mode": "save",
  "paletteInsertType": "exchange",
  "paletteRemoveTags": "1",
  "paletteTool": "bcdice",
  "paletteUseBuff": "1",
  "paletteUseVar": "1",
  "partsNum": 3,
  "perception": "Five senses (Darkvision)",
  "reputation": "15",
  "reputation+": "18",
  "weakness": "Physical damage +2 points",
  "result": "OK",
  "sheetDescriptionM": "分類:Mythical Beast　知能:High　知覚:Five senses (Darkvision)　反応:Neutral\n言語:None　生息地:Forest, Lakeside\n弱点:Physical damage +2 points\n先制値:14　生命抵抗力:9（16）　精神抵抗力:9（16）",
  "sheetDescriptionS": "分類:Mythical Beast\n弱点:Physical damage +2 points\n先制値:14　生命抵抗力:9（16）　精神抵抗力:9（16）",
  "sin": "0",
  "skills": "<p><strong>◯Mana Absorption Proboscis / 8 (15) / Fortitude / Negates</strong></p><p>A target whose HP is reduced by a Proboscis attack has its MP reduced by 1d points. At the same time, the MP of the Body section is recovered by the same amount.</p><p><strong>◯🗨Magic Aptitude</strong></p><p>They can use the Combat Feats [Targeting], [Metamagic/Targets], and [Multi-Action].</p><p><strong>►Fairy Magic 7 Level / Magic Power 10 (17)</strong></p><p>Can use Earth, Water/Ice, Wind, and Light types.This does not change even if the contract pattern is adopted (see MA, p. 136).</p><br><br><p><strong>◯Light Protection</strong></p><p>The Right Wing and Left Wing take -3 less magic damage, regardless of type.</p><p><strong>◯Adhesive Scales</strong></p><p>If a melee attack with an edged weapon hits a Right Wing or Left Wing section, the physical damage dealt by the weapon is reduced by 1 point immediately after the attack. This effect is cumulative (up to -4). This effect lasts until the weapon is cleaned with more than 10 liters of fresh water for 10 minutes.</p><p><strong>►Phantasmal Scales / 9 (16) / Willpower / Negates</strong></p><p>Within \"Range: Touch,\" confuses \"Target: 1 Entire Character\" and makes it difficult to recognize the enemy. When a target uses a melee attack or casts a spell targeting the Body section within the next 10 seconds (1 round), roll 1d. If the result is \"1-3\", the target will be automatically switched to the section that used this unique skill. If the result is \"4-6\", the target will remain in the Body section without any change.This effect does not work if the Body section is only one of multiple targets from [Metamagic/Targets].This effect is treated as a Psychic type.</p>",
  "status1Accuracy": "9",
  "status1AccuracyFix": 16,
  "status1Damage": "2d+7",
  "status1Defense": "5",
  "status1Evasion": "9",
  "status1EvasionFix": 16,
  "status1Hp": "48",
  "status1Mp": "48",
  "status1Style": "Proboscis  (Body)",
  "status2Accuracy": "10",
  "status2AccuracyFix": 17,
  "status2Damage": "2d+8",
  "status2Defense": "4",
  "status2Evasion": "8",
  "status2EvasionFix": 15,
  "status2Hp": "52",
  "status2Mp": "33",
  "status2Style": "Wings (Right Wing)",
  "status3Accuracy": "10",
  "status3AccuracyFix": 17,
  "status3Damage": "2d+8",
  "status3Defense": "4",
  "status3Evasion": "8",
  "status3EvasionFix": 15,
  "status3Hp": "52",
  "status3Mp": "33",
  "status3Style": "Wings (Left Wing)",
  "statusNum": 3,
  "taxa": "Mythical Beast",
  "type": "m",
  "unitStatus": {
    "Proboscis  (Body):HP": "48/48",
    "Proboscis  (Body):MP": "48",
    "Wings (Right Wing):HP": "52/52",
    "Wings (Right Wing):MP": "33",
    "Wings (Left Wing):HP": "52/52",
    "Wings (Left Wing):MP": "33"
  },
  "unitExceptStatus": {
    "HP": 3,
    "MP": 3,
    "Defense": 3
  },
  "loots1Num": "2～7",
  "loots1Item": "Butterfly Scales (100G/Red A)",
  "loots2Num": "8～10",
  "loots2Item": "Glittering Scales (300G/Red A)",
  "loots3Num": "12+",
  "loots3Item": "Dazzling Scales (600G/Gold Red A)",
  "fortitude": "9",
  "willpower": "9"
}