{
  "description": "<p>A Phantom is the consciousness of someone that has died, leaving behind a strong grudge. It reacted with mana and became Undead. It takes on the form of a living being, but has no substance and wanders about covered in a white cloth.</p><p>They hate the living with a passion and attack them to welcome new members into the ranks of the undead. This resentment is feared because it curses and debilitates the living and empowers the undead, giving them more power and increasing their threat.</p>",
  "disposition": "Hostile",
  "habitat": "Various",
  "initiative": "13",
  "intellect": "Average",
  "language": "Trade Common",
  "lootsNum": 3,
  "monsterName": "Phantom",
  "mndResist": "8",
  "vitResist": "6",
  "lv": "5",
  "parts": "",
  "coreParts": "",
  "mobility": "-/11 (Floating)",
  "mode": "save",
  "paletteInsertType": "exchange",
  "paletteRemoveTags": "1",
  "paletteTool": "bcdice",
  "paletteUseBuff": "1",
  "paletteUseVar": "1",
  "partsNum": 1,
  "perception": "Magic",
  "reputation": "10",
  "reputation+": "16",
  "weakness": "HP Recovery (deals damage instead) +3 points",
  "result": "OK",
  "sheetDescriptionM": "分類:Undead　知能:Average　知覚:Magic　反応:Hostile\n言語:Trade Common　生息地:Various\n弱点:HP Recovery (deals damage instead) +3 points\n先制値:13　生命抵抗力:6（13）　精神抵抗力:8（15）",
  "sheetDescriptionS": "分類:Undead\n弱点:HP Recovery (deals damage instead) +3 points\n先制値:13　生命抵抗力:6（13）　精神抵抗力:8（15）",
  "sin": "0",
  "skills": "<p><strong>◯Normal Weapon Immunity</strong></p><p></p><p><strong>►Undead Blessing/5 (12)/Optional</strong></p><p>It empowers other undead characters within \"Range: Self\" and \"Target: 2-3 area (10m radius / All)\". The targets receive a +2 bonus for Accuracy checks and +2 points to damage for 10 seconds (1 round).This effect is a curse type.</p><p><strong>►Hateful Scream/7 (14)/Willpower/Half</strong></p><p>Phantom emits a cursed cry to the living at \"Range: Self\" and \"Target: 1 area (6m radius) / All\". All targets except for the undead are dealt 2d+2 Curse magic damage.This ability cannot be used on consecutive turns.</p><p><strong>◯Poison Immunity, ◯Disease Immunity, ◯Psychic Type (Weak) Immunity</strong></p><p></p><p><strong>◯Unstable Healing</strong></p><p>Healing effects such as Divine Magic and items like Unicorn's Horn will damage Undead instead.Magitech, Fairy Magic, Nature Magic, etc. healing has no effect on the Undead.Spiritualism Magic and a few other healing effects can restore an Undead's HP.</p>",
  "status1Accuracy": "6",
  "status1AccuracyFix": 13,
  "status1Damage": "2d+4",
  "status1Defense": "0",
  "status1Evasion": "7",
  "status1EvasionFix": 14,
  "status1Hp": "42",
  "status1Mp": "16",
  "status1Style": "Fists",
  "statusNum": 1,
  "taxa": "Undead",
  "type": "m",
  "unitStatus": {
    "Fists:HP": "42/42",
    "Fists:MP": "16"
  },
  "unitExceptStatus": {
    "HP": 1,
    "MP": 1,
    "Defense": 1
  },
  "loots1Num": "2～6",
  "loots1Item": "None",
  "loots2Num": "7～10",
  "loots2Item": "Old Cloak (200G/White A)",
  "loots3Num": "11+",
  "loots3Item": "Ancient Cloak (800G/White A)",
  "fortitude": "6",
  "willpower": "8"
}