{
  "description": "<p>It is a sphere about one meter in diameter that floats while emitting phosphorescent light. This construct is believed to have been used by wizards to show off their creations and illuminate them.</p><p>As well as being a light, it could act as a guardian, preventing the exhibits from being stolen or damaged.</p><p>It is often encountered in ruins, along with the architecture and objects it was guarding. Although it does not speak itself, there have been reports of it being stopped by Arcana language words.</p>",
  "disposition": "Hostile",
  "habitat": "Underground Labyrinths, Ruins",
  "initiative": "14",
  "intellect": "Low",
  "language": "None",
  "lootsNum": 3,
  "monsterName": "Phosphor Sphere",
  "mndResist": "13",
  "vitResist": "12",
  "lv": "9",
  "parts": "",
  "coreParts": "",
  "mobility": "-/16(Flying)",
  "mode": "save",
  "paletteInsertType": "exchange",
  "paletteRemoveTags": "1",
  "paletteTool": "bcdice",
  "paletteUseBuff": "1",
  "paletteUseVar": "1",
  "partsNum": 1,
  "perception": "Magic",
  "reputation": "15",
  "reputation+": "20",
  "weakness": "Water/Ice damage +3 points",
  "result": "OK",
  "sheetDescriptionM": "分類:Construct　知能:Low　知覚:Magic　反応:Hostile\n言語:None　生息地:Underground Labyrinths, Ruins\n弱点:Water/Ice damage +3 points\n先制値:14　生命抵抗力:12（19）　精神抵抗力:13（20）",
  "sheetDescriptionS": "分類:Construct\n弱点:Water/Ice damage +3 points\n先制値:14　生命抵抗力:12（19）　精神抵抗力:13（20）",
  "sin": "0",
  "skills": "<p><strong>◯Fire Immunity, ◯Lightning Immunity, ◯Poison Immunity, ◯Disease Immunity, ◯Psychic Type Immunity</strong></p><p></p><p><strong>◯Energy Absorption</strong></p><p>It is immune to Energy-type damage. Conversely, if the monster is hit by an Energy-type attack, its HP is recovered by the amount of applied damage.No effects other than damage can be caused by Energy-type effects.</p><p><strong>◯Poison/11 (18)/Fortitude/Negates</strong></p><p>If the Slam hits, it deals 2d Poison magic damage to the target.</p><p><strong>◯Poison Body/11 (18)/Fortitude/Negates</strong></p><p>A character who makes a melee attack against this monster and hits it suffers 2d points of Poison magic damage at the end of their turn.</p><p><strong>◯Limited Healing</strong></p><p>Effects which can heal Construct HP are very limited, and mostly come from Spiritualism Magic and some special items.Healing effects such as Divine Magic, Fairy Magic, and Nature Magic cannot restore a Construct's HP.</p><p><strong>◯Can Be Detected</strong></p><p>Constructs can be detected with the [Sense Magic] spell and similar effects.</p>",
  "status1Accuracy": "12",
  "status1AccuracyFix": 19,
  "status1Damage": "2d+10",
  "status1Defense": "6",
  "status1Evasion": "11",
  "status1EvasionFix": 18,
  "status1Hp": "74",
  "status1Mp": "-",
  "status1Style": "Slam",
  "statusNum": 1,
  "taxa": "Construct",
  "type": "m",
  "unitStatus": {
    "Slam:HP": "74/74",
    "Slam:MP": "-"
  },
  "unitExceptStatus": {
    "HP": 1,
    "MP": 1,
    "Defense": 1
  },
  "loots1Num": "Always",
  "loots1Item": "Green Dye (80G/Green B) x 1d",
  "loots2Num": "2～8",
  "loots2Item": "Green Light Powder (520G/Gold A)",
  "loots3Num": "9+",
  "loots3Item": "Green Light Powder (520G/Gold A) x 1d",
  "fortitude": "12",
  "willpower": "13"
}