{
  "description": "<p>A Pixie is an Olden fairy with the appearance of a small girl. It has pointy ears and beautiful butterfly-like wings on its back. When a Pixie encounters travelers, it approaches them in a friendly manner, often rolling up flower petals while engaging in conversation. Pixies are generally kind to strangers and willingly answer their questions. However, they can occasionally play adorable pranks on them.</p>",
  "disposition": "Friendly",
  "habitat": "Secluded Regions",
  "initiative": "9",
  "intellect": "Average",
  "language": "Sylvan",
  "lootsNum": 0,
  "monsterName": "Pixie",
  "mndResist": "2",
  "vitResist": "2",
  "lv": "1",
  "parts": "",
  "coreParts": "",
  "mobility": "-/14 (Flying)",
  "mode": "save",
  "paletteInsertType": "exchange",
  "paletteRemoveTags": "1",
  "paletteTool": "bcdice",
  "paletteUseBuff": "1",
  "paletteUseVar": "1",
  "partsNum": 1,
  "perception": "Five senses",
  "reputation": "9",
  "reputation+": "14",
  "weakness": "Earth damage +3 points",
  "result": "OK",
  "sheetDescriptionM": "分類:Fairy　知能:Average　知覚:Five senses　反応:Friendly\n言語:Sylvan　生息地:Secluded Regions\n弱点:Earth damage +3 points\n先制値:9　生命抵抗力:2（9）　精神抵抗力:2（9）",
  "sheetDescriptionS": "分類:Fairy\n弱点:Earth damage +3 points\n先制値:9　生命抵抗力:2（9）　精神抵抗力:2（9）",
  "sin": "0",
  "skills": "<p><strong>◯Olden / Type: Wind & Light / Magic Power 3 (10)</strong></p><p></p><p><strong>◯Flight</strong></p><p>A Pixie receives a +1 bonus to Accuracy and Evasion only for melee attacks</p>",
  "status1Accuracy": "2",
  "status1AccuracyFix": 9,
  "status1Damage": "2d-2",
  "status1Defense": "1",
  "status1Evasion": "2",
  "status1EvasionFix": 9,
  "status1Hp": "12",
  "status1Mp": "12",
  "status1Style": "Dagger",
  "statusNum": 1,
  "taxa": "Fairy",
  "type": "m",
  "unitStatus": {
    "Dagger:HP": "12/12",
    "Dagger:MP": "12"
  },
  "unitExceptStatus": {
    "HP": 1,
    "MP": 1,
    "Defense": 1
  },
  "fortitude": "2",
  "willpower": "2"
}