{
  "description": "<p>This is a Zombie carrying a plague in its body. Its claws can make their victim catch their plague. The disease turns its victims into new Zombies. In some cases, entire villages have been turned into Zombies because of a lack of proper response.</p>",
  "disposition": "Hostile",
  "habitat": "Various",
  "initiative": "8",
  "intellect": "Low",
  "language": "None",
  "lootsNum": 3,
  "monsterName": "Plague Zombie",
  "mndResist": "5",
  "vitResist": "5",
  "lv": "2",
  "parts": "",
  "coreParts": "",
  "mobility": "12",
  "mode": "save",
  "paletteInsertType": "exchange",
  "paletteRemoveTags": "1",
  "paletteTool": "bcdice",
  "paletteUseBuff": "1",
  "paletteUseVar": "1",
  "partsNum": 1,
  "perception": "Magic",
  "reputation": "8",
  "reputation+": "13",
  "weakness": "HP Recovery (Deals damage instead) +3",
  "result": "OK",
  "sheetDescriptionM": "分類:Undead　知能:Low　知覚:Magic　反応:Hostile\n言語:None　生息地:Various\n弱点:HP Recovery (Deals damage instead) +3\n先制値:8　生命抵抗力:5（12）　精神抵抗力:5（12）",
  "sheetDescriptionS": "分類:Undead\n弱点:HP Recovery (Deals damage instead) +3\n先制値:8　生命抵抗力:5（12）　精神抵抗力:5（12）",
  "sin": "0",
  "skills": "<p><strong>◯Psychic Immunity</strong></p><p></p><p><strong>◯Plague Claws / 4 (11) / Fortitude / Negates</strong></p><p>If the target is hit by a Claws attack, the target falls victim to a disease called the Wight Plague. If the target fails the Fortitude Check, one of the target's ability score, (randomly selected) is reduced by one point at the moment of the attack and every full day thereafter. This effect is cumulative. When any ability score becomes 0, the target dies and becomes a new Plague Zombie.This effect is of the Disease type and lasts until the victim is healed by some means or becomes a Plague Zombie. Even if the target dies from an effect other than this disease, the progression of the disease does not stop, and in some cases, the target may become a Plague Zombie long after death.</p>",
  "status1Accuracy": "3",
  "status1AccuracyFix": 10,
  "status1Damage": "2d+1",
  "status1Defense": "1",
  "status1Evasion": "2",
  "status1EvasionFix": 9,
  "status1Hp": "14",
  "status1Mp": "0",
  "status1Style": "Bite",
  "statusNum": 1,
  "taxa": "Undead",
  "type": "m",
  "unitStatus": {
    "Bite:HP": "14/14",
    "Bite:MP": "0/0"
  },
  "unitExceptStatus": {
    "HP": 1,
    "MP": 1,
    "Defense": 1
  },
  "loots1Num": "2～3",
  "loots1Item": "None",
  "loots2Num": "4～5",
  "loots2Item": "Zombie Eye (30G / Red B)",
  "loots3Num": "6+",
  "loots3Item": "Zombie Eye (30G / Red B) x2",
  "fortitude": "5",
  "willpower": "5"
}