{
  "description": "<p>This is a giant centipede that appears on the plains of the Alframe continent. It mainly feeds on animals on the plains, but in the Dorden region, it has been observed to frequent the vicinity of railroad tracks. Studies have shown that they move along the tracks by licking the track water and oil spilled by trains, earning them the nickname \"Railway Centipedes.\" This habit is thought to be a way for them to replenish some nutrients, but this has not been proven with certainty. Because they are quite large, they often block railroad tracks and are requested to be taken down.</p><p><em>For the mount version of this creature, see Plain Centipede (mount).</em></p>",
  "disposition": "Hostile",
  "habitat": "Plains",
  "initiative": "13",
  "intellect": "Animal",
  "language": "None",
  "lootsNum": 2,
  "monsterName": "Plain Centipede",
  "mndResist": "7",
  "vitResist": "9",
  "lv": "6",
  "parts": "2-5 (Head/Body x 1-4)",
  "coreParts": "Head",
  "mobility": "20 (Many Legs)",
  "mode": "save",
  "paletteInsertType": "exchange",
  "paletteRemoveTags": "1",
  "paletteTool": "bcdice",
  "paletteUseBuff": "1",
  "paletteUseVar": "1",
  "partsNum": 2,
  "perception": "Five senses",
  "reputation": "13",
  "reputation+": "16",
  "weakness": "Physical damage +2 points",
  "result": "OK",
  "sheetDescriptionM": "分類:Animal　知能:Animal　知覚:Five senses　反応:Hostile\n言語:None　生息地:Plains\n弱点:Physical damage +2 points\n先制値:13　生命抵抗力:9（16）　精神抵抗力:7（14）",
  "sheetDescriptionS": "分類:Animal\n弱点:Physical damage +2 points\n先制値:13　生命抵抗力:9（16）　精神抵抗力:7（14）",
  "sin": "0",
  "skills": "<p><strong>◯Deadly Poison/8 (15)/Fortitude/Negates</strong></p><p>If the Jaw attack hits and deals at least 1 applied damage, it deals an additional 2d+6 Poison magic damage to the target.</p><br><br><p><strong>🗨Decoy Attack I</strong></p><p>It gains -2 to Accuracy checks, but the damage is increased by +2 on hit.If the declared attack is evaded, the enemy receives a -1 penalty to Evasion checks for the next 10 seconds (1 round). This effect is cumulative up to -4 but is lost if the target fails an Evasion check even once.</p>",
  "status1Accuracy": "9",
  "status1AccuracyFix": 16,
  "status1Damage": "2d+8",
  "status1Defense": "6",
  "status1Evasion": "8",
  "status1EvasionFix": 15,
  "status1Hp": "56",
  "status1Mp": "17",
  "status1Style": "Jaws (Head)",
  "status2Accuracy": "8",
  "status2AccuracyFix": 15,
  "status2Damage": "2d+6",
  "status2Defense": "6",
  "status2Evasion": "7",
  "status2EvasionFix": 14,
  "status2Hp": "44",
  "status2Mp": "14",
  "status2Style": "Legs (Body) x 1-4",
  "statusNum": 2,
  "taxa": "Animal",
  "type": "m",
  "unitStatus": {
    "Jaws (Head):HP": "56/56",
    "Jaws (Head):MP": "17",
    "Legs (Body) x 1-4:HP": "44/44",
    "Legs (Body) x 1-4:MP": "14"
  },
  "unitExceptStatus": {
    "HP": 2,
    "MP": 2,
    "Defense": 2
  },
  "loots1Num": "2～11",
  "loots1Item": "Good Quality Shell (150G/Red A)",
  "loots2Num": "12+",
  "loots2Item": "Superior Shell (750G/Red A)",
  "fortitude": "9",
  "willpower": "7"
}