{
  "description": "<p>This construct looks like a about 30cm in diameter crystal ball floating in the space. Lightning is swirling inside the sphere and occasionally discharges outward with sound.</p><p>Its lightning can activate Constructs and Magitech. It is known that this Construct was developed by researchers in the Magic Civilization Period, but it was later confirmed to be effective for Magitech as well. In the Magitech Civilization Period, there were cases where Magitech was used at archaeological sites.</p>",
  "disposition": "Instructed",
  "habitat": "Ruins",
  "initiative": "13",
  "intellect": "Servant",
  "language": "None",
  "lootsNum": 2,
  "monsterName": "Plasma Sphere",
  "mndResist": "8",
  "vitResist": "8",
  "lv": "6",
  "parts": "",
  "coreParts": "",
  "mobility": "-/10(Floating)",
  "mode": "save",
  "paletteInsertType": "exchange",
  "paletteRemoveTags": "1",
  "paletteTool": "bcdice",
  "paletteUseBuff": "1",
  "paletteUseVar": "1",
  "partsNum": 1,
  "perception": "Magic",
  "reputation": "13",
  "reputation+": "16",
  "weakness": "Physical damage +2 points",
  "result": "OK",
  "sheetDescriptionM": "分類:Construct　知能:Servant　知覚:Magic　反応:Instructed\n言語:None　生息地:Ruins\n弱点:Physical damage +2 points\n先制値:13　生命抵抗力:8（15）　精神抵抗力:8（15）",
  "sheetDescriptionS": "分類:Construct\n弱点:Physical damage +2 points\n先制値:13　生命抵抗力:8（15）　精神抵抗力:8（15）",
  "sin": "0",
  "skills": "<p><strong>◯Shock</strong></p><p>Melee Attack damage inflicted by this monster is treated as Lightning magic damage.</p><p><strong>►Lightning Connection/Can't</strong></p><p>Deals \"Target: 1 Character\" at \"Range: Touch\" 5 Lightning fixed damage.If the target is a Construct or Magitech monster, the target gets a +2 bonus to Accuracy check for 10 seconds (1 round), and the physical damage it causes becomes Lightning type and increased by +3 points.</p><p><strong>◯Poison Immunity, ◯Disease Immunity, ◯Psychic Type Immunity</strong></p><p></p><p><strong>◯Limited Healing</strong></p><p>Effects which can heal Construct HP are very limited, and mostly come from Spiritualism Magic and some special items.Healing effects such as Divine Magic, Fairy Magic, and Nature Magic cannot restore a Construct's HP.</p><p><strong>◯Can Be Detected</strong></p><p>Constructs can be detected with the [Sense Magic] spell and similar effects.</p>",
  "status1Accuracy": "9",
  "status1AccuracyFix": 16,
  "status1Damage": "2d+8",
  "status1Defense": "5",
  "status1Evasion": "8",
  "status1EvasionFix": 15,
  "status1Hp": "53",
  "status1Mp": "34",
  "status1Style": "Shock",
  "statusNum": 1,
  "taxa": "Construct",
  "type": "m",
  "unitStatus": {
    "Shock:HP": "53/53",
    "Shock:MP": "34"
  },
  "unitExceptStatus": {
    "HP": 1,
    "MP": 1,
    "Defense": 1
  },
  "loots1Num": "2～10",
  "loots1Item": "None",
  "loots2Num": "11+",
  "loots2Item": "Lightning Crystal (1,600G/Gold S)",
  "fortitude": "8",
  "willpower": "8"
}