{
  "description": "<p>This is a golem in the shape of a dragon, made of a solid alloy, mainly platinum.</p>",
  "disposition": "Instructed",
  "habitat": "Various",
  "initiative": "20",
  "intellect": "Servant",
  "language": "None",
  "lootsNum": 3,
  "monsterName": "Platinum Dragon",
  "mndResist": "17",
  "vitResist": "17",
  "lv": "13",
  "parts": "3 (Body / Wing x 2)",
  "coreParts": "None",
  "mobility": "12/25(Flying)",
  "mode": "save",
  "paletteInsertType": "exchange",
  "paletteRemoveTags": "1",
  "paletteTool": "bcdice",
  "paletteUseBuff": "1",
  "paletteUseVar": "1",
  "partsNum": 3,
  "perception": "Magic",
  "reputation": "17",
  "reputation+": "23",
  "weakness": "Accuracy +1",
  "result": "OK",
  "sheetDescriptionM": "分類:Golem　知能:Servant　知覚:Magic　反応:Instructed\n言語:None　生息地:Various\n弱点:Accuracy +1\n先制値:20　生命抵抗力:17（24）　精神抵抗力:17（24）",
  "sheetDescriptionS": "分類:Golem\n弱点:Accuracy +1\n先制値:20　生命抵抗力:17（24）　精神抵抗力:17（24）",
  "sin": "0",
  "skills": "<p><strong>◯Superalloy Body</strong></p><p>It is immune to criticals from magical or weapon attacks.</p><br><br><p><strong>◯Flight II</strong></p><p>All sections receive a +2 bonus to Accuracy and Evasion only for melee attacks.It loses this ability if any of the Wing section HP becomes 0 or less.<div class=\"golemitems\"></p><p><strong>Maximum of Enhancing Items = 4</strong></p><p></p><p><strong>※Body Only</strong></p><p>Bright Red Ruby (Large) (8,000)►Flame Breath/15 (22)/Fortitude/HalfGolem spits out the fire with \"Range/Area: 2 (20m) / Shot\" and \"Target: 1 area (5m Radius) / 10,\" dealing 2d+13 Fire magic damage.This ability cannot be used in consecutive turns. It also cannot be used in the turn immediately after using [►Blizzard Breath] or [►Lightning].Blue Lotus Jade (Large) (8,000)►Blizzard Breath/15 (22)/Fortitude/HalfGolem sprays a jet of water with \"Range/Area: 20m / Shot\" in a \"Target: 4m Radius / 10\", dealing 2d+13 Water/Ice magic damage.This ability cannot be used in consecutive turns. It also cannot be used in the turn immediately after using [►Flame Breath] or [►Lightning].Amethyst of Purple Lightning (Large) (8,000)►Lightning/15 (22)/Fortitude/HalfGolem unleashes an electrical bolt with \"Range/Area: 50m / Line\", dealing 2d+13 Lightning magic damage to the target.This ability cannot be used in consecutive turns. It also cannot be used in the turn immediately after using [►Flame Breath] or [►Blizzard Breath].Calcite Compound Eyes (Large) (4,000) (◯Breath Control)Spinel Horn (Large) (3,000) (►Charge)Lapis Lazuli Weight (Large) (4,000) (🗨Tail Swing I)└Quartz Counterweight (Large) (6,000) (🗨Tail Swing II)</p><p><strong>※Wing Only</strong></p><p>Obsidian Shield (Large) (3,000) (🗨△Cover II)Corundum Protection (Large) (2,000) (◯Guardian II)Malachite Feather (Large) (3,000) (🗨All-Out Attack=Damage +8, Evasion -3)</p><p><strong>※Any Section</strong></p><p>Amber Eye (Large) (10,000) (◯Ultimate Aim = +4 Accuracy)Garnet of Vitality (Large) (4,000) (◯HP Enhancement = Max HP +15)└Focused Garnet of Vitality (Large) (6,000) (◯Improved HP Enhancement = Max HP +15)Shimmering Onyx (Large) (3,000) (◯Mana Coating = Magic damage -3)</p><p><strong>※All Section Must be Equipped</strong></p><p>Red Iron Blood (Large) (2,000) (◯Mobility Enhancement = Movement +5)Yellow Flint (Large) (4,000) (◯Fast Reaction = [Footwork])Quartz Disruptor (Large) (5,000) (◯Type Resistance) </div></p>",
  "status1Accuracy": "16",
  "status1AccuracyFix": 23,
  "status1Damage": "2d+22",
  "status1Defense": "20",
  "status1Evasion": "14",
  "status1EvasionFix": 21,
  "status1Hp": "100",
  "status1Mp": "0",
  "status1Style": "Claws (Body)",
  "status2Accuracy": "15",
  "status2AccuracyFix": 22,
  "status2Damage": "2d+18",
  "status2Defense": "18",
  "status2Evasion": "13",
  "status2EvasionFix": 20,
  "status2Hp": "65",
  "status2Mp": "0",
  "status2Style": "Wing (Wing)",
  "status3Accuracy": "15",
  "status3AccuracyFix": 22,
  "status3Damage": "2d+18",
  "status3Defense": "18",
  "status3Evasion": "13",
  "status3EvasionFix": 20,
  "status3Hp": "65",
  "status3Mp": "0",
  "status3Style": "Wing (Wing)",
  "statusNum": 3,
  "taxa": "Golem",
  "type": "m",
  "unitStatus": {
    "Claws (Body):HP": "100/100",
    "Claws (Body):MP": "0/0",
    "Wing (Wing):HP": "65/65",
    "Wing (Wing):MP": "0/0"
  },
  "unitExceptStatus": {
    "HP": 3,
    "MP": 3,
    "Defense": 3
  },
  "loots1Num": "2～5",
  "loots1Item": "Magic Iron Ingot (680G/Gold Black A)",
  "loots2Num": "6～11",
  "loots2Item": "Mithril (2,600G/Gold S)",
  "loots3Num": "12+",
  "loots3Item": "Pure Mithril (8,800G/Gold S)",
  "fortitude": "17",
  "willpower": "17"
}