{
  "description": "<p>This is a species similar to a bug, with a total length of more than 1 meter. It prefers moist ground, such as swamps and deep forests where there is no sunlight. It constantly secretes poisonous body fluid, which it uses to weaken approaching small animals and prey on them.</p><p>Its poisonous shell can become a dangerous weapon if carefully processed and traded at a high price by some.</p>",
  "disposition": "Hungry",
  "habitat": "Forests, Swamp",
  "initiative": "10",
  "intellect": "None",
  "language": "None",
  "lootsNum": 3,
  "monsterName": "Poisonous Spillbug",
  "mndResist": "5",
  "vitResist": "6",
  "lv": "4",
  "parts": "",
  "coreParts": "",
  "mobility": "10 (Many Legs)",
  "mode": "save",
  "paletteInsertType": "exchange",
  "paletteRemoveTags": "1",
  "paletteTool": "bcdice",
  "paletteUseBuff": "1",
  "paletteUseVar": "1",
  "partsNum": 1,
  "perception": "Five senses (Darkvision)",
  "reputation": "10",
  "reputation+": "13",
  "weakness": "+3 Energy damage",
  "result": "OK",
  "sheetDescriptionM": "分類:Animal　知能:None　知覚:Five senses (Darkvision)　反応:Hungry\n言語:None　生息地:Forests, Swamp\n弱点:+3 Energy damage\n先制値:10　生命抵抗力:6（13）　精神抵抗力:5（12）",
  "sheetDescriptionS": "分類:Animal\n弱点:+3 Energy damage\n先制値:10　生命抵抗力:6（13）　精神抵抗力:5（12）",
  "sin": "0",
  "skills": "<p><strong>◯Poison Immunity</strong></p><p></p><p><strong>◯Corrosive Fluid Secretion</strong></p><p>If the monster is hit by a melee or ranged attack, the weapon or ammunition will be affected by the corrosive fluid. If not cleaned with at least 1 liter of alcohol within 24 hours, they will rot and become useless. Magic weapons and ammunition are not affected by this effect.If the attack was made with a natural weapon, the attacker must suffer 1d poison magic damage for each hit.</p><p><strong>►Venom Spray/5 (12)/Fortitude/Half</strong></p><p>Sprays poison fluid at \"Target: 1 area (3m Radius) / 5\" with \"Range: Caster.\" The target receives 2d poison magic damage.This ability cannot be used on consecutive turns.</p><p><strong>⏩Curl Up</strong></p><p>It curls up its body and defends itself with its outer shell. While curled up, it gains +3 Defense points but cannot make a melee attack with its Mouth.Stretching a curled up body is also a Minor Action. The body can only be curled up or stretched before the Major Action is executed.</p>",
  "status1Accuracy": "5",
  "status1AccuracyFix": 12,
  "status1Damage": "2d+4",
  "status1Defense": "6",
  "status1Evasion": "4",
  "status1EvasionFix": 11,
  "status1Hp": "38",
  "status1Mp": "8",
  "status1Style": "Mouth",
  "statusNum": 1,
  "taxa": "Animal",
  "type": "m",
  "unitStatus": {
    "Mouth:HP": "38/38",
    "Mouth:MP": "8"
  },
  "unitExceptStatus": {
    "HP": 1,
    "MP": 1,
    "Defense": 1
  },
  "loots1Num": "2～7",
  "loots1Item": "None",
  "loots2Num": "8～11",
  "loots2Item": "Poisonous Shell (250G/Red A)",
  "loots3Num": "12+",
  "loots3Item": "Highly Poisonous Shell (750G/Red A)",
  "fortitude": "6",
  "willpower": "5"
}