{
  "description": "<p>A type of Wight, a corpse in a state of total decomposition. In addition to the paralytic power of its rotten claws, the poisonous gas stored within its body damages anything in its vicinity. Poisonous Wights are mindless and attack living creatures to try to increase the number of its allies. Because it has no feelings or logic, its behavior is unpredictable.</p>",
  "disposition": "Hostile",
  "habitat": "Various",
  "initiative": "15",
  "intellect": "None",
  "language": "None",
  "lootsNum": 3,
  "monsterName": "Poisonous Wight",
  "mndResist": "12",
  "vitResist": "12",
  "lv": "11",
  "parts": "",
  "coreParts": "",
  "mobility": "17",
  "mode": "save",
  "paletteInsertType": "exchange",
  "paletteRemoveTags": "1",
  "paletteTool": "bcdice",
  "paletteUseBuff": "1",
  "paletteUseVar": "1",
  "partsNum": 1,
  "perception": "Magic",
  "reputation": "15",
  "reputation+": "20",
  "weakness": "Silver Weapon Damage +3",
  "result": "OK",
  "sheetDescriptionM": "分類:Undead　知能:None　知覚:Magic　反応:Hostile\n言語:None　生息地:Various\n弱点:Silver Weapon Damage +3\n先制値:15　生命抵抗力:12（19）　精神抵抗力:12（19）",
  "sheetDescriptionS": "分類:Undead\n弱点:Silver Weapon Damage +3\n先制値:15　生命抵抗力:12（19）　精神抵抗力:12（19）",
  "sin": "0",
  "skills": "<p><strong>◯Robe of Poisonous Fog/Can't</strong></p><p>A Poisonous Wight constantly releases a green poison fog from its mouth and nose and covers \"Target: 1 area (3m Radius) / Space\" within \"Range: Caster\". Anyone in the area suffers 2d Poison magic damage at the start of their turns.</p><p><strong>◯Paralyzing Poison/14 (21)/Fortitude/Negates</strong></p><p>If a Claw attack hits and deals at least 1 applied damage, the target has a - 2 penalty to Evasion checks for 30 seconds (3 rounds). This effect is not cumulative.This effect is of a Poison type.</p><p><strong>◯Poison Claw/14 (21)/Fortitude/Negates</strong></p><p>If the Poisonous Wight hits with a claw attack and inflicts one or more points of applied damage, the target suffers an additional 7 points of Poison type damage to its HP and MP.</p><p><strong>◯Wight's Curse/Can't</strong></p><p>Anyone reduced to 0 HP or below by the Wight's attack is automatically cursed, without any Resistance Check.Only after the curse is lifted can the victim recover from its unconscious state. If left attended, one Soulscar will be accumulated for every three days (72 hours) that pass. If the fifth Soulscar is acquired by this fact, the character immediately becomes a Wight.A Success Value of 20 or more is required to remove this curse by magic or other means. The character does not lose any Soulscars accumulated by this effect when the curse is removed.</p>",
  "status1Accuracy": "13",
  "status1AccuracyFix": 20,
  "status1Damage": "2d+15",
  "status1Defense": "11",
  "status1Evasion": "12",
  "status1EvasionFix": 19,
  "status1Hp": "99",
  "status1Mp": "-",
  "status1Style": "Claw",
  "statusNum": 1,
  "taxa": "Undead",
  "type": "m",
  "unitStatus": {
    "Claw:HP": "99/99",
    "Claw:MP": "-"
  },
  "unitExceptStatus": {
    "HP": 1,
    "MP": 1,
    "Defense": 1
  },
  "loots1Num": "2～4",
  "loots1Item": "Wight Claw (50G / Red B)",
  "loots2Num": "5～7",
  "loots2Item": "Cursed Claw (400G / Red A)",
  "loots3Num": "8+",
  "loots3Item": "Poisonous Claws (1600G / Red S)",
  "fortitude": "12",
  "willpower": "12"
}