{
  "description": "<p>A giant poisonous toad that has grown to around 1m long. These Poison Toads inhabit a variety of areas, with those in the forests and grasslands taking on a deep green hue, while those who dwell in wetlands and ruins have a color ranging from dark blue to near purple. Numerous warts that cover their body constantly ooze toxins, which can be dangerous to those who wish to prey on these toads. However, pharmacists will buy these toxins and oils for a decent price.</p>",
  "disposition": "Hungry",
  "habitat": "Various",
  "initiative": "8",
  "intellect": "None",
  "language": "None",
  "lootsNum": 3,
  "monsterName": "Poison Toad",
  "mndResist": "4",
  "vitResist": "5",
  "lv": "2",
  "parts": "",
  "coreParts": "",
  "mobility": "10 (4 Legs) / 20 (Swimming)",
  "mode": "save",
  "paletteInsertType": "exchange",
  "paletteRemoveTags": "1",
  "paletteTool": "bcdice",
  "paletteUseBuff": "1",
  "paletteUseVar": "1",
  "partsNum": 1,
  "perception": "Five Senses",
  "reputation": "9",
  "reputation+": "12",
  "weakness": "Earth Damage +3",
  "result": "OK",
  "sheetDescriptionM": "分類:Animal　知能:None　知覚:Five Senses　反応:Hungry\n言語:None　生息地:Various\n弱点:Earth Damage +3\n先制値:8　生命抵抗力:5（12）　精神抵抗力:4（11）",
  "sheetDescriptionS": "分類:Animal\n弱点:Earth Damage +3\n先制値:8　生命抵抗力:5（12）　精神抵抗力:4（11）",
  "sin": "0",
  "skills": "<p><strong>◯Poison / 3 (10) / Fortitude / Negates</strong></p><p>If the Slam attack inflicts 1 or more applied damage, it inflicts 6 Poison magic damage to the target.</p>",
  "status1Accuracy": "3",
  "status1AccuracyFix": 10,
  "status1Damage": "2d-1",
  "status1Defense": "2",
  "status1Evasion": "2",
  "status1EvasionFix": 9,
  "status1Hp": "20",
  "status1Mp": "5",
  "status1Style": "Slam",
  "statusNum": 1,
  "taxa": "Animal",
  "type": "m",
  "unitStatus": {
    "Slam:HP": "20/20",
    "Slam:MP": "5"
  },
  "unitExceptStatus": {
    "HP": 1,
    "MP": 1,
    "Defense": 1
  },
  "loots1Num": "2～6",
  "loots1Item": "None",
  "loots2Num": "7～10",
  "loots2Item": "Toad Oil/(20G/Red B)",
  "loots3Num": "11+",
  "loots3Item": "Clarified Toad Oil (100G/Red A)",
  "fortitude": "5",
  "willpower": "4"
}