{
  "description": "<p>A monster made of toxic pollen that has solidified into a floating ball with a diameter of approximately 50cm. They are said to have almost no will of their own, and respond to attacks by external threats by scattering poison and poisoning them.</p><p>They can be found floating in windy places, and also within caves populated by other plants.</p>",
  "disposition": "Hostile",
  "habitat": "Forests, Lakesides, Caves",
  "initiative": "8",
  "intellect": "None",
  "language": "None",
  "lootsNum": 2,
  "monsterName": "Poison Pollen",
  "mndResist": "4",
  "vitResist": "6",
  "lv": "3",
  "parts": "",
  "coreParts": "",
  "mobility": "-/10(Floating)",
  "mode": "save",
  "paletteInsertType": "exchange",
  "paletteRemoveTags": "1",
  "paletteTool": "bcdice",
  "paletteUseBuff": "1",
  "paletteUseVar": "1",
  "partsNum": 1,
  "perception": "Magic",
  "reputation": "10",
  "reputation+": "13",
  "weakness": "Fire damage +3",
  "result": "OK",
  "sheetDescriptionM": "分類:Plant　知能:None　知覚:Magic　反応:Hostile\n言語:None　生息地:Forests, Lakesides, Caves\n弱点:Fire damage +3\n先制値:8　生命抵抗力:6（13）　精神抵抗力:4（11）",
  "sheetDescriptionS": "分類:Plant\n弱点:Fire damage +3\n先制値:8　生命抵抗力:6（13）　精神抵抗力:4（11）",
  "sin": "0",
  "skills": "<p><strong>◯Poison, Disease, and Psychic Immunity</strong></p><p></p><p><strong>◯Powder Body</strong></p><p>The Poison Pollen is immune to critical hits from all weapon attacks.</p><p><strong>►Pollen Attack / Can't</strong></p><p>The Pollen sticks itself to the target's mucous membranes, causing damage. This has \"Range: Touch\" and deals 1d+1 poison magic damage to \"Target: 1 Character.\"</p><p><strong>◯Pollen Poison / 5 (12) / Fortitude / Negates</strong></p><p>Characters who suffer 1 or more points of damage from [►Pollen Attack] receive a -1 penalty to their Action Checks for 3 minutes (18 rounds). This effect can stack up to two times (for a total penalty of -2) and is of the Poison type.</p>",
  "status1Accuracy": "-",
  "status1AccuracyFix": null,
  "status1Damage": "-",
  "status1Defense": "0",
  "status1Evasion": "4",
  "status1EvasionFix": 11,
  "status1Hp": "20",
  "status1Mp": "3",
  "status1Style": "None",
  "statusNum": 1,
  "taxa": "Plant",
  "type": "m",
  "unitStatus": {
    "None:HP": "20/20",
    "None:MP": "3"
  },
  "unitExceptStatus": {
    "HP": 1,
    "MP": 1,
    "Defense": 1
  },
  "loots1Num": "2～7",
  "loots1Item": "None",
  "loots2Num": "8+",
  "loots2Item": "Pollen Ball (60G / Green B)",
  "fortitude": "6",
  "willpower": "4"
}