{
  "description": "<p>Poltergeists are entities that form when an individual dies while holding an unnaturally strong attachment to a particular object. This object becomes the core of the Poltergeist, regardless of its nature, and allows the spirit to manipulate other objects to affect the living world.</p><p>Common Poltergeist cores (Main Section) include various pieces of jewelry, favored items of the original owner, or other innocuous mementos, such as toys and dolls. The commonality of these objects facilitates the Poltergeist's ability to hide its core among other objects it manipulates. However, only the core of the Poltergeist can cast spells or manipulate other objects, so it becomes apparent where the core is when combat begins.</p>",
  "disposition": "Hostile",
  "habitat": "Various",
  "initiative": "18",
  "intellect": "Low",
  "language": "None",
  "lootsNum": 3,
  "monsterName": "Poltergeist",
  "mndResist": "8",
  "vitResist": "8",
  "lv": "8",
  "parts": "5 (Core / Object x 4)",
  "coreParts": "Core",
  "mobility": "-/16 (Floating)",
  "mode": "save",
  "paletteInsertType": "exchange",
  "paletteRemoveTags": "1",
  "paletteTool": "bcdice",
  "paletteUseBuff": "1",
  "paletteUseVar": "1",
  "partsNum": 5,
  "perception": "Magic",
  "reputation": "11",
  "reputation+": "17",
  "weakness": "Magic Damage +2",
  "result": "OK",
  "sheetDescriptionM": "分類:Undead　知能:Low　知覚:Magic　反応:Hostile\n言語:None　生息地:Various\n弱点:Magic Damage +2\n先制値:18　生命抵抗力:8（15）　精神抵抗力:8（15）",
  "sheetDescriptionS": "分類:Undead\n弱点:Magic Damage +2\n先制値:18　生命抵抗力:8（15）　精神抵抗力:8（15）",
  "sin": "0",
  "skills": "<p><strong>◯Object Camouflage</strong></p><p>A Poltergeist's Core is indistinguishable from the other Object sections it is using at the start of combat. At the beginning of the combat, the GM keeps secret which of the 5 sections is a Core section and which is an Object section.However, once the Core uses any spells, or either the [►Command Weapon] or [►Rush] unique skills are used, the Core can be easily identified.Melee attacks don't directly identify the Core, but knowledgeable characters are able to make conclusions based on the damage received.</p><br><br><p><strong>►Spiritualism Magic 8 Level/Magic Power 10 (17)</strong></p><p></p><p><strong>◯🗨►Magic Aptitude</strong></p><p>A Poltergeist can use the Combat Feats [Targeting], [Magic Convergence], [Magic Control], [Metamagic/Area], and [Wordbreak].</p><p><strong>►Command Weapon/Can't</strong></p><p>At \"Range/Area: 2 (20m)/Target\" and \"Target: 1\", the Poltergeist possesses a weapon. The target is attacked with the weapon it has equipped and automatically suffers damage. The damage is \"Weapon's Power + 8\" points. Characteristics such as Power, Critical Threshold, type, etc., depend on the individual weapon. It is applied if the weapon has a constant effect, but special effects activated by a password, MP consumption, etc., do not occur.This unique skill cannot command any Gun category weapon. If the controlled weapon is of the Bow or Crossbow category, the ammunition used will be one randomly chosen from those that the person holding the weapon has available in their quiver.</p><br><br><p><strong>►Rush/Can't</strong></p><p>Within \"Range: Touch,\" all remaining Object sections simultaneously rush at a \"Target: 1 Character\", \"dealing 2d x (Remaining Objects)\" physical damage to the target.All remaining Objects must be able to take a Major Action to use this unique skill, and using this ability counts as a Main Action for all Objects once completed.</p>",
  "status1Accuracy": "11",
  "status1AccuracyFix": 18,
  "status1Damage": "2d+8",
  "status1Defense": "8",
  "status1Evasion": "11",
  "status1EvasionFix": 18,
  "status1Hp": "75",
  "status1Mp": "51",
  "status1Style": "Slam (Core)",
  "status2Accuracy": "11",
  "status2AccuracyFix": 18,
  "status2Damage": "2d+5",
  "status2Defense": "8",
  "status2Evasion": "11",
  "status2EvasionFix": 18,
  "status2Hp": "60",
  "status2Mp": "11",
  "status2Style": "Slam (Object)",
  "status3Accuracy": "11",
  "status3AccuracyFix": 18,
  "status3Damage": "2d+5",
  "status3Defense": "8",
  "status3Evasion": "11",
  "status3EvasionFix": 18,
  "status3Hp": "60",
  "status3Mp": "11",
  "status3Style": "Slam (Object)",
  "status4Accuracy": "11",
  "status4AccuracyFix": 18,
  "status4Damage": "2d+5",
  "status4Defense": "8",
  "status4Evasion": "11",
  "status4EvasionFix": 18,
  "status4Hp": "60",
  "status4Mp": "11",
  "status4Style": "Slam (Object)",
  "status5Accuracy": "11",
  "status5AccuracyFix": 18,
  "status5Damage": "2d+5",
  "status5Defense": "8",
  "status5Evasion": "11",
  "status5EvasionFix": 18,
  "status5Hp": "60",
  "status5Mp": "11",
  "status5Style": "Slam (Object)",
  "statusNum": 5,
  "taxa": "Undead",
  "type": "m",
  "unitStatus": {
    "Slam (Core):HP": "75/75",
    "Slam (Core):MP": "51",
    "Slam (Object):HP": "60/60",
    "Slam (Object):MP": "11"
  },
  "unitExceptStatus": {
    "HP": 5,
    "MP": 5,
    "Defense": 5
  },
  "loots1Num": "2～6",
  "loots1Item": "Broken Mementos (500G / White A)",
  "loots2Num": "7～12",
  "loots2Item": "Mementos (1,000G / White S)",
  "loots3Num": "13+",
  "loots3Item": "Enchanted Object (2,000G / Gold White S)",
  "fortitude": "8",
  "willpower": "8"
}