{
  "description": "<p>This is a promising magical warrior. They are not yet proficient as either a warrior or a wizard, but they are capable of performing both roles at a minimum level.</p>",
  "disposition": "Neutral",
  "habitat": "Various",
  "initiative": "11",
  "intellect": "Average",
  "language": "Trade Common, Arcana, Regional Dialect",
  "lootsNum": 3,
  "monsterName": "Promising Magic Warrior",
  "mndResist": "7",
  "vitResist": "7",
  "lv": "4",
  "parts": "",
  "coreParts": "",
  "mobility": "12",
  "mode": "save",
  "paletteInsertType": "exchange",
  "paletteRemoveTags": "1",
  "paletteTool": "bcdice",
  "paletteUseBuff": "1",
  "paletteUseVar": "1",
  "partsNum": 1,
  "perception": "Five senses",
  "reputation": "7",
  "reputation+": "0",
  "weakness": "None",
  "result": "OK",
  "sheetDescriptionM": "分類:Humanoid　知能:Average　知覚:Five senses　反応:Neutral\n言語:Trade Common, Arcana, Regional Dialect　生息地:Various\n弱点:None\n先制値:11　生命抵抗力:7（14）　精神抵抗力:7（14）",
  "sheetDescriptionS": "分類:Humanoid\n弱点:None\n先制値:11　生命抵抗力:7（14）　精神抵抗力:7（14）",
  "sin": "0",
  "skills": "<p><strong>►Truespeech Magic 3 Level/Magic Power 5 (12)</strong></p><p></p><p><strong>◯Magic Aptitude</strong></p><p>They can use the Combat Feat [Targeting].</p><p><strong>🗨Mana Strike = +5 damage</strong></p><p>May deal an additional +5 damage to their next melee attack. At risk, they take a -2 penalty to their Fortitude and Willpower checks.</p><p><strong>◯Sword's Grace/Change Fate</strong></p><p>Once per day, they may choose to change the result of a Skill Check or Damage roll, by switching the faces of the rolled 2d to the opposite sides.</p>",
  "status1Accuracy": "6",
  "status1AccuracyFix": 13,
  "status1Damage": "2d+6",
  "status1Defense": "5",
  "status1Evasion": "5",
  "status1EvasionFix": 12,
  "status1Hp": "30",
  "status1Mp": "18",
  "status1Style": "Weapon",
  "statusNum": 1,
  "taxa": "Humanoid",
  "type": "m",
  "unitStatus": {
    "Weapon:HP": "30/30",
    "Weapon:MP": "18"
  },
  "unitExceptStatus": {
    "HP": 1,
    "MP": 1,
    "Defense": 1
  },
  "loots1Num": "Always",
  "loots1Item": "High-quality Weapon (150G/Black White A)",
  "loots2Num": "2～9",
  "loots2Item": "None",
  "loots3Num": "10+",
  "loots3Item": "Gem (150G/Gold A) x 1d",
  "fortitude": "7",
  "willpower": "7"
}