{
  "description": "<p>A Puck is a tree spirit that looks like a small boy dressed in green clothes and a hat. Often seen flying around, they are happy fairies who love music and will often sing or whistle along to a tune they enjoy. Pucks are often talkative to the performers and generally friendly, but they are also quite mischievous and will prank mountain climbers just as quickly.</p>",
  "disposition": "Neutral",
  "habitat": "Mountain",
  "initiative": "16",
  "intellect": "Average",
  "language": "Trade Common, Sylvan",
  "lootsNum": 0,
  "monsterName": "Puck",
  "mndResist": "11",
  "vitResist": "11",
  "lv": "9",
  "parts": "",
  "coreParts": "",
  "mobility": "-/33 (Flying)",
  "mode": "save",
  "paletteInsertType": "exchange",
  "paletteRemoveTags": "1",
  "paletteTool": "bcdice",
  "paletteUseBuff": "1",
  "paletteUseVar": "1",
  "partsNum": 1,
  "perception": "Five senses",
  "reputation": "12",
  "reputation+": "19",
  "weakness": "Earth damage + 3 points",
  "result": "OK",
  "sheetDescriptionM": "分類:Fairy　知能:Average　知覚:Five senses　反応:Neutral\n言語:Trade Common, Sylvan　生息地:Mountain\n弱点:Earth damage + 3 points\n先制値:16　生命抵抗力:11（18）　精神抵抗力:11（18）",
  "sheetDescriptionS": "分類:Fairy\n弱点:Earth damage + 3 points\n先制値:16　生命抵抗力:11（18）　精神抵抗力:11（18）",
  "sin": "0",
  "skills": "<p><strong>◯Type: Wind/Magic Power 13 (20)</strong></p><p></p><p><strong>◯Slashing Immunity</strong></p><p></p><p><strong>◯Wind Body</strong></p><p>Edged weapons treat Puck's Defense as 3 points higher.</p><p><strong>◯Flight</strong></p><p>A Puck only receives a +1 bonus to Accuracy and Evasion for melee attacks.</p><p><strong>◯Earth Vulnerability</strong></p><p>When the Puck is hit by Earth-type damage, it takes an extra 3 damage.</p><p><strong>🗨Magic Aptitude</strong></p><p>They can use the Combat Feat [Universal Metamagic].</p><p><strong>◯Distant Voice</strong></p><p>The range of the Puck's spells is doubled. When using [Metamagic Distance], this unique skill doubles the spell's range before the Combat Feat is applied.In Simplified Combat, magic with \"Range: 1\" becomes \"Range: 2\".</p><p><strong>⏩Windfall</strong></p><p>The wind carries Puck. At the beginning of its turn, it moves the Normal Move distance (up to the adjacent area in Simplified Combat and up to 33m in Standard Combat). After that, Puck can still move and use actions. This does not count as their movement for the turn, so if the Puck takes a Limited Move, they may still cast a spell on that turn.This unique skill cannot be used in consecutive turns</p>",
  "status1Accuracy": "10",
  "status1AccuracyFix": 17,
  "status1Damage": "2d+8",
  "status1Defense": "7",
  "status1Evasion": "12",
  "status1EvasionFix": 19,
  "status1Hp": "79",
  "status1Mp": "69",
  "status1Style": "Fist",
  "statusNum": 1,
  "taxa": "Fairy",
  "type": "m",
  "unitStatus": {
    "Fist:HP": "79/79",
    "Fist:MP": "69"
  },
  "unitExceptStatus": {
    "HP": 1,
    "MP": 1,
    "Defense": 1
  },
  "fortitude": "11",
  "willpower": "11"
}