{
  "description": "<p>These giant ants are more than 1 meter long and covered with a purple shell. Carnivorous, they nest here and there in Alframe, and their ferocity in attacking at random makes them a threat to people.</p><p>They are often seen in Shallow Abysses, and their nests can be found where Shallows were found before. Abyssal shards are also sometimes found in the nests, and their connection to Abyss is being investigated.</p>",
  "disposition": "Neutral",
  "habitat": "Forests, Mountain, Cave, Grassland, Wilderness, Shallows",
  "initiative": "10",
  "intellect": "Animal",
  "language": "None",
  "lootsNum": 3,
  "monsterName": "Purple Ant",
  "mndResist": "3",
  "vitResist": "4",
  "lv": "2",
  "parts": "",
  "coreParts": "",
  "mobility": "12 (6 Legs)",
  "mode": "save",
  "paletteInsertType": "exchange",
  "paletteRemoveTags": "1",
  "paletteTool": "bcdice",
  "paletteUseBuff": "1",
  "paletteUseVar": "1",
  "partsNum": 1,
  "perception": "Five senses",
  "reputation": "8",
  "reputation+": "11",
  "weakness": "Physical damage +2",
  "result": "OK",
  "sheetDescriptionM": "分類:Animal　知能:Animal　知覚:Five senses　反応:Neutral\n言語:None　生息地:Forests, Mountain, Cave, Grassland, Wilderness, Shallows\n弱点:Physical damage +2\n先制値:10　生命抵抗力:4（11）　精神抵抗力:3（10）",
  "sheetDescriptionS": "分類:Animal\n弱点:Physical damage +2\n先制値:10　生命抵抗力:4（11）　精神抵抗力:3（10）",
  "sin": "0",
  "skills": "<p><strong>►Formic Acid/4 (11)/Fortitude/Negates</strong></p><p>Spit acid on \"Target: 1 Character\" at \"Range: Touch,\" dealing 2d-1 poison magic damage.</p>",
  "status1Accuracy": "4",
  "status1AccuracyFix": 11,
  "status1Damage": "2d+1",
  "status1Defense": "4",
  "status1Evasion": "3",
  "status1EvasionFix": 10,
  "status1Hp": "14",
  "status1Mp": "8",
  "status1Style": "Mandibles",
  "statusNum": 1,
  "taxa": "Animal",
  "type": "m",
  "unitStatus": {
    "Mandibles:HP": "14/14",
    "Mandibles:MP": "8"
  },
  "unitExceptStatus": {
    "HP": 1,
    "MP": 1,
    "Defense": 1
  },
  "loots1Num": "2～9",
  "loots1Item": "Beetle Shell (30G/Red B)",
  "loots2Num": "10～11",
  "loots2Item": "Violet Jewel (120G/Gold A)",
  "loots3Num": "12+",
  "loots3Item": "Abyss Shard (200G)",
  "fortitude": "4",
  "willpower": "3"
}