{
  "description": "<p>It is a poison snake, always spreading poison and noxious gases. Its total length is about 10 meters, but its thick body, covered with black and purple scales, makes it quite a presence.</p><p>They intensely hate Humanoid, Barbarous, and all other creatures with intelligence, and once they encounter one, they will never relent in their attacks until they have completely defeated it.</p>",
  "disposition": "Hostile",
  "habitat": "Swamp, Marsh",
  "initiative": "17",
  "intellect": "Low",
  "language": "None",
  "lootsNum": 2,
  "monsterName": "Python",
  "mndResist": "12",
  "vitResist": "12",
  "lv": "9",
  "parts": "3 (Head / Body / Tail)",
  "coreParts": "Head",
  "mobility": "20(Crawling)",
  "mode": "save",
  "paletteInsertType": "exchange",
  "paletteRemoveTags": "1",
  "paletteTool": "bcdice",
  "paletteUseBuff": "1",
  "paletteUseVar": "1",
  "partsNum": 3,
  "perception": "Five senses (Darkvision)",
  "reputation": "15",
  "reputation+": "19",
  "weakness": "Physical damage +2 points",
  "result": "OK",
  "sheetDescriptionM": "分類:Mythical Beast　知能:Low　知覚:Five senses (Darkvision)　反応:Hostile\n言語:None　生息地:Swamp, Marsh\n弱点:Physical damage +2 points\n先制値:17　生命抵抗力:12（19）　精神抵抗力:12（19）",
  "sheetDescriptionS": "分類:Mythical Beast\n弱点:Physical damage +2 points\n先制値:17　生命抵抗力:12（19）　精神抵抗力:12（19）",
  "sin": "0",
  "skills": "<p><strong>◯Poison Immunity</strong></p><p></p><br><br><p><strong>◯Poison/12 (19)/Fortitude/Negates</strong></p><p>If the Bite hits, it deals 8 poison magic damage to the target.</p><p><strong>►Poison Spray/11 (18)/Fortitude/Half</strong></p><p>Within \"Range/Area: 2 (30m) / Shot\" spits poison on \"Target: 1 Character\", dealing 2d+9 Poison magic damage.This ability cannot be used on consecutive turns.</p><br><br><p><strong>◯Poisonous Fog/11 (18)/Fortitude/Half</strong></p><p>A poisonous mist is constantly emitted from the body.At the end of this monster's turn, all the characters in the same position (area, coordinate) as the Body section suffer 2d+6 Poison magic damage.</p><br><br><p><strong>🗨Tail Sweep</strong></p><p>The monster can use its tail to attack up to 5 targets in the same skirmish. An Accuracy check is made on all characters at once, and damage is determined individually.This attack cannot be used in consecutive rounds.</p>",
  "status1Accuracy": "12",
  "status1AccuracyFix": 19,
  "status1Damage": "2d+12",
  "status1Defense": "9",
  "status1Evasion": "11",
  "status1EvasionFix": 18,
  "status1Hp": "79",
  "status1Mp": "19",
  "status1Style": "Bite (Head)",
  "status2Accuracy": "11",
  "status2AccuracyFix": 18,
  "status2Damage": "2d+10",
  "status2Defense": "11",
  "status2Evasion": "10",
  "status2EvasionFix": 17,
  "status2Hp": "88",
  "status2Mp": "19",
  "status2Style": "Slam (Body)",
  "status3Accuracy": "12",
  "status3AccuracyFix": 19,
  "status3Damage": "2d+14",
  "status3Defense": "9",
  "status3Evasion": "10",
  "status3EvasionFix": 17,
  "status3Hp": "72",
  "status3Mp": "12",
  "status3Style": "Tail (Tail)",
  "statusNum": 3,
  "taxa": "Mythical Beast",
  "type": "m",
  "unitStatus": {
    "Bite (Head):HP": "79/79",
    "Bite (Head):MP": "19",
    "Slam (Body):HP": "88/88",
    "Slam (Body):MP": "19",
    "Tail (Tail):HP": "72/72",
    "Tail (Tail):MP": "12"
  },
  "unitExceptStatus": {
    "HP": 3,
    "MP": 3,
    "Defense": 3
  },
  "loots1Num": "2～11",
  "loots1Item": "Venom of the Woe Serpent (1,000G/Red S)",
  "loots2Num": "12+",
  "loots2Item": "Large Amount of Venom (10,000G/Red SS)",
  "fortitude": "12",
  "willpower": "12"
}