{
  "description": "<p>This is a Barbarous with a snake head. From the neck down, it is almost the same as a Human, but the neck and head are those of a thick snake, together about 50 cm long.</p><p>Although Quepalas are known to have inherited knowledge from the Magic Civilization Period, their clan can be divided into two main groups. The first are those who prefer dark, damp places and live in tribes. In these settlements, the lower Barbarous, such as Goblins and Bolgs, often serve as slaves and guards.</p><p>The others live in Shallow Abysses, utilizing their knowledge of Magic Civilization to control daemons as their followers. They use the area as a hunting ground, leaving a few zones of seeming safety amidst the thick growth of poison grass and mushrooms, where they enjoy slowly hunting down any passing prey.</p>",
  "disposition": "Hostile",
  "habitat": "Forests, Cave, Swamp, Shallow",
  "initiative": "13",
  "intellect": "Average",
  "language": "Barbaric, Arcana, Drakish",
  "lootsNum": 4,
  "monsterName": "Quepala",
  "mndResist": "9",
  "vitResist": "7",
  "lv": "6",
  "parts": "",
  "coreParts": "",
  "mobility": "15",
  "mode": "save",
  "paletteInsertType": "exchange",
  "paletteRemoveTags": "1",
  "paletteTool": "bcdice",
  "paletteUseBuff": "1",
  "paletteUseVar": "1",
  "partsNum": 1,
  "perception": "Five senses (Darkvision)",
  "reputation": "13",
  "reputation+": "16",
  "weakness": "Fire damage + 3 points",
  "result": "OK",
  "sheetDescriptionM": "分類:Barbarous　知能:Average　知覚:Five senses (Darkvision)　反応:Hostile\n言語:Barbaric, Arcana, Drakish　生息地:Forests, Cave, Swamp, Shallow\n弱点:Fire damage + 3 points\n先制値:13　生命抵抗力:7（14）　精神抵抗力:9（16）",
  "sheetDescriptionS": "分類:Barbarous\n弱点:Fire damage + 3 points\n先制値:13　生命抵抗力:7（14）　精神抵抗力:9（16）",
  "sin": "3",
  "skills": "<p><strong>◯Poison Immunity</strong></p><p></p><p><strong>►Magic (2 systems) 6 Level /Magic Power 8 (15)</strong></p><p>Most of them have Truespeech and Spiritualism Magic at 6th level, but some of them might instead of one of them have Summoning Arts at 6th level.</p><p><strong>◯🗨Magic Aptitude</strong></p><p>They can use the Combat Feats [Targeting], [Metamagic/Targets], and [Multi-Action].</p><p><strong>◯Poison/7 (14)/Fortitude/Neg</strong></p><p>If their Bite attack hits, the target is dealt additional 6 Poison magic damage.</p>",
  "status1Accuracy": "8",
  "status1AccuracyFix": 15,
  "status1Damage": "2d+7",
  "status1Defense": "4",
  "status1Evasion": "6",
  "status1EvasionFix": 13,
  "status1Hp": "48",
  "status1Mp": "41",
  "status1Style": "Bite",
  "statusNum": 1,
  "taxa": "Barbarous",
  "type": "m",
  "unitStatus": {
    "Bite:HP": "48/48",
    "Bite:MP": "41"
  },
  "unitExceptStatus": {
    "HP": 1,
    "MP": 1,
    "Defense": 1
  },
  "loots1Num": "2～4",
  "loots1Item": "None.",
  "loots2Num": "5～8",
  "loots2Item": "Arcana-Language Book (170G/White A)",
  "loots3Num": "9～12",
  "loots3Item": "Spellbook (500G/White A)",
  "loots4Num": "13+",
  "loots4Item": "Esoteric Spellbook (1,500G/White S)",
  "fortitude": "7",
  "willpower": "9"
}