{
  "description": "<p>This is a Quepala who is particularly knowledgeable and excels in magical knowledge. They are sometimes the leaders of settlements in the larger Shallow Abysses. They are gruesome and brutal and have a strong hatred for Humanoids and the beings who are in their service.</p>",
  "disposition": "Hostile",
  "habitat": "Forests, Caves, Swamps, Shallows",
  "initiative": "15",
  "intellect": "Average",
  "language": "Barbaric, Arcana, Drakish",
  "lootsNum": 3,
  "monsterName": "Quepala Sage",
  "mndResist": "11",
  "vitResist": "9",
  "lv": "8",
  "parts": "",
  "coreParts": "",
  "mobility": "15",
  "mode": "save",
  "paletteInsertType": "exchange",
  "paletteRemoveTags": "1",
  "paletteTool": "bcdice",
  "paletteUseBuff": "1",
  "paletteUseVar": "1",
  "partsNum": 1,
  "perception": "Five senses (Darkvision)",
  "reputation": "15",
  "reputation+": "18",
  "weakness": "Fire damage + 3 points",
  "result": "OK",
  "sheetDescriptionM": "分類:Barbarous　知能:Average　知覚:Five senses (Darkvision)　反応:Hostile\n言語:Barbaric, Arcana, Drakish　生息地:Forests, Caves, Swamps, Shallows\n弱点:Fire damage + 3 points\n先制値:15　生命抵抗力:9（16）　精神抵抗力:11（18）",
  "sheetDescriptionS": "分類:Barbarous\n弱点:Fire damage + 3 points\n先制値:15　生命抵抗力:9（16）　精神抵抗力:11（18）",
  "sin": "3",
  "skills": "<p><strong>◯Poison Immunity</strong></p><p></p><p><strong>►Truespeech Magic, Spiritualism Magic 8 Level/Magic Power 10 (17)</strong></p><p></p><p><strong>◯🗨Magic Aptitude</strong></p><p>They can use the Combat Feats [Targeting], [Metamagic/Targets], and [Multi-Action].</p><p><strong>◯Poison/10 (17)/Fortitude/Neg</strong></p><p>If their Bite attack hits, the target is dealt additional 8 poison magic damage.</p>",
  "status1Accuracy": "11",
  "status1AccuracyFix": 18,
  "status1Damage": "2d+9",
  "status1Defense": "6",
  "status1Evasion": "9",
  "status1EvasionFix": 16,
  "status1Hp": "74",
  "status1Mp": "68",
  "status1Style": "Bite",
  "statusNum": 1,
  "taxa": "Barbarous",
  "type": "m",
  "unitStatus": {
    "Bite:HP": "74/74",
    "Bite:MP": "68"
  },
  "unitExceptStatus": {
    "HP": 1,
    "MP": 1,
    "Defense": 1
  },
  "loots1Num": "2～6",
  "loots1Item": "Arcana-Language Book (170G/White A)",
  "loots2Num": "7～10",
  "loots2Item": "Spellbook (500G/White A)",
  "loots3Num": "11+",
  "loots3Item": "Esoteric Spellbook (1,500G/White S)",
  "fortitude": "9",
  "willpower": "11"
}