{
  "description": "<p>This is a highest-ranking Quepala. Although they are regarded as quite powerful among the Barbarous, they do not take their place as generals in the Barbarous army, preferring to hide in the dark and plotting. There are some Quepala Chiefs who prefer to dwell in Shallow Abyss.</p>",
  "disposition": "Hostile",
  "habitat": "Forests, Caves, Swamps, Shallows",
  "initiative": "19",
  "intellect": "Average",
  "language": "Barbaric, Arcana, Drakish",
  "lootsNum": 3,
  "monsterName": "Quepala Chief",
  "mndResist": "16",
  "vitResist": "14",
  "lv": "12",
  "parts": "",
  "coreParts": "",
  "mobility": "15 15",
  "mode": "save",
  "paletteInsertType": "exchange",
  "paletteRemoveTags": "1",
  "paletteTool": "bcdice",
  "paletteUseBuff": "1",
  "paletteUseVar": "1",
  "partsNum": 1,
  "perception": "Five senses (Darkvision)",
  "reputation": "19",
  "reputation+": "22",
  "weakness": "Fire damage + 3 points",
  "result": "OK",
  "sheetDescriptionM": "分類:Barbarous　知能:Average　知覚:Five senses (Darkvision)　反応:Hostile\n言語:Barbaric, Arcana, Drakish　生息地:Forests, Caves, Swamps, Shallows\n弱点:Fire damage + 3 points\n先制値:19　生命抵抗力:14（21）　精神抵抗力:16（23）",
  "sheetDescriptionS": "分類:Barbarous\n弱点:Fire damage + 3 points\n先制値:19　生命抵抗力:14（21）　精神抵抗力:16（23）",
  "sin": "4",
  "skills": "<p><strong>◯Poison Immunity</strong></p><p></p><p><strong>►Truespeech Magic, Spiritualism Magic 12 Level/Magic Power 15 (22)</strong></p><p></p><p><strong>◯🗨Magic Aptitude</strong></p><p>They can use the Combat Feats [Targeting], [Magic Convergence], [Magic Control] [Metamagic/Targets], [Rune Master], and[Multi-Action].</p><p><strong>◯Poison/15 (22)/Fortitude/Neg</strong></p><p>If the Bite attack hits, the target is dealt additional 12 Poison magic damage.</p>",
  "status1Accuracy": "15",
  "status1AccuracyFix": 22,
  "status1Damage": "2d+15",
  "status1Defense": "9",
  "status1Evasion": "13",
  "status1EvasionFix": 20,
  "status1Hp": "113",
  "status1Mp": "107",
  "status1Style": "Bite",
  "statusNum": 1,
  "taxa": "Barbarous",
  "type": "m",
  "unitStatus": {
    "Bite:HP": "113/113",
    "Bite:MP": "107"
  },
  "unitExceptStatus": {
    "HP": 1,
    "MP": 1,
    "Defense": 1
  },
  "loots1Num": "2～6",
  "loots1Item": "Spellbook (500G/White A)",
  "loots2Num": "7～10",
  "loots2Item": "Esoteric Spellbook (1,500G/White S)",
  "loots3Num": "11+",
  "loots3Item": "Rare Grimoire (3,000G/White S)",
  "fortitude": "14",
  "willpower": "16"
}