{
  "description": "<p>A humanoid-like Daemon with a lanky body shape. The front of the body has numerous razor-like openings, and numerous tentacles sprout from the back. Glistening organs similar to a mako stone peek out from the apertures in the body and from the tips of the tentacles.</p><p>These organs have the ability to absorb and distribute the MP received to others, and this daemon is also called the \"Supply Soldier of Daemon World\".</p>",
  "disposition": "Hostile",
  "habitat": "Underground Labyrinth, Ruins",
  "initiative": "13",
  "intellect": "Average",
  "language": "Daemonic",
  "lootsNum": 4,
  "monsterName": "Quezardus",
  "mndResist": "11",
  "vitResist": "10",
  "lv": "8",
  "parts": "",
  "coreParts": "",
  "mobility": "15/-",
  "mode": "save",
  "paletteInsertType": "exchange",
  "paletteRemoveTags": "1",
  "paletteTool": "bcdice",
  "paletteUseBuff": "1",
  "paletteUseVar": "1",
  "partsNum": 1,
  "perception": "Five Senses (Darkvision)",
  "reputation": "16",
  "reputation+": "18",
  "weakness": "Bludgeoning Damage +3",
  "result": "OK",
  "sheetDescriptionM": "分類:Daemon　知能:Average　知覚:Five Senses (Darkvision)　反応:Hostile\n言語:Daemonic　生息地:Underground Labyrinth, Ruins\n弱点:Bludgeoning Damage +3\n先制値:13　生命抵抗力:10（17）　精神抵抗力:11（18）",
  "sheetDescriptionS": "分類:Daemon\n弱点:Bludgeoning Damage +3\n先制値:13　生命抵抗力:10（17）　精神抵抗力:11（18）",
  "sin": "0",
  "skills": "<p><strong>◯Magic Damage Halved</strong></p><p>If this monster is subjected to magic damage, the total damage is first halved; if it is halved by resistance, it becomes 0.This unique skill does not affect anything except damage - Effects will still happen based on the result of the resistance check.</p><p><strong>◯MP Absorption</strong></p><p>If the Quezardus becomes a target of a spell, it restores its own MP for the magic's base MP cost.This effect appears only when the Quezardus is targeted by a spell cast at it and does not affect similar but non-magical abilities or effects performed from items. Even if the MP cost of the caster who cast the spell is increased or decreased by various abilities or effects, the MP recovered by this monster is calculated based on the base MP cost. Also, whether the spell is friendly or hostile and whether or not the resistance to the magic was made should not be taken into account.</p><p><strong>⏩MP Transfer/Optional</strong></p><p>The Quezardus transfers any amount of its MP to \"Target: 1 Character\" within \"Range/Area: 1 (10m) / Shot.\" The number of MP that can be transferred is an arbitrary number from 1 to its current MP. The Quezardus receives fixed damage to its MP and the target's MP is restored by the amount of the MP.</p>",
  "status1Accuracy": "10",
  "status1AccuracyFix": 17,
  "status1Damage": "2d+7",
  "status1Defense": "5",
  "status1Evasion": "10",
  "status1EvasionFix": 17,
  "status1Hp": "65",
  "status1Mp": "30",
  "status1Style": "Bite",
  "statusNum": 1,
  "taxa": "Daemon",
  "type": "m",
  "unitStatus": {
    "Bite:HP": "65/65",
    "Bite:MP": "30"
  },
  "unitExceptStatus": {
    "HP": 1,
    "MP": 1,
    "Defense": 1
  },
  "loots1Num": "Always",
  "loots1Item": "Daemon's Blood (100G/Red A)",
  "loots2Num": "2～8",
  "loots2Item": "None",
  "loots3Num": "9～11",
  "loots3Item": "Mako Stone (5 pts.) (250G/-)",
  "loots4Num": "12+",
  "loots4Item": "Mako Stone (10 pts.) (1,000G/-)",
  "fortitude": "10",
  "willpower": "11"
}