{
  "description": "<p>This is a daemon that appears as an upright dragon with enormous membranous wings. When a Ragnakang fully extends its neck, it stands around 5m long and will use that long neck and tail in combat. Thoroughly infused with poison, a Ragnakang is dangerous to touch, let alone engage in combat. Some still stand guard at the entrances to old ruins, and such places have seen no intrusions because of the Ragnakang's diligence.</p>",
  "disposition": "Hostile",
  "habitat": "Labyrinths, Ruins",
  "initiative": "16",
  "intellect": "Average",
  "language": "Daemonic",
  "lootsNum": 4,
  "monsterName": "Ragnakang",
  "mndResist": "11",
  "vitResist": "12",
  "lv": "9",
  "parts": "4 (Head / Body / Wing x 2)",
  "coreParts": "Head",
  "mobility": "15/20 (Flying)",
  "mode": "save",
  "paletteInsertType": "exchange",
  "paletteRemoveTags": "1",
  "paletteTool": "bcdice",
  "paletteUseBuff": "1",
  "paletteUseVar": "1",
  "partsNum": 4,
  "perception": "Five senses (Darkvision)",
  "reputation": "16",
  "reputation+": "19",
  "weakness": "Slashing damage +3",
  "result": "OK",
  "sheetDescriptionM": "分類:Daemon　知能:Average　知覚:Five senses (Darkvision)　反応:Hostile\n言語:Daemonic　生息地:Labyrinths, Ruins\n弱点:Slashing damage +3\n先制値:16　生命抵抗力:12（19）　精神抵抗力:11（18）",
  "sheetDescriptionS": "分類:Daemon\n弱点:Slashing damage +3\n先制値:16　生命抵抗力:12（19）　精神抵抗力:11（18）",
  "sin": "0",
  "skills": "<p><strong>►Divine Magic 5 Level/Magic Power 7 (14)</strong></p><p></p><p><strong>◯🗨►Magic Aptitude</strong></p><p>They can use the Combat Feats [Targeting], [Metamagic/Targets], and [Wordbreak].</p><p><strong>⏩△Techniques</strong></p><p>They may use the [Cat's Eyes], [Beetleskin], [Bear Muscle], and [Strong Blood] Techniques.</p><p><strong>◯Deadly Poison /11 (18)/Fortitude/Negates</strong></p><p>If a Bite attack hits and deals 1 or more points of applied damage, the target receives extra 2d+8 Poison magic damage.</p><br><br><p><strong>◯Convulsive Poison/10 (17)/Fortitude/Negates</strong></p><p>If the Tail attack hits, the target receives a -1 penalty to any Skill Checks for 1 minute (6 rounds). This effect is cumulative.This effect is Poison type.</p><p><strong>◯Attack Obstacle = +4 • None</strong></p><p>Against melee attacks, the Head section receives a +4 bonus to Evasion checks.This effect disappears when the Body section falls to 0 HP or lower.</p><br><br><p><strong>◯Flight</strong></p><p>All section receives a +1 bonus to Accuracy and Evasion only for melee attacks.If one of the Wing sections falls to 0 HP or lower, this unique skill cannot be used.</p>",
  "status1Accuracy": "11",
  "status1AccuracyFix": 18,
  "status1Damage": "2d+13",
  "status1Defense": "10",
  "status1Evasion": "11",
  "status1EvasionFix": 18,
  "status1Hp": "78",
  "status1Mp": "44",
  "status1Style": "Bite (Head)",
  "status2Accuracy": "11",
  "status2AccuracyFix": 18,
  "status2Damage": "2d+12",
  "status2Defense": "8",
  "status2Evasion": "9",
  "status2EvasionFix": 16,
  "status2Hp": "86",
  "status2Mp": "28",
  "status2Style": "Tail (Body)",
  "status3Accuracy": "12",
  "status3AccuracyFix": 19,
  "status3Damage": "2d+9",
  "status3Defense": "5",
  "status3Evasion": "9",
  "status3EvasionFix": 16,
  "status3Hp": "59",
  "status3Mp": "14",
  "status3Style": "Wing (Wing)",
  "status4Accuracy": "12",
  "status4AccuracyFix": 19,
  "status4Damage": "2d+9",
  "status4Defense": "5",
  "status4Evasion": "9",
  "status4EvasionFix": 16,
  "status4Hp": "59",
  "status4Mp": "14",
  "status4Style": "Wing (Wing)",
  "statusNum": 4,
  "taxa": "Daemon",
  "type": "m",
  "unitStatus": {
    "Bite (Head):HP": "78/78",
    "Bite (Head):MP": "44",
    "Tail (Body):HP": "86/86",
    "Tail (Body):MP": "28",
    "Wing (Wing):HP": "59/59",
    "Wing (Wing):MP": "14"
  },
  "unitExceptStatus": {
    "HP": 4,
    "MP": 4,
    "Defense": 4
  },
  "loots1Num": "Always",
  "loots1Item": "Crystallized Daemon's Blood (800G/Red A)",
  "loots2Num": "2～6",
  "loots2Item": "None",
  "loots3Num": "7～12",
  "loots3Item": "Daemon's Horn (600G/Red A)",
  "loots4Num": "13+",
  "loots4Item": "Large Daemon's Horn (1,400G/Red S)",
  "fortitude": "12",
  "willpower": "11"
}