{
  "description": "<p>This is a large self-propelled Magitech created in the Magitech Civilization Period for use as a base of invasion or defense. It is designed to move on rough roads with its legs, and on tracks with wheels used by trains for long-distance travel.</p><p>It is about the same size as a train car, but there is a record that several of them were linked and used in large-scale battles.</p>",
  "disposition": "Instructed",
  "habitat": "Plains",
  "initiative": "17",
  "intellect": "Servant",
  "language": "None",
  "lootsNum": 4,
  "monsterName": "Railway Cannon",
  "mndResist": "14",
  "vitResist": "14",
  "lv": "11",
  "parts": "4 (Train Gun x 2 / Base x 2)",
  "coreParts": "None",
  "mobility": "30 (Many Legs)",
  "mode": "save",
  "paletteInsertType": "exchange",
  "paletteRemoveTags": "1",
  "paletteTool": "bcdice",
  "paletteUseBuff": "1",
  "paletteUseVar": "1",
  "partsNum": 4,
  "perception": "Mechanical",
  "reputation": "11",
  "reputation+": "21",
  "weakness": "Physical damage +2 points",
  "result": "OK",
  "sheetDescriptionM": "分類:Magitech　知能:Servant　知覚:Mechanical　反応:Instructed\n言語:None　生息地:Plains\n弱点:Physical damage +2 points\n先制値:17　生命抵抗力:14（21）　精神抵抗力:14（21）",
  "sheetDescriptionS": "分類:Magitech\n弱点:Physical damage +2 points\n先制値:17　生命抵抗力:14（21）　精神抵抗力:14（21）",
  "sin": "0",
  "skills": "<p><strong>◯Mechanical Body</strong></p><p>It is immune to criticals from edged weapons.</p><p><strong>◯Poison Immunity, ◯Disease Immunity, ◯Psychic Type Immunity</strong></p><p></p><p><strong>◯Limited Healing</strong></p><p>Effects which can heal Magitech HP are very limited, and mostly come from Spiritualism Magic and some special items.Healing effects such as Divine Magic, Fairy Magic, and Nature Magic cannot restore a Magitech's HP.</p><p><strong>◯Can Be Detected</strong></p><p>Magitech can be detected with the [Sense Magic] spell and similar effects.</p><br><br><p><strong>◯Targeting</strong></p><p>Stray shots cannot occur.</p><p><strong>◯Gun</strong></p><p>The Cannon is treated as a Gun weapon with a \"Range: 2 (50m)\" and a maximum magazine of 1.</p><p><strong>►Reload</strong></p><p>Reloads bullet into the cannon.</p><p><strong>⏩△Bursting Shell</strong></p><p>The loaded bullet is changed to attack with \"Target: 1 area(4m Radius) / 10\". Damage and range distance remains the same.This unique skill can only be used when the bullet is loaded and consumes 10 points of the section's HP.</p><br><br><p><strong>⏩△Wheel Drive</strong></p><p>This unique skill can only be used when this monster is on track. Also, it cannot be used when the HP of any Base section is less than 0.The built-in wheels are lowered onto the tracks. The Railway Cannon can move on the tracks at a speed of \"90 (wheels)\".It cannot use [►Trampling Down] on your turn to use this unique skill.</p><p><strong>►Trampling Down/13 (20)/Fortitude/Half</strong></p><p>Railway Cannon stomps around the area. It deals 2d+10 earth physical damage to \"Target: 1 area (3m Radius)/All\" with \"Range: Caster.\"After this effect is used by one of the Base sections, it cannot be used by the Base section in the same round.</p><p><strong>►Loading Aid</strong></p><p>Selects one of the Trail Gun sections and reload the bullet into that cannon.</p><p><strong>◯Attack Obstacle =+4 •+4</strong></p><p>Its size hinders attacks.All Trail Guns gain a +4 bonus to Evasion checks against melee and ranged attacks.If the HP of any Base section falls below 0 or below, this effect is lost.</p>",
  "status1Accuracy": "15",
  "status1AccuracyFix": 22,
  "status1Damage": "2d+16",
  "status1Defense": "8",
  "status1Evasion": "12",
  "status1EvasionFix": 19,
  "status1Hp": "80",
  "status1Mp": "0",
  "status1Style": "Cannon (Train Gun)",
  "status2Accuracy": "15",
  "status2AccuracyFix": 22,
  "status2Damage": "2d+16",
  "status2Defense": "8",
  "status2Evasion": "12",
  "status2EvasionFix": 19,
  "status2Hp": "80",
  "status2Mp": "0",
  "status2Style": "Cannon (Train Gun)",
  "status3Accuracy": "13",
  "status3AccuracyFix": 20,
  "status3Damage": "2d+13",
  "status3Defense": "12",
  "status3Evasion": "13",
  "status3EvasionFix": 20,
  "status3Hp": "100",
  "status3Mp": "0",
  "status3Style": "Leg (Base)",
  "status4Accuracy": "13",
  "status4AccuracyFix": 20,
  "status4Damage": "2d+13",
  "status4Defense": "12",
  "status4Evasion": "13",
  "status4EvasionFix": 20,
  "status4Hp": "100",
  "status4Mp": "0",
  "status4Style": "Leg (Base)",
  "statusNum": 4,
  "taxa": "Magitech",
  "type": "m",
  "unitStatus": {
    "Cannon (Train Gun):HP": "80/80",
    "Cannon (Train Gun):MP": "0/0",
    "Leg (Base):HP": "100/100",
    "Leg (Base):MP": "0/0"
  },
  "unitExceptStatus": {
    "HP": 4,
    "MP": 4,
    "Defense": 4
  },
  "loots1Num": "Always",
  "loots1Item": "Giant Magitech Components (3,000G/Black White S)",
  "loots2Num": "2～8",
  "loots2Item": "Rare Magitech Components (900G/Black White A)",
  "loots3Num": "9～12",
  "loots3Item": "Mysterious Magitech Components (2,400G/Black White S)",
  "loots4Num": "13+",
  "loots4Item": "Trove of Magical Components (7,600G/Black White S)",
  "fortitude": "14",
  "willpower": "14"
}