{
  "description": "<p>The Korgana region is home to a huge bear that measures over 3 meters in length. Its body fur is almost blackish gray, and the area around its head and shoulders is discolored reddish black from the fresh blood of its prey.</p><p>These bears are extremely ferocious and belligerent. They will attack any creature that unknowingly enters their territory as prey.</p><p>There have been numerous reports of Humanoid and Barbarous beings killed, and surrounding villagers warn travelers and merchants to flee as fast as possible if they find traces of these bears.</p>",
  "disposition": "Hungry",
  "habitat": "Forests, Mountains",
  "initiative": "16",
  "intellect": "Animal",
  "language": "None",
  "lootsNum": 3,
  "monsterName": "Red Helm",
  "mndResist": "12",
  "vitResist": "14",
  "lv": "10",
  "parts": "2 (Head / Body)",
  "coreParts": "Head",
  "mobility": "20 (4 Legs)",
  "mode": "save",
  "paletteInsertType": "exchange",
  "paletteRemoveTags": "1",
  "paletteTool": "bcdice",
  "paletteUseBuff": "1",
  "paletteUseVar": "1",
  "partsNum": 2,
  "perception": "Five senses",
  "reputation": "16",
  "reputation+": "19",
  "weakness": "Bludgeoning damage +3",
  "result": "OK",
  "sheetDescriptionM": "分類:Animal　知能:Animal　知覚:Five senses　反応:Hungry\n言語:None　生息地:Forests, Mountains\n弱点:Bludgeoning damage +3\n先制値:16　生命抵抗力:14（21）　精神抵抗力:12（19）",
  "sheetDescriptionS": "分類:Animal\n弱点:Bludgeoning damage +3\n先制値:16　生命抵抗力:14（21）　精神抵抗力:12（19）",
  "sin": "0",
  "skills": "<p><strong>◯All-Out Attack</strong></p><p>A Head can deal an additional 8 damage on its next attack. However, any Evasion check made by this section this turn receives a -3 penalty.</p><p><strong>⏩Cowering Eyes/12 (19)/Willpower/Negates</strong></p><p>Stares at one character in close proximity, filling them with fear.One character in the same skirmish area receives a -2 penalty to Accuracy and Evasion checks for 10 seconds (1 round), and the physical and magical damage it inflicts is reduced by 4 points.This effect is Psychic type. This effect can only be used once per 10 seconds (1 round).</p><br><br><p><strong>►Double Attack</strong></p><p>Can attack twice with the Paws of both hands.</p><p><strong>◯Bear Hug</strong></p><p>If the Red Helm successfully hits with [◯Double Attack], it will hold the target, and the target will not be able to move or make a melee or ranged attack. Each round, the held target is hit automatically by the Red Helm, dealing 2d + 24 damage.When the target tries to escape, use the de-bonding rules.While entangled by this unique skill, the Red Helm cannot attack other characters. If the monster itself wants to release the target, it can do so with a Minor Action.</p><p><strong>⏩Intimidating Posture</strong></p><p>Stands up and spread their arms wide to intimidate the target.For 10 seconds (1 round), the Head section gains a +1 bonus to Accuracy checks for melee attacks and +2 damage. At the same time, the Body section takes a -2 penalty to its Evasion checks.This effect can only be used once in 10 seconds (1 round).</p>",
  "status1Accuracy": "12",
  "status1AccuracyFix": 19,
  "status1Damage": "2d+15",
  "status1Defense": "7",
  "status1Evasion": "13",
  "status1EvasionFix": 20,
  "status1Hp": "67",
  "status1Mp": "12",
  "status1Style": "Bite (Head)",
  "status2Accuracy": "13",
  "status2AccuracyFix": 20,
  "status2Damage": "2d+13",
  "status2Defense": "9",
  "status2Evasion": "12",
  "status2EvasionFix": 19,
  "status2Hp": "83",
  "status2Mp": "10",
  "status2Style": "Paws (Body)",
  "statusNum": 2,
  "taxa": "Animal",
  "type": "m",
  "unitStatus": {
    "Bite (Head):HP": "67/67",
    "Bite (Head):MP": "12",
    "Paws (Body):HP": "83/83",
    "Paws (Body):MP": "10"
  },
  "unitExceptStatus": {
    "HP": 2,
    "MP": 2,
    "Defense": 2
  },
  "loots1Num": "Always",
  "loots1Item": "Bright Red Fur (1,200G/Red S)",
  "loots2Num": "2～9",
  "loots2Item": "Bear Paws (300G/Red A) x 2",
  "loots3Num": "10+",
  "loots3Item": "Aromatic Bear Paws (1,200G/Red S) x 2",
  "fortitude": "14",
  "willpower": "12"
}