{
  "description": "<p>These small robots were simple security devices designed for use during the Magitech Civilization period. Sporting four short legs with wheels coming off a flat body, these robots will first attempt to drive away intruders using a simple warning in the Magitech language but will resort to electric shocks (Defense still applies) if this warning is not heeded.</p><p>Renguards, while small, often appear in large numbers and will often link to each other in order to increase the power of their electric shocks and drive away more formidable intruders.</p>",
  "disposition": "Instructed",
  "habitat": "Ruins",
  "initiative": "7",
  "intellect": "Servant",
  "language": "Magitech",
  "lootsNum": 2,
  "monsterName": "Renguard",
  "mndResist": "2",
  "vitResist": "2",
  "lv": "1",
  "parts": "",
  "coreParts": "",
  "mobility": "16 (Wheeled) / -",
  "mode": "save",
  "paletteInsertType": "exchange",
  "paletteRemoveTags": "1",
  "paletteTool": "bcdice",
  "paletteUseBuff": "1",
  "paletteUseVar": "1",
  "partsNum": 1,
  "perception": "Mechanical",
  "reputation": "7",
  "reputation+": "12",
  "weakness": "Lightning Damage +3",
  "result": "OK",
  "sheetDescriptionM": "分類:Magitech　知能:Servant　知覚:Mechanical　反応:Instructed\n言語:Magitech　生息地:Ruins\n弱点:Lightning Damage +3\n先制値:7　生命抵抗力:2（9）　精神抵抗力:2（9）",
  "sheetDescriptionS": "分類:Magitech\n弱点:Lightning Damage +3\n先制値:7　生命抵抗力:2（9）　精神抵抗力:2（9）",
  "sin": "0",
  "skills": "<p><strong>►Linking</strong></p><p>The Renguard connects to a fellow Renguard within \"Range: Touch\" and increases its attack power. The targeted Renguard receives a +1 bonus to Accuracy checks and +3 bonus to damage. Up to 5 Renguards can be Linked together (4 Renguards to another) this way, for a 7 (14) Accuracy, dealing 2d+10 damage.After the boosted Renguard attacks, all Links are disconnected.</p><p><strong>◯Poison Immunity, ◯Disease Immunity, ◯Psychic Type Immunity</strong></p><p></p><p><strong>◯Limited Healing</strong></p><p>Effects which can heal Magitech HP are very limited, and mostly come from Spiritualism Magic and some special items.Healing effects such as Divine Magic, Fairy Magic, and Nature Magic cannot restore a Magitech's HP.</p><p><strong>◯Can Be Detected</strong></p><p>Magitech can be detected with the [Sense Magic] spell and similar effects.</p>",
  "status1Accuracy": "3",
  "status1AccuracyFix": 10,
  "status1Damage": "2d-2",
  "status1Defense": "1",
  "status1Evasion": "2",
  "status1EvasionFix": 9,
  "status1Hp": "15",
  "status1Mp": "-",
  "status1Style": "Electric Shock",
  "statusNum": 1,
  "taxa": "Magitech",
  "type": "m",
  "unitStatus": {
    "Electric Shock:HP": "15/15",
    "Electric Shock:MP": "-"
  },
  "unitExceptStatus": {
    "HP": 1,
    "MP": 1,
    "Defense": 1
  },
  "loots1Num": "2～9",
  "loots1Item": "None",
  "loots2Num": "10+",
  "loots2Item": "Old Recording Device (100G / Black White A)",
  "fortitude": "2",
  "willpower": "2"
}