{
  "description": "<p>This undead is the result of hatred and refusal to die. At the moment of its demise, the inability to accept its own death resonates with the surrounding mana, transforming it into a pseudo-monster.</p><p>Unlike ordinary Ghosts, it has no clear purpose and is filled only with resentment toward the cause of, and denial of, its own death. Since it loses its power when it leaves the place where it died, it does not travel but continues to spread its hatred and spill its \"truth\" on the spot, which is said to transform the mana around it and create a hatred-filled space.</p><p>As with the Ghost, the power of the Restirigist depends on the power of the person in the previous life (the values here are for regular Restirigist), but its intellect is reduced, so it cannot cast spells.</p><p>They might vanish if you make them aware of their death, but you can always just destroy them instead.</p>",
  "disposition": "Hostile",
  "habitat": "Various",
  "initiative": "12",
  "intellect": "Low",
  "language": "Trade Common",
  "lootsNum": 0,
  "monsterName": "Restirigeist",
  "mndResist": "5",
  "vitResist": "6",
  "lv": "3",
  "parts": "",
  "coreParts": "",
  "mobility": "-/10 (Floating)",
  "mode": "save",
  "paletteInsertType": "exchange",
  "paletteRemoveTags": "1",
  "paletteTool": "bcdice",
  "paletteUseBuff": "1",
  "paletteUseVar": "1",
  "partsNum": 1,
  "perception": "Magic",
  "reputation": "10",
  "reputation+": "13",
  "weakness": "Magic Damage +2",
  "result": "OK",
  "sheetDescriptionM": "分類:Undead　知能:Low　知覚:Magic　反応:Hostile\n言語:Trade Common　生息地:Various\n弱点:Magic Damage +2\n先制値:12　生命抵抗力:6（13）　精神抵抗力:5（12）",
  "sheetDescriptionS": "分類:Undead\n弱点:Magic Damage +2\n先制値:12　生命抵抗力:6（13）　精神抵抗力:5（12）",
  "sin": "0",
  "skills": "<p><strong>◯Normal Weapon Immunity</strong></p><p></p><p><strong>⏩Binding Chains of Hatred / 10 (17) / Willpower / Negates</strong></p><p>Within \"Range/Area: 2 (50m) / Target,\" curses \"Target: 1 Area (5m radius / All)\". The targets receive a -1 penalty to all Action Checks. The area (Simplified Combat) and center coordinate (Standard and Advanced Combat) of this effect can only be targeted from the exact location where the monster itself died.This ability has the Curse type and can only be used once per round.</p><p><strong>◯Binding Grudge</strong></p><p>If the monster moves more than one area (Simplified Combat) or 5m (Standard and Advanced Combat) from the point where this Undead previously died, it will receive a -2 penalty to all action checks</p>",
  "status1Accuracy": "4",
  "status1AccuracyFix": 11,
  "status1Damage": "22",
  "status1Defense": "0",
  "status1Evasion": "4",
  "status1EvasionFix": 11,
  "status1Hp": "25",
  "status1Mp": "0",
  "status1Style": "Smash",
  "statusNum": 1,
  "taxa": "Undead",
  "type": "m",
  "unitStatus": {
    "Smash:HP": "25/25",
    "Smash:MP": "0/0"
  },
  "unitExceptStatus": {
    "HP": 1,
    "MP": 1,
    "Defense": 1
  },
  "fortitude": "6",
  "willpower": "5"
}