{
  "description": "<p>A Revenant is an undead being created by the death of an impure soul. Constant resurrections scar one's soul and certain spirits can rise on their own with enough soulscars. Humanoids, Barbarous, animals, and mythical beasts can be Revenants.</p><p>A Revenant has an intense hatred of the living and will kill without discrimination. If a Revenant is reduced to 0 HP or lower, it is utterly destroyed and cannot be revived.</p>",
  "disposition": "Hostile",
  "habitat": "Various",
  "initiative": "※-2",
  "intellect": "Low",
  "language": "None",
  "lootsNum": 3,
  "monsterName": "Revenant",
  "mndResist": "※",
  "vitResist": "※",
  "lv": "1+",
  "parts": "",
  "coreParts": "",
  "mobility": "※",
  "mode": "save",
  "paletteInsertType": "exchange",
  "paletteRemoveTags": "1",
  "paletteTool": "bcdice",
  "paletteUseBuff": "1",
  "paletteUseVar": "1",
  "partsNum": 1,
  "perception": "Magic",
  "reputation": "8",
  "reputation+": "14",
  "weakness": "HP Recovery (deals damage instead) +3 points",
  "result": "OK",
  "sheetDescriptionM": "分類:Undead　知能:Low　知覚:Magic　反応:Hostile\n言語:None　生息地:Various\n弱点:HP Recovery (deals damage instead) +3 points\n先制値:※-2　生命抵抗力:※（NaN）　精神抵抗力:※（NaN）",
  "sheetDescriptionS": "分類:Undead\n弱点:HP Recovery (deals damage instead) +3 points\n先制値:※-2　生命抵抗力:※（NaN）　精神抵抗力:※（NaN）",
  "sin": "0",
  "skills": "<p><strong>◯Psychic Immunity</strong></p><p></p><p><strong>◯Past Life</strong></p><p>This monster's strength depends on its strength before it is reborn as a Revenant. In the various numerical fields, apply the numerical value of the monster before it was reborn to the places marked with \"※\".The level of this monster is equal to \"Previous Level + 1\". Revenant also inherits combat feats and unique skills. However, it cannot cast spells.</p><p><strong>◯Regeneration = 3 points</strong></p><p>At the end of each round, a Revenant recovers 3 HP. This has no effect if the Revenant is at 0 HP or lower.</p><p><strong>◯Poison Immunity, ◯Disease Immunity, ◯Psychic Type (Weak) Immunity</strong></p><p></p><p><strong>◯Unstable Healing</strong></p><p>Healing effects such as Divine Magic and items like Unicorn's Horn will damage Undead instead.Magitech, Fairy Magic, Nature Magic, etc. healing has no effect on the Undead.Spiritualism Magic and a few other healing effects can restore an Undead's HP.</p>",
  "status1Accuracy": "&#x203B;+2",
  "status1AccuracyFix": null,
  "status1Damage": "&#x203B;+2",
  "status1Defense": "&#x203B;",
  "status1Evasion": "&#x203B;-2",
  "status1EvasionFix": null,
  "status1Hp": "&#x203B;+10",
  "status1Mp": "-",
  "status1Style": "Weapon, etc.",
  "statusNum": 1,
  "taxa": "Undead",
  "type": "m",
  "unitStatus": {
    "Weapon, etc.:HP": "&#x203B;+10/&#x203B;+10",
    "Weapon, etc.:MP": "-"
  },
  "unitExceptStatus": {
    "HP": 1,
    "MP": 1,
    "Defense": 1
  },
  "loots1Num": "2～5",
  "loots1Item": "None",
  "loots2Num": "6～10",
  "loots2Item": "Tainted Bones (50G/Red B)",
  "loots3Num": "11+",
  "loots3Item": "Tainted Skull (300G/Red A)",
  "fortitude": "※",
  "willpower": "※"
}