{
  "description": "<p>It is a Daemon with a huge bow; its entire body is covered with numerous hard thorns. This Daemon pulls out these spines by itself and uses them as arrows.</p><p>Unusually for Daemons, it prefers a fair fight. It prefers to avoid making a surprise attack and always start a fight when they can see each other. However, they have no hesitation in opening battle with an opponent who has only melee weapons, calling out from a distance of 50 meters, saying, \"Come on, let's play it fair\" (the argument being that it is worse to have no means of a long-range attack and may wait for them searching a bow).</p>",
  "disposition": "Hostile",
  "habitat": "Labyrinths, Ruins",
  "initiative": "20",
  "intellect": "Average",
  "language": "Trade Common, Daemonic",
  "lootsNum": 3,
  "monsterName": "Rigogan",
  "mndResist": "16",
  "vitResist": "18",
  "lv": "13",
  "parts": "",
  "coreParts": "",
  "mobility": "15",
  "mode": "save",
  "paletteInsertType": "exchange",
  "paletteRemoveTags": "1",
  "paletteTool": "bcdice",
  "paletteUseBuff": "1",
  "paletteUseVar": "1",
  "partsNum": 1,
  "perception": "Five senses (Darkvision)",
  "reputation": "18",
  "reputation+": "21",
  "weakness": "Bludgeoning type damage +3",
  "result": "OK",
  "sheetDescriptionM": "分類:Daemon　知能:Average　知覚:Five senses (Darkvision)　反応:Hostile\n言語:Trade Common, Daemonic　生息地:Labyrinths, Ruins\n弱点:Bludgeoning type damage +3\n先制値:20　生命抵抗力:18（25）　精神抵抗力:16（23）",
  "sheetDescriptionS": "分類:Daemon\n弱点:Bludgeoning type damage +3\n先制値:20　生命抵抗力:18（25）　精神抵抗力:16（23）",
  "sin": "0",
  "skills": "<p><strong>◯Targeting & Hawk Eye</strong></p><p>It is possible to select a character in a melee area as a target for the \"Area: Line\" effect without causing misfiring.It also can aim through a skirmish to attack enemies beyond.</p><p><strong>►Bow</strong></p><p>Makes a Shooting Attack with a Bow at \"Range: 2 (50m)\". Accuracy check and damage are the same as in the normal attack.</p><p><strong>►Heavy Bow/17 (24)/Evasion/Negates</strong></p><p>Rigogan draws its bow and fires with terrible force. Shooting attack with \"Range/Area: 2 (50m) / Line\", those failing Evasion checks suffer 2d+20 physical damage.This ability cannot be used on consecutive turns.</p><p><strong>►Rapid Fire Bow/17 (24)/Evasion/Negates</strong></p><p>Makes Shooting Attack with \"Range: 2 (20m)\" on any 5 targets, dealing 2d+13 physical damage.</p><p><strong>◯Final Arrow/19 (26)/Evasion/Negates</strong></p><p>If this monster's HP is 0 or less, its body thorns will scatter in an explosion. Within \"Range: Caster\" and \"Target: All areas (30m radius) / All\" targets are hit by 2d+20 points of physical damage.This ability can be activated only once, after which the monster dies automatically.</p>",
  "status1Accuracy": "18",
  "status1AccuracyFix": 25,
  "status1Damage": "2d+16",
  "status1Defense": "15",
  "status1Evasion": "15",
  "status1EvasionFix": 22,
  "status1Hp": "129",
  "status1Mp": "33",
  "status1Style": "Bow",
  "statusNum": 1,
  "taxa": "Daemon",
  "type": "m",
  "unitStatus": {
    "Bow:HP": "129/129",
    "Bow:MP": "33"
  },
  "unitExceptStatus": {
    "HP": 1,
    "MP": 1,
    "Defense": 1
  },
  "loots1Num": "Always",
  "loots1Item": "Crystallized Daemon's Blood (800G/Red A)",
  "loots2Num": "Always",
  "loots2Item": "Well-Kept Weapon (1,000G/Black White S)",
  "loots3Num": "Always",
  "loots3Item": "Daemon's Arrowhead (100G/Black White A) x 2d",
  "fortitude": "18",
  "willpower": "16"
}