{
  "description": "<p>This is a mythical beast looking like a reindeer, with many nut-like bells with altered horns attached to various parts of the big horns. By shaking its head, the bells on the horns ring, creating spellsongs.</p><p>Cautious, they seldom appear in front of anyone except those they trust. When an intruder comes to their territory, they try to drive them away with spellsongs.</p><p>When acquired as loot, their bells may be used as materials for musical instruments, sacred treasures, ritual implements, etc.</p>",
  "disposition": "Neutral",
  "habitat": "Forest",
  "initiative": "16",
  "intellect": "Low",
  "language": "Sylvan",
  "lootsNum": 3,
  "monsterName": "Ringing Rain Deer",
  "mndResist": "11",
  "vitResist": "10",
  "lv": "8",
  "parts": "",
  "coreParts": "",
  "mobility": "20 (4 Legs)",
  "mode": "save",
  "paletteInsertType": "exchange",
  "paletteRemoveTags": "1",
  "paletteTool": "bcdice",
  "paletteUseBuff": "1",
  "paletteUseVar": "1",
  "partsNum": 1,
  "perception": "Five senses",
  "reputation": "15",
  "reputation+": "18",
  "weakness": "Physical damage +2 points",
  "result": "OK",
  "sheetDescriptionM": "分類:Mythical Beast　知能:Low　知覚:Five senses　反応:Neutral\n言語:Sylvan　生息地:Forest\n弱点:Physical damage +2 points\n先制値:16　生命抵抗力:10（17）　精神抵抗力:11（18）",
  "sheetDescriptionS": "分類:Mythical Beast\n弱点:Physical damage +2 points\n先制値:16　生命抵抗力:10（17）　精神抵抗力:11（18）",
  "sin": "0",
  "skills": "<p><strong>►Basic Spellsongs 5 Level/9 (16)/All areas (50m Radius)</strong></p><p></p><p><strong>►Special Spellsong /9 (16)/All areas (50m Radius)</strong></p><p>Uses the Spellsongs [Nostalgia] and [Lullaby]. Once this unique skill is used, it cannot be used for the next 30 seconds (3 rounds). After using either Spellsong, 30 seconds (3 rounds) must elapse before the subsequent use of either special Spellsong.</p><p><strong>►[Finale: Breath of the Meadows]/9 (16)</strong></p><p>Within \"Range: 2 (60m),\" up to 3 characters heal their HP by 2d+7 points. This effect does not work on Undead, Constructs, and Magitech characters.This unique skill cannot be used in consecutive turns. Also, once a character has been affected, it cannot be affected for the following hour.</p>",
  "status1Accuracy": "11",
  "status1AccuracyFix": 18,
  "status1Damage": "2d+11",
  "status1Defense": "7",
  "status1Evasion": "10",
  "status1EvasionFix": 17,
  "status1Hp": "68",
  "status1Mp": "27",
  "status1Style": "Hoof",
  "statusNum": 1,
  "taxa": "Mythical Beast",
  "type": "m",
  "unitStatus": {
    "Hoof:HP": "68/68",
    "Hoof:MP": "27"
  },
  "unitExceptStatus": {
    "HP": 1,
    "MP": 1,
    "Defense": 1
  },
  "loots1Num": "Always",
  "loots1Item": "Light Sounding Bell (200G/Gold Red Black A) x 1d",
  "loots2Num": "2～10",
  "loots2Item": "None",
  "loots3Num": "11+",
  "loots3Item": "Clear Sounding Bell (2,680G/Gold Red Black S)",
  "fortitude": "10",
  "willpower": "11"
}