{
  "description": "<p>A monstrous bird whose wingspan reaches 30m, the Roc is a wondrous sight to see. They live in the higher altitudes of most mountain ranges, though their massive form and vivid coloring can be seen from quite far away. With their massive talons, they can grab even mature cows and fly away with them, let alone a full-grown humanoid.</p>",
  "disposition": "Hostile",
  "habitat": "Mountains",
  "initiative": "25",
  "intellect": "Animal",
  "language": "None",
  "lootsNum": 4,
  "monsterName": "Roc",
  "mndResist": "17",
  "vitResist": "19",
  "lv": "14",
  "parts": "7 (Head / Body x 2 / Wing x 2 / Leg x 2)",
  "coreParts": "Head",
  "mobility": "15/60(Flying)",
  "mode": "save",
  "paletteInsertType": "exchange",
  "paletteRemoveTags": "1",
  "paletteTool": "bcdice",
  "paletteUseBuff": "1",
  "paletteUseVar": "1",
  "partsNum": 7,
  "perception": "Five senses",
  "reputation": "15",
  "reputation+": "21",
  "weakness": "Accuracy +1",
  "result": "OK",
  "sheetDescriptionM": "分類:Animal　知能:Animal　知覚:Five senses　反応:Hostile\n言語:None　生息地:Mountains\n弱点:Accuracy +1\n先制値:25　生命抵抗力:19（26）　精神抵抗力:17（24）",
  "sheetDescriptionS": "分類:Animal\n弱点:Accuracy +1\n先制値:25　生命抵抗力:19（26）　精神抵抗力:17（24）",
  "sin": "0",
  "skills": "<p><strong>◯Continuous Attack</strong></p><p>If a Roc successfully hits a target in melee, it may make a second attack against the same target.</p><br><br><p><strong>◯Attack Obstacle = Impossible • Impossible</strong></p><p>The huge Roc's Body hinders attacks.The Head of the Roc cannot be attacked with melee and ranged attacks. This unique skill is lost when the Body section has 0 or less HP.</p><br><br><p><strong>►Windstorm/18 (25)/Fortitude/Negates</strong></p><p>The Roc flaps its wings, creating high winds dealing 2d+12 physical damage within \"Range: Caster\" to \"Target: All Areas (30m Radius) / All\".To use this ability, both Wing sections must be ready for Major Action. Also, when this ability is used, the Major Action of both Wing sections is completed.This unique skill cannot be used in consecutive turns.</p><p><strong>◯Flight II</strong></p><p>All sections receive a +2 bonus to Accuracy and Evasion only for melee attacks.This unique skill is lost if the Wing sections are reduced to 0 or less HP.</p><br><br><p><strong>◯Clutch</strong></p><p>If the Talon attack hits, the target is grabbed; the target can no longer move and can only perform melee attacks against the Leg that is grabbing it.Roc cannot attack the target Leg has grabbed except with the section it has grabbed ([►Windstorm] also cannot hit the target). However, the Talons of Leg section will automatically hit.When the target tries to escape, use the de-bonding rules. If the monster itself wants to release the target, it can do so with a Minor Action.</p>",
  "status1Accuracy": "17",
  "status1AccuracyFix": 24,
  "status1Damage": "2d+17",
  "status1Defense": "12",
  "status1Evasion": "17",
  "status1EvasionFix": 24,
  "status1Hp": "122",
  "status1Mp": "22",
  "status1Style": "Beak (Head)",
  "status2Accuracy": "-",
  "status2AccuracyFix": null,
  "status2Damage": "-",
  "status2Defense": "10",
  "status2Evasion": "15",
  "status2EvasionFix": 22,
  "status2Hp": "130",
  "status2Mp": "26",
  "status2Style": "None (Body)",
  "status3Accuracy": "-",
  "status3AccuracyFix": null,
  "status3Damage": "-",
  "status3Defense": "10",
  "status3Evasion": "15",
  "status3EvasionFix": 22,
  "status3Hp": "130",
  "status3Mp": "26",
  "status3Style": "None (Body)",
  "status4Accuracy": "18",
  "status4AccuracyFix": 25,
  "status4Damage": "2d+13",
  "status4Defense": "10",
  "status4Evasion": "17",
  "status4EvasionFix": 24,
  "status4Hp": "79",
  "status4Mp": "19",
  "status4Style": "Claw (Wing)",
  "status5Accuracy": "18",
  "status5AccuracyFix": 25,
  "status5Damage": "2d+13",
  "status5Defense": "10",
  "status5Evasion": "17",
  "status5EvasionFix": 24,
  "status5Hp": "79",
  "status5Mp": "19",
  "status5Style": "Claw (Wing)",
  "status6Accuracy": "19",
  "status6AccuracyFix": 26,
  "status6Damage": "2d+14",
  "status6Defense": "12",
  "status6Evasion": "17",
  "status6EvasionFix": 24,
  "status6Hp": "82",
  "status6Mp": "17",
  "status6Style": "Talon (Leg)",
  "status7Accuracy": "19",
  "status7AccuracyFix": 26,
  "status7Damage": "2d+14",
  "status7Defense": "12",
  "status7Evasion": "17",
  "status7EvasionFix": 24,
  "status7Hp": "82",
  "status7Mp": "17",
  "status7Style": "Talon (Leg)",
  "statusNum": 7,
  "taxa": "Animal",
  "type": "m",
  "unitStatus": {
    "Beak (Head):HP": "122/122",
    "Beak (Head):MP": "22",
    "None (Body):HP": "130/130",
    "None (Body):MP": "26",
    "Claw (Wing):HP": "79/79",
    "Claw (Wing):MP": "19",
    "Talon (Leg):HP": "82/82",
    "Talon (Leg):MP": "17"
  },
  "unitExceptStatus": {
    "HP": 7,
    "MP": 7,
    "Defense": 7
  },
  "loots1Num": "Always",
  "loots1Item": "Strange Flight Feathers (500G/Red A)",
  "loots2Num": "2～6",
  "loots2Item": "None",
  "loots3Num": "7～12",
  "loots3Item": "Beautiful Feathers (1,200G/Gold Red S)",
  "loots4Num": "13+",
  "loots4Item": "Vivid Feathers (3,000G/Gold Red S)",
  "fortitude": "19",
  "willpower": "17"
}