{
  "description": "<p>Rock Golems are humanoid constructs built entirely out of rocks of various sizes which stand menacingly at around 3m tall.</p>",
  "disposition": "Instructed",
  "habitat": "Various",
  "initiative": "8",
  "intellect": "Servant",
  "language": "None",
  "lootsNum": 2,
  "monsterName": "Rock Golem",
  "mndResist": "11",
  "vitResist": "11",
  "lv": "8",
  "parts": "2 (Right Side / Left Side)",
  "coreParts": "None",
  "mobility": "10",
  "mode": "save",
  "paletteInsertType": "exchange",
  "paletteRemoveTags": "1",
  "paletteTool": "bcdice",
  "paletteUseBuff": "1",
  "paletteUseVar": "1",
  "partsNum": 2,
  "perception": "Magic",
  "reputation": "13",
  "reputation+": "18",
  "weakness": "Energy damage +3 points",
  "result": "OK",
  "sheetDescriptionM": "分類:Golem　知能:Servant　知覚:Magic　反応:Instructed\n言語:None　生息地:Various\n弱点:Energy damage +3 points\n先制値:8　生命抵抗力:11（18）　精神抵抗力:11（18）",
  "sheetDescriptionS": "分類:Golem\n弱点:Energy damage +3 points\n先制値:8　生命抵抗力:11（18）　精神抵抗力:11（18）",
  "sin": "0",
  "skills": "<p><strong>◯Rock Body</strong></p><p>The Rock Golem is immune to criticals from edged weapons and all non-Energy-type Magic damage.<div class=\"golemitems\"></p><p><strong>Maximum of Enhancing Items = 5</strong></p><p></p><p><strong>※Any Section</strong></p><p>Obsidian Shield (Medium) (600) (🗨△Cover II)Corundum Protection (Medium) (400) (◯Guardian I)Jet Sign (Medium) (400) (🗨Aimed Attack = +2 Accuracy and -4 damage)Sunstone Brilliance (Medium) (1,200) (►Brand=Next attack cannot be evaded, damage +5)Amber Eye (Medium) (2,000) (◯Ultimate Aim = +4 Accuracy)Garnet of Vitality (Medium) (800) (◯HP Enhancement = Max HP +10)└Focused Garnet of Vitality (Medium) (1,200) (◯Improved HP Enhancement = Max HP +10)Shimmering Onyx (Medium) (600) (◯Mana Coating = Magic damage -3)</p><p><strong>※All Section Must be Equipped</strong></p><p>Coral Branch (Medium) (400) (◯Block)Red Iron Blood (Medium) (400) (◯Mobility Enhancement = Movement +5)Moonstone of Serenity (Medium) (1,000) (Golem loses its Weak Point (it becomes \"None\"))Quartz Disruptor (Medium) (1,000) (◯Type Resistance) </div></p>",
  "status1Accuracy": "10",
  "status1AccuracyFix": 17,
  "status1Damage": "2d+14",
  "status1Defense": "12",
  "status1Evasion": "7",
  "status1EvasionFix": 14,
  "status1Hp": "60",
  "status1Mp": "0",
  "status1Style": "Fist (Right Side)",
  "status2Accuracy": "10",
  "status2AccuracyFix": 17,
  "status2Damage": "2d+14",
  "status2Defense": "12",
  "status2Evasion": "7",
  "status2EvasionFix": 14,
  "status2Hp": "60",
  "status2Mp": "0",
  "status2Style": "Fist (Left Side)",
  "statusNum": 2,
  "taxa": "Golem",
  "type": "m",
  "unitStatus": {
    "Fist (Right Side):HP": "60/60",
    "Fist (Right Side):MP": "0/0",
    "Fist (Left Side):HP": "60/60",
    "Fist (Left Side):MP": "0/0"
  },
  "unitExceptStatus": {
    "HP": 2,
    "MP": 2,
    "Defense": 2
  },
  "loots1Num": "2～8",
  "loots1Item": "Magical Stone (250G/Gold A)",
  "loots2Num": "9+",
  "loots2Item": "Mithril (2,600G/Gold S)",
  "fortitude": "11",
  "willpower": "11"
}