{
  "description": "<p>These are mythical beasts whose entire bodies have decayed and become undead. The majority are quadrupeds, but some of them fly in the sky or move underwater.</p>",
  "disposition": "Hostile",
  "habitat": "Ruins, Tombs",
  "initiative": "19",
  "intellect": "Animal",
  "language": "None",
  "lootsNum": 1,
  "monsterName": "Rotten Beast",
  "mndResist": "13",
  "vitResist": "14",
  "lv": "11",
  "parts": "",
  "coreParts": "",
  "mobility": "25 (4 Legs)",
  "mode": "save",
  "paletteInsertType": "exchange",
  "paletteRemoveTags": "1",
  "paletteTool": "bcdice",
  "paletteUseBuff": "1",
  "paletteUseVar": "1",
  "partsNum": 1,
  "perception": "Magic",
  "reputation": "18",
  "reputation+": "21",
  "weakness": "Slashing type damage +3",
  "result": "OK",
  "sheetDescriptionM": "分類:Undead　知能:Animal　知覚:Magic　反応:Hostile\n言語:None　生息地:Ruins, Tombs\n弱点:Slashing type damage +3\n先制値:19　生命抵抗力:14（21）　精神抵抗力:13（20）",
  "sheetDescriptionS": "分類:Undead\n弱点:Slashing type damage +3\n先制値:19　生命抵抗力:14（21）　精神抵抗力:13（20）",
  "sin": "0",
  "skills": "<p><strong>◯Double Bite</strong></p><p>When dealing damage with a Bite attack, the damage is rolled twice and added during damage calculation.</p><p><strong>►Miasma Breath/13 (20)/Fortitude/Half</strong></p><p>Rotten Beast spits miasma with \"Range/Area: 2 (20m)/ Shot\" to \"Target: 1 area (4m Radius) / 10\", dealing 2d+14 Disease magic damage.This ability cannot be used on consecutive turns.</p><p><strong>◯Poison Immunity, ◯Disease Immunity, ◯Psychic Type (Weak) Immunity</strong></p><p></p><p><strong>◯Unstable Healing</strong></p><p>Healing effects such as Divine Magic and items like Unicorn's Horn will damage Undead instead.Magitech, Fairy Magic, Nature Magic, etc. healing has no effect on the Undead.Spiritualism Magic and a few other healing effects can restore an Undead's HP.</p>",
  "status1Accuracy": "15",
  "status1AccuracyFix": 22,
  "status1Damage": "2d+16",
  "status1Defense": "6",
  "status1Evasion": "14",
  "status1EvasionFix": 21,
  "status1Hp": "133",
  "status1Mp": "20",
  "status1Style": "Bite",
  "statusNum": 1,
  "taxa": "Undead",
  "type": "m",
  "unitStatus": {
    "Bite:HP": "133/133",
    "Bite:MP": "20"
  },
  "unitExceptStatus": {
    "HP": 1,
    "MP": 1,
    "Defense": 1
  },
  "loots1Num": "Always",
  "loots1Item": "Skull of a Defiled Mythical Beast (1,500G/Red S)",
  "fortitude": "14",
  "willpower": "13"
}