{
  "description": "<p>This is a Humanoid Undead whose whole body is rotting. It has large bumps at the joints of their bodies, and their entire bodies are bloated with them.</p><p>They appear mainly in ruins and caves. It is not difficult to locate its territory because it rots surrounding plants just by passing through them, and its remains are covered with decaying flesh spilled from its body.</p>",
  "disposition": "Hostile",
  "habitat": "Ruins, Caves",
  "initiative": "16",
  "intellect": "Low",
  "language": "Regional Dialect",
  "lootsNum": 3,
  "monsterName": "Rotten Wanderer",
  "mndResist": "13",
  "vitResist": "15",
  "lv": "10",
  "parts": "4 (Head / Right Arm / Left Arm / Legs) Main",
  "coreParts": "",
  "mobility": "16",
  "mode": "save",
  "paletteInsertType": "exchange",
  "paletteRemoveTags": "1",
  "paletteTool": "bcdice",
  "paletteUseBuff": "1",
  "paletteUseVar": "1",
  "partsNum": 4,
  "perception": "Magic",
  "reputation": "18",
  "reputation+": "21",
  "weakness": "HP Recovery (deals damage instead), +3 points",
  "result": "OK",
  "sheetDescriptionM": "分類:Undead　知能:Low　知覚:Magic　反応:Hostile\n言語:Regional Dialect　生息地:Ruins, Caves\n弱点:HP Recovery (deals damage instead), +3 points\n先制値:16　生命抵抗力:15（22）　精神抵抗力:13（20）",
  "sheetDescriptionS": "分類:Undead\n弱点:HP Recovery (deals damage instead), +3 points\n先制値:16　生命抵抗力:15（22）　精神抵抗力:13（20）",
  "sin": "0",
  "skills": "<p><strong>◯Normal Weapon Immunity, ◯Poison Immunity, ◯Disease Immunity, ◯Psychic Type (Weak) Immunity</strong></p><p></p><p><strong>◯Unstable Healing</strong></p><p>Healing effects such as Divine Magic and items like Unicorn's Horn will damage Undead instead.Magitech, Fairy Magic, Nature Magic, etc. healing has no effect on the Undead.Spiritualism Magic and a few other healing effects can restore an Undead's HP.</p><br><br><p><strong>►Spitting Rot/12 (19)/Fortitude/Half</strong></p><p>Spits out a large amount of rotten fluid from its mouth at \"Target: 1 area (3m Radius) / 5\" with \"Range/Area: 1 (10m) / Shot\", dealing 2d+10 Disease magic damage.</p><br><br><p><strong>🗨Cleave II</strong></p><p>It attacks with a weapon up to 5 characters within the skirmish in which it resides.</p><br><br><p><strong></strong></p><p>Attack Obstacle = Impossible • +4This monster's sheer size hinders attack.The Head cannot be attacked in melee. Against any ranged attacks, Head receives a +4 bonus to Evasion checks.When the Legs fall to 0 HP or lower, this effect disappears.</p>",
  "status1Accuracy": "13",
  "status1AccuracyFix": 20,
  "status1Damage": "2d+12",
  "status1Defense": "8",
  "status1Evasion": "12",
  "status1EvasionFix": 19,
  "status1Hp": "99",
  "status1Mp": "15",
  "status1Style": "Head Butt (Head)",
  "status2Accuracy": "14",
  "status2AccuracyFix": 21,
  "status2Damage": "2d+15",
  "status2Defense": "7",
  "status2Evasion": "13",
  "status2EvasionFix": 20,
  "status2Hp": "74",
  "status2Mp": "11",
  "status2Style": "Arm (Right Arm)",
  "status3Accuracy": "14",
  "status3AccuracyFix": 21,
  "status3Damage": "2d+15",
  "status3Defense": "7",
  "status3Evasion": "13",
  "status3EvasionFix": 20,
  "status3Hp": "74",
  "status3Mp": "11",
  "status3Style": "Arm (Left Arm)",
  "status4Accuracy": "13",
  "status4AccuracyFix": 20,
  "status4Damage": "2d+13",
  "status4Defense": "10",
  "status4Evasion": "12",
  "status4EvasionFix": 19,
  "status4Hp": "91",
  "status4Mp": "14",
  "status4Style": "Kick (Legs)",
  "statusNum": 4,
  "taxa": "Undead",
  "type": "m",
  "unitStatus": {
    "Head Butt (Head):HP": "99/99",
    "Head Butt (Head):MP": "15",
    "Arm (Right Arm):HP": "74/74",
    "Arm (Right Arm):MP": "11",
    "Arm (Left Arm):HP": "74/74",
    "Arm (Left Arm):MP": "11",
    "Kick (Legs):HP": "91/91",
    "Kick (Legs):MP": "14"
  },
  "unitExceptStatus": {
    "HP": 4,
    "MP": 4,
    "Defense": 4
  },
  "loots1Num": "Always",
  "loots1Item": "Decaying Flesh (20G/Red B) x 2d",
  "loots2Num": "2～10",
  "loots2Item": "Rotten Fluid (100G/Red A)",
  "loots3Num": "11+",
  "loots3Item": "Fizzing Rotten Fluid (1,200G/Red S)",
  "fortitude": "15",
  "willpower": "13"
}