{
  "description": "<p>These Barbarous are towering beasts cloaked in black hide, standing at an imposing 2.5 meters tall. Their fists are rock-hard, mutated into weapons of deadly force. Every inch of their bodies is encased in black, resilient skin, impervious to most impacts.</p><p>These creatures are uncivilized and meritocratic, preferring to settle disputes through duels.</p>",
  "disposition": "Hostile",
  "habitat": "Wastelands, Mountains",
  "initiative": "13",
  "intellect": "Low",
  "language": "Barbaric, Youma",
  "lootsNum": 2,
  "monsterName": "Rumblefist",
  "mndResist": "7",
  "vitResist": "9",
  "lv": "6",
  "parts": "",
  "coreParts": "",
  "mobility": "14",
  "mode": "save",
  "paletteInsertType": "exchange",
  "paletteRemoveTags": "1",
  "paletteTool": "bcdice",
  "paletteUseBuff": "1",
  "paletteUseVar": "1",
  "partsNum": 1,
  "perception": "Five senses (Darkvision)",
  "reputation": "13",
  "reputation+": "16",
  "weakness": "Slashing type damage +3",
  "result": "OK",
  "sheetDescriptionM": "分類:Barbarous　知能:Low　知覚:Five senses (Darkvision)　反応:Hostile\n言語:Barbaric, Youma　生息地:Wastelands, Mountains\n弱点:Slashing type damage +3\n先制値:13　生命抵抗力:9（16）　精神抵抗力:7（14）",
  "sheetDescriptionS": "分類:Barbarous\n弱点:Slashing type damage +3\n先制値:13　生命抵抗力:9（16）　精神抵抗力:7（14）",
  "sin": "4",
  "skills": "<p><strong>◯Lightning Immunity, Bludgeoning Immunity</strong></p><p></p><p><strong>◯Elastic Skin</strong></p><p>Against blunt weapons, its Defense is treated as 3 points higher.</p><p><strong>►Quick Spinning Fist/9 (16)/Evasion/Neg</strong></p><p>It attacks by spinning both arms and swinging them widely. Up to 5 targets of Rumblefist choice will be hit with a melee attack that deals 2d+8 points of physical damage and causes them to fall prone.A character whose Evasion check for this ability is only 1 or 2 short of this ability's Success Value does not take any damage but only falls prone.This ability cannot be used in consecutive turns.</p>",
  "status1Accuracy": "8",
  "status1AccuracyFix": 15,
  "status1Damage": "2d+10",
  "status1Defense": "5",
  "status1Evasion": "7",
  "status1EvasionFix": 14,
  "status1Hp": "56",
  "status1Mp": "12",
  "status1Style": "Clenched Fist",
  "statusNum": 1,
  "taxa": "Barbarous",
  "type": "m",
  "unitStatus": {
    "Clenched Fist:HP": "56/56",
    "Clenched Fist:MP": "12"
  },
  "unitExceptStatus": {
    "HP": 1,
    "MP": 1,
    "Defense": 1
  },
  "loots1Num": "2～8",
  "loots1Item": "None",
  "loots2Num": "9+",
  "loots2Item": "Water-repellent Skin (330G/Red A)",
  "fortitude": "9",
  "willpower": "7"
}