{
  "description": "<p>These are Humanoid robbers who drive a horse-drawn cart. They often attack peddlers and other travelers along the roads.</p>",
  "disposition": "Hostile",
  "habitat": "Various",
  "initiative": "13",
  "intellect": "Average",
  "language": "Trade Common, Regional Dialect",
  "lootsNum": 3,
  "monsterName": "Runaway Carriage Robbers",
  "mndResist": "6",
  "vitResist": "7",
  "lv": "5",
  "parts": "3 (Driver / Horse / Cart)",
  "coreParts": "Driver",
  "mobility": "18 (4 Legs and Wheeled)/-",
  "mode": "save",
  "paletteInsertType": "exchange",
  "paletteRemoveTags": "1",
  "paletteTool": "bcdice",
  "paletteUseBuff": "1",
  "paletteUseVar": "1",
  "partsNum": 3,
  "perception": "Five Senses (Darkvision)",
  "reputation": "11",
  "reputation+": "-",
  "weakness": "None",
  "result": "OK",
  "sheetDescriptionM": "分類:Humanoid　知能:Average　知覚:Five Senses (Darkvision)　反応:Hostile\n言語:Trade Common, Regional Dialect　生息地:Various\n弱点:None\n先制値:13　生命抵抗力:7（14）　精神抵抗力:6（13）",
  "sheetDescriptionS": "分類:Humanoid\n弱点:None\n先制値:13　生命抵抗力:7（14）　精神抵抗力:6（13）",
  "sin": "0",
  "skills": "<p><strong>◯Sword's Grace/Change Fate</strong></p><p>Once per day, they may choose to change the result of a Skill Check or Damage roll, by switching the faces of the rolled 2d to the opposite sides.</p><br><br><p><strong>◯Downswing</strong></p><p>The Rider section deals an extra +2 Damage.When the Horse section falls to 0 HP or lower, this unique skill is lost.</p><br><br><p><strong>◯Poison Immunity, Disease Immunity, Psychic Immunity, Curse Immunity</strong></p><p></p><p><strong>◯Mounted = 4 Characters</strong></p><p>The cart can carry up to four characters. (See CR III, p. 91).</p>",
  "status1Accuracy": "7",
  "status1AccuracyFix": 14,
  "status1Damage": "2d+5",
  "status1Defense": "4",
  "status1Evasion": "6",
  "status1EvasionFix": 13,
  "status1Hp": "36",
  "status1Mp": "11",
  "status1Style": "Weapon (Driver)",
  "status2Accuracy": "6",
  "status2AccuracyFix": 13,
  "status2Damage": "2d+3",
  "status2Defense": "4",
  "status2Evasion": "5",
  "status2EvasionFix": 12,
  "status2Hp": "34",
  "status2Mp": "11",
  "status2Style": "Hooves (Horse)",
  "status3Accuracy": "-",
  "status3AccuracyFix": null,
  "status3Damage": "-",
  "status3Defense": "5",
  "status3Evasion": "4",
  "status3EvasionFix": 11,
  "status3Hp": "40",
  "status3Mp": "-",
  "status3Style": "None (Cart)",
  "statusNum": 3,
  "taxa": "Humanoid",
  "type": "m",
  "unitStatus": {
    "Weapon (Driver):HP": "36/36",
    "Weapon (Driver):MP": "11",
    "Hooves (Horse):HP": "34/34",
    "Hooves (Horse):MP": "11",
    "None (Cart):HP": "40/40",
    "None (Cart):MP": "-"
  },
  "unitExceptStatus": {
    "HP": 3,
    "MP": 3,
    "Defense": 3
  },
  "loots1Num": "Always",
  "loots1Item": "Empty Wooden Chest (30G/Green White B)",
  "loots2Num": "2～10",
  "loots2Item": "None",
  "loots3Num": "11+",
  "loots3Item": "Gems (150G/Gold A) x 1d",
  "fortitude": "7",
  "willpower": "6"
}