{
  "description": "<p>With a wingspan of about 50cm, this bird resembles a woodpecker. It is known for its carnivorous nature, pecking at anything and everything it sees as food.</p>",
  "disposition": "Neutral",
  "habitat": "Forests",
  "initiative": "12",
  "intellect": "Animal",
  "language": "None",
  "lootsNum": 3,
  "monsterName": "Rushpecker",
  "mndResist": "3",
  "vitResist": "4",
  "lv": "3",
  "parts": "",
  "coreParts": "",
  "mobility": "3/19 (Flying)",
  "mode": "save",
  "paletteInsertType": "exchange",
  "paletteRemoveTags": "1",
  "paletteTool": "bcdice",
  "paletteUseBuff": "1",
  "paletteUseVar": "1",
  "partsNum": 1,
  "perception": "Five Senses",
  "reputation": "9",
  "reputation+": "12",
  "weakness": "Magic Damage +2",
  "result": "OK",
  "sheetDescriptionM": "分類:Animal　知能:Animal　知覚:Five Senses　反応:Neutral\n言語:None　生息地:Forests\n弱点:Magic Damage +2\n先制値:12　生命抵抗力:4（11）　精神抵抗力:3（10）",
  "sheetDescriptionS": "分類:Animal\n弱点:Magic Damage +2\n先制値:12　生命抵抗力:4（11）　精神抵抗力:3（10）",
  "sin": "0",
  "skills": "<p><strong>◯Flight</strong></p><p>A Rushpecker receives a +1 bonus to Accuracy and Evasion only for melee attacks.</p><p><strong>►Triple Attack</strong></p><p>Thrusts its beak forward at high speed, attacking one character three times.</p>",
  "status1Accuracy": "4",
  "status1AccuracyFix": 11,
  "status1Damage": "2d+1",
  "status1Defense": "3",
  "status1Evasion": "4",
  "status1EvasionFix": 11,
  "status1Hp": "20",
  "status1Mp": "6",
  "status1Style": "Beak",
  "statusNum": 1,
  "taxa": "Animal",
  "type": "m",
  "unitStatus": {
    "Beak:HP": "20/20",
    "Beak:MP": "6"
  },
  "unitExceptStatus": {
    "HP": 1,
    "MP": 1,
    "Defense": 1
  },
  "loots1Num": "Always",
  "loots1Item": "Hard Beak (60G / Red Black B)",
  "loots2Num": "2～8",
  "loots2Item": "None",
  "loots3Num": "9",
  "loots3Item": "Flight Feathers (100G / Red A)",
  "fortitude": "4",
  "willpower": "3"
}