{
  "description": "<p>This is a variant of the Sandworm which appears in the Ward of Magic Giant in the Burlight Region. Its entire body is covered with red mucus, which is an aggregation of microorganisms that corrode iron, stone, and wood. The Rust Worm sustains itself by ingesting the metabolites of these microorganisms. As a result, its own digestive organs deteriorate, and its mouth remains closed and unable to open.</p><p>The unique \"Red Sandworm Gem\" which can be obtained as loot can be traded as a raw material for Honey Red Jam.</p>",
  "disposition": "Hostile",
  "habitat": "Ruins",
  "initiative": "13",
  "intellect": "Animal",
  "language": "None",
  "lootsNum": 2,
  "monsterName": "Rust Worm",
  "mndResist": "8",
  "vitResist": "11",
  "lv": "7",
  "parts": "",
  "coreParts": "",
  "mobility": "20 (Crawling)",
  "mode": "save",
  "paletteInsertType": "exchange",
  "paletteRemoveTags": "1",
  "paletteTool": "bcdice",
  "paletteUseBuff": "1",
  "paletteUseVar": "1",
  "partsNum": 1,
  "perception": "Five senses (Darkvision)",
  "reputation": "14",
  "reputation+": "19",
  "weakness": "Water/Ice damage +3 points",
  "result": "OK",
  "sheetDescriptionM": "分類:Animal　知能:Animal　知覚:Five senses (Darkvision)　反応:Hostile\n言語:None　生息地:Ruins\n弱点:Water/Ice damage +3 points\n先制値:13　生命抵抗力:11（18）　精神抵抗力:8（15）",
  "sheetDescriptionS": "分類:Animal\n弱点:Water/Ice damage +3 points\n先制値:13　生命抵抗力:11（18）　精神抵抗力:8（15）",
  "sin": "0",
  "skills": "<p><strong>◯Corrosive Mucus</strong></p><p>Weapons that attacked this monster and armor attacked by this monster will be corroded and lost after 24 hours; cleaning them with wine or other alcohol within 24 hours will prevent this effect.</p><p><strong>◯Heat Madness</strong></p><p>When the monster receives a Fire- or Energy-type effect or damage (even if the applied damage is 0), it becomes ferocious. The monster's damage is increased by +4 for 1 minute (6 rounds). This effect is not cumulative.</p><p><strong>◯Delicate Loot</strong></p><p>When [◯Heat Madness] occurs, the loot determination roll for this monster is modified by +1. This effect is not cumulative, even if it occurs more than once.</p>",
  "status1Accuracy": "10",
  "status1AccuracyFix": 17,
  "status1Damage": "2d+11",
  "status1Defense": "6",
  "status1Evasion": "8",
  "status1EvasionFix": 15,
  "status1Hp": "70",
  "status1Mp": "15",
  "status1Style": "Slam",
  "statusNum": 1,
  "taxa": "Animal",
  "type": "m",
  "unitStatus": {
    "Slam:HP": "70/70",
    "Slam:MP": "15"
  },
  "unitExceptStatus": {
    "HP": 1,
    "MP": 1,
    "Defense": 1
  },
  "loots1Num": "2～7",
  "loots1Item": "Sandworm Gem (150G/Gold Red A)",
  "loots2Num": "8+",
  "loots2Item": "Red Sandworm Gem (900G/Gold Red A)",
  "fortitude": "11",
  "willpower": "8"
}