{
  "description": "<p>This is a bird-shaped golem with a golden-red stone body.</p>",
  "disposition": "Instructed",
  "habitat": "Various",
  "initiative": "16",
  "intellect": "Servant",
  "language": "None",
  "lootsNum": 3,
  "monsterName": "Rutile Raptor",
  "mndResist": "13",
  "vitResist": "12",
  "lv": "10",
  "parts": "2 (Head / Body)",
  "coreParts": "None",
  "mobility": "-/30(Flying)",
  "mode": "save",
  "paletteInsertType": "exchange",
  "paletteRemoveTags": "1",
  "paletteTool": "bcdice",
  "paletteUseBuff": "1",
  "paletteUseVar": "1",
  "partsNum": 2,
  "perception": "Magic",
  "reputation": "16",
  "reputation+": "21",
  "weakness": "Accuracy +1",
  "result": "OK",
  "sheetDescriptionM": "分類:Golem　知能:Servant　知覚:Magic　反応:Instructed\n言語:None　生息地:Various\n弱点:Accuracy +1\n先制値:16　生命抵抗力:12（19）　精神抵抗力:13（20）",
  "sheetDescriptionS": "分類:Golem\n弱点:Accuracy +1\n先制値:16　生命抵抗力:12（19）　精神抵抗力:13（20）",
  "sin": "0",
  "skills": "<p><strong>◯Golden Red Stone Body</strong></p><p>The Rutile Raptor is immune to criticals from edged weapons and all non-Energy-type Magic damage.</p><br><br><p><strong>◯Flight II</strong></p><p>All sections receive a +2 bonus to Accuracy and Evasion only for melee attacks.This ability is lost if the HP of Body section falls to 0 or below.<div class=\"golemitems\"></p><p><strong>Maximum of Enhancing Items = 3</strong></p><p></p><p><strong>※Head Only</strong></p><p>Bright Red Ruby (Large) (8,000)►Flame Breath/12 (19)/Fortitude/HalfGolem spits out the fire with \"Range/Area: 2 (20m)/ Shot\" and \"Target: 1 area (5m Radius)/10,\" dealing 2d+10 fire magic damage. This ability cannot be used on consecutive turns. It also cannot be used on the turn immediately after using [►Lightning].Amethyst of Purple Lightning (Large) (8,000)►Lightning/12 (19)/Fortitude/HalfGolem unleashes an electrical bolt with \"Range/Area: 50m/Line\", dealing 2d+10 lightning magic damage to the target. This ability cannot be used on consecutive turns. It also cannot be used on the turn immediately after using [►Flame Breath].Calcite Compound Eyes (Large) (4,000) (◯Breath Control)</p><p><strong>※Body Only</strong></p><p>Obsidian Shield (Large) (3,000) (🗨△Cover II)Malachite Feather (Large) (3,000) (🗨All-Out Attack=Damage +8, Evasion -3)</p><p><strong>※Any Section</strong></p><p>Amber Eye (Large) (10,000) (◯Ultimate Aim = +4 Accuracy)Garnet of Vitality (Large) (4,000) (◯HP Enhancement = Max HP +15)Shimmering Onyx (Large) (3,000) (◯Mana Coating = Magic damage -3)</p><p><strong>※All Section Must be Equipped</strong></p><p>Red Iron Blood (Large) (2,000) (◯Mobility Enhancement = Movement +5)Yellow Flint (Large) (4,000) (◯Fast Reaction = [Footwork]) </div></p>",
  "status1Accuracy": "12",
  "status1AccuracyFix": 19,
  "status1Damage": "2d+16",
  "status1Defense": "16",
  "status1Evasion": "11",
  "status1EvasionFix": 18,
  "status1Hp": "65",
  "status1Mp": "0",
  "status1Style": "Beak (Head)",
  "status2Accuracy": "12",
  "status2AccuracyFix": 19,
  "status2Damage": "2d+16",
  "status2Defense": "16",
  "status2Evasion": "11",
  "status2EvasionFix": 18,
  "status2Hp": "75",
  "status2Mp": "0",
  "status2Style": "Claws (Body)",
  "statusNum": 2,
  "taxa": "Golem",
  "type": "m",
  "unitStatus": {
    "Beak (Head):HP": "65/65",
    "Beak (Head):MP": "0/0",
    "Claws (Body):HP": "75/75",
    "Claws (Body):MP": "0/0"
  },
  "unitExceptStatus": {
    "HP": 2,
    "MP": 2,
    "Defense": 2
  },
  "loots1Num": "2～7",
  "loots1Item": "Enchanted Gemstones (250G/Gold A)",
  "loots2Num": "8～12",
  "loots2Item": "Mithril (2,600G/Gold S)",
  "loots3Num": "13+",
  "loots3Item": "Pure Mithril (8,800G/Gold S)",
  "fortitude": "12",
  "willpower": "13"
}