{
  "description": "<p>Similar in appearance to a regular tiger, the Sabertooth Tiger has two enormous, very sharp canine teeth that give it its name. These fangs are strong enough to easily penetrate metal armor.</p>",
  "disposition": "Hostile",
  "habitat": "Plains, Forests, Mountains",
  "initiative": "17",
  "intellect": "Animal",
  "language": "None",
  "lootsNum": 3,
  "monsterName": "Sabertooth Tiger",
  "mndResist": "9",
  "vitResist": "11",
  "lv": "7",
  "parts": "",
  "coreParts": "",
  "mobility": "20 (4 Legs)",
  "mode": "save",
  "paletteInsertType": "exchange",
  "paletteRemoveTags": "1",
  "paletteTool": "bcdice",
  "paletteUseBuff": "1",
  "paletteUseVar": "1",
  "partsNum": 1,
  "perception": "Five senses",
  "reputation": "14",
  "reputation+": "18",
  "weakness": "Accuracy +1",
  "result": "OK",
  "sheetDescriptionM": "分類:Animal　知能:Animal　知覚:Five senses　反応:Hostile\n言語:None　生息地:Plains, Forests, Mountains\n弱点:Accuracy +1\n先制値:17　生命抵抗力:11（18）　精神抵抗力:9（16）",
  "sheetDescriptionS": "分類:Animal\n弱点:Accuracy +1\n先制値:17　生命抵抗力:11（18）　精神抵抗力:9（16）",
  "sin": "0",
  "skills": "<p><strong>◯Double Bite</strong></p><p>When dealing damage with a Bite attack, the damage is rolled twice and added during damage calculation.</p><p><strong>◯Painful Strike</strong></p><p>If the 2d roll of the damage roll is 10 or more, the damage is increased by an additional +6 points.</p>",
  "status1Accuracy": "10",
  "status1AccuracyFix": 17,
  "status1Damage": "2d+10",
  "status1Defense": "7",
  "status1Evasion": "9",
  "status1EvasionFix": 16,
  "status1Hp": "63",
  "status1Mp": "13",
  "status1Style": "Claws",
  "statusNum": 1,
  "taxa": "Animal",
  "type": "m",
  "unitStatus": {
    "Claws:HP": "63/63",
    "Claws:MP": "13"
  },
  "unitExceptStatus": {
    "HP": 1,
    "MP": 1,
    "Defense": 1
  },
  "loots1Num": "2～6",
  "loots1Item": "Fangs (100G/Red A) x 2",
  "loots2Num": "7～12",
  "loots2Item": "Sharp Fangs (200G/Red A) x 2",
  "loots3Num": "13+",
  "loots3Item": "Shining Fang (600G/Gold Red A) x 2",
  "fortitude": "11",
  "willpower": "9"
}