{
  "description": "<p>A Saber-equipped Hoodling excels at hunting in groups, using intimidation to drive the enemy toward its companions. When they appear with higher-level Youma such as Bolgs and Hugls, their attacks become even more threatening.</p>",
  "disposition": "Hostile",
  "habitat": "Various",
  "initiative": "10",
  "intellect": "Low",
  "language": "Barbaric, Youma",
  "lootsNum": 4,
  "monsterName": "Saber Hoodling",
  "mndResist": "4",
  "vitResist": "3",
  "lv": "2",
  "parts": "",
  "coreParts": "",
  "mobility": "11",
  "mode": "save",
  "paletteInsertType": "exchange",
  "paletteRemoveTags": "1",
  "paletteTool": "bcdice",
  "paletteUseBuff": "1",
  "paletteUseVar": "1",
  "partsNum": 1,
  "perception": "Five senses",
  "reputation": "7",
  "reputation+": "11",
  "weakness": "Magic Damage +2 points",
  "result": "OK",
  "sheetDescriptionM": "分類:Barbarous　知能:Low　知覚:Five senses　反応:Hostile\n言語:Barbaric, Youma　生息地:Various\n弱点:Magic Damage +2 points\n先制値:10　生命抵抗力:3（10）　精神抵抗力:4（11）",
  "sheetDescriptionS": "分類:Barbarous\n弱点:Magic Damage +2 points\n先制値:10　生命抵抗力:3（10）　精神抵抗力:4（11）",
  "sin": "1",
  "skills": "<p><strong>🗨Decoy Attack I</strong></p><p>The Saber Hoodling gains -2 to Accuracy checks, but the damage is increased by +2 on hit.If the declared attack is evaded, the enemy receives a -1 penalty to Evasion checks for the next 10 seconds (1 round). This effect is cumulative up to -4 but is lost if the target fails an Evasion check even once.</p>",
  "status1Accuracy": "4",
  "status1AccuracyFix": 11,
  "status1Damage": "2d+2",
  "status1Defense": "2",
  "status1Evasion": "2",
  "status1EvasionFix": 9,
  "status1Hp": "13",
  "status1Mp": "11",
  "status1Style": "Weapon",
  "statusNum": 1,
  "taxa": "Barbarous",
  "type": "m",
  "unitStatus": {
    "Weapon:HP": "13/13",
    "Weapon:MP": "11"
  },
  "unitExceptStatus": {
    "HP": 1,
    "MP": 1,
    "Defense": 1
  },
  "loots1Num": "Always",
  "loots1Item": "Crude Weapon (10G/Black White B)",
  "loots2Num": "2～6",
  "loots2Item": "None",
  "loots3Num": "7～11",
  "loots3Item": "Dirty Hood (20G/White B)",
  "loots4Num": "12+",
  "loots4Item": "Worn Hood (80G/White B)",
  "fortitude": "3",
  "willpower": "4"
}