{
  "description": "<p>The Sabinga are flying Youma, whose existence is confirmed in Genguntekul, \"The Featherlord's Stone,\" in the Constellation City of Cyrecode. Similar to Goblins in appearance, they possess large, fin-like wings on their lower limbs, which they spread wide to fly. They move slowly while in flight, but by rapidly opening and closing their wings, they can maneuver in a somersault-like motion.</p>",
  "disposition": "Hostile",
  "habitat": "Mountains, Floating Rocks",
  "initiative": "10",
  "intellect": "Low",
  "language": "Barbaric, Youma",
  "lootsNum": 3,
  "monsterName": "Sabinga",
  "mndResist": "4",
  "vitResist": "4",
  "lv": "3",
  "parts": "",
  "coreParts": "",
  "mobility": "10/10 (Flying)",
  "mode": "save",
  "paletteInsertType": "exchange",
  "paletteRemoveTags": "1",
  "paletteTool": "bcdice",
  "paletteUseBuff": "1",
  "paletteUseVar": "1",
  "partsNum": 1,
  "perception": "Five Senses",
  "reputation": "10",
  "reputation+": "13",
  "weakness": "Wind-type Damage +3",
  "result": "OK",
  "sheetDescriptionM": "分類:Barbarous　知能:Low　知覚:Five Senses　反応:Hostile\n言語:Barbaric, Youma　生息地:Mountains, Floating Rocks\n弱点:Wind-type Damage +3\n先制値:10　生命抵抗力:4（11）　精神抵抗力:4（11）",
  "sheetDescriptionS": "分類:Barbarous\n弱点:Wind-type Damage +3\n先制値:10　生命抵抗力:4（11）　精神抵抗力:4（11）",
  "sin": "2",
  "skills": "<p><strong>🗨Somersault Attack</strong></p><p>Flips and flutters back and forth in front of the target, attacking at an irregular trajectory.Declaring this before a melee attack grants the Sabinga a +1 bonus to its Accuracy Check, but incurs a -1 penalty to its Evasion Check.This ability cannot be used on consecutive turns.</p>",
  "status1Accuracy": "4",
  "status1AccuracyFix": 11,
  "status1Damage": "2d+4",
  "status1Defense": "2",
  "status1Evasion": "4",
  "status1EvasionFix": 11,
  "status1Hp": "26",
  "status1Mp": "10",
  "status1Style": "Weapon",
  "statusNum": 1,
  "taxa": "Barbarous",
  "type": "m",
  "unitStatus": {
    "Weapon:HP": "26/26",
    "Weapon:MP": "10"
  },
  "unitExceptStatus": {
    "HP": 1,
    "MP": 1,
    "Defense": 1
  },
  "loots1Num": "2～6",
  "loots1Item": "None",
  "loots2Num": "7～9",
  "loots2Item": "Weapon (30G/Black White B)",
  "loots3Num": "10+",
  "loots3Item": "Keen Weapon (100G/Black White A)",
  "fortitude": "4",
  "willpower": "4"
}