{
  "description": "<p>Sahagin resemble fish with arms and legs. They are treated as slaves among the Gilman tribes and are often used for labor and as soldiers. Sahagin are very self-conscious and timid, and will not fight unless ordered to by a superior. They primarily live in water but sometimes attack small boats or children playing on the shore.</p>",
  "disposition": "Hostile",
  "habitat": "Coasts, River Deltas",
  "initiative": "10",
  "intellect": "Low",
  "language": "Barbaric, Gilman",
  "lootsNum": 3,
  "monsterName": "Sahagin",
  "mndResist": "3",
  "vitResist": "4",
  "lv": "2",
  "parts": "",
  "coreParts": "",
  "mobility": "12/16 (Swimming)",
  "mode": "save",
  "paletteInsertType": "exchange",
  "paletteRemoveTags": "1",
  "paletteTool": "bcdice",
  "paletteUseBuff": "1",
  "paletteUseVar": "1",
  "partsNum": 1,
  "perception": "Five senses (Darkvision)",
  "reputation": "10",
  "reputation+": "13",
  "weakness": "Earth damage + 3 points",
  "result": "OK",
  "sheetDescriptionM": "分類:Barbarous　知能:Low　知覚:Five senses (Darkvision)　反応:Hostile\n言語:Barbaric, Gilman　生息地:Coasts, River Deltas\n弱点:Earth damage + 3 points\n先制値:10　生命抵抗力:4（11）　精神抵抗力:3（10）",
  "sheetDescriptionS": "分類:Barbarous\n弱点:Earth damage + 3 points\n先制値:10　生命抵抗力:4（11）　精神抵抗力:3（10）",
  "sin": "2",
  "skills": "<p><strong>◯Underwater Aptitude</strong></p><p></p>",
  "status1Accuracy": "3",
  "status1AccuracyFix": 10,
  "status1Damage": "2d+2",
  "status1Defense": "2",
  "status1Evasion": "3",
  "status1EvasionFix": 10,
  "status1Hp": "20",
  "status1Mp": "10",
  "status1Style": "Weapon",
  "statusNum": 1,
  "taxa": "Barbarous",
  "type": "m",
  "unitStatus": {
    "Weapon:HP": "20/20",
    "Weapon:MP": "10"
  },
  "unitExceptStatus": {
    "HP": 1,
    "MP": 1,
    "Defense": 1
  },
  "loots1Num": "2～7",
  "loots1Item": "None",
  "loots2Num": "8～10",
  "loots2Item": "Sahagin Trident (30G/Black White B)",
  "loots3Num": "11+",
  "loots3Item": "Ornate Trident (120G/Black White A)",
  "fortitude": "4",
  "willpower": "3"
}