{
  "description": "<p>Salamanders are 2m long lizard-like fairies drawn to flames and fire and tend to live in areas with higher temperatures than usual. Because of this tendency, they're driven to burn everything around them, and there's often charcoal strewn about their lairs. However, despite being drawn to fire, Salamanders aren't aggressive, though they are still dangerous when not threatened.</p>",
  "disposition": "Neutral",
  "habitat": "Volcano, Underground Labyrinth, Ruins",
  "initiative": "14",
  "intellect": "Average",
  "language": "Sylvan",
  "lootsNum": 0,
  "monsterName": "Salamander",
  "mndResist": "8",
  "vitResist": "10",
  "lv": "7",
  "parts": "",
  "coreParts": "",
  "mobility": "17 (4 Legs)",
  "mode": "save",
  "paletteInsertType": "exchange",
  "paletteRemoveTags": "1",
  "paletteTool": "bcdice",
  "paletteUseBuff": "1",
  "paletteUseVar": "1",
  "partsNum": 1,
  "perception": "Five senses",
  "reputation": "11",
  "reputation+": "16",
  "weakness": "Water/Ice damage + 3 points",
  "result": "OK",
  "sheetDescriptionM": "分類:Fairy　知能:Average　知覚:Five senses　反応:Neutral\n言語:Sylvan　生息地:Volcano, Underground Labyrinth, Ruins\n弱点:Water/Ice damage + 3 points\n先制値:14　生命抵抗力:10（17）　精神抵抗力:8（15）",
  "sheetDescriptionS": "分類:Fairy\n弱点:Water/Ice damage + 3 points\n先制値:14　生命抵抗力:10（17）　精神抵抗力:8（15）",
  "sin": "0",
  "skills": "<p><strong>◯Type: Fire/Magic Power 10 (17)</strong></p><p></p><p><strong>◯Water/Ice Vulnerability</strong></p><p>When the Salamander is hit by Water/Ice-type damage, it takes an extra 3 damage.</p><p><strong>🗨Magic Aptitude</strong></p><p>They can use the Combat Feat [Universal Metamagic].</p><p><strong>►Flame Breath/8 (15)/Fortitude /Half</strong></p><p>With \"Range/Area: 2 (20m)/ Shot\", spits fire at \"Target: 1 Character\", dealing 2d+9 Fire magic damage</p>",
  "status1Accuracy": "10",
  "status1AccuracyFix": 17,
  "status1Damage": "2d+11",
  "status1Defense": "7",
  "status1Evasion": "9",
  "status1EvasionFix": 16,
  "status1Hp": "55",
  "status1Mp": "50",
  "status1Style": "Tongue",
  "statusNum": 1,
  "taxa": "Fairy",
  "type": "m",
  "unitStatus": {
    "Tongue:HP": "55/55",
    "Tongue:MP": "50"
  },
  "unitExceptStatus": {
    "HP": 1,
    "MP": 1,
    "Defense": 1
  },
  "fortitude": "10",
  "willpower": "8"
}