{
  "description": "<p>This is a white, lower Daemon, about 3m long, in the shape of a white bug, with four beautiful bird feathers. Its white body surface, including its wings, is not covered with feathers but rather hard rocks.</p><p>Its body emits an intense odor that pierces the nose.</p><p>It is said that it is arrogant and always looks down on others, especially those who give it orders, and that it will always rebel.</p>",
  "disposition": "Hostile",
  "habitat": "Mountains",
  "initiative": "18",
  "intellect": "High",
  "language": "Trade Common, Daemonic",
  "lootsNum": 3,
  "monsterName": "Sallytegane",
  "mndResist": "14",
  "vitResist": "14",
  "lv": "11",
  "parts": "2 (Body / Wings)",
  "coreParts": "Body",
  "mobility": "-/20(Flying)",
  "mode": "save",
  "paletteInsertType": "exchange",
  "paletteRemoveTags": "1",
  "paletteTool": "bcdice",
  "paletteUseBuff": "1",
  "paletteUseVar": "1",
  "partsNum": 2,
  "perception": "Five senses (Darkvision)",
  "reputation": "18",
  "reputation+": "21",
  "weakness": "Magic damage +2 points",
  "result": "OK",
  "sheetDescriptionM": "分類:Daemon　知能:High　知覚:Five senses (Darkvision)　反応:Hostile\n言語:Trade Common, Daemonic　生息地:Mountains\n弱点:Magic damage +2 points\n先制値:18　生命抵抗力:14（21）　精神抵抗力:14（21）",
  "sheetDescriptionS": "分類:Daemon\n弱点:Magic damage +2 points\n先制値:18　生命抵抗力:14（21）　精神抵抗力:14（21）",
  "sin": "0",
  "skills": "<p><strong>►Divine Magic 10 Level/Magic Power 13 (20)</strong></p><p></p><p><strong>◯🗨Magic Aptitude</strong></p><p>They can use the Combat Feats [Multi-Action], [Targeting], and [Metamagic/Targets].</p><p><strong>⏩Strange Smell/13 (20)/Fortitude/Negates</strong></p><p>All the body's holes within \"Range: Caster\" emit a foul odor. All characters in the same position (area, coordinate) as the Body section receive a -2 penalty to Willpower for 3 minutes (18 rounds).This ability can be used only once per round, and when used, it consumes 5 MP of the Body section and can be used only once per round.This effect is Disease type.</p><br><br><p><strong>◯Flight</strong></p><p>All sections receive a +1 bonus to Accuracy and Evasion only for melee attacks.If the Wings section falls to 0 HP or lower, this unique skill cannot be used.</p><p><strong>🗨All-Out Attack</strong></p><p>Wings can deal an additional 8 damage on its next attack. However, any Evasion check made by this section this turn receives a -3 penalty.</p><p><strong>⏩High Mobility</strong></p><p>The skin covering the wings peels off, exposing the flesh and increasing mobility. For 3 minutes (18 rounds), the bonus to Accuracy checks and Evasion checks from [◯Flight] for all sections is increased to +2.On the other hand, the Defense of Wings section is reduced by -4.This effect can be used only when the Wings section's HP is 40 or less, and once it is used, it cannot be canceled by the monster's will.</p>",
  "status1Accuracy": "13",
  "status1AccuracyFix": 20,
  "status1Damage": "2d+10",
  "status1Defense": "10",
  "status1Evasion": "13",
  "status1EvasionFix": 20,
  "status1Hp": "107",
  "status1Mp": "66",
  "status1Style": "Mouth (Body)",
  "status2Accuracy": "14",
  "status2AccuracyFix": 21,
  "status2Damage": "2d+12",
  "status2Defense": "8",
  "status2Evasion": "13",
  "status2EvasionFix": 20,
  "status2Hp": "85",
  "status2Mp": "31",
  "status2Style": "Wings (Wings)",
  "statusNum": 2,
  "taxa": "Daemon",
  "type": "m",
  "unitStatus": {
    "Mouth (Body):HP": "107/107",
    "Mouth (Body):MP": "66",
    "Wings (Wings):HP": "85/85",
    "Wings (Wings):MP": "31"
  },
  "unitExceptStatus": {
    "HP": 2,
    "MP": 2,
    "Defense": 2
  },
  "loots1Num": "Always",
  "loots1Item": "Crystallized Daemon's Blood (800G/Red A)",
  "loots2Num": "2～11",
  "loots2Item": "Calcareous Fragments (300G/Black A) x 1d",
  "loots3Num": "12+",
  "loots3Item": "Large Calcareous Fragments (3,000G/Black S)",
  "fortitude": "14",
  "willpower": "14"
}