{
  "description": "<p>A giant snake-like creature that lives in the sand, which may have up to one-fifth of its body covered in a hard exoskeleton. Older Sandworms often have gems in their hide, formed from sand and pressure. The green gems carry a high price in markets, while the clear gems have value when crushed into an abrasive polishing powder.</p><p>Some Bolgs have reportedly tamed Sandworms and use them in battle.</p>",
  "disposition": "Hostile",
  "habitat": "Desert",
  "initiative": "11",
  "intellect": "Animal",
  "language": "None",
  "lootsNum": 3,
  "monsterName": "Sandworm",
  "mndResist": "6",
  "vitResist": "9",
  "lv": "5",
  "parts": "",
  "coreParts": "",
  "mobility": "20 (Crawling)/20 (Burrow)",
  "mode": "save",
  "paletteInsertType": "exchange",
  "paletteRemoveTags": "1",
  "paletteTool": "bcdice",
  "paletteUseBuff": "1",
  "paletteUseVar": "1",
  "partsNum": 1,
  "perception": "Five senses",
  "reputation": "10",
  "reputation+": "15",
  "weakness": "Water/Ice damage + 3 points",
  "result": "OK",
  "sheetDescriptionM": "分類:Animal　知能:Animal　知覚:Five senses　反応:Hostile\n言語:None　生息地:Desert\n弱点:Water/Ice damage + 3 points\n先制値:11　生命抵抗力:9（16）　精神抵抗力:6（13）",
  "sheetDescriptionS": "分類:Animal\n弱点:Water/Ice damage + 3 points\n先制値:11　生命抵抗力:9（16）　精神抵抗力:6（13）",
  "sin": "0",
  "skills": "<p><strong></strong></p><p>None.</p>",
  "status1Accuracy": "8",
  "status1AccuracyFix": 15,
  "status1Damage": "2d+10",
  "status1Defense": "3",
  "status1Evasion": "7",
  "status1EvasionFix": 14,
  "status1Hp": "46",
  "status1Mp": "11",
  "status1Style": "Mouth",
  "statusNum": 1,
  "taxa": "Animal",
  "type": "m",
  "unitStatus": {
    "Mouth:HP": "46/46",
    "Mouth:MP": "11"
  },
  "unitExceptStatus": {
    "HP": 1,
    "MP": 1,
    "Defense": 1
  },
  "loots1Num": "2～5",
  "loots1Item": "None",
  "loots2Num": "6～9",
  "loots2Item": "Sandworm Gem (150G/Gold Red A)",
  "loots3Num": "10+",
  "loots3Item": "Green Sandworm Gem (200G/Gold Red A) x 1d",
  "fortitude": "9",
  "willpower": "6"
}