{
  "description": "<p>This is a fish-shaped golem made of light, perforated rock.</p>",
  "disposition": "Instructed",
  "habitat": "Various",
  "initiative": "13",
  "intellect": "Servant",
  "language": "None",
  "lootsNum": 2,
  "monsterName": "Scale Flipper",
  "mndResist": "10",
  "vitResist": "10",
  "lv": "7",
  "parts": "2 (Head / Body)",
  "coreParts": "None",
  "mobility": "-/20 (Swimming)",
  "mode": "save",
  "paletteInsertType": "exchange",
  "paletteRemoveTags": "1",
  "paletteTool": "bcdice",
  "paletteUseBuff": "1",
  "paletteUseVar": "1",
  "partsNum": 2,
  "perception": "Magic",
  "reputation": "12",
  "reputation+": "16",
  "weakness": "Physical Damage +2 points",
  "result": "OK",
  "sheetDescriptionM": "分類:Golem　知能:Servant　知覚:Magic　反応:Instructed\n言語:None　生息地:Various\n弱点:Physical Damage +2 points\n先制値:13　生命抵抗力:10（17）　精神抵抗力:10（17）",
  "sheetDescriptionS": "分類:Golem\n弱点:Physical Damage +2 points\n先制値:13　生命抵抗力:10（17）　精神抵抗力:10（17）",
  "sin": "0",
  "skills": "<p><strong>◯Stone Body</strong></p><p>A Scale Flipper is immune to criticals from edged weapons and all magic damage, except for Energy-type damage.</p><p><strong>◯Underwater</strong></p><p>Scale Flipper doesn't receive penalties for moving or taking action in the water. However, it can't perform any Action without water.<div class=\"golemitems\"></p><p><strong>Maximum of Enhancing Items = 4</strong></p><p></p><p><strong>※Head Only</strong></p><p>Spinel Horn (Medium) (600) (►Charge)Blue Lotus Jade (Medium) (1,600)►Blizzard Breath/9 (16)/Fortitude/HalfGolem sprays a jet of water with \"Range/Area: 20m/ Shot\" in a \"Target: 3m Radius/5\", dealing 2d+7 water/ice magic damage. This ability cannot be used on consecutive turns.Calcite Compound Eyes (Medium) (800) (◯Breath Control)</p><p><strong>※Body Only</strong></p><p>Lapis Lazuli Weight (Medium) (800) (🗨Tail Swing I)└Quartz Counterweight (Medium) (1,200) (🗨Tail Swing II)</p><p><strong>※Any Section</strong></p><p>Amber Eye (Medium) (2,000) (◯Ultimate Aim = +4 Accuracy)Garnet of Vitality (Medium) (800) (◯HP Enhancement = Max HP +10)└Focused Garnet of Vitality (Medium) (1,200) (◯Improved HP Enhancement = Max HP +10)</p><p><strong>※All Section Must be Equipped</strong></p><p>Anisotropic Anorthite (Medium) (600) (Ground movement 10 (crawling), [◯Underwater Specialization]) </div></p>",
  "status1Accuracy": "9",
  "status1AccuracyFix": 16,
  "status1Damage": "2d+11",
  "status1Defense": "10",
  "status1Evasion": "9",
  "status1EvasionFix": 16,
  "status1Hp": "50",
  "status1Mp": "0",
  "status1Style": "Bite (Head)",
  "status2Accuracy": "9",
  "status2AccuracyFix": 16,
  "status2Damage": "2d+10",
  "status2Defense": "10",
  "status2Evasion": "9",
  "status2EvasionFix": 16,
  "status2Hp": "60",
  "status2Mp": "0",
  "status2Style": "Tail (Body)",
  "statusNum": 2,
  "taxa": "Golem",
  "type": "m",
  "unitStatus": {
    "Bite (Head):HP": "50/50",
    "Bite (Head):MP": "0/0",
    "Tail (Body):HP": "60/60",
    "Tail (Body):MP": "0/0"
  },
  "unitExceptStatus": {
    "HP": 2,
    "MP": 2,
    "Defense": 2
  },
  "loots1Num": "2～10",
  "loots1Item": "Magical Stone (250G/Gold A)",
  "loots2Num": "11+",
  "loots2Item": "Mithril (2,600G/Gold S)",
  "fortitude": "10",
  "willpower": "10"
}