{
  "description": "<p>This Construct was created in the Magic Civilization Period and has a caterpillar-like body with a sucker-like mouth. It was mainly used for guarding and eliminating intruders. It moves with its body wriggling and jumping and attacks hostile objects by sucking on them with its sucker pads and sucking up their bodily fluids. The name is derived from the bruises left on the target after the suckers were attached.</p><p>It also has the power to suck up mana and cancel all weak magic and effects, and as a byproduct of this effect, it may have crystals with mana stored in its body. They can be used in exactly the same way as the mako stone.</p>",
  "disposition": "Instructed",
  "habitat": "Ruins",
  "initiative": "15",
  "intellect": "Servant",
  "language": "None",
  "lootsNum": 4,
  "monsterName": "Scarlet Stamp",
  "mndResist": "10",
  "vitResist": "10",
  "lv": "7",
  "parts": "",
  "coreParts": "",
  "mobility": "15 (Leaping)",
  "mode": "save",
  "paletteInsertType": "exchange",
  "paletteRemoveTags": "1",
  "paletteTool": "bcdice",
  "paletteUseBuff": "1",
  "paletteUseVar": "1",
  "partsNum": 1,
  "perception": "Magic",
  "reputation": "15",
  "reputation+": "18",
  "weakness": "Magic damage +2 points",
  "result": "OK",
  "sheetDescriptionM": "分類:Construct　知能:Servant　知覚:Magic　反応:Instructed\n言語:None　生息地:Ruins\n弱点:Magic damage +2 points\n先制値:15　生命抵抗力:10（17）　精神抵抗力:10（17）",
  "sheetDescriptionS": "分類:Construct\n弱点:Magic damage +2 points\n先制値:15　生命抵抗力:10（17）　精神抵抗力:10（17）",
  "sin": "0",
  "skills": "<p><strong>◯Dangerous Absorption/Can't</strong></p><p>If an attack with the Suction Pad hits the target, it is sucked into the target. In the sucking state, the monster can use one of the unique skills [⏩Suck Blood] or [⏩Minor Break]. If the turn ends without using any of the unique skills, the monster automatically releases the target.</p><p><strong>⏩Suck Blood/Can't</strong></p><p>It deals 2d magic damage to the target and heals its own HP by the same amount as the applied damage.This unique skill can only be used on targets that were sucked with [◯Dangerous Absorption] and once used targets are released.</p><p><strong>⏩Minor Break/Can't</strong></p><p>Removes any effect from the target with a success value of 0.This unique skill can only be used on targets sucked with [◯Dangerous Absorption], and targets are released once used.</p><p><strong>◯Poison Immunity, ◯Disease Immunity, ◯Psychic Type Immunity</strong></p><p></p><p><strong>◯Limited Healing</strong></p><p>Effects which can heal Construct HP are very limited, and mostly come from Spiritualism Magic and some special items.Healing effects such as Divine Magic, Fairy Magic, and Nature Magic cannot restore a Construct's HP.</p><p><strong>◯Can Be Detected</strong></p><p>Constructs can be detected with the [Sense Magic] spell and similar effects.</p>",
  "status1Accuracy": "10",
  "status1AccuracyFix": 17,
  "status1Damage": "2d+10",
  "status1Defense": "6",
  "status1Evasion": "9",
  "status1EvasionFix": 16,
  "status1Hp": "59",
  "status1Mp": "22",
  "status1Style": "Suction Pad",
  "statusNum": 1,
  "taxa": "Construct",
  "type": "m",
  "unitStatus": {
    "Suction Pad:HP": "59/59",
    "Suction Pad:MP": "22"
  },
  "unitExceptStatus": {
    "HP": 1,
    "MP": 1,
    "Defense": 1
  },
  "loots1Num": "2～4",
  "loots1Item": "None",
  "loots2Num": "5～6",
  "loots2Item": "Mako Stone (1 pts.)(50G)",
  "loots3Num": "7～9",
  "loots3Item": "Mako Stone (2 pts.)(100G)",
  "loots4Num": "10+",
  "loots4Item": "Mako Stone (5 pts.)(250G)",
  "fortitude": "10",
  "willpower": "10"
}