{
  "description": "<p>This is the result of the downfall of an adventurer who died and was successfully resuscitated. They have a strong sense of inferiority due to the \"scar\" they carry on their body and in their soul, and hold an unreasonable grudge against novice adventurers and ordinary people.</p>",
  "disposition": "Hostile",
  "habitat": "Various",
  "initiative": "10",
  "intellect": "Low",
  "language": "Trade Common, Regional Dialect",
  "lootsNum": 3,
  "monsterName": "Scarred",
  "mndResist": "6",
  "vitResist": "6",
  "lv": "4",
  "parts": "",
  "coreParts": "",
  "mobility": "14",
  "mode": "save",
  "paletteInsertType": "exchange",
  "paletteRemoveTags": "1",
  "paletteTool": "bcdice",
  "paletteUseBuff": "1",
  "paletteUseVar": "1",
  "partsNum": 1,
  "perception": "Five senses",
  "reputation": "7",
  "reputation+": "0",
  "weakness": "None",
  "result": "OK",
  "sheetDescriptionM": "分類:Humanoid　知能:Low　知覚:Five senses　反応:Hostile\n言語:Trade Common, Regional Dialect　生息地:Various\n弱点:None\n先制値:10　生命抵抗力:6（13）　精神抵抗力:6（13）",
  "sheetDescriptionS": "分類:Humanoid\n弱点:None\n先制値:10　生命抵抗力:6（13）　精神抵抗力:6（13）",
  "sin": "1 to 4",
  "skills": "<p><strong>◯Sword's Grace/Change Fate</strong></p><p>Once per day, they may choose to change the result of a Skill Check or Damage roll, by switching the faces of the rolled 2d to the opposite sides.</p><p><strong>►Double Attack</strong></p><p>It can attack the same target twice in one action with its Fists.</p><p><strong>►Throw Attack/6 (13)/Evasion/Negates</strong></p><p>Throws 1 character as a melee attack. Target takes 2d+2 physical damage and falls prone.</p>",
  "status1Accuracy": "7",
  "status1AccuracyFix": 14,
  "status1Damage": "2d+4",
  "status1Defense": "3",
  "status1Evasion": "6",
  "status1EvasionFix": 13,
  "status1Hp": "35",
  "status1Mp": "12",
  "status1Style": "Fist",
  "statusNum": 1,
  "taxa": "Humanoid",
  "type": "m",
  "unitStatus": {
    "Fist:HP": "35/35",
    "Fist:MP": "12"
  },
  "unitExceptStatus": {
    "HP": 1,
    "MP": 1,
    "Defense": 1
  },
  "loots1Num": "2～6",
  "loots1Item": "None",
  "loots2Num": "7～9",
  "loots2Item": "Bag of Silver (30G)",
  "loots3Num": "10+",
  "loots3Item": "Gem (150G/Gold A)",
  "fortitude": "6",
  "willpower": "6"
}