{
  "description": "<p>This Magitech looks like a humanoid torso on a pedestal. The silhouette is similar to that of Androscorpion, but the legs are wheels. It has been regarded as a Magitech that was made by Barbarous, who stole the technology of Humanoid's Magitech.</p>",
  "disposition": "Instructed",
  "habitat": "Ruins, Caves",
  "initiative": "13",
  "intellect": "Servant",
  "language": "None",
  "lootsNum": 3,
  "monsterName": "Scorpo",
  "mndResist": "8",
  "vitResist": "7",
  "lv": "6",
  "parts": "2 (Body / Wheels)",
  "coreParts": "None",
  "mobility": "20(Wheeled)",
  "mode": "save",
  "paletteInsertType": "exchange",
  "paletteRemoveTags": "1",
  "paletteTool": "bcdice",
  "paletteUseBuff": "1",
  "paletteUseVar": "1",
  "partsNum": 2,
  "perception": "Mechanical",
  "reputation": "13",
  "reputation+": "16",
  "weakness": "Lightning damage + 3",
  "result": "OK",
  "sheetDescriptionM": "分類:Magitech　知能:Servant　知覚:Mechanical　反応:Instructed\n言語:None　生息地:Ruins, Caves\n弱点:Lightning damage + 3\n先制値:13　生命抵抗力:7（14）　精神抵抗力:8（15）",
  "sheetDescriptionS": "分類:Magitech\n弱点:Lightning damage + 3\n先制値:13　生命抵抗力:7（14）　精神抵抗力:8（15）",
  "sin": "0",
  "skills": "<p><strong>◯Mechanical Body</strong></p><p>It is immune to criticals from edged weapons.</p><p><strong>◯Poison Immunity, ◯Disease Immunity, ◯Psychic Type Immunity</strong></p><p></p><p><strong>◯Limited Healing</strong></p><p>Effects which can heal Magitech HP are very limited, and mostly come from Spiritualism Magic and some special items.Healing effects such as Divine Magic, Fairy Magic, and Nature Magic cannot restore a Magitech's HP.</p><p><strong>◯Can Be Detected</strong></p><p>Magitech can be detected with the [Sense Magic] spell and similar effects.</p><br><br><p><strong>🗨Power Strike I</strong></p><p>It can deal an additional 4 damage on their next attack. However, any Evasion Check made by them this turn receives a -2 penalty.</p><p><strong>◯Painful Strike</strong></p><p>If the 2d roll of the damage roll is 10 or more, the damage is increased by an additional +5 points.</p><br><br><p><strong>►Stir Up/8 (15)/Fortitude/Negates</strong></p><p>The wheels are violently r믭 against the ground, and dust is blown up. Within \"Range: Caster,\" this gives \"Target: 1 area (Radius 6m) / All\" a -2 penalty on Accuracy check or Evasion check for 10 seconds (1 round).Which of the penalties is applied is randomly determined for each target and each time the effect is applied. Different penalties are cumulative.This ability cannot be used on consecutive turns.</p><p><strong>◯Standing Upright</strong></p><p>If the HP of the Wheels is 0 or less, Body section gets a -2 penalty on Evasion checks.</p>",
  "status1Accuracy": "9",
  "status1AccuracyFix": 16,
  "status1Damage": "2d+7",
  "status1Defense": "5",
  "status1Evasion": "8",
  "status1EvasionFix": 15,
  "status1Hp": "52",
  "status1Mp": "0",
  "status1Style": "Sword (Body)",
  "status2Accuracy": "8",
  "status2AccuracyFix": 15,
  "status2Damage": "2d+5",
  "status2Defense": "8",
  "status2Evasion": "7",
  "status2EvasionFix": 14,
  "status2Hp": "48",
  "status2Mp": "0",
  "status2Style": "Wheels (Wheels)",
  "statusNum": 2,
  "taxa": "Magitech",
  "type": "m",
  "unitStatus": {
    "Sword (Body):HP": "52/52",
    "Sword (Body):MP": "0/0",
    "Wheels (Wheels):HP": "48/48",
    "Wheels (Wheels):MP": "0/0"
  },
  "unitExceptStatus": {
    "HP": 2,
    "MP": 2,
    "Defense": 2
  },
  "loots1Num": "Always",
  "loots1Item": "Iron (20G/Black B)",
  "loots2Num": "2～6",
  "loots2Item": "None",
  "loots3Num": "7+",
  "loots3Item": "Extravagant Weapon (500G/Black White A)",
  "fortitude": "7",
  "willpower": "8"
}