{
  "description": "<p>A giant ocean snake, a Sea Serpent can measure up to 20m long, causing sailors to believe they had encountered an aquatic dragon. Under normal circumstances, they are solitary monsters, content to eat fish but will attack boats when desperately hungry. There are subspecies of Sea Serpents that can live in freshwater, and some cities have even enshrined a Sea Serpent as the embodiment of a water god.</p>",
  "disposition": "Hungry",
  "habitat": "Sea",
  "initiative": "16",
  "intellect": "Animal",
  "language": "None",
  "lootsNum": 4,
  "monsterName": "Sea Serpent",
  "mndResist": "10",
  "vitResist": "11",
  "lv": "8",
  "parts": "2 (Head / Body)",
  "coreParts": "Head",
  "mobility": "15 (Crawling)/30(Swimming)",
  "mode": "save",
  "paletteInsertType": "exchange",
  "paletteRemoveTags": "1",
  "paletteTool": "bcdice",
  "paletteUseBuff": "1",
  "paletteUseVar": "1",
  "partsNum": 2,
  "perception": "Five senses",
  "reputation": "14",
  "reputation+": "19",
  "weakness": "Fire damage + 3 points",
  "result": "OK",
  "sheetDescriptionM": "分類:Animal　知能:Animal　知覚:Five senses　反応:Hungry\n言語:None　生息地:Sea\n弱点:Fire damage + 3 points\n先制値:16　生命抵抗力:11（18）　精神抵抗力:10（17）",
  "sheetDescriptionS": "分類:Animal\n弱点:Fire damage + 3 points\n先制値:16　生命抵抗力:11（18）　精神抵抗力:10（17）",
  "sin": "0",
  "skills": "<p><strong>◯Underwater Specialization</strong></p><p>Can move in water without penalties and restrictions. Conversely, all Skill Checks are subject to a -2 penalty on the ground.</p><br><br><p><strong>►Fire Breath/9 (16)/Fortitude/Half</strong></p><p>Spits out a fireball with \"Range: Caster\" and deals 2d+5 fire magic damage to \"Target: 1 area (4m Radius) / 10\".</p><br><br><p><strong>◯Entanglement II</strong></p><p>A successful hit from a Sea Serpent attack entangles the target. Each round, the entangled target is dealt 2d+8 physical damage and makes all Accuracy and Evasion Checks with a -2 penalty.The monster can use [◯Entanglement II] to entangle multiple characters with multiple hits and can attack other characters while entangling.When one of the targets tries to escape, use the de-bonding rules.</p><p><strong>◯Long Body</strong></p><p>The Head section can make a Bite attack with \"Range/Area: 1 (10m) / Target\".When the Body falls to 0 HP or lower, this effect disappears.</p><p><strong>◯Attack Obstacle = +4 • None</strong></p><p>The Sea Serpent's height prevents enemies from attacking it. The Head receives a +4 bonus to Evasion checks against melee attacks. When the Body falls to 0 HP or lower, this effect disappears.</p>",
  "status1Accuracy": "10",
  "status1AccuracyFix": 17,
  "status1Damage": "2d+10",
  "status1Defense": "8",
  "status1Evasion": "10",
  "status1EvasionFix": 17,
  "status1Hp": "69",
  "status1Mp": "18",
  "status1Style": "Bite (Head)",
  "status2Accuracy": "11",
  "status2AccuracyFix": 18,
  "status2Damage": "2d+8",
  "status2Defense": "7",
  "status2Evasion": "8",
  "status2EvasionFix": 15,
  "status2Hp": "78",
  "status2Mp": "21",
  "status2Style": "Constrict (Body)",
  "statusNum": 2,
  "taxa": "Animal",
  "type": "m",
  "unitStatus": {
    "Bite (Head):HP": "69/69",
    "Bite (Head):MP": "18",
    "Constrict (Body):HP": "78/78",
    "Constrict (Body):MP": "21"
  },
  "unitExceptStatus": {
    "HP": 2,
    "MP": 2,
    "Defense": 2
  },
  "loots1Num": "Always",
  "loots1Item": "Sea Serpent Scales (200G/Red A)",
  "loots2Num": "2～6",
  "loots2Item": "None",
  "loots3Num": "7～12",
  "loots3Item": "Parasitic Shellfish Husk (200G/Red A)",
  "loots4Num": "13+",
  "loots4Item": "Shining Parasitic Shellfish Shell (1,000G/Gold Red S)",
  "fortitude": "11",
  "willpower": "10"
}