{
  "description": "<p>This Daemon takes the form of a muscular human about 2 meters in height, with two pairs of arms. Countless sharp gem fragments protrude from its body.</p><p>It can produce jeweled spears from its own body and use them as weapons. However, approaching the spear will result in injury from the sharp gems protruding from its body.</p><p>These Daemons may appear as soldiers of higher-ranking Daemons.</p>",
  "disposition": "Hostile",
  "habitat": "Ruins, Shallow Abysses",
  "initiative": "18",
  "intellect": "Average",
  "language": "Trade Common, Barbaric, Daemonic",
  "lootsNum": 4,
  "monsterName": "Selassaroui",
  "mndResist": "13",
  "vitResist": "13",
  "lv": "10",
  "parts": "",
  "coreParts": "",
  "mobility": "20 (4 Legs)",
  "mode": "save",
  "paletteInsertType": "exchange",
  "paletteRemoveTags": "1",
  "paletteTool": "bcdice",
  "paletteUseBuff": "1",
  "paletteUseVar": "1",
  "partsNum": 1,
  "perception": "Five senses (Darkvision)",
  "reputation": "17",
  "reputation+": "20",
  "weakness": "Magic damage +2 points",
  "result": "OK",
  "sheetDescriptionM": "分類:Daemon　知能:Average　知覚:Five senses (Darkvision)　反応:Hostile\n言語:Trade Common, Barbaric, Daemonic　生息地:Ruins, Shallow Abysses\n弱点:Magic damage +2 points\n先制値:18　生命抵抗力:13（20）　精神抵抗力:13（20）",
  "sheetDescriptionS": "分類:Daemon\n弱点:Magic damage +2 points\n先制値:18　生命抵抗力:13（20）　精神抵抗力:13（20）",
  "sin": "0",
  "skills": "<p><strong>◯Poison Immunity, ◯Psychic Immunity</strong></p><p></p><p><strong>◯Gem-Smashing</strong></p><p>Gems throughout the body shatter with each wound, injuring the opponent.When the character hits with a melee attack or a \"Range: Touch\" effect, this monster suffers 1d+2 fixed damage each time for each hit.</p><p><strong>◯Multi-arm Stance</strong></p><p>The monster can have up to four Jeweled Spears, one for each arm.When two or more spears are held, the Selassaroui can perform a combination of Melee Attack and [►Jeweled Spear Throw] up to two times in total. In this case, it can choose the second attack method and target after seeing the result of the first roll.This monster already has 4 spears at the start of combat. If it loses one due to [►Jeweled Spear Throw], it can create a new one with [⏩Create Jeweled Spear]. With only one spear, it can only make one melee attack or [►Jeweled Spear Throw].</p><p><strong>►Jeweled Spear Throw/13 (20)/Evasion/Negates</strong></p><p>The Selassaroui attacks by throwing a spear in its hand.Throw has \"Range/Area: 2 (20m)/ Shot\" at \"Target: 1 Character\" and deals 2d+13 physical damage.A Jeweled Spear will be shattered and lost regardless of the result of the attack.</p><p><strong>⏩Create a Jeweled Spear</strong></p><p>Creates a Jeweled Spear in hand. This effect can be used only once per round and costs 8 MP.</p>",
  "status1Accuracy": "14",
  "status1AccuracyFix": 21,
  "status1Damage": "2d+14",
  "status1Defense": "8",
  "status1Evasion": "12",
  "status1EvasionFix": 19,
  "status1Hp": "98",
  "status1Mp": "33",
  "status1Style": "Jeweled Spear",
  "statusNum": 1,
  "taxa": "Daemon",
  "type": "m",
  "unitStatus": {
    "Jeweled Spear:HP": "98/98",
    "Jeweled Spear:MP": "33"
  },
  "unitExceptStatus": {
    "HP": 1,
    "MP": 1,
    "Defense": 1
  },
  "loots1Num": "Always",
  "loots1Item": "Crushed Gemstone Powder (1,600G)",
  "loots2Num": "2～8",
  "loots2Item": "None",
  "loots3Num": "9～12",
  "loots3Item": "Gem (600G/Gold A) x 1d",
  "loots4Num": "13+",
  "loots4Item": "Gem (600G/Gold A) x 2d",
  "fortitude": "13",
  "willpower": "13"
}