{
  "description": "<p>This Daemon is a stubby, reddish-black, irregularly shaped creature with a number of small arms and legs.</p><p>Instead of using its legs or feet as it should, it moves by crawling. It does not speak any language but seems to have enough intellect to understand what others say.</p>",
  "disposition": "Hostile",
  "habitat": "Ruins, Shallow Abysses",
  "initiative": "16",
  "intellect": "Low",
  "language": "None",
  "lootsNum": 3,
  "monsterName": "Shabalay",
  "mndResist": "12",
  "vitResist": "13",
  "lv": "9",
  "parts": "",
  "coreParts": "",
  "mobility": "10(Crawling)",
  "mode": "save",
  "paletteInsertType": "exchange",
  "paletteRemoveTags": "1",
  "paletteTool": "bcdice",
  "paletteUseBuff": "1",
  "paletteUseVar": "1",
  "partsNum": 1,
  "perception": "Magic",
  "reputation": "16",
  "reputation+": "19",
  "weakness": "Energy damage +3",
  "result": "OK",
  "sheetDescriptionM": "分類:Daemon　知能:Low　知覚:Magic　反応:Hostile\n言語:None　生息地:Ruins, Shallow Abysses\n弱点:Energy damage +3\n先制値:16　生命抵抗力:13（20）　精神抵抗力:12（19）",
  "sheetDescriptionS": "分類:Daemon\n弱点:Energy damage +3\n先制値:16　生命抵抗力:13（20）　精神抵抗力:12（19）",
  "sin": "0",
  "skills": "<p><strong>◯Amorphous Body</strong></p><p>Immune to criticals from edged weapons.</p><p><strong>◯Daemonic Droplets</strong></p><p>An attack with Droplets is treated as a Shooting Attack with \"Range: 20m\". If the target is hit, the Defense is treated as half (rounded up).</p><p><strong>►Red Droplets/11 (18)/Fortitude/Half</strong></p><p>Droplets begin to fly around the Shabalay.All targets in the same skirmish area as the monster are dealt 2d+8 Poison magic damage. Using this effect consumes 10 points of MP.</p>",
  "status1Accuracy": "12",
  "status1AccuracyFix": 19,
  "status1Damage": "2d+5",
  "status1Defense": "0",
  "status1Evasion": "11",
  "status1EvasionFix": 18,
  "status1Hp": "90",
  "status1Mp": "90",
  "status1Style": "Droplets",
  "statusNum": 1,
  "taxa": "Daemon",
  "type": "m",
  "unitStatus": {
    "Droplets:HP": "90/90",
    "Droplets:MP": "90"
  },
  "unitExceptStatus": {
    "HP": 1,
    "MP": 1,
    "Defense": 1
  },
  "loots1Num": "Always",
  "loots1Item": "Daemon's Crystal (800G/Red A)",
  "loots2Num": "2～11",
  "loots2Item": "None",
  "loots3Num": "12+",
  "loots3Item": "Solidified Droplets (2,500G/Red S)",
  "fortitude": "13",
  "willpower": "12"
}