{
  "description": "<p>Dark fairies standing around 30cm tall, Shades are cloaked entirely in darkness. However, if one could see through and see the actual appearance of a Shade, they appear to be tall, almost gaunt fairies wearing well-made clothing created entirely out of temporary darkness. Shades rarely occur in areas with a high population, preferring more rural areas.</p>",
  "disposition": "Neutral",
  "habitat": "Various",
  "initiative": "12",
  "intellect": "Average",
  "language": "Sylvan",
  "lootsNum": 0,
  "monsterName": "Shade",
  "mndResist": "9",
  "vitResist": "7",
  "lv": "5",
  "parts": "",
  "coreParts": "",
  "mobility": "-/33(Flying )",
  "mode": "save",
  "paletteInsertType": "exchange",
  "paletteRemoveTags": "1",
  "paletteTool": "bcdice",
  "paletteUseBuff": "1",
  "paletteUseVar": "1",
  "partsNum": 1,
  "perception": "Five senses",
  "reputation": "11",
  "reputation+": "15",
  "weakness": "Accuracy +1",
  "result": "OK",
  "sheetDescriptionM": "分類:Fairy　知能:Average　知覚:Five senses　反応:Neutral\n言語:Sylvan　生息地:Various\n弱点:Accuracy +1\n先制値:12　生命抵抗力:7（14）　精神抵抗力:9（16）",
  "sheetDescriptionS": "分類:Fairy\n弱点:Accuracy +1\n先制値:12　生命抵抗力:7（14）　精神抵抗力:9（16）",
  "sin": "0",
  "skills": "<p><strong>◯Type: Dark/Magic Power 9 (16)</strong></p><p></p><p><strong>◯Flight</strong></p><p>A Shade only receives a +1 bonus to Accuracy and Evasion for melee attacks.</p><p><strong>🗨Magic Aptitude</strong></p><p>They can use the Combat Feat [Universal Metamagic].</p><p><strong>►Dark Mind/8 (15)/Willpower/Negates</strong></p><p>The Shade attempts to wrap the minds within \"Range: Caster\" and \"Target: All Areas (30 Radius)\" in shadow, preventing them from taking any deliberate action. Those who fail to resist cannot move or perform Minor or Major Actions for 30 seconds (3 rounds).This effect is treated as a Psychic type</p>",
  "status1Accuracy": "7",
  "status1AccuracyFix": 14,
  "status1Damage": "2d+7",
  "status1Defense": "7",
  "status1Evasion": "7",
  "status1EvasionFix": 14,
  "status1Hp": "34",
  "status1Mp": "42",
  "status1Style": "Slam",
  "statusNum": 1,
  "taxa": "Fairy",
  "type": "m",
  "unitStatus": {
    "Slam:HP": "34/34",
    "Slam:MP": "42"
  },
  "unitExceptStatus": {
    "HP": 1,
    "MP": 1,
    "Defense": 1
  },
  "fortitude": "7",
  "willpower": "9"
}