{
  "description": "<p>This Construct is black and about 1.5 meters long. Its upper body is Humanoid, and it has several long, thin, cloth-like legs. It waits in the shadow of its master when not in use, and only performs chores when called. In the present day, it wanders around the ruins as it cannot find its master's shadow.</p>",
  "disposition": "Instructed",
  "habitat": "Ruins",
  "initiative": "14",
  "intellect": "Servant",
  "language": "None",
  "lootsNum": 2,
  "monsterName": "Shadow Teamster",
  "mndResist": "8",
  "vitResist": "8",
  "lv": "6",
  "parts": "2 (Body / Legs)",
  "coreParts": "None",
  "mobility": "15",
  "mode": "save",
  "paletteInsertType": "exchange",
  "paletteRemoveTags": "1",
  "paletteTool": "bcdice",
  "paletteUseBuff": "1",
  "paletteUseVar": "1",
  "partsNum": 2,
  "perception": "Magic",
  "reputation": "13",
  "reputation+": "16",
  "weakness": "+2 Magic Damage",
  "result": "OK",
  "sheetDescriptionM": "分類:Construct　知能:Servant　知覚:Magic　反応:Instructed\n言語:None　生息地:Ruins\n弱点:+2 Magic Damage\n先制値:14　生命抵抗力:8（15）　精神抵抗力:8（15）",
  "sheetDescriptionS": "分類:Construct\n弱点:+2 Magic Damage\n先制値:14　生命抵抗力:8（15）　精神抵抗力:8（15）",
  "sin": "0",
  "skills": "<p><strong>◯Attitude Control</strong></p><p>It can never fall prone due to any effect.</p><p><strong>◯Poison Immunity, ◯Disease Immunity, ◯Psychic Type Immunity</strong></p><p></p><p><strong>◯Limited Healing</strong></p><p>Effects which can heal Construct HP are very limited, and mostly come from Spiritualism Magic and some special items.Healing effects such as Divine Magic, Fairy Magic, and Nature Magic cannot restore a Construct's HP.</p><p><strong>◯Can Be Detected</strong></p><p>Constructs can be detected with the [Sense Magic] spell and similar effects.</p><br><br><p><strong>🗨Power Strike I</strong></p><p>They can deal an additional 4 damage on their next attack. However, any Evasion Check made by them this turn receives a -2 penalty.</p><p><strong>◯Regrow Legs</strong></p><p>If the Legs section HP is 0 or less, it is restored to its maximum value. The recovered Legs section can perform an action immediately.This ability can be used only once per combat.</p><br><br><p><strong>◯Outstretched Legs</strong></p><p>Kick attacks are treated as melee attacks with \"Range: 1 (10m)\".</p>",
  "status1Accuracy": "8",
  "status1AccuracyFix": 15,
  "status1Damage": "2d+7",
  "status1Defense": "6",
  "status1Evasion": "8",
  "status1EvasionFix": 15,
  "status1Hp": "44",
  "status1Mp": "0",
  "status1Style": "Weapon (Body)",
  "status2Accuracy": "7",
  "status2AccuracyFix": 14,
  "status2Damage": "2d+5",
  "status2Defense": "5",
  "status2Evasion": "7",
  "status2EvasionFix": 14,
  "status2Hp": "29",
  "status2Mp": "0",
  "status2Style": "Kick (Legs)",
  "statusNum": 2,
  "taxa": "Construct",
  "type": "m",
  "unitStatus": {
    "Weapon (Body):HP": "44/44",
    "Weapon (Body):MP": "0/0",
    "Kick (Legs):HP": "29/29",
    "Kick (Legs):MP": "0/0"
  },
  "unitExceptStatus": {
    "HP": 2,
    "MP": 2,
    "Defense": 2
  },
  "loots1Num": "2～8",
  "loots1Item": "None",
  "loots2Num": "9+",
  "loots2Item": "Magical Stone (250G/Gold A)",
  "fortitude": "8",
  "willpower": "8"
}