{
  "description": "<p>This monkey species is small, measuring about 70 cm in length. It has long, thin claws on both hands, which it uses to pounce on and attack its prey.</p><p>These monkeys are brutal and vigilant, and they can be tricky, challenging, and distracting as they rip through their prey.</p>",
  "disposition": "Hungry",
  "habitat": "Various",
  "initiative": "12",
  "intellect": "Animal",
  "language": "None",
  "lootsNum": 2,
  "monsterName": "Sharp Nails",
  "mndResist": "5",
  "vitResist": "6",
  "lv": "4",
  "parts": "",
  "coreParts": "",
  "mobility": "16",
  "mode": "save",
  "paletteInsertType": "exchange",
  "paletteRemoveTags": "1",
  "paletteTool": "bcdice",
  "paletteUseBuff": "1",
  "paletteUseVar": "1",
  "partsNum": 1,
  "perception": "Five senses",
  "reputation": "11",
  "reputation+": "14",
  "weakness": "Physical damage +2 points",
  "result": "OK",
  "sheetDescriptionM": "分類:Animal　知能:Animal　知覚:Five senses　反応:Hungry\n言語:None　生息地:Various\n弱点:Physical damage +2 points\n先制値:12　生命抵抗力:6（13）　精神抵抗力:5（12）",
  "sheetDescriptionS": "分類:Animal\n弱点:Physical damage +2 points\n先制値:12　生命抵抗力:6（13）　精神抵抗力:5（12）",
  "sin": "0",
  "skills": "<p><strong>◯Just Scratches</strong></p><p>If the roll of the damage decision is 5 or less, the Sharp Nails gets a +1 bonus to Evasion checks for the following 10 seconds (1 round).</p>",
  "status1Accuracy": "6",
  "status1AccuracyFix": 13,
  "status1Damage": "2d+6",
  "status1Defense": "3",
  "status1Evasion": "6",
  "status1EvasionFix": 13,
  "status1Hp": "29",
  "status1Mp": "6",
  "status1Style": "Nails",
  "statusNum": 1,
  "taxa": "Animal",
  "type": "m",
  "unitStatus": {
    "Nails:HP": "29/29",
    "Nails:MP": "6"
  },
  "unitExceptStatus": {
    "HP": 1,
    "MP": 1,
    "Defense": 1
  },
  "loots1Num": "2～8",
  "loots1Item": "None",
  "loots2Num": "9+",
  "loots2Item": "Thin Nails (120G/Red A)",
  "fortitude": "6",
  "willpower": "5"
}