{
  "description": "<p>Sharks live in clear water and have a strong sense of smell for blood. They quickly hunt down prey once they smell blood, making it difficult to escape.</p>",
  "disposition": "Hungry",
  "habitat": "Ocean",
  "initiative": "10",
  "intellect": "Animal",
  "language": "None",
  "lootsNum": 3,
  "monsterName": "Shark",
  "mndResist": "4",
  "vitResist": "5",
  "lv": "3",
  "parts": "",
  "coreParts": "",
  "mobility": "20 (Swimming)",
  "mode": "save",
  "paletteInsertType": "exchange",
  "paletteRemoveTags": "1",
  "paletteTool": "bcdice",
  "paletteUseBuff": "1",
  "paletteUseVar": "1",
  "partsNum": 1,
  "perception": "Five senses",
  "reputation": "9",
  "reputation+": "12",
  "weakness": "Slashing damage +3 points",
  "result": "OK",
  "sheetDescriptionM": "分類:Animal　知能:Animal　知覚:Five senses　反応:Hungry\n言語:None　生息地:Ocean\n弱点:Slashing damage +3 points\n先制値:10　生命抵抗力:5（12）　精神抵抗力:4（11）",
  "sheetDescriptionS": "分類:Animal\n弱点:Slashing damage +3 points\n先制値:10　生命抵抗力:5（12）　精神抵抗力:4（11）",
  "sin": "0",
  "skills": "<p><strong>◯Underwater</strong></p><p>A Shark doesn't receive penalties for moving or taking action in water. However, it can't perform any Action without water.</p>",
  "status1Accuracy": "4",
  "status1AccuracyFix": 11,
  "status1Damage": "2d+6",
  "status1Defense": "2",
  "status1Evasion": "4",
  "status1EvasionFix": 11,
  "status1Hp": "28",
  "status1Mp": "5",
  "status1Style": "Bite",
  "statusNum": 1,
  "taxa": "Animal",
  "type": "m",
  "unitStatus": {
    "Bite:HP": "28/28",
    "Bite:MP": "5"
  },
  "unitExceptStatus": {
    "HP": 1,
    "MP": 1,
    "Defense": 1
  },
  "loots1Num": "Always",
  "loots1Item": "Jagged Tooth (30G/Red B)",
  "loots2Num": "2～10",
  "loots2Item": "None",
  "loots3Num": "11+",
  "loots3Item": "Clean Gills (200G/Red A)",
  "fortitude": "5",
  "willpower": "4"
}