{
  "description": "<p>This Hoodling Youma holds a shield large enough to conceal itself. Although they can attack by slamming with their large shield, their main role is to cover their Barbarous superiors when they are exposed to attack.</p><p>This shield is a sign of strength and self-discipline, but often makes them overconfident.</p>",
  "disposition": "Hostile",
  "habitat": "Various",
  "initiative": "11",
  "intellect": "Low",
  "language": "Barbaric, Youma",
  "lootsNum": 4,
  "monsterName": "Shield Hoodling",
  "mndResist": "5",
  "vitResist": "4",
  "lv": "3",
  "parts": "",
  "coreParts": "",
  "mobility": "12",
  "mode": "save",
  "paletteInsertType": "exchange",
  "paletteRemoveTags": "1",
  "paletteTool": "bcdice",
  "paletteUseBuff": "1",
  "paletteUseVar": "1",
  "partsNum": 1,
  "perception": "Five senses",
  "reputation": "8",
  "reputation+": "12",
  "weakness": "Magic damage +2 points",
  "result": "OK",
  "sheetDescriptionM": "分類:Barbarous　知能:Low　知覚:Five senses　反応:Hostile\n言語:Barbaric, Youma　生息地:Various\n弱点:Magic damage +2 points\n先制値:11　生命抵抗力:4（11）　精神抵抗力:5（12）",
  "sheetDescriptionS": "分類:Barbarous\n弱点:Magic damage +2 points\n先制値:11　生命抵抗力:4（11）　精神抵抗力:5（12）",
  "sin": "2",
  "skills": "<p><strong>🗨△Cover I</strong></p><p>This effect is the same as the combat feat [Cover I] (see CR I, p. 255).</p>",
  "status1Accuracy": "5",
  "status1AccuracyFix": 12,
  "status1Damage": "2d+2",
  "status1Defense": "5",
  "status1Evasion": "3",
  "status1EvasionFix": 10,
  "status1Hp": "19",
  "status1Mp": "12",
  "status1Style": "Large Shield",
  "statusNum": 1,
  "taxa": "Barbarous",
  "type": "m",
  "unitStatus": {
    "Large Shield:HP": "19/19",
    "Large Shield:MP": "12"
  },
  "unitExceptStatus": {
    "HP": 1,
    "MP": 1,
    "Defense": 1
  },
  "loots1Num": "Always",
  "loots1Item": "Crude Shield (50G/Green White B)",
  "loots2Num": "2～4",
  "loots2Item": "None",
  "loots3Num": "5～10",
  "loots3Item": "Dirty Hood (20G/White B)",
  "loots4Num": "11+",
  "loots4Item": "Worn Hood (80G/White B)",
  "fortitude": "4",
  "willpower": "5"
}