{
  "description": "<p>This is a lower Daemon with a semi-transparent, reptilian-like appearance. It is about 4m long and attacks its opponent with a long bright red tongue.</p><p>Because of their ecology, they are very rare to find, and those that are found are almost without exception preyed upon.</p>",
  "disposition": "Hostile",
  "habitat": "Ruins",
  "initiative": "14",
  "intellect": "Average",
  "language": "Arcana, Daemonic",
  "lootsNum": 3,
  "monsterName": "Sihalus",
  "mndResist": "9",
  "vitResist": "10",
  "lv": "7",
  "parts": "4 (Head / Right Side / Left Side / Tail)",
  "coreParts": "Head",
  "mobility": "15 (4 Legs)",
  "mode": "save",
  "paletteInsertType": "exchange",
  "paletteRemoveTags": "1",
  "paletteTool": "bcdice",
  "paletteUseBuff": "1",
  "paletteUseVar": "1",
  "partsNum": 4,
  "perception": "Five senses (Darkvision)",
  "reputation": "15",
  "reputation+": "18",
  "weakness": "Fire damage + 3 points",
  "result": "OK",
  "sheetDescriptionM": "分類:Daemon　知能:Average　知覚:Five senses (Darkvision)　反応:Hostile\n言語:Arcana, Daemonic　生息地:Ruins\n弱点:Fire damage + 3 points\n先制値:14　生命抵抗力:10（17）　精神抵抗力:9（16）",
  "sheetDescriptionS": "分類:Daemon\n弱点:Fire damage + 3 points\n先制値:14　生命抵抗力:10（17）　精神抵抗力:9（16）",
  "sin": "0",
  "skills": "<p><strong>◯Semi-Transparent Body</strong></p><p>The whole body is semi-transparent.This monster does not create any shielding, even if it is on the battlefield. Also, it is invisible to characters in a different area (Simplified Combat) or at a distance of more than 10 meters (Standard Combat).</p><br><br><p><strong>►Truespeech Magic 6 Level/Magic Power 8 (15)</strong></p><p></p><p><strong>◯🗨Magic Aptitude</strong></p><p>They can use the Combat Feats [Targeting], [Magic Convergence], [Magic Control], and [Metamagic/Targets].</p><br><br><p><strong>◯Painful Strike</strong></p><p>If the 2d roll of the damage roll is 10 or more, the damage is increased by an additional +5 points.</p><p><strong>◯Attack Obstacle = +4 • +4</strong></p><p>The giant body hinders attacks.The Head section gains a +4 bonus to Evasion checks against melee and ranged attacks.This effect disappears when either Rider or Left Side section falls to 0 HP or lower.</p><br><br><p><strong>🗨Tail Sweep</strong></p><p>The monster can use its tail to attack up to 3 targets in the same skirmish. Accuracy check should be made once; if multiple characters are hit, damage should be determined individually.This ability cannot be used on consecutive turns.</p><p><strong>►Curse of Translucency/9 (16)/Willpower/ Neg</strong></p><p>Within \"Range/Area: 2 (20m)/ Shot\", the monster shoots an invisible wave from the tip of the Tail at \"Target: 1 Character\". The target gains the [◯Semi-Transparent Body] unique skill. This effect is permanent of a Curse type.</p>",
  "status1Accuracy": "9",
  "status1AccuracyFix": 16,
  "status1Damage": "2d+10",
  "status1Defense": "8",
  "status1Evasion": "9",
  "status1EvasionFix": 16,
  "status1Hp": "61",
  "status1Mp": "23",
  "status1Style": "Tongue (Head)",
  "status2Accuracy": "10",
  "status2AccuracyFix": 17,
  "status2Damage": "2d+8",
  "status2Defense": "9",
  "status2Evasion": "8",
  "status2EvasionFix": 15,
  "status2Hp": "56",
  "status2Mp": "18",
  "status2Style": "Arm (Right Side)",
  "status3Accuracy": "10",
  "status3AccuracyFix": 17,
  "status3Damage": "2d+8",
  "status3Defense": "9",
  "status3Evasion": "8",
  "status3EvasionFix": 15,
  "status3Hp": "56",
  "status3Mp": "18",
  "status3Style": "Arm (Left Side)",
  "status4Accuracy": "9",
  "status4AccuracyFix": 16,
  "status4Damage": "2d+9",
  "status4Defense": "7",
  "status4Evasion": "8",
  "status4EvasionFix": 15,
  "status4Hp": "51",
  "status4Mp": "12",
  "status4Style": "Tail (Tail)",
  "statusNum": 4,
  "taxa": "Daemon",
  "type": "m",
  "unitStatus": {
    "Tongue (Head):HP": "61/61",
    "Tongue (Head):MP": "23",
    "Arm (Right Side):HP": "56/56",
    "Arm (Right Side):MP": "18",
    "Arm (Left Side):HP": "56/56",
    "Arm (Left Side):MP": "18",
    "Tail (Tail):HP": "51/51",
    "Tail (Tail):MP": "12"
  },
  "unitExceptStatus": {
    "HP": 4,
    "MP": 4,
    "Defense": 4
  },
  "loots1Num": "Always",
  "loots1Item": "Daemon's Blood (100G/Red A)",
  "loots2Num": "2～9",
  "loots2Item": "Clear Jewel (200G/Gold Red A)",
  "loots3Num": "10+",
  "loots3Item": "Transparent Crystal (500G/Gold Red A)",
  "fortitude": "10",
  "willpower": "9"
}