{
  "description": "<p>Silky is a wind fairy, approximately 50cm in length, who takes the form of a beautiful human female wearing a light robe. She enjoys creating chilly winds, organizing books and documents, and playfully disrupting the order she creates. Silky particularly delights in teasing those who are in search of knowledge.</p><p>You may encounter Silky in the storerooms of ancient ruins, the laboratories of the city, or the warehouses of the king's castle.</p>",
  "disposition": "Friendly",
  "habitat": "Ruins, Mountains",
  "initiative": "10",
  "intellect": "Average",
  "language": "Sylvan, Trade Common",
  "lootsNum": 0,
  "monsterName": "Silky",
  "mndResist": "6",
  "vitResist": "5",
  "lv": "3",
  "parts": "",
  "coreParts": "",
  "mobility": "13/13 (Flying)",
  "mode": "save",
  "paletteInsertType": "exchange",
  "paletteRemoveTags": "1",
  "paletteTool": "bcdice",
  "paletteUseBuff": "1",
  "paletteUseVar": "1",
  "partsNum": 1,
  "perception": "Magic",
  "reputation": "10",
  "reputation+": "13",
  "weakness": "Earth damage + 3 points",
  "result": "OK",
  "sheetDescriptionM": "分類:Fairy　知能:Average　知覚:Magic　反応:Friendly\n言語:Sylvan, Trade Common　生息地:Ruins, Mountains\n弱点:Earth damage + 3 points\n先制値:10　生命抵抗力:5（12）　精神抵抗力:6（13）",
  "sheetDescriptionS": "分類:Fairy\n弱点:Earth damage + 3 points\n先制値:10　生命抵抗力:5（12）　精神抵抗力:6（13）",
  "sin": "0",
  "skills": "<p><strong>◯Type: Wind / Magic Power 5 (12)</strong></p><p></p><p><strong>◯Flight</strong></p><p>A Silky receives a +1 bonus to Accuracy and Evasion only for melee attacks.</p><p><strong>◯Unexpected Clues</strong></p><p>While organizing and scattering books and documents, the chance to get clues by chance is increased. If a character attempts a Search check, Track check, or Literature check within a 10m radius of Silky, they get a +1 bonus to those checks</p>",
  "status1Accuracy": "4",
  "status1AccuracyFix": 11,
  "status1Damage": "2d+2",
  "status1Defense": "2",
  "status1Evasion": "4",
  "status1EvasionFix": 11,
  "status1Hp": "26",
  "status1Mp": "24",
  "status1Style": "Slam",
  "statusNum": 1,
  "taxa": "Fairy",
  "type": "m",
  "unitStatus": {
    "Slam:HP": "26/26",
    "Slam:MP": "24"
  },
  "unitExceptStatus": {
    "HP": 1,
    "MP": 1,
    "Defense": 1
  },
  "fortitude": "5",
  "willpower": "6"
}