{
  "description": "<p>A monster that mimics a tiny traveler's hut, room, or other such building, the Sinker House is deceptively dangerous. Fitting in an area usually around 5m in height, width, and depth, the Sinker House can be attacked through the floor or walls. The house can create a sizeable conical drill to attack the inhabitants, changing the floor to make it more dangerous for the inhabitants all the while.</p><p>While the Sinker House is often seen as a small hut, it can appear as any indoor and outdoor room to trap victims inside. However, these rooms do seem to be slightly distorted, and this distortion can give away the Sinker House's mimicry.</p><p>Additionally, Gargoyles and other flying creatures find the interior quite welcoming, making it all the more dangerous for unaware adventurers.</p>",
  "disposition": "Instructed",
  "habitat": "Ruins",
  "initiative": "8",
  "intellect": "Servant",
  "language": "None",
  "lootsNum": 3,
  "monsterName": "Sinker House",
  "mndResist": "10",
  "vitResist": "10",
  "lv": "8",
  "parts": "",
  "coreParts": "",
  "mobility": "5 (Crawling)",
  "mode": "save",
  "paletteInsertType": "exchange",
  "paletteRemoveTags": "1",
  "paletteTool": "bcdice",
  "paletteUseBuff": "1",
  "paletteUseVar": "1",
  "partsNum": 1,
  "perception": "Magic",
  "reputation": "14",
  "reputation+": "18",
  "weakness": "Physical damage +2 points",
  "result": "OK",
  "sheetDescriptionM": "分類:Construct　知能:Servant　知覚:Magic　反応:Instructed\n言語:None　生息地:Ruins\n弱点:Physical damage +2 points\n先制値:8　生命抵抗力:10（17）　精神抵抗力:10（17）",
  "sheetDescriptionS": "分類:Construct\n弱点:Physical damage +2 points\n先制値:8　生命抵抗力:10（17）　精神抵抗力:10（17）",
  "sin": "0",
  "skills": "<p><strong>◯Mimicry/18/Danger Sense/Negates</strong></p><p>It can mimic rooms. While mimicking, characters cannot perform a Monster Knowledge check on this monster. If a character approaches it unintentionally, they need to make a Danger check with target number 18, and if it fails, they will be surprised (see CR I, p. 144). Mimicry will be automatically ended once the monster starts to act.This monster can be detected with [Sense Magic].</p><p><strong>►Triple Attack</strong></p><p>Sinker House can attack the same target with three attacks.</p><p><strong>⏩Room Rotation</strong></p><p>Sinker House can flip itself 180 degrees, swapping the floor and ceiling. All non-flying characters will fall 5m (taking fall damage) and fall prone.This unique skill can only be used once per round and cannot be used on consecutive turns.</p><p><strong>⏩Floor Change</strong></p><p>Sinker House changes the floor of the room to one of the following states. This unique skill can be used only once per round.Softening: The Sinker House can make the floor soft and challenging to walk on. Characters standing on the floor will receive a -2 penalty for Evasion, but any character falling on a softened floor will take no damage.Ignition/10 (17)/Willpower/Half: The Sinker House sets the floor on fire, dealing 2d-2 fire magic damage to all characters standing on it.Freezing: The floor becomes icy and slippery. All characters on the floor receive a -2 penalty on their Accuracy checks. In addition, at the end of their turn, they must make check 2d + Adventurer Level + Agility modifier with target number 13, falling prone if they fail this check.</p><p><strong>◯Poison Immunity, ◯Disease Immunity, ◯Psychic Type Immunity</strong></p><p></p><p><strong>◯Limited Healing</strong></p><p>Effects which can heal Construct HP are very limited, and mostly come from Spiritualism Magic and some special items.Healing effects such as Divine Magic, Fairy Magic, and Nature Magic cannot restore a Construct's HP.</p><p><strong>◯Can Be Detected</strong></p><p>Constructs can be detected with the [Sense Magic] spell and similar effects.</p>",
  "status1Accuracy": "12",
  "status1AccuracyFix": 19,
  "status1Damage": "2d+7",
  "status1Defense": "7",
  "status1Evasion": "3",
  "status1EvasionFix": 10,
  "status1Hp": "70",
  "status1Mp": "0",
  "status1Style": "Drill",
  "statusNum": 1,
  "taxa": "Construct",
  "type": "m",
  "unitStatus": {
    "Drill:HP": "70/70",
    "Drill:MP": "0/0"
  },
  "unitExceptStatus": {
    "HP": 1,
    "MP": 1,
    "Defense": 1
  },
  "loots1Num": "2～6",
  "loots1Item": "None",
  "loots2Num": "7～10",
  "loots2Item": "Premium Magical Wood (500G/Gold Green A)",
  "loots3Num": "11+",
  "loots3Item": "Luxury Magical Wood (3,600G/Gold Green S)",
  "fortitude": "10",
  "willpower": "10"
}