{
  "description": "<p>An ephemeral fairy of snow and ice, Skadis are beautiful women, often with an innocently sly smile on their face. With frozen armor and an icicle spear, they are at home in the middle of freezing weather. Skadis are drawn to strong men and will occasionally give them a jewel to call on the fairy in times of need. When such a gifted man dies, the Skadi will take the corpse away, and it is said that the body is stored in the Skadi's ice palace deep within the snowy mountains.</p>",
  "disposition": "Neutral",
  "habitat": "Cold Region, Snow Mountain",
  "initiative": "21",
  "intellect": "Average",
  "language": "Sylvan",
  "lootsNum": 0,
  "monsterName": "Skadi",
  "mndResist": "19",
  "vitResist": "19",
  "lv": "15",
  "parts": "",
  "coreParts": "",
  "mobility": "-/44(Flying)",
  "mode": "save",
  "paletteInsertType": "exchange",
  "paletteRemoveTags": "1",
  "paletteTool": "bcdice",
  "paletteUseBuff": "1",
  "paletteUseVar": "1",
  "partsNum": 1,
  "perception": "Five senses",
  "reputation": "18",
  "reputation+": "21",
  "weakness": "Fire & Earth damage + 3 points",
  "result": "OK",
  "sheetDescriptionM": "分類:Fairy　知能:Average　知覚:Five senses　反応:Neutral\n言語:Sylvan　生息地:Cold Region, Snow Mountain\n弱点:Fire & Earth damage + 3 points\n先制値:21　生命抵抗力:19（26）　精神抵抗力:19（26）",
  "sheetDescriptionS": "分類:Fairy\n弱点:Fire & Earth damage + 3 points\n先制値:21　生命抵抗力:19（26）　精神抵抗力:19（26）",
  "sin": "0",
  "skills": "<p><strong>◯Olden/Type: Water/Ice & Wind/Magic Power 18 (25)</strong></p><p></p><p><strong>◯Slashing Immunity</strong></p><p></p><p><strong>◯Flame/Earth Vulnerability</strong></p><p>When the Skadi is hit by Fire-type or Earth-type damage, it takes an extra 3 damage.</p><p><strong>◯Flight</strong></p><p>A Skadi receives a +1 bonus to Accuracy and Evasion only for melee attacks.</p><p><strong>◯🗨►Magic Aptitude</strong></p><p>They can use the Combat Feats [Multi-Action], [Targeting], [Magic Convergence], [Magic Control], [Universal Metamagic], [Rune Master] and [Wordbreak].</p><p><strong>⏩Icicle Spear/19 (26)/Fortitude/Half</strong></p><p>With \"Range/Area: 2 (30m)/ Shot\" throws a spear made of ice and snow at \"Target: 1 Character\" and deals 2d+20 Water/Ice magic damage to the target.This ability can be used up to 5 times per round (10 seconds), but cannot be used on the same target in the same turn. If it uses this ability more than 3 times, it cannot cast spells on its turn</p>",
  "status1Accuracy": "20",
  "status1AccuracyFix": 27,
  "status1Damage": "2d+18",
  "status1Defense": "21",
  "status1Evasion": "19",
  "status1EvasionFix": 26,
  "status1Hp": "136",
  "status1Mp": "122",
  "status1Style": "Slam",
  "statusNum": 1,
  "taxa": "Fairy",
  "type": "m",
  "unitStatus": {
    "Slam:HP": "136/136",
    "Slam:MP": "122"
  },
  "unitExceptStatus": {
    "HP": 1,
    "MP": 1,
    "Defense": 1
  },
  "fortitude": "19",
  "willpower": "19"
}