{
  "description": "<p>This is a battlefield bard who fights with spellsongs and finales. They are also trained as warriors to stand in the front.</p>",
  "disposition": "Neutral",
  "habitat": "Various",
  "initiative": "13",
  "intellect": "Average",
  "language": "Trade Common, Arcana, Sylvan, Youma, Barbaric",
  "lootsNum": 4,
  "monsterName": "Skald",
  "mndResist": "9",
  "vitResist": "8",
  "lv": "6",
  "parts": "",
  "coreParts": "",
  "mobility": "16",
  "mode": "save",
  "paletteInsertType": "exchange",
  "paletteRemoveTags": "1",
  "paletteTool": "bcdice",
  "paletteUseBuff": "1",
  "paletteUseVar": "1",
  "partsNum": 1,
  "perception": "Five senses",
  "reputation": "9",
  "reputation+": "0",
  "weakness": "None",
  "result": "OK",
  "sheetDescriptionM": "分類:Humanoid　知能:Average　知覚:Five senses　反応:Neutral\n言語:Trade Common, Arcana, Sylvan, Youma, Barbaric　生息地:Various\n弱点:None\n先制値:13　生命抵抗力:8（15）　精神抵抗力:9（16）",
  "sheetDescriptionS": "分類:Humanoid\n弱点:None\n先制値:13　生命抵抗力:8（15）　精神抵抗力:9（16）",
  "sin": "0",
  "skills": "<p><strong>►Basic Spellsongs 5 Level/8 (15)/All area (50m Radius)</strong></p><p></p><p><strong>►[Finale: Beast's Roar]/8 (15)/Willpower/Half</strong></p><p>Uses [Finale: Beast's Roar] at \"Range: 2 (50m)\", dealing 2d+6 bludgeoning magic damage to up to 3 targets.This unique skill can be used only on the turn immediately after using [►Basic Spellsongs] two or more times in succession.</p><p><strong>◯Sword's Grace/Change Fate</strong></p><p>Once per day, they may change the result of a Skill Check or Damage roll by switching the faces of the rolled 2d to the opposite sides and adding +1.</p>",
  "status1Accuracy": "8",
  "status1AccuracyFix": 15,
  "status1Damage": "2d+9",
  "status1Defense": "5",
  "status1Evasion": "8",
  "status1EvasionFix": 15,
  "status1Hp": "35",
  "status1Mp": "20",
  "status1Style": "Weapon",
  "statusNum": 1,
  "taxa": "Humanoid",
  "type": "m",
  "unitStatus": {
    "Weapon:HP": "35/35",
    "Weapon:MP": "20"
  },
  "unitExceptStatus": {
    "HP": 1,
    "MP": 1,
    "Defense": 1
  },
  "loots1Num": "2～5",
  "loots1Item": "Weapon (50G/Black White B)",
  "loots2Num": "6～9",
  "loots2Item": "Fine Instrument (100G/Black White A)",
  "loots3Num": "10～12",
  "loots3Item": "Luxury Instrument (800G/Black White A)",
  "loots4Num": "13+",
  "loots4Item": "Rare Instrument (3,600G/Black White S)",
  "fortitude": "8",
  "willpower": "9"
}