{
  "description": "<p>This is a heavily-armed Skeleton. When it is hit, it shatters, and its bones fly off, blocking the opponent's view, drawing attention, and aiding the attacker.</p>",
  "disposition": "Hostile",
  "habitat": "Ruins",
  "initiative": "13",
  "intellect": "Low",
  "language": "None",
  "lootsNum": 2,
  "monsterName": "Skeleton Guardian",
  "mndResist": "9",
  "vitResist": "8",
  "lv": "7",
  "parts": "",
  "coreParts": "",
  "mobility": "20",
  "mode": "save",
  "paletteInsertType": "exchange",
  "paletteRemoveTags": "1",
  "paletteTool": "bcdice",
  "paletteUseBuff": "1",
  "paletteUseVar": "1",
  "partsNum": 1,
  "perception": "Magic",
  "reputation": "13",
  "reputation+": "16",
  "weakness": "HP Recovery (deals damage instead), +3 points",
  "result": "OK",
  "sheetDescriptionM": "分類:Undead　知能:Low　知覚:Magic　反応:Hostile\n言語:None　生息地:Ruins\n弱点:HP Recovery (deals damage instead), +3 points\n先制値:13　生命抵抗力:8（15）　精神抵抗力:9（16）",
  "sheetDescriptionS": "分類:Undead\n弱点:HP Recovery (deals damage instead), +3 points\n先制値:13　生命抵抗力:8（15）　精神抵抗力:9（16）",
  "sin": "0",
  "skills": "<p><strong>◯Psychic Immunity</strong></p><p></p><p><strong>◯Bone Body</strong></p><p>It is immune to criticals from edged weapons.</p><p><strong>◯Bone Dance</strong></p><p>If Skeleton Guardian has 40 or less HP remaining, it gains a +2 bonus to Accuracy checks. If it has 25 or less HP remaining, the bonus increases to +4. If it has 15 or less HP remaining, its weapon always hits.</p><p><strong>◯Poison Immunity, ◯Disease Immunity, ◯Psychic Type (Weak) Immunity</strong></p><p></p><p><strong>◯Unstable Healing</strong></p><p>Healing effects such as Divine Magic and items like Unicorn's Horn will damage Undead instead.Magitech, Fairy Magic, Nature Magic, etc. healing has no effect on the Undead.Spiritualism Magic and a few other healing effects can restore an Undead's HP.</p>",
  "status1Accuracy": "9",
  "status1AccuracyFix": 16,
  "status1Damage": "2d+8",
  "status1Defense": "10",
  "status1Evasion": "7",
  "status1EvasionFix": 14,
  "status1Hp": "61",
  "status1Mp": "-",
  "status1Style": "Weapon",
  "statusNum": 1,
  "taxa": "Undead",
  "type": "m",
  "unitStatus": {
    "Weapon:HP": "61/61",
    "Weapon:MP": "-"
  },
  "unitExceptStatus": {
    "HP": 1,
    "MP": 1,
    "Defense": 1
  },
  "loots1Num": "2～4",
  "loots1Item": "Sturdy Bones (30G/Red B)",
  "loots2Num": "5+",
  "loots2Item": "Magical Bones (250G/Gold Red A)",
  "fortitude": "8",
  "willpower": "9"
}