{
  "description": "<p>Skeletons are undead creatures that arise when mana inhabits bones after death. Skeleton Fighters are armed with weapons, shields, and armor and possess higher combat abilities than regular skeletons.</p>",
  "disposition": "Hostile",
  "habitat": "Ruins",
  "initiative": "8",
  "intellect": "Low",
  "language": "None",
  "lootsNum": 2,
  "monsterName": "Skeleton Fighter",
  "mndResist": "6",
  "vitResist": "5",
  "lv": "4",
  "parts": "",
  "coreParts": "",
  "mobility": "18/-",
  "mode": "save",
  "paletteInsertType": "exchange",
  "paletteRemoveTags": "1",
  "paletteTool": "bcdice",
  "paletteUseBuff": "1",
  "paletteUseVar": "1",
  "partsNum": 1,
  "perception": "Magical",
  "reputation": "6",
  "reputation+": "13",
  "weakness": "HP Recovery (deals damage instead) +3",
  "result": "OK",
  "sheetDescriptionM": "分類:Undead　知能:Low　知覚:Magical　反応:Hostile\n言語:None　生息地:Ruins\n弱点:HP Recovery (deals damage instead) +3\n先制値:8　生命抵抗力:5（12）　精神抵抗力:6（13）",
  "sheetDescriptionS": "分類:Undead\n弱点:HP Recovery (deals damage instead) +3\n先制値:8　生命抵抗力:5（12）　精神抵抗力:6（13）",
  "sin": "0",
  "skills": "<p><strong>◯Psychic Immunity</strong></p><p></p><p><strong>◯Bone Body</strong></p><p>It is immune to criticals from edged weapons.</p>",
  "status1Accuracy": "6",
  "status1AccuracyFix": 13,
  "status1Damage": "2d+6",
  "status1Defense": "5",
  "status1Evasion": "5",
  "status1EvasionFix": 12,
  "status1Hp": "28",
  "status1Mp": "-",
  "status1Style": "Weapon",
  "statusNum": 1,
  "taxa": "Undead",
  "type": "m",
  "unitStatus": {
    "Weapon:HP": "28/28",
    "Weapon:MP": "-"
  },
  "unitExceptStatus": {
    "HP": 1,
    "MP": 1,
    "Defense": 1
  },
  "loots1Num": "2～8",
  "loots1Item": "Sturdy Bones (30G / Red B)",
  "loots2Num": "9+",
  "loots2Item": "Magical Bones (250G / Gold Red A)",
  "fortitude": "5",
  "willpower": "6"
}