{
  "description": "<p>It is a Skeleton Archer with a body length of about 2 meters. The bow used is also large, increasing the threat level.</p>",
  "disposition": "Hostile",
  "habitat": "Ruins",
  "initiative": "10",
  "intellect": "Low",
  "language": "None",
  "lootsNum": 2,
  "monsterName": "Skeleton Heavy Archer",
  "mndResist": "9",
  "vitResist": "8",
  "lv": "6",
  "parts": "",
  "coreParts": "",
  "mobility": "18",
  "mode": "save",
  "paletteInsertType": "exchange",
  "paletteRemoveTags": "1",
  "paletteTool": "bcdice",
  "paletteUseBuff": "1",
  "paletteUseVar": "1",
  "partsNum": 1,
  "perception": "Magic",
  "reputation": "8",
  "reputation+": "15",
  "weakness": "HP Recovery (deals damage instead), +3 points",
  "result": "OK",
  "sheetDescriptionM": "分類:Undead　知能:Low　知覚:Magic　反応:Hostile\n言語:None　生息地:Ruins\n弱点:HP Recovery (deals damage instead), +3 points\n先制値:10　生命抵抗力:8（15）　精神抵抗力:9（16）",
  "sheetDescriptionS": "分類:Undead\n弱点:HP Recovery (deals damage instead), +3 points\n先制値:10　生命抵抗力:8（15）　精神抵抗力:9（16）",
  "sin": "0",
  "skills": "<p><strong>◯Bone Body</strong></p><p>It is immune to criticals from edged weapons.</p><p><strong>►Bow</strong></p><p>With \"Range: 2 (30m),\" it makes a Shooting Attack with a bow. Its Accuracy check and damage are the same as a normal attack.</p><p><strong>◯Targeting & Hawk Eye</strong></p><p>It can shoot with Bow into a skirmish without causing stray shots, and shoot through skirmishes to attack opponents on the far side.</p><p><strong>◯Poison Immunity, ◯Disease Immunity, ◯Psychic Type (Weak) Immunity</strong></p><p></p><p><strong>◯Unstable Healing</strong></p><p>Healing effects such as Divine Magic and items like Unicorn's Horn will damage Undead instead.Magitech, Fairy Magic, Nature Magic, etc. healing has no effect on the Undead.Spiritualism Magic and a few other healing effects can restore an Undead's HP.</p>",
  "status1Accuracy": "9",
  "status1AccuracyFix": 16,
  "status1Damage": "2d+9",
  "status1Defense": "6",
  "status1Evasion": "7",
  "status1EvasionFix": 14,
  "status1Hp": "48",
  "status1Mp": "0",
  "status1Style": "Bow",
  "statusNum": 1,
  "taxa": "Undead",
  "type": "m",
  "unitStatus": {
    "Bow:HP": "48/48",
    "Bow:MP": "0/0"
  },
  "unitExceptStatus": {
    "HP": 1,
    "MP": 1,
    "Defense": 1
  },
  "loots1Num": "2～6",
  "loots1Item": "Sturdy Bones (30G/Red B) x 1d",
  "loots2Num": "7+",
  "loots2Item": "Magical Bones (250/Gold Red A)",
  "fortitude": "8",
  "willpower": "9"
}