{
  "description": "<p>A walking bone corpse filled with mana. Their entire body is made of bones and usually armed with weapons, shields, and armor. They appear in old battlefields, poorly buried cemeteries, and catacombs, and will attack anyone who approaches them. They may follow more powerful undead and attack the living in packs.</p>",
  "disposition": "Hostile",
  "habitat": "Ruins, Cemetery",
  "initiative": "10",
  "intellect": "Low",
  "language": "None",
  "lootsNum": 3,
  "monsterName": "Skeleton",
  "mndResist": "4",
  "vitResist": "2",
  "lv": "1",
  "parts": "",
  "coreParts": "",
  "mobility": "8",
  "mode": "save",
  "paletteInsertType": "exchange",
  "paletteRemoveTags": "1",
  "paletteTool": "bcdice",
  "paletteUseBuff": "1",
  "paletteUseVar": "1",
  "partsNum": 1,
  "perception": "Magic",
  "reputation": "6",
  "reputation+": "11",
  "weakness": "HP Recovery (deals damage instead) +3 points",
  "result": "OK",
  "sheetDescriptionM": "分類:Undead　知能:Low　知覚:Magic　反応:Hostile\n言語:None　生息地:Ruins, Cemetery\n弱点:HP Recovery (deals damage instead) +3 points\n先制値:10　生命抵抗力:2（9）　精神抵抗力:4（11）",
  "sheetDescriptionS": "分類:Undead\n弱点:HP Recovery (deals damage instead) +3 points\n先制値:10　生命抵抗力:2（9）　精神抵抗力:4（11）",
  "sin": "0",
  "skills": "<p><strong>◯Psychic Immunity</strong></p><p></p><p><strong>◯Bone Body</strong></p><p>A Skeleton is immune to criticals from edged weapons.</p><p><strong>◯Poison Immunity, ◯Disease Immunity, ◯Psychic Type (Weak) Immunity</strong></p><p></p><p><strong>◯Unstable Healing</strong></p><p>Healing effects such as Divine Magic and items like Unicorn's Horn will damage Undead instead.Magitech, Fairy Magic, Nature Magic, etc. healing has no effect on the Undead.Spiritualism Magic and a few other healing effects can restore an Undead's HP.</p>",
  "status1Accuracy": "2",
  "status1AccuracyFix": 9,
  "status1Damage": "2d",
  "status1Defense": "3",
  "status1Evasion": "2",
  "status1EvasionFix": 9,
  "status1Hp": "15",
  "status1Mp": "-",
  "status1Style": "Weapon",
  "statusNum": 1,
  "taxa": "Undead",
  "type": "m",
  "unitStatus": {
    "Weapon:HP": "15/15",
    "Weapon:MP": "-"
  },
  "unitExceptStatus": {
    "HP": 1,
    "MP": 1,
    "Defense": 1
  },
  "loots1Num": "2～5",
  "loots1Item": "None",
  "loots2Num": "6～10",
  "loots2Item": "Sturdy Bones (30G/Red B)",
  "loots3Num": "11+",
  "loots3Item": "Magical Bones (250G/Gold Red A)",
  "fortitude": "2",
  "willpower": "4"
}