{
  "description": "<p>It is a Skeleton  armed with a large weapon and armor. It aggressively attacks and tries to eliminate any approaching creature.</p>",
  "disposition": "Hostile",
  "habitat": "Ruins",
  "initiative": "10",
  "intellect": "Low",
  "language": "None",
  "lootsNum": 2,
  "monsterName": "Skeleton Soldier",
  "mndResist": "7",
  "vitResist": "6",
  "lv": "5",
  "parts": "",
  "coreParts": "",
  "mobility": "21",
  "mode": "save",
  "paletteInsertType": "exchange",
  "paletteRemoveTags": "1",
  "paletteTool": "bcdice",
  "paletteUseBuff": "1",
  "paletteUseVar": "1",
  "partsNum": 1,
  "perception": "Magic",
  "reputation": "7",
  "reputation+": "14",
  "weakness": "HP Recovery (deals damage instead), +3 points",
  "result": "OK",
  "sheetDescriptionM": "分類:Undead　知能:Low　知覚:Magic　反応:Hostile\n言語:None　生息地:Ruins\n弱点:HP Recovery (deals damage instead), +3 points\n先制値:10　生命抵抗力:6（13）　精神抵抗力:7（14）",
  "sheetDescriptionS": "分類:Undead\n弱点:HP Recovery (deals damage instead), +3 points\n先制値:10　生命抵抗力:6（13）　精神抵抗力:7（14）",
  "sin": "0",
  "skills": "<p><strong>◯Psychic Immunity</strong></p><p></p><p><strong>◯Bone Body</strong></p><p>It is immune to criticals from edged weapons.</p><p><strong>🗨Power Strike I</strong></p><p>They can deal an additional 4 damage on their next attack. However, any Evasion Check made by them this turn receives a -2 penalty.</p><p><strong>◯Poison Immunity, ◯Disease Immunity, ◯Psychic Type (Weak) Immunity</strong></p><p></p><p><strong>◯Unstable Healing</strong></p><p>Healing effects such as Divine Magic and items like Unicorn's Horn will damage Undead instead.Magitech, Fairy Magic, Nature Magic, etc. healing has no effect on the Undead.Spiritualism Magic and a few other healing effects can restore an Undead's HP.</p>",
  "status1Accuracy": "8",
  "status1AccuracyFix": 15,
  "status1Damage": "2d+6",
  "status1Defense": "7",
  "status1Evasion": "5",
  "status1EvasionFix": 12,
  "status1Hp": "36",
  "status1Mp": "-",
  "status1Style": "Weapon",
  "statusNum": 1,
  "taxa": "Undead",
  "type": "m",
  "unitStatus": {
    "Weapon:HP": "36/36",
    "Weapon:MP": "-"
  },
  "unitExceptStatus": {
    "HP": 1,
    "MP": 1,
    "Defense": 1
  },
  "loots1Num": "2～7",
  "loots1Item": "Sturdy Bones (30G/Red B)",
  "loots2Num": "8+",
  "loots2Item": "Magical Bones (250G/Gold Red A)",
  "fortitude": "6",
  "willpower": "7"
}