{
  "description": "<p>Humanoids who have fulfilled enough assassination contracts for their abilities to have grown to the point where they can be called âskilled'. Their strikes, while risky, are more powerful than that of an average warrior, and the danger of their chosen victim being struck down with a single blow is real.</p>",
  "disposition": "Neutral",
  "habitat": "Various",
  "initiative": "13",
  "intellect": "Average",
  "language": "Trade Common, Regional Dialect",
  "lootsNum": 3,
  "monsterName": "Skilled Assassin",
  "mndResist": "8",
  "vitResist": "9",
  "lv": "6",
  "parts": "",
  "coreParts": "",
  "mobility": "18/-",
  "mode": "save",
  "paletteInsertType": "exchange",
  "paletteRemoveTags": "1",
  "paletteTool": "bcdice",
  "paletteUseBuff": "1",
  "paletteUseVar": "1",
  "partsNum": 1,
  "perception": "Five Senses",
  "reputation": "9",
  "reputation+": "-",
  "weakness": "None",
  "result": "OK",
  "sheetDescriptionM": "分類:Humanoid　知能:Average　知覚:Five Senses　反応:Neutral\n言語:Trade Common, Regional Dialect　生息地:Various\n弱点:None\n先制値:13　生命抵抗力:9（16）　精神抵抗力:8（15）",
  "sheetDescriptionS": "分類:Humanoid\n弱点:None\n先制値:13　生命抵抗力:9（16）　精神抵抗力:8（15）",
  "sin": "0",
  "skills": "<p><strong>◯Sword's Grace/Change Fate</strong></p><p>Once per day, they may choose to change the result of a Skill Check or Damage roll, by switching the faces of the rolled 2d to the opposite sides.</p><p><strong>🗨Desperate Strike I</strong></p><p>Add +5 damage to a successful Weapon attack. At the same time, the Apprentice Assassin receives 5 points of fixed damage to HP.If the attack is not successful, the Assassin does not receive any fixed damage.</p><p><strong>⏩△Techniques</strong></p><p>The Skilled Assassin can use the [Cat's Eyes], [Gazelle Feet] and [Bear Muscle] Techniques.</p>",
  "status1Accuracy": "9",
  "status1AccuracyFix": 16,
  "status1Damage": "2d+8",
  "status1Defense": "6",
  "status1Evasion": "8",
  "status1EvasionFix": 15,
  "status1Hp": "43",
  "status1Mp": "15",
  "status1Style": "Weapon",
  "statusNum": 1,
  "taxa": "Humanoid",
  "type": "m",
  "unitStatus": {
    "Weapon:HP": "43/43",
    "Weapon:MP": "15"
  },
  "unitExceptStatus": {
    "HP": 1,
    "MP": 1,
    "Defense": 1
  },
  "loots1Num": "2～6",
  "loots1Item": "None",
  "loots2Num": "7～11",
  "loots2Item": "Bag of Silver (100G/-) x 1d",
  "loots3Num": "12+",
  "loots3Item": "Gems (150G/Gold A) x 1d",
  "fortitude": "9",
  "willpower": "8"
}