{
  "description": "<p>With sword and shield at the ready, this mercenary relies on his sword arm and leather armor to protect him from the dangers of the road.</p>",
  "disposition": "Neutral",
  "habitat": "Various",
  "initiative": "14",
  "intellect": "Average",
  "language": "Trade Common",
  "lootsNum": 4,
  "monsterName": "Skilled Mercenary",
  "mndResist": "7",
  "vitResist": "8",
  "lv": "5",
  "parts": "",
  "coreParts": "",
  "mobility": "20",
  "mode": "save",
  "paletteInsertType": "exchange",
  "paletteRemoveTags": "1",
  "paletteTool": "bcdice",
  "paletteUseBuff": "1",
  "paletteUseVar": "1",
  "partsNum": 1,
  "perception": "Five senses",
  "reputation": "8",
  "reputation+": "0",
  "weakness": "None",
  "result": "OK",
  "sheetDescriptionM": "分類:Humanoid　知能:Average　知覚:Five senses　反応:Neutral\n言語:Trade Common　生息地:Various\n弱点:None\n先制値:14　生命抵抗力:8（15）　精神抵抗力:7（14）",
  "sheetDescriptionS": "分類:Humanoid\n弱点:None\n先制値:14　生命抵抗力:8（15）　精神抵抗力:7（14）",
  "sin": "0",
  "skills": "<p><strong>🗨Quick Slash</strong></p><p>Gains +1 to Accuracy. This ability has no effect on characters equipped with metal armor.</p><p><strong>🗨Power Strike I</strong></p><p>They can deal an additional 4 damage on their next attack. However, any Evasion Check made by them this turn receives a -2 penalty.</p><p><strong>◯Sword's Grace/Change Fate</strong></p><p>Once per day, they may choose to change the result of a Skill Check or Damage roll by switching the faces of the rolled 2d to the opposite sides.</p>",
  "status1Accuracy": "8",
  "status1AccuracyFix": 15,
  "status1Damage": "2d+10",
  "status1Defense": "5",
  "status1Evasion": "8",
  "status1EvasionFix": 15,
  "status1Hp": "52",
  "status1Mp": "12",
  "status1Style": "Sword",
  "statusNum": 1,
  "taxa": "Humanoid",
  "type": "m",
  "unitStatus": {
    "Sword:HP": "52/52",
    "Sword:MP": "12"
  },
  "unitExceptStatus": {
    "HP": 1,
    "MP": 1,
    "Defense": 1
  },
  "loots1Num": "2～3",
  "loots1Item": "None",
  "loots2Num": "4～7",
  "loots2Item": "Bag of Silver (30G) x 1d",
  "loots3Num": "8～9",
  "loots3Item": "Bag of Silver (100G) x 1d",
  "loots4Num": "10+",
  "loots4Item": "Gem (150G/Gold A) x 1d",
  "fortitude": "8",
  "willpower": "7"
}