{
  "description": "<p>This is an undead monster raptor. It has no flesh left but only bones.</p><p>They are often found in ruins in swarms, or they can be accompanied by stronger undead.</p>",
  "disposition": "Hostile",
  "habitat": "Ruins, Abandoned Houses",
  "initiative": "10",
  "intellect": "Animal",
  "language": "None",
  "lootsNum": 2,
  "monsterName": "Skull Bird",
  "mndResist": "5",
  "vitResist": "6",
  "lv": "3",
  "parts": "",
  "coreParts": "",
  "mobility": "10/16 (Flying)",
  "mode": "save",
  "paletteInsertType": "exchange",
  "paletteRemoveTags": "1",
  "paletteTool": "bcdice",
  "paletteUseBuff": "1",
  "paletteUseVar": "1",
  "partsNum": 1,
  "perception": "Magic",
  "reputation": "10",
  "reputation+": "13",
  "weakness": "HP Recovery (deals damage instead), +3 points",
  "result": "OK",
  "sheetDescriptionM": "分類:Undead　知能:Animal　知覚:Magic　反応:Hostile\n言語:None　生息地:Ruins, Abandoned Houses\n弱点:HP Recovery (deals damage instead), +3 points\n先制値:10　生命抵抗力:6（13）　精神抵抗力:5（12）",
  "sheetDescriptionS": "分類:Undead\n弱点:HP Recovery (deals damage instead), +3 points\n先制値:10　生命抵抗力:6（13）　精神抵抗力:5（12）",
  "sin": "0",
  "skills": "<p><strong>◯Psychic Immunity</strong></p><p></p><p><strong>◯Bone Body</strong></p><p>It is immune to criticals from edged weapons.</p><p><strong>◯Flight</strong></p><p>Receives a +1 bonus to Accuracy and Evasion only for melee attacks.</p><p><strong>🗨Piercing Attack</strong></p><p>When a melee attack deals physical damage to a target, the target's Defense is halved (rounded up) for that attack. At risk, the monster takes a -1 penalty to Evasion checks.</p><p><strong>◯Poison Immunity, ◯Disease Immunity, ◯Psychic Type (Weak) Immunity</strong></p><p></p><p><strong>◯Unstable Healing</strong></p><p>Healing effects such as Divine Magic and items like Unicorn's Horn will damage Undead instead.Magitech, Fairy Magic, Nature Magic, etc. healing has no effect on the Undead.Spiritualism Magic and a few other healing effects can restore an Undead's HP.</p>",
  "status1Accuracy": "5",
  "status1AccuracyFix": 12,
  "status1Damage": "2d+4",
  "status1Defense": "5",
  "status1Evasion": "5",
  "status1EvasionFix": 12,
  "status1Hp": "19",
  "status1Mp": "11",
  "status1Style": "Beak",
  "statusNum": 1,
  "taxa": "Undead",
  "type": "m",
  "unitStatus": {
    "Beak:HP": "19/19",
    "Beak:MP": "11"
  },
  "unitExceptStatus": {
    "HP": 1,
    "MP": 1,
    "Defense": 1
  },
  "loots1Num": "2～9",
  "loots1Item": "Soulscarred Bird Bones (50G/Red B)",
  "loots2Num": "10+",
  "loots2Item": "Soulscarred Bird Skull (250G/Red A)",
  "fortitude": "6",
  "willpower": "5"
}