{
  "description": "<p>These flying whales live in the vicinity of the Floating Masses. They are white and can grow up to 15 meters in length. They usually hide among clouds and are not easily spotted.</p><p>They prey on small flying birds and rarely attack Humanoids.</p><p><em>For the mount version of this creature, see Sky Whale (mount).</em></p>",
  "disposition": "Neutral",
  "habitat": "Mountains, Floating Masses",
  "initiative": "16",
  "intellect": "Animal",
  "language": "Sea Animal",
  "lootsNum": 3,
  "monsterName": "Sky Whale",
  "mndResist": "13",
  "vitResist": "13",
  "lv": "10",
  "parts": "3 (Head / Body / Tail)",
  "coreParts": "Head",
  "mobility": "-/20 (Floating)",
  "mode": "save",
  "paletteInsertType": "exchange",
  "paletteRemoveTags": "1",
  "paletteTool": "bcdice",
  "paletteUseBuff": "1",
  "paletteUseVar": "1",
  "partsNum": 3,
  "perception": "Five senses",
  "reputation": "18",
  "reputation+": "21",
  "weakness": "Wind damage +3 points",
  "result": "OK",
  "sheetDescriptionM": "分類:Animal　知能:Animal　知覚:Five senses　反応:Neutral\n言語:Sea Animal　生息地:Mountains, Floating Masses\n弱点:Wind damage +3 points\n先制値:16　生命抵抗力:13（20）　精神抵抗力:13（20）",
  "sheetDescriptionS": "分類:Animal\n弱点:Wind damage +3 points\n先制値:16　生命抵抗力:13（20）　精神抵抗力:13（20）",
  "sin": "0",
  "skills": "<p><strong>►Ultrasonic Attack/12 (19)/Fortitude/Negates</strong></p><p>With \"Range/Area: 2 (30m) / Shot\", the target is hit with a highly directional ultrasonic blast that paralyzes the enemy. Target will have -2 on all action checks for 30 seconds (3 rounds). This effect is not cumulative.A character who is deafened is immune to this effect.</p><br><br><p><strong>►Mist Breath/13 (20/Fortitude/Half</strong></p><p>With \"Range/area: 2 (20m)/ Shot\" and \"Target: 1 area (5m Radius) / 15\" is dealt 2d+12 water/ice magic damage.In addition, a target that fails a resistance check suffers a -2 penalty on Accuracy checks and Evasion checks for 10 seconds (1 round).This ability cannot be used on consecutive turns.</p><br><br><p><strong>🗨Tail Sweep</strong></p><p>The monster can use its tail to attack up to 5 targets in the same skirmish. An Accuracy check is made on all characters at once, and damage is determined individually.This attack cannot be used in consecutive rounds.</p>",
  "status1Accuracy": "13",
  "status1AccuracyFix": 20,
  "status1Damage": "2d+14",
  "status1Defense": "10",
  "status1Evasion": "12",
  "status1EvasionFix": 19,
  "status1Hp": "96",
  "status1Mp": "33",
  "status1Style": "Bite(Head)",
  "status2Accuracy": "12",
  "status2AccuracyFix": 19,
  "status2Damage": "2d+16",
  "status2Defense": "8",
  "status2Evasion": "12",
  "status2EvasionFix": 19,
  "status2Hp": "88",
  "status2Mp": "31",
  "status2Style": "Slam(Body)",
  "status3Accuracy": "13",
  "status3AccuracyFix": 20,
  "status3Damage": "2d+12",
  "status3Defense": "7",
  "status3Evasion": "13",
  "status3EvasionFix": 20,
  "status3Hp": "68",
  "status3Mp": "25",
  "status3Style": "Tail(Tail)",
  "statusNum": 3,
  "taxa": "Animal",
  "type": "m",
  "unitStatus": {
    "Bite(Head):HP": "96/96",
    "Bite(Head):MP": "33",
    "Slam(Body):HP": "88/88",
    "Slam(Body):MP": "31",
    "Tail(Tail):HP": "68/68",
    "Tail(Tail):MP": "25"
  },
  "unitExceptStatus": {
    "HP": 3,
    "MP": 3,
    "Defense": 3
  },
  "loots1Num": "Always",
  "loots1Item": "Water Crystal (1,600G/Gold S)",
  "loots2Num": "2～9",
  "loots2Item": "None",
  "loots3Num": "10+",
  "loots3Item": "Wind Crystal (1,600G)",
  "fortitude": "13",
  "willpower": "13"
}