{
  "description": "<p>The Wyvern is a Mythical Beast with a lizard-like head and torso and large wings composed of cortical membranes that allow it to fly. It is sometimes called a \"false dragon\" because it looks like a dragon, but unlike a dragon, it does not have forelimbs. They also have a low intellect and cannot speak.</p><p>There are many subspecies of Wyverns, differing in size, the type of breath they emit, and whether or not they have a poison stinger on their tail. The Sky Wyvern, common in the Ursyla region, is the smallest of the Wyvern species and is considered relatively easy to control. It is characterized by its shiny, bluish-purple body color.</p>",
  "disposition": "Neutral",
  "habitat": "Mountains",
  "initiative": "15",
  "intellect": "Low",
  "language": "None",
  "lootsNum": 4,
  "monsterName": "Sky Wyvern",
  "mndResist": "8",
  "vitResist": "9",
  "lv": "6",
  "parts": "2 (Head / Body)",
  "coreParts": "Head",
  "mobility": "9/30 (Flying)",
  "mode": "save",
  "paletteInsertType": "exchange",
  "paletteRemoveTags": "1",
  "paletteTool": "bcdice",
  "paletteUseBuff": "1",
  "paletteUseVar": "1",
  "partsNum": 2,
  "perception": "Five senses",
  "reputation": "12",
  "reputation+": "17",
  "weakness": "Earth damage +3 points",
  "result": "OK",
  "sheetDescriptionM": "分類:Mythical Beast　知能:Low　知覚:Five senses　反応:Neutral\n言語:None　生息地:Mountains\n弱点:Earth damage +3 points\n先制値:15　生命抵抗力:9（16）　精神抵抗力:8（15）",
  "sheetDescriptionS": "分類:Mythical Beast\n弱点:Earth damage +3 points\n先制値:15　生命抵抗力:9（16）　精神抵抗力:8（15）",
  "sin": "0",
  "skills": "<p><strong>◯Delicate Loot</strong></p><p>Whenever an Edged weapon, Wind, or Slashing damage deals 10 or more points of applied damage at any one time, a False Dragon Scale is added to the \"Always\" obtained loot. This effect is cumulative up to 3 times.</p><br><br><p><strong>►Impact Breath / 8 (15) / Fortitude / Half</strong></p><p>With \"Range / Area: 2 (30m) / Shot\", the Sky Wyvern spits a wave at \"Target: 1 Character\", dealing 2d+6 Bludgeoning magic damage and knocking it prone.This ability cannot be used in consecutive turns.</p><br><br><p><strong>◯Flight</strong></p><p>All sections receive a +1 bonus to Accuracy and Evasion only for melee attacks.If the Body section falls to 0 HP or lower, this unique skill cannot be used.</p><p><strong>►Twin Strike & Double Attack</strong></p><p>It can make two Claws attacks each round, though each attack requires its accuracy check. They may choose to attack different characters with each attack.</p>",
  "status1Accuracy": "7",
  "status1AccuracyFix": 14,
  "status1Damage": "2d+8",
  "status1Defense": "6",
  "status1Evasion": "7",
  "status1EvasionFix": 14,
  "status1Hp": "48",
  "status1Mp": "18",
  "status1Style": "Bite (Head)",
  "status2Accuracy": "8",
  "status2AccuracyFix": 15,
  "status2Damage": "2d+6",
  "status2Defense": "7",
  "status2Evasion": "6",
  "status2EvasionFix": 13,
  "status2Hp": "51",
  "status2Mp": "13",
  "status2Style": "Claws (Body)",
  "statusNum": 2,
  "taxa": "Mythical Beast",
  "type": "m",
  "unitStatus": {
    "Bite (Head):HP": "48/48",
    "Bite (Head):MP": "18",
    "Claws (Body):HP": "51/51",
    "Claws (Body):MP": "13"
  },
  "unitExceptStatus": {
    "HP": 2,
    "MP": 2,
    "Defense": 2
  },
  "loots1Num": "Always",
  "loots1Item": "False Dragon Scale (350G/Red A)",
  "loots2Num": "2～9",
  "loots2Item": "Dragonic Patagium (500G/Red A)",
  "loots3Num": "10～12",
  "loots3Item": "Blue-Purple Dragonic Patagium (1,000G/Red S)",
  "loots4Num": "13+",
  "loots4Item": "Lazuli Dragonic Patagium (3,000G/Red S)",
  "fortitude": "9",
  "willpower": "8"
}