{
  "description": "<p>It is a small airship. It has no combat capability and is for transportation only. It can accommodate up to 10 passengers in addition to a pilot. Rarely excavated from the ruins of Magitech Civilization, they are sold at high prices. Some of them have sails and use wind power.</p><p>The Magitech spell [Skyship] can make one with the same capabilities.</p>",
  "disposition": "Instructed",
  "habitat": "Unknown",
  "initiative": "19",
  "intellect": "None",
  "language": "None",
  "lootsNum": 1,
  "monsterName": "Skyship",
  "mndResist": "17",
  "vitResist": "18",
  "lv": "14",
  "parts": "",
  "coreParts": "",
  "mobility": "-/50 (Flying)",
  "mode": "save",
  "paletteInsertType": "exchange",
  "paletteRemoveTags": "1",
  "paletteTool": "bcdice",
  "paletteUseBuff": "1",
  "paletteUseVar": "1",
  "partsNum": 1,
  "perception": "Magic",
  "reputation": "16",
  "reputation+": "19",
  "weakness": "Fire damage +3 points",
  "result": "OK",
  "sheetDescriptionM": "分類:Magitech　知能:None　知覚:Magic　反応:Instructed\n言語:None　生息地:Unknown\n弱点:Fire damage +3 points\n先制値:19　生命抵抗力:18（25）　精神抵抗力:17（24）",
  "sheetDescriptionS": "分類:Magitech\n弱点:Fire damage +3 points\n先制値:19　生命抵抗力:18（25）　精神抵抗力:17（24）",
  "sin": "0",
  "skills": "<p><strong>◯Flight</strong></p><p>A Skyship receives a +1 bonus to Accuracy and Evasion only for melee attacks.</p><p><strong>◯Mounted = 10 Characters</strong></p><p>Up to 10 characters can be mounted in addition to the pilot.This ability can exceptionally mount characters that can store something within them to be boarded. However, characters with the [◯Mounted] unique skill cannot be mounted.</p><p><strong>◯Poison Immunity, ◯Disease Immunity, ◯Psychic Type Immunity</strong></p><p></p><p><strong>◯Limited Healing</strong></p><p>Effects which can heal Magitech HP are very limited, and mostly come from Spiritualism Magic and some special items.Healing effects such as Divine Magic, Fairy Magic, and Nature Magic cannot restore a Magitech's HP.</p><p><strong>◯Can Be Detected</strong></p><p>Magitech can be detected with the [Sense Magic] spell and similar effects.</p>",
  "status1Accuracy": "-",
  "status1AccuracyFix": null,
  "status1Damage": "-",
  "status1Defense": "20",
  "status1Evasion": "15",
  "status1EvasionFix": 22,
  "status1Hp": "200",
  "status1Mp": "-",
  "status1Style": "None",
  "statusNum": 1,
  "taxa": "Magitech",
  "type": "m",
  "unitStatus": {
    "None:HP": "200/200",
    "None:MP": "-"
  },
  "unitExceptStatus": {
    "HP": 1,
    "MP": 1,
    "Defense": 1
  },
  "loots1Num": "Always",
  "loots1Item": "Broken Magitech Components (50G/Black B) x 5",
  "fortitude": "18",
  "willpower": "17"
}