{
  "description": "<p>Sleipnirs are wind fairies that take the shape of an eight-legged horse. They are known as \"gale fairies\" due to their incredible speed. Sleipnirs can move at unnoticeable speeds, and when they travel, they create massive gusts of wind behind them. However, they are quite temperamental and can run down from a mountain past a village in a rage. The wind they create in these situations can easily destroy the village with little effort.</p>",
  "disposition": "Neutral",
  "habitat": "Grasslands, Mountains",
  "initiative": "22",
  "intellect": "Average",
  "language": "Sylvan",
  "lootsNum": 0,
  "monsterName": "Sleipnir",
  "mndResist": "21",
  "vitResist": "21",
  "lv": "15",
  "parts": "",
  "coreParts": "",
  "mobility": "44(Many Legs)/88(Flying)",
  "mode": "save",
  "paletteInsertType": "exchange",
  "paletteRemoveTags": "1",
  "paletteTool": "bcdice",
  "paletteUseBuff": "1",
  "paletteUseVar": "1",
  "partsNum": 1,
  "perception": "Five senses",
  "reputation": "18",
  "reputation+": "21",
  "weakness": "Earth damage +3 points",
  "result": "OK",
  "sheetDescriptionM": "分類:Fairy　知能:Average　知覚:Five senses　反応:Neutral\n言語:Sylvan　生息地:Grasslands, Mountains\n弱点:Earth damage +3 points\n先制値:22　生命抵抗力:21（28）　精神抵抗力:21（28）",
  "sheetDescriptionS": "分類:Fairy\n弱点:Earth damage +3 points\n先制値:22　生命抵抗力:21（28）　精神抵抗力:21（28）",
  "sin": "0",
  "skills": "<p><strong>◯Type: Wind/Magic Power 19 (26)</strong></p><p></p><p><strong>◯🗨►Magic Aptitude</strong></p><p>They can use the Combat Feats [Multi-Action], [Targeting], [Magic Convergence], [Magic Control], [Universal Metamagic], and [Wordbreak].</p><p><strong>◯Slashing Immunity</strong></p><p></p><p><strong>◯Wind Body</strong></p><p>Slashing weapons treat the Sleipnir's Defense as 5 points higher.</p><p><strong>◯Flight</strong></p><p>A Sleipnir receives a +1 bonus to Accuracy and Evasion only for melee attacks.</p><p><strong>◯Earth Vulnerability</strong></p><p>When the Sleipnir is hit by Earth-type damage, it takes an extra 3 damage.</p><p><strong>►Gale Movement/20 (27)/Fortitude/Negates</strong></p><p>The Sleipnir charges full force with \"Range: 2 (132m)\" and \"Area: Breakthrough\", dealing 2d+20 Wind magic damage causes targets to fall prone. It can be used only on the ground, and if it is used, the Sleipnir takes a -4 penalty on Evasion checks until the beginning of its next turn.This ability cannot be used in consecutive turns</p>",
  "status1Accuracy": "21",
  "status1AccuracyFix": 28,
  "status1Damage": "2d+18",
  "status1Defense": "17",
  "status1Evasion": "21",
  "status1EvasionFix": 28,
  "status1Hp": "143",
  "status1Mp": "87",
  "status1Style": "Hoofs",
  "statusNum": 1,
  "taxa": "Fairy",
  "type": "m",
  "unitStatus": {
    "Hoofs:HP": "143/143",
    "Hoofs:MP": "87"
  },
  "unitExceptStatus": {
    "HP": 1,
    "MP": 1,
    "Defense": 1
  },
  "fortitude": "21",
  "willpower": "21"
}