{
  "description": "<p>A Humanoid who has achieved moderate skill as a magician. Their abilities outside of their magic are not a threat, but as long as they have MP and Mako Stones, they can use powerful magic to eliminate enemies and support allies. The GM should decide on their specific magic type in advance. If this monster appears in solo play, it should be treated as having learned Truespeech Magic, unless otherwise specified.</p>",
  "disposition": "Neutral",
  "habitat": "Various",
  "initiative": "12",
  "intellect": "Average",
  "language": "Trade Common, Regional Dialect, Learned Magic Language",
  "lootsNum": 5,
  "monsterName": "Sorcerer",
  "mndResist": "9",
  "vitResist": "7",
  "lv": "6",
  "parts": "",
  "coreParts": "",
  "mobility": "14/-",
  "mode": "save",
  "paletteInsertType": "exchange",
  "paletteRemoveTags": "1",
  "paletteTool": "bcdice",
  "paletteUseBuff": "1",
  "paletteUseVar": "1",
  "partsNum": 1,
  "perception": "Five Senses",
  "reputation": "9",
  "reputation+": "-",
  "weakness": "None",
  "result": "OK",
  "sheetDescriptionM": "分類:Humanoid　知能:Average　知覚:Five Senses　反応:Neutral\n言語:Trade Common, Regional Dialect, Learned Magic Language　生息地:Various\n弱点:None\n先制値:12　生命抵抗力:7（14）　精神抵抗力:9（16）",
  "sheetDescriptionS": "分類:Humanoid\n弱点:None\n先制値:12　生命抵抗力:7（14）　精神抵抗力:9（16）",
  "sin": "0",
  "skills": "<p><strong>◯Sword's Grace/Change Fate</strong></p><p>Once per day, they may choose to change the result of a Skill Check or Damage roll, by switching the faces of the rolled 2d to the opposite sides.</p><p><strong>►Magic (1 System) Level 6/Magic Power 9 (16)</strong></p><p>The Wizard has mastered one of the following: Truespeech Magic, Spiritualism Magic, Fairy Magic, Magitech, Nature Magic or Summoning Arts up to Level 6.</p><p><strong>◯🗨Magical Aptitude</strong></p><p>The Sorcerer has learned the [Targeting], [Metamagic/Targets] and [Cheat Cast I] Combat Feats.</p><p><strong>◯Mako Stone</strong></p><p>The Sorcerer possesses 3 Mako Stones with 5 MP remaining each, which can be consumed when using skills or transferred to other characters.Mako Stones that are not consumed before the Sorcerer's HP falls below 0 are automatically acquired when determining loot.</p>",
  "status1Accuracy": "5",
  "status1AccuracyFix": 12,
  "status1Damage": "2d+3",
  "status1Defense": "5",
  "status1Evasion": "5",
  "status1EvasionFix": 12,
  "status1Hp": "34",
  "status1Mp": "39",
  "status1Style": "Weapon",
  "statusNum": 1,
  "taxa": "Humanoid",
  "type": "m",
  "unitStatus": {
    "Weapon:HP": "34/34",
    "Weapon:MP": "39"
  },
  "unitExceptStatus": {
    "HP": 1,
    "MP": 1,
    "Defense": 1
  },
  "loots1Num": "Always",
  "loots1Item": "Remaining Mako Stones (See Above)",
  "loots2Num": "2～3",
  "loots2Item": "None",
  "loots3Num": "4～7",
  "loots3Item": "Bag of Silver (50G/-) x1d",
  "loots4Num": "8～11",
  "loots4Item": "Bag of Silver (100G/-) x 1d",
  "loots5Num": "12",
  "loots5Item": "Gems (300G/Gold A) x 1d",
  "fortitude": "7",
  "willpower": "9"
}