{
  "description": "<p>Sparaci is a fairy which looks like a popping firework about 20cm long. It has a strong ego and cannot speak on its own, but it can understand the Sylvan language spoken by others. When it hits, the force may be too strong and cause it to explode and disappear.</p>",
  "disposition": "Friendly",
  "habitat": "Volcanoes, Cities",
  "initiative": "9",
  "intellect": "Average",
  "language": "Sylvan",
  "lootsNum": 0,
  "monsterName": "Sparaci",
  "mndResist": "5",
  "vitResist": "5",
  "lv": "3",
  "parts": "",
  "coreParts": "",
  "mobility": "-/10 (Floating)",
  "mode": "save",
  "paletteInsertType": "exchange",
  "paletteRemoveTags": "1",
  "paletteTool": "bcdice",
  "paletteUseBuff": "1",
  "paletteUseVar": "1",
  "partsNum": 1,
  "perception": "Magic",
  "reputation": "10",
  "reputation+": "13",
  "weakness": "Water/Ice damage +3 points",
  "result": "OK",
  "sheetDescriptionM": "分類:Fairy　知能:Average　知覚:Magic　反応:Friendly\n言語:Sylvan　生息地:Volcanoes, Cities\n弱点:Water/Ice damage +3 points\n先制値:9　生命抵抗力:5（12）　精神抵抗力:5（12）",
  "sheetDescriptionS": "分類:Fairy\n弱点:Water/Ice damage +3 points\n先制値:9　生命抵抗力:5（12）　精神抵抗力:5（12）",
  "sin": "0",
  "skills": "<p><strong>◯Type: Fire / Magic Power 5 (12)</strong></p><p></p><p><strong>◯Illumination</strong></p><p>\"1 area (5m radius) / Space\" centered on this monster is treated as illuminated.</p><p><strong>◯Spark Burst</strong></p><p>If the Sparaci's roll of the damage decision is a double 1s, the damage is increased by 5 points. If damage is increased by this ability, the monster's HP becomes 0 after the damage is dealt, and Sparaci dies</p>",
  "status1Accuracy": "5",
  "status1AccuracyFix": 12,
  "status1Damage": "2d+4",
  "status1Defense": "2",
  "status1Evasion": "5",
  "status1EvasionFix": 12,
  "status1Hp": "24",
  "status1Mp": "16",
  "status1Style": "Slam",
  "statusNum": 1,
  "taxa": "Fairy",
  "type": "m",
  "unitStatus": {
    "Slam:HP": "24/24",
    "Slam:MP": "16"
  },
  "unitExceptStatus": {
    "HP": 1,
    "MP": 1,
    "Defense": 1
  },
  "fortitude": "5",
  "willpower": "5"
}