{
  "description": "<p>A Specter is believed to be the spirit of a powerful and angry magic user. Often, these spellcasters lived during the age of the Magical Civilization, the Magic Civilization period, and their sheer hatred of the living has kept their form intact. In fact, this hatred drives the Specter to kill anyone it comes across. For some reason, Specters will only be found at night and disappear during the day. However, unlike some others, the sun does not damage the Specter.</p>",
  "disposition": "Hostile",
  "habitat": "Labyrinths, Cemetery",
  "initiative": "13",
  "intellect": "High",
  "language": "Arcana",
  "lootsNum": 3,
  "monsterName": "Specter",
  "mndResist": "11",
  "vitResist": "9",
  "lv": "8",
  "parts": "",
  "coreParts": "",
  "mobility": "-/18 (Flying)",
  "mode": "save",
  "paletteInsertType": "exchange",
  "paletteRemoveTags": "1",
  "paletteTool": "bcdice",
  "paletteUseBuff": "1",
  "paletteUseVar": "1",
  "partsNum": 1,
  "perception": "Magic",
  "reputation": "14",
  "reputation+": "17",
  "weakness": "HP Recovery (deals damage instead), +3 points",
  "result": "OK",
  "sheetDescriptionM": "分類:Undead　知能:High　知覚:Magic　反応:Hostile\n言語:Arcana　生息地:Labyrinths, Cemetery\n弱点:HP Recovery (deals damage instead), +3 points\n先制値:13　生命抵抗力:9（16）　精神抵抗力:11（18）",
  "sheetDescriptionS": "分類:Undead\n弱点:HP Recovery (deals damage instead), +3 points\n先制値:13　生命抵抗力:9（16）　精神抵抗力:11（18）",
  "sin": "0",
  "skills": "<p><strong>◯Normal Weapon Immunity</strong></p><p></p><p><strong>►Truespeech Magic, Spiritualism Magic 8 Level/Magic Power 12 (19)</strong></p><p></p><p><strong>◯🗨Magic Aptitude</strong></p><p>They can use the Combat Feats [Targeting], [Magic Convergence], [Magic Control], and [Metamagic/Targets].</p><p><strong>◯Flight</strong></p><p>Receives a +1 bonus to Accuracy and Evasion only for melee attacks.</p><p><strong>◯Poison Immunity, ◯Disease Immunity, ◯Psychic Type (Weak) Immunity</strong></p><p></p><p><strong>◯Unstable Healing</strong></p><p>Healing effects such as Divine Magic and items like Unicorn's Horn will damage Undead instead.Magitech, Fairy Magic, Nature Magic, etc. healing has no effect on the Undead.Spiritualism Magic and a few other healing effects can restore an Undead's HP.</p>",
  "status1Accuracy": "10",
  "status1AccuracyFix": 17,
  "status1Damage": "2d+4",
  "status1Defense": "7",
  "status1Evasion": "10",
  "status1EvasionFix": 17,
  "status1Hp": "66",
  "status1Mp": "60",
  "status1Style": "Fist",
  "statusNum": 1,
  "taxa": "Undead",
  "type": "m",
  "unitStatus": {
    "Fist:HP": "66/66",
    "Fist:MP": "60"
  },
  "unitExceptStatus": {
    "HP": 1,
    "MP": 1,
    "Defense": 1
  },
  "loots1Num": "2～9",
  "loots1Item": "None",
  "loots2Num": "10～12",
  "loots2Item": "Old Cloak (200G/White A)",
  "loots3Num": "13+",
  "loots3Item": "Ancient Robe (3,300G/White S)",
  "fortitude": "9",
  "willpower": "11"
}