{
  "description": "<p>The Sphinx is a mythical beast about 5m tall, with the body of a lion, the wings of an eagle, and the face of a beautiful human woman. Highly intelligent and powerful wizards in their own right, Sphinxes can speak any language and cast the most known magic spells, regardless of Class. Sphinxes are often seen serving as gatekeepers for ancient magicians, welcoming those who can answer their riddles as friends of the magician. However, failing to come up with the correct response will lead to a dire fate.</p>",
  "disposition": "Neutral",
  "habitat": "Ruins",
  "initiative": "20",
  "intellect": "High",
  "language": "All",
  "lootsNum": 4,
  "monsterName": "Sphinx",
  "mndResist": "22",
  "vitResist": "20",
  "lv": "15",
  "parts": "4 (Head / Body / Wing x 2)",
  "coreParts": "Head",
  "mobility": "20 (4 Legs)/40 (Flying)",
  "mode": "save",
  "paletteInsertType": "exchange",
  "paletteRemoveTags": "1",
  "paletteTool": "bcdice",
  "paletteUseBuff": "1",
  "paletteUseVar": "1",
  "partsNum": 4,
  "perception": "Five senses",
  "reputation": "18",
  "reputation+": "25",
  "weakness": "Physical damage +2 points",
  "result": "OK",
  "sheetDescriptionM": "分類:Mythical Beast　知能:High　知覚:Five senses　反応:Neutral\n言語:All　生息地:Ruins\n弱点:Physical damage +2 points\n先制値:20　生命抵抗力:20（27）　精神抵抗力:22（29）",
  "sheetDescriptionS": "分類:Mythical Beast\n弱点:Physical damage +2 points\n先制値:20　生命抵抗力:20（27）　精神抵抗力:22（29）",
  "sin": "0",
  "skills": "<p><strong>◯Mana Resistance</strong></p><p>Reduce all Magic Damage Sphinx receive by -5.</p><p><strong>◯Knowledge Incarnate & Weakness Exploit</strong></p><p>Sphinx can make Sage Knowledge checks with a standard value of 20. In this case, it knows combat feat [Sage's Wisdom].Sphinx deals double damage to other monster weak points it detected.</p><br><br><p><strong>►Magic (All Systems) 13 Level/Magic Power 19 (26)</strong></p><p>It has mastered all magic systems at 13 levels.For Fairy Magic, it can use all types of magic up to rank 13.</p><p><strong>◯Multiple Actions = 3 times</strong></p><p></p><p><strong>◯🗨►Magic Aptitude</strong></p><p>The Sphinx can use all Combat Feats that are \"Use: Wizard-Type Classes\" and [Multi-Action], [Targeting], [Hawk Eye], [Metamagic Master], [Marionette], [Mana Save], [MP Save/All Wizard-Type Classes], and [Wordbreak].</p><p><strong>⏩Riddle/20 (27)/Adventurer Level + Intelligence Modifier/Negates</strong></p><p>The Sphinx can ask \"Target: 1 Entire Character\" within \"Range/Area: 2 (100m) / Target\" a riddle. This Riddle cannot be prevented even if the target is unable to hear or speak. On a failed roll, the target cannot move or perform Major Actions or Minor Actions for 30 seconds (3 rounds). This effect is of Curse + Psychic type.This unique skill can be used only once per round.</p><br><br><p><strong>◯Attack Obstacle = +4 • None</strong></p><p>The Sphinx's huge body blocks attacks. Against melee attacks, the Head section receives a +4 bonus to Evasion checks.This effect disappears when the Body section falls to 0 HP or lower.</p><br><br><p><strong>◯Flight</strong></p><p>All sections receive a +1 bonus to Accuracy and Evasion only for melee attacks.If any of the Wings fall to 0 HP or lower, this unique skill cannot be used.</p>",
  "status1Accuracy": "20",
  "status1AccuracyFix": 27,
  "status1Damage": "2d+16",
  "status1Defense": "15",
  "status1Evasion": "17",
  "status1EvasionFix": 24,
  "status1Hp": "137",
  "status1Mp": "194",
  "status1Style": "Bite (Head)",
  "status2Accuracy": "21",
  "status2AccuracyFix": 28,
  "status2Damage": "2d+13",
  "status2Defense": "16",
  "status2Evasion": "16",
  "status2EvasionFix": 23,
  "status2Hp": "147",
  "status2Mp": "84",
  "status2Style": "Claws (Body)",
  "status3Accuracy": "19",
  "status3AccuracyFix": 26,
  "status3Damage": "2d+10",
  "status3Defense": "13",
  "status3Evasion": "18",
  "status3EvasionFix": 25,
  "status3Hp": "81",
  "status3Mp": "84",
  "status3Style": "Wing (Wing)",
  "status4Accuracy": "19",
  "status4AccuracyFix": 26,
  "status4Damage": "2d+10",
  "status4Defense": "13",
  "status4Evasion": "18",
  "status4EvasionFix": 25,
  "status4Hp": "81",
  "status4Mp": "84",
  "status4Style": "Wing (Wing)",
  "statusNum": 4,
  "taxa": "Mythical Beast",
  "type": "m",
  "unitStatus": {
    "Bite (Head):HP": "137/137",
    "Bite (Head):MP": "194",
    "Claws (Body):HP": "147/147",
    "Claws (Body):MP": "84",
    "Wing (Wing):HP": "81/81",
    "Wing (Wing):MP": "84"
  },
  "unitExceptStatus": {
    "HP": 4,
    "MP": 4,
    "Defense": 4
  },
  "loots1Num": "Always",
  "loots1Item": "Feathers (1,000G/Red S)",
  "loots2Num": "2～9",
  "loots2Item": "Ancient Runestones (2,000G/White S)",
  "loots3Num": "10～12",
  "loots3Item": "Engraved Signet Ring (5,000G/Gold White S)",
  "loots4Num": "13+",
  "loots4Item": "Mysterious Lithograph (10,000G/White SS)",
  "fortitude": "20",
  "willpower": "22"
}