{
  "description": "<p>This unusual rhinoceros with speckled skin appears in rivers and swamps. The speckled skin is not as hard as that of the common rhinoceros, and it is said that its preference for diving in the water is probably to avoid predators on the ground.</p><p>They are peaceful and will not attack unless there is a reason, but once angered, they can be extremely destructive.</p>",
  "disposition": "Neutral",
  "habitat": "Riverbanks, Swamps",
  "initiative": "12",
  "intellect": "Animal",
  "language": "None",
  "lootsNum": 4,
  "monsterName": "Spotted Rhino",
  "mndResist": "7",
  "vitResist": "9",
  "lv": "6",
  "parts": "2 (Head / Body)",
  "coreParts": "Head",
  "mobility": "10 (4 Legs)/15 (Swimming)",
  "mode": "save",
  "paletteInsertType": "exchange",
  "paletteRemoveTags": "1",
  "paletteTool": "bcdice",
  "paletteUseBuff": "1",
  "paletteUseVar": "1",
  "partsNum": 2,
  "perception": "Five Senses",
  "reputation": "13",
  "reputation+": "16",
  "weakness": "Fire Damage +3",
  "result": "OK",
  "sheetDescriptionM": "分類:Animal　知能:Animal　知覚:Five Senses　反応:Neutral\n言語:None　生息地:Riverbanks, Swamps\n弱点:Fire Damage +3\n先制値:12　生命抵抗力:9（16）　精神抵抗力:7（14）",
  "sheetDescriptionS": "分類:Animal\n弱点:Fire Damage +3\n先制値:12　生命抵抗力:9（16）　精神抵抗力:7（14）",
  "sin": "0",
  "skills": "<p><strong>◯Underwater Aptitude</strong></p><p></p><p><strong>►Charge / 7 (14) / Evasion / Negates</strong></p><p>The Spotted Rhino runs forward with \"Range/Area: 2(30m) / Breakthrough,\" dealing 2d+14 physical damage and knocking them prone.To use this ability, the Spotted Rhino must be able to make a Full Move, and all Sections of its body must be capable of making Major Actions. The use of this ability is declared before the movement, and once it has taken place, all Sections are considered to have taken their Major Actions and the Rhino suffers a -4 penalty to its Evasion for the next 10 seconds (1 round).</p><br><br><p><strong>►Kick Away / 7 (14) / Evasion / Negates</strong></p><p>Kicks \"Target: 1 Character\" at \"Range: Touch\". The target will be moved one area to the rear of the Rhino (Simplified Combat) or 10m in an arbitrarily determined direction (Standard/Advanced Combat). The victim receives 10 falling damage and will be knocked prone.</p><p><strong>◯Attack Obstacle = +4 • None</strong></p><p>Spotted Rhino's height prevents enemies from attacking it. Head receives a +4 bonus to Evasion checks against melee attacks. When the Body section HP falls to 0 or lower, this effect disappears.</p>",
  "status1Accuracy": "7",
  "status1AccuracyFix": 14,
  "status1Damage": "2d+8",
  "status1Defense": "8",
  "status1Evasion": "6",
  "status1EvasionFix": 13,
  "status1Hp": "48",
  "status1Mp": "10",
  "status1Style": "Horn (Head)",
  "status2Accuracy": "8",
  "status2AccuracyFix": 15,
  "status2Damage": "2d+6",
  "status2Defense": "4",
  "status2Evasion": "7",
  "status2EvasionFix": 14,
  "status2Hp": "60",
  "status2Mp": "14",
  "status2Style": "Trample (Body)",
  "statusNum": 2,
  "taxa": "Animal",
  "type": "m",
  "unitStatus": {
    "Horn (Head):HP": "48/48",
    "Horn (Head):MP": "10",
    "Trample (Body):HP": "60/60",
    "Trample (Body):MP": "14"
  },
  "unitExceptStatus": {
    "HP": 2,
    "MP": 2,
    "Defense": 2
  },
  "loots1Num": "Always",
  "loots1Item": "Broken Horn (80G / Red B)",
  "loots2Num": "2～4",
  "loots2Item": "None",
  "loots3Num": "5～8",
  "loots3Item": "Spotted Skin (190G / Red A)",
  "loots4Num": "9+",
  "loots4Item": "Fine Spotted Skin (780G/ Red A)",
  "fortitude": "9",
  "willpower": "7"
}