{
  "description": "<p>A subspecies of the Spotted Rhino, this is a very large aquatic rhinoceros that can grow up to 7 meters in length. The skin is still spotted, but the shading is more distinct.</p><p>They prefer to live in places where the flow is stagnant. When they digest food in their bodies, they produce a foul-smelling gas that they disperse and contaminate their surroundings.</p>",
  "disposition": "Neutral",
  "habitat": "Swamps",
  "initiative": "18",
  "intellect": "Animal",
  "language": "None",
  "lootsNum": 3,
  "monsterName": "Spotted Bog Rhino",
  "mndResist": "13",
  "vitResist": "15",
  "lv": "12",
  "parts": "3 (Head / Right Side / Left Side)",
  "coreParts": "Head",
  "mobility": "15 (4 Legs) / 20 (Swimming)",
  "mode": "save",
  "paletteInsertType": "exchange",
  "paletteRemoveTags": "1",
  "paletteTool": "bcdice",
  "paletteUseBuff": "1",
  "paletteUseVar": "1",
  "partsNum": 3,
  "perception": "Five senses",
  "reputation": "18",
  "reputation+": "21",
  "weakness": "Fire damage +3 points",
  "result": "OK",
  "sheetDescriptionM": "分類:Animal　知能:Animal　知覚:Five senses　反応:Neutral\n言語:None　生息地:Swamps\n弱点:Fire damage +3 points\n先制値:18　生命抵抗力:15（22）　精神抵抗力:13（20）",
  "sheetDescriptionS": "分類:Animal\n弱点:Fire damage +3 points\n先制値:18　生命抵抗力:15（22）　精神抵抗力:13（20）",
  "sin": "0",
  "skills": "<p><strong>◯Underwater Aptitude</strong></p><p></p><p><strong>►Charge / 14 (21) / Evasion / Negates</strong></p><p>The Spotted Bog Rhino runs forward with \"Range/Area: 2(45m) / Breakthrough\" dealing 2d+22 physical damage and knocking them prone.To use this ability, the Spotted Bog Rhino must be able to make a Full Move, and all Sections of its body must be capable of making Major Actions. The use of this ability is declared before the movement, and once it has taken place, all Sections are considered to have taken their Major Actions and the Rhino suffers a -4 penalty to its Evasion for the next 10 seconds (1 round).</p><br><br><p><strong>►Stinky Breath / 14 (21) / Fortitude / Half</strong></p><p>Spotted Bog Rhino exhales a strong odor with \"Range/Area: 2(20m) / Shot\" in \"Target: 1 area (3m Radius) / 5\", dealing 2d+16 Poison magic damage to the target. In addition, the target who fails the resistance is overwhelmed by the smell for 1 day and suffers a -2 penalty for all Skill Checks that use the Intelligence modifier for Standard Value calculation. This effect is lost if the target washes their entire body with water for 1 hour.This ability cannot be used on consecutive turns.</p><br><br><p><strong>►Kick Away/14 (21)/Evasion/Negates</strong></p><p>Kicks \"Target: 1 Character\" at \"Range: Touch.\" The target will be moved one area to the rear of the Rhino (Simplified Combat) or 20m in an arbitrarily determined direction (Standard/Advanced Combat). The victim receives 20 falling damage and will be knocked prone.</p><p><strong>◯Attack Obstacle = +4 • None</strong></p><p>A Spotted Rhino's height prevents enemies from attacking it. The head receives a +4 bonus to Evasion checks against melee attacks. When the Body section HP falls to 0 or lower, this effect disappears.</p>",
  "status1Accuracy": "14",
  "status1AccuracyFix": 21,
  "status1Damage": "2d+13",
  "status1Defense": "15",
  "status1Evasion": "13",
  "status1EvasionFix": 20,
  "status1Hp": "102",
  "status1Mp": "24",
  "status1Style": "Horn (Head)",
  "status2Accuracy": "15",
  "status2AccuracyFix": 22,
  "status2Damage": "2d+11",
  "status2Defense": "9",
  "status2Evasion": "14",
  "status2EvasionFix": 21,
  "status2Hp": "118",
  "status2Mp": "15",
  "status2Style": "Trample (Right Side)",
  "status3Accuracy": "15",
  "status3AccuracyFix": 22,
  "status3Damage": "2d+11",
  "status3Defense": "9",
  "status3Evasion": "14",
  "status3EvasionFix": 21,
  "status3Hp": "118",
  "status3Mp": "15",
  "status3Style": "Trample (Left Side)",
  "statusNum": 3,
  "taxa": "Animal",
  "type": "m",
  "unitStatus": {
    "Horn (Head):HP": "102/102",
    "Horn (Head):MP": "24",
    "Trample (Right Side):HP": "118/118",
    "Trample (Right Side):MP": "15",
    "Trample (Left Side):HP": "118/118",
    "Trample (Left Side):MP": "15"
  },
  "unitExceptStatus": {
    "HP": 3,
    "MP": 3,
    "Defense": 3
  },
  "loots1Num": "Always",
  "loots1Item": "Broken Big Horn (630G/Red A)",
  "loots2Num": "2～6",
  "loots2Item": "Spotted Skin (190G/Red A)",
  "loots3Num": "7+",
  "loots3Item": "Slimy Skin (680G/Red A)",
  "fortitude": "15",
  "willpower": "13"
}