{
  "description": "<p>Fairies of light, Sprites are similar to Shades in size and stature, only around 30cm tall and glowing with a bright light. Their actual appearance is that of a slim blonde woman dressed in a robe of white light, though the light given off by the robe is enough to obscure this view. To restore one's vitality, having the aid of a Sprite is quite crucial for Fairy Tamers. However, Sprites are incredibly shy and rare in public areas.</p>",
  "disposition": "Neutral",
  "habitat": "Various",
  "initiative": "12",
  "intellect": "Average",
  "language": "Sylvan",
  "lootsNum": 0,
  "monsterName": "Sprite",
  "mndResist": "7",
  "vitResist": "9",
  "lv": "5",
  "parts": "",
  "coreParts": "",
  "mobility": "-/33(Flying)",
  "mode": "save",
  "paletteInsertType": "exchange",
  "paletteRemoveTags": "1",
  "paletteTool": "bcdice",
  "paletteUseBuff": "1",
  "paletteUseVar": "1",
  "partsNum": 1,
  "perception": "Five senses",
  "reputation": "11",
  "reputation+": "15",
  "weakness": "Accuracy +1",
  "result": "OK",
  "sheetDescriptionM": "分類:Fairy　知能:Average　知覚:Five senses　反応:Neutral\n言語:Sylvan　生息地:Various\n弱点:Accuracy +1\n先制値:12　生命抵抗力:9（16）　精神抵抗力:7（14）",
  "sheetDescriptionS": "分類:Fairy\n弱点:Accuracy +1\n先制値:12　生命抵抗力:9（16）　精神抵抗力:7（14）",
  "sin": "0",
  "skills": "<p><strong>◯Type: Light/Magic Power 9 (16)</strong></p><p></p><p><strong>◯Light Protection</strong></p><p>A Sprite takes 5 less damage from all Magic effects, regardless of type.</p><p><strong>◯Flight</strong></p><p>A Sprite receives a +1 bonus to Accuracy and Evasion only for melee attacks.</p><p><strong>🗨Magic Aptitude</strong></p><p>They can use the Combat Feat [Metamagic/Targets].</p><p><strong>⏩Flash/8 (15)/Fortitude/Negates</strong></p><p>The Sprite unleashes a bright flash of light within \"Range: Caster\" and \"Target: All Areas (30 Radius)/All\". Those who fail to resist will receive a -2 penalty to all Accuracy and Evasion checks for 30 seconds (3 rounds). This effect is not cumulative.This unique skill can be used only once per round</p>",
  "status1Accuracy": "7",
  "status1AccuracyFix": 14,
  "status1Damage": "2d+6",
  "status1Defense": "6",
  "status1Evasion": "7",
  "status1EvasionFix": 14,
  "status1Hp": "34",
  "status1Mp": "42",
  "status1Style": "Slam",
  "statusNum": 1,
  "taxa": "Fairy",
  "type": "m",
  "unitStatus": {
    "Slam:HP": "34/34",
    "Slam:MP": "42"
  },
  "unitExceptStatus": {
    "HP": 1,
    "MP": 1,
    "Defense": 1
  },
  "fortitude": "9",
  "willpower": "7"
}