{
  "description": "<p>This is a Magitech for sieges, boasting an ultra-long-range weapon. While guns are the standard for such Magitechs, this is a rare type that attacks by shooting heavy javelins. The accuracy and power of the javelin, the primary weapon of the Magitech, were the highest priority in its design, and its other abilities, including mobility, were relatively low.</p><p>Different Star Snipers variations change what is ejected into rocks, flame projectiles, etc.</p>",
  "disposition": "Instructed",
  "habitat": "Ruins, Plains",
  "initiative": "16",
  "intellect": "Servant",
  "language": "None",
  "lootsNum": 4,
  "monsterName": "Star Sniper",
  "mndResist": "11",
  "vitResist": "11",
  "lv": "8",
  "parts": "",
  "coreParts": "",
  "mobility": "10 (4 Legs)",
  "mode": "save",
  "paletteInsertType": "exchange",
  "paletteRemoveTags": "1",
  "paletteTool": "bcdice",
  "paletteUseBuff": "1",
  "paletteUseVar": "1",
  "partsNum": 1,
  "perception": "Mechanical",
  "reputation": "15",
  "reputation+": "18",
  "weakness": "Lightning damage +3 points",
  "result": "OK",
  "sheetDescriptionM": "分類:Magitech　知能:Servant　知覚:Mechanical　反応:Instructed\n言語:None　生息地:Ruins, Plains\n弱点:Lightning damage +3 points\n先制値:16　生命抵抗力:11（18）　精神抵抗力:11（18）",
  "sheetDescriptionS": "分類:Magitech\n弱点:Lightning damage +3 points\n先制値:16　生命抵抗力:11（18）　精神抵抗力:11（18）",
  "sin": "0",
  "skills": "<p><strong>◯Javelin</strong></p><p>A Javelin attack is treated as a Thrown Attack with \"Range: 2 (100m)\".Star Sniper has 2d Javelins at the start of combat.</p><p><strong>◯Targeting & Hawk Eye</strong></p><p>It can throw Javelins into a skirmish without causing stray shots, and attack targets beyond the skirmish as well.</p><p><strong>►Aimed Shot Preparation</strong></p><p>Prepares to shoot the target.With \"Range/Area: 2 (100m) / Target,\" the monster declares the next ranged attack to be performed on \"Target: 1 Character\".If this monster makes a ranged attack with a Javelin at the declared target on the next Major Action, it gains a +2 bonus to its Accuracy check and +15 points to its damage. Regardless of whether this action is made or not, and regardless of whether the attack hits or not, the effect of this ability is lost once the following Major Action is completed.</p><p><strong>◯Poison Immunity, ◯Disease Immunity, ◯Psychic Type Immunity</strong></p><p></p><p><strong>◯Limited Healing</strong></p><p>Effects which can heal Magitech HP are very limited, and mostly come from Spiritualism Magic and some special items.Healing effects such as Divine Magic, Fairy Magic, and Nature Magic cannot restore a Magitech's HP.</p><p><strong>◯Can Be Detected</strong></p><p>Magitech can be detected with the [Sense Magic] spell and similar effects.</p>",
  "status1Accuracy": "12",
  "status1AccuracyFix": 19,
  "status1Damage": "2d+15",
  "status1Defense": "4",
  "status1Evasion": "9",
  "status1EvasionFix": 16,
  "status1Hp": "67",
  "status1Mp": "0",
  "status1Style": "Javelin",
  "statusNum": 1,
  "taxa": "Magitech",
  "type": "m",
  "unitStatus": {
    "Javelin:HP": "67/67",
    "Javelin:MP": "0/0"
  },
  "unitExceptStatus": {
    "HP": 1,
    "MP": 1,
    "Defense": 1
  },
  "loots1Num": "Always",
  "loots1Item": "Iron (20G/Black B)",
  "loots2Num": "2～7",
  "loots2Item": "Magitech Components (300G/Black White A)",
  "loots3Num": "8～10",
  "loots3Item": "Rare Magitech Components (900G/Black White A)",
  "loots4Num": "11+",
  "loots4Item": "Mysterious Magitech Components (2,400G/Black White S)",
  "fortitude": "11",
  "willpower": "11"
}