{
  "description": "<p>This is a plant about 3 meters across, with a large fleshy sac shaped vaguely like a saddle. It has numerous long and short vines to strike down approaching animals or pull itself by crawling on the ground or in trees.</p><p>It constantly expels the steam that builds up in its sac, keeping the surroundings hot and humid, which they prefer. This environment is unpleasant for most organisms but desirable for a limited number of livestock breeders and farmers, and the seeds are sold at high prices.</p>",
  "disposition": "Neutral",
  "habitat": "Forest",
  "initiative": "7",
  "intellect": "None",
  "language": "None",
  "lootsNum": 3,
  "monsterName": "Steam Pod",
  "mndResist": "3",
  "vitResist": "4",
  "lv": "2",
  "parts": "",
  "coreParts": "",
  "mobility": "5 (Creeping)",
  "mode": "save",
  "paletteInsertType": "exchange",
  "paletteRemoveTags": "1",
  "paletteTool": "bcdice",
  "paletteUseBuff": "1",
  "paletteUseVar": "1",
  "partsNum": 1,
  "perception": "Magic",
  "reputation": "7",
  "reputation+": "11",
  "weakness": "Lightning damage + 3 points",
  "result": "OK",
  "sheetDescriptionM": "分類:Plant　知能:None　知覚:Magic　反応:Neutral\n言語:None　生息地:Forest\n弱点:Lightning damage + 3 points\n先制値:7　生命抵抗力:4（11）　精神抵抗力:3（10）",
  "sheetDescriptionS": "分類:Plant\n弱点:Lightning damage + 3 points\n先制値:7　生命抵抗力:4（11）　精神抵抗力:3（10）",
  "sin": "0",
  "skills": "<p><strong>◯Unpleasant Vapor/Can't</strong></p><p>At \"Range: Self\" and \"Target: 1 area (5m radius) / Space,\" the Steam Pod creates an unpleasant environment for the creatures by blowing steam.Any character within range receives a -1 penalty to all Accuracy and Evasion checks. This effect is a poison effect.Monsters whose Habitat includes \"Forests,\" \"Marshes,\" or \"Caves\" are not affected by this effect.</p>",
  "status1Accuracy": "3",
  "status1AccuracyFix": 10,
  "status1Damage": "2d+3",
  "status1Defense": "2",
  "status1Evasion": "1",
  "status1EvasionFix": 8,
  "status1Hp": "18",
  "status1Mp": "3",
  "status1Style": "Vine",
  "statusNum": 1,
  "taxa": "Plant",
  "type": "m",
  "unitStatus": {
    "Vine:HP": "18/18",
    "Vine:MP": "3"
  },
  "unitExceptStatus": {
    "HP": 1,
    "MP": 1,
    "Defense": 1
  },
  "loots1Num": "Always",
  "loots1Item": "Steam Distillation (30G/Green B)",
  "loots2Num": "2～10",
  "loots2Item": "None",
  "loots3Num": "11+",
  "loots3Item": "Steam Vine Seeds (120G/Green A)",
  "fortitude": "4",
  "willpower": "3"
}