{
  "description": "<p>This is a floating plant that floats on the surface of shallow rivers and ponds, with its round leaves ranging from 30 to 50 cm in diameter. If animals step on them unnoticed, they will drop them into the water and attack them.</p>",
  "disposition": "Hostile",
  "habitat": "Rivers, Ponds",
  "initiative": "10",
  "intellect": "None",
  "language": "None",
  "lootsNum": 3,
  "monsterName": "Stepping Leaf",
  "mndResist": "5",
  "vitResist": "6",
  "lv": "4",
  "parts": "",
  "coreParts": "",
  "mobility": "-/5 (Swimming)",
  "mode": "save",
  "paletteInsertType": "exchange",
  "paletteRemoveTags": "1",
  "paletteTool": "bcdice",
  "paletteUseBuff": "1",
  "paletteUseVar": "1",
  "partsNum": 1,
  "perception": "Magic",
  "reputation": "11",
  "reputation+": "14",
  "weakness": "Physical damage +2 points",
  "result": "OK",
  "sheetDescriptionM": "分類:Plant　知能:None　知覚:Magic　反応:Hostile\n言語:None　生息地:Rivers, Ponds\n弱点:Physical damage +2 points\n先制値:10　生命抵抗力:6（13）　精神抵抗力:5（12）",
  "sheetDescriptionS": "分類:Plant\n弱点:Physical damage +2 points\n先制値:10　生命抵抗力:6（13）　精神抵抗力:5（12）",
  "sin": "0",
  "skills": "<p><strong>◯Underwater Aptitude</strong></p><p></p><p><strong>◯Mimicry/13/Danger Sense/Negates</strong></p><p>It can retract its body and mimic a stone. While mimicking, characters cannot perform a Monster Knowledge check on this monster.If a character approaches it unintentionally, they need to make a Danger check with target number 13, and if it fails, they will be surprised (see CR I, p. 144). Mimicry will be automatically ended once the monster starts to act.This monster cannot be detected with [Sense Magic].</p>",
  "status1Accuracy": "5",
  "status1AccuracyFix": 12,
  "status1Damage": "2d+7",
  "status1Defense": "3",
  "status1Evasion": "5",
  "status1EvasionFix": 12,
  "status1Hp": "31",
  "status1Mp": "13",
  "status1Style": "Slam",
  "statusNum": 1,
  "taxa": "Plant",
  "type": "m",
  "unitStatus": {
    "Slam:HP": "31/31",
    "Slam:MP": "13"
  },
  "unitExceptStatus": {
    "HP": 1,
    "MP": 1,
    "Defense": 1
  },
  "loots1Num": "2～5",
  "loots1Item": "None",
  "loots2Num": "6～8",
  "loots2Item": "Magical Vine (30G/Green B)",
  "loots3Num": "9+",
  "loots3Item": "Strong Vine (300G/Green A)",
  "fortitude": "6",
  "willpower": "5"
}