{
  "description": "<p>A golem made of stone, this golem is about 2 meters in size. As long as it has arms and legs, its shape can be freely set by the creator, but it cannot be made very precise, nor can its color or texture be changed. The shape does not make any difference in performance.</p>",
  "disposition": "Instructed",
  "habitat": "Various",
  "initiative": "13",
  "intellect": "Servant",
  "language": "None",
  "lootsNum": 3,
  "monsterName": "Stone Servant",
  "mndResist": "11",
  "vitResist": "13",
  "lv": "5",
  "parts": "",
  "coreParts": "",
  "mobility": "18",
  "mode": "save",
  "paletteInsertType": "exchange",
  "paletteRemoveTags": "1",
  "paletteTool": "bcdice",
  "paletteUseBuff": "1",
  "paletteUseVar": "1",
  "partsNum": 1,
  "perception": "Magic",
  "reputation": "11",
  "reputation+": "15",
  "weakness": "Accuracy +1",
  "result": "OK",
  "sheetDescriptionM": "分類:Golem　知能:Servant　知覚:Magic　反応:Instructed\n言語:None　生息地:Various\n弱点:Accuracy +1\n先制値:13　生命抵抗力:13（20）　精神抵抗力:11（18）",
  "sheetDescriptionS": "分類:Golem\n弱点:Accuracy +1\n先制値:13　生命抵抗力:13（20）　精神抵抗力:11（18）",
  "sin": "0",
  "skills": "<p><strong>◯Stone Body</strong></p><p>A Stone Servant is immune to criticals from edged weapons and all magic damage, except for Energy-type damage.<div class=\"golemitems\"></p><p><strong>Maximum of Enhancing Items = 5</strong></p><p>Cat's Eye Rivet (Medium) (800) (►Double Attack)└Golden Cat's Eye Rivet (Medium) (800) (►Twin Strike & Double Attack)Jet Sign (Medium) (400) (🗨Aimed Attack = +2 Accuracy and -4 damage)Obsidian Shield (Medium) (600) (🗨△Cover II)Corundum Protection (Medium) (400) (◯Guardian I)Coral Branch (Medium) (400) (◯Block)Amber Eye (Medium) (2,000) (◯Ultimate Aim = +4 Accuracy)Garnet of Vitality (Medium) (800) (◯HP Enhancement = Max HP +10)└Focused Garnet of Vitality (Medium) (1,200) (◯Improved HP Enhancement = Max HP +10)Red Iron Blood (Medium) (400) (◯Mobility Enhancement = Movement +5) </div></p>",
  "status1Accuracy": "8",
  "status1AccuracyFix": 15,
  "status1Damage": "2d+6",
  "status1Defense": "7",
  "status1Evasion": "6",
  "status1EvasionFix": 13,
  "status1Hp": "40",
  "status1Mp": "-",
  "status1Style": "Fist",
  "statusNum": 1,
  "taxa": "Golem",
  "type": "m",
  "unitStatus": {
    "Fist:HP": "40/40",
    "Fist:MP": "-"
  },
  "unitExceptStatus": {
    "HP": 1,
    "MP": 1,
    "Defense": 1
  },
  "loots1Num": "2～5",
  "loots1Item": "None",
  "loots2Num": "6～12",
  "loots2Item": "Magical Stone (250G/Gold A)",
  "loots3Num": "13+",
  "loots3Item": "Mithril (2,600G/Gold S)",
  "fortitude": "13",
  "willpower": "11"
}