{
  "description": "<p>This lightweight bird-shaped golem is made of woven grass stalks.</p>",
  "disposition": "Instructed",
  "habitat": "Various",
  "initiative": "13",
  "intellect": "Servant",
  "language": "None",
  "lootsNum": 2,
  "monsterName": "Straw Bird",
  "mndResist": "5",
  "vitResist": "5",
  "lv": "3",
  "parts": "",
  "coreParts": "",
  "mobility": "-/25 (Flying)",
  "mode": "save",
  "paletteInsertType": "exchange",
  "paletteRemoveTags": "1",
  "paletteTool": "bcdice",
  "paletteUseBuff": "1",
  "paletteUseVar": "1",
  "partsNum": 1,
  "perception": "Magic",
  "reputation": "10",
  "reputation+": "13",
  "weakness": "Fire Damage +3 points",
  "result": "OK",
  "sheetDescriptionM": "分類:Golem　知能:Servant　知覚:Magic　反応:Instructed\n言語:None　生息地:Various\n弱点:Fire Damage +3 points\n先制値:13　生命抵抗力:5（12）　精神抵抗力:5（12）",
  "sheetDescriptionS": "分類:Golem\n弱点:Fire Damage +3 points\n先制値:13　生命抵抗力:5（12）　精神抵抗力:5（12）",
  "sin": "0",
  "skills": "<p><strong>◯Fire Vulnerability</strong></p><p>When Straw Bird is hit by Fire-type damage, it takes an extra 3 damage.</p><p><strong>◯Flight</strong></p><p>A Straw Bird receives a +1 bonus to Accuracy and Evasion only for melee attacks.<div class=\"golemitems\"></p><p><strong>Maximum of Enhancing Items = 2</strong></p><p>Malachite Feather (Small) (150) (🗨All-Out Attack=Damage +8, Evasion -3)Amethyst of Purple Lightning (Small) (600)►Discharge/4 (11)/Willpower/HalfGolem unleashes an electrical bolt with \"Range/Area: 2 (20m) / Shot\", dealing 2d+3 lightning magic damage. Stray shots cannot occur with this ability.Garnet of Vitality (Small) (200) (◯HP Enhancement = Max HP +5)Red Iron Blood (Small) (100) (◯Mobility Enhancement = Movement +5)Moonstone of Serenity (Small) (250) (Remove [○Fire Vulnerability], and Weak Point \"None\"). </div></p>",
  "status1Accuracy": "5",
  "status1AccuracyFix": 12,
  "status1Damage": "2d+1",
  "status1Defense": "0",
  "status1Evasion": "5",
  "status1EvasionFix": 12,
  "status1Hp": "17",
  "status1Mp": "0",
  "status1Style": "Beak",
  "statusNum": 1,
  "taxa": "Golem",
  "type": "m",
  "unitStatus": {
    "Beak:HP": "17/17",
    "Beak:MP": "0/0"
  },
  "unitExceptStatus": {
    "HP": 1,
    "MP": 1,
    "Defense": 1
  },
  "loots1Num": "2～6",
  "loots1Item": "None",
  "loots2Num": "7+",
  "loots2Item": "Enchanted Straw Bundle (150G/Gold Green A)",
  "fortitude": "5",
  "willpower": "5"
}