{
  "description": "<p>This is a warrior armed with a huge two-handed weapon and metal chains. They are not interested in anything other than attack, and they use their armor to stop any damage to themselves.</p>",
  "disposition": "Neutral",
  "habitat": "Various",
  "initiative": "11",
  "intellect": "Average",
  "language": "Trade Common, Regional Dialect",
  "lootsNum": 2,
  "monsterName": "Strong Heavy Warrior",
  "mndResist": "8",
  "vitResist": "9",
  "lv": "6",
  "parts": "",
  "coreParts": "",
  "mobility": "14",
  "mode": "save",
  "paletteInsertType": "exchange",
  "paletteRemoveTags": "1",
  "paletteTool": "bcdice",
  "paletteUseBuff": "1",
  "paletteUseVar": "1",
  "partsNum": 1,
  "perception": "Five senses",
  "reputation": "9",
  "reputation+": "0",
  "weakness": "None",
  "result": "OK",
  "sheetDescriptionM": "分類:Humanoid　知能:Average　知覚:Five senses　反応:Neutral\n言語:Trade Common, Regional Dialect　生息地:Various\n弱点:None\n先制値:11　生命抵抗力:9（16）　精神抵抗力:8（15）",
  "sheetDescriptionS": "分類:Humanoid\n弱点:None\n先制値:11　生命抵抗力:9（16）　精神抵抗力:8（15）",
  "sin": "0",
  "skills": "<p><strong>🗨Cleave I</strong></p><p>It can attack up to 3 characters with melee attacks that can be reached, but the damage will be reduced by -3.</p><p><strong>◯Sword's Grace/Change Fate</strong></p><p>Once per day, they may change the result of a Skill Check or Damage roll by switching the faces of the rolled 2d to the opposite sides and adding +1.</p><p><strong>⏩△Techniques</strong></p><p>They may use the [Beetleskin] and [Bear Muscle] Techniques.</p>",
  "status1Accuracy": "8",
  "status1AccuracyFix": 15,
  "status1Damage": "2d+11",
  "status1Defense": "8",
  "status1Evasion": "7",
  "status1EvasionFix": 14,
  "status1Hp": "48",
  "status1Mp": "14",
  "status1Style": "Weapon",
  "statusNum": 1,
  "taxa": "Humanoid",
  "type": "m",
  "unitStatus": {
    "Weapon:HP": "48/48",
    "Weapon:MP": "14"
  },
  "unitExceptStatus": {
    "HP": 1,
    "MP": 1,
    "Defense": 1
  },
  "loots1Num": "2～6",
  "loots1Item": "None",
  "loots2Num": "7+",
  "loots2Item": "Gem (150G/Gold A) x 1d",
  "fortitude": "9",
  "willpower": "8"
}