{
  "description": "<p>Among Succubi, Succubus Knights are especially good at fighting.</p><p>They have the ability to refine weapons, use scythes and swords, and wear tight silhouette armor. Their beautiful appearance mesmerizes and awe- inspires the viewer at the same time.</p><p>They love to attract the strong heroes and take particular pleasure in seducing them with their bewitching beauty, as well as in overpowering them with their fighting prowess, bringing them to their knees, and then sucking their energy out of them.</p>",
  "disposition": "Hostile",
  "habitat": "Various",
  "initiative": "23",
  "intellect": "High",
  "language": "Trade Common, Barbaric, Arcana, Daemonic",
  "lootsNum": 4,
  "monsterName": "Succubus Knight",
  "mndResist": "20",
  "vitResist": "20",
  "lv": "16",
  "parts": "",
  "coreParts": "",
  "mobility": "23/46 (Flying)",
  "mode": "save",
  "paletteInsertType": "exchange",
  "paletteRemoveTags": "1",
  "paletteTool": "bcdice",
  "paletteUseBuff": "1",
  "paletteUseVar": "1",
  "partsNum": 1,
  "perception": "Five senses (Darkvision)",
  "reputation": "22",
  "reputation+": "26",
  "weakness": "+2 Magic damage",
  "result": "OK",
  "sheetDescriptionM": "分類:Barbarous　知能:High　知覚:Five senses (Darkvision)　反応:Hostile\n言語:Trade Common, Barbaric, Arcana, Daemonic　生息地:Various\n弱点:+2 Magic damage\n先制値:23　生命抵抗力:20（27）　精神抵抗力:20（27）",
  "sheetDescriptionS": "分類:Barbarous\n弱点:+2 Magic damage\n先制値:23　生命抵抗力:20（27）　精神抵抗力:20（27）",
  "sin": "4",
  "skills": "<p><strong>◯Flight</strong></p><p>A Succubus receives a +1 bonus to Accuracy and Evasion only for melee attacks.</p><p><strong>►Magic (2 systems) 15 Level/Magic Power 20 (27)</strong></p><p>Succubus has mastered any two of Spiritualism Magic, Divine Magic, and Summoning Arts at the 15th level.</p><p><strong>◯🗨►Magic Aptitude</strong></p><p>They can use the Combat Feats [Targeting], [Magic Convergence], [Magic Control], [Universal Metamagic], and [Wordbreak].</p><p><strong>◯Multiple Actions = 2 times</strong></p><p></p><p><strong>🗨Mana Strike = +20 damage</strong></p><p>May deal an additional +20 damage to their next melee attack. At risk, they take a -2 penalty to their Fortitude and Willpower checks.</p><p><strong>◯Painful Strike</strong></p><p>If the 2d roll of the damage roll is 10 or more, the damage is increased by an additional +12 points.</p><p><strong>►Indecent Dreams/20 (27)/Willpower/Neg</strong></p><p>Within \"Range: Caster\" and \"Target: All Areas (20m radius)/All\" are put to sleep, and show a lewd dream and put to sleep. The Succubus must choose whether to target HP or MP for each use of [►Indecent Dreams] and will regain HP or MP equal to the damage dealt.This effect is both Psychic + Curse type. However, sleep brought by this effect is treated as Psychic (Weak) type.</p>",
  "status1Accuracy": "20",
  "status1AccuracyFix": 27,
  "status1Damage": "2d+20",
  "status1Defense": "15",
  "status1Evasion": "20",
  "status1EvasionFix": 27,
  "status1Hp": "122",
  "status1Mp": "126",
  "status1Style": "Weapon",
  "statusNum": 1,
  "taxa": "Barbarous",
  "type": "m",
  "unitStatus": {
    "Weapon:HP": "122/122",
    "Weapon:MP": "126"
  },
  "unitExceptStatus": {
    "HP": 1,
    "MP": 1,
    "Defense": 1
  },
  "loots1Num": "Always",
  "loots1Item": "Succubus Lipstick (6,700G/Red S)",
  "loots2Num": "2～8",
  "loots2Item": "Beautiful Tail (3,000G/Red S)",
  "loots3Num": "9～12",
  "loots3Item": "Captivating Tail (7,000G/Red S)",
  "loots4Num": "13+",
  "loots4Item": "Bewitching Tail (19,000G/Red SS)",
  "fortitude": "20",
  "willpower": "20"
}