{
  "description": "<p>This Barbarous, with its beautiful female form and bat-like wings, is commonly known as a \"monster appearing in dreams.\" She appears at night to the sleeping opposite sex and sucks their life force by giving them lewd dreams. The victim eventually weakens and dies. Females are called Succubus, and males are called Incubus.</p><p>They are often seen in the service of the Immortal Queen Zeides or the Mad God Laris.</p>",
  "disposition": "Hostile",
  "habitat": "Various",
  "initiative": "19",
  "intellect": "Average",
  "language": "Trade Common, Barbaric, Arcana",
  "lootsNum": 4,
  "monsterName": "Succubus",
  "mndResist": "17",
  "vitResist": "15",
  "lv": "12",
  "parts": "",
  "coreParts": "",
  "mobility": "19/38(Flying)",
  "mode": "save",
  "paletteInsertType": "exchange",
  "paletteRemoveTags": "1",
  "paletteTool": "bcdice",
  "paletteUseBuff": "1",
  "paletteUseVar": "1",
  "partsNum": 1,
  "perception": "Five senses (Darkvision)",
  "reputation": "17",
  "reputation+": "20",
  "weakness": "Magic damage +2 points",
  "result": "OK",
  "sheetDescriptionM": "分類:Barbarous　知能:Average　知覚:Five senses (Darkvision)　反応:Hostile\n言語:Trade Common, Barbaric, Arcana　生息地:Various\n弱点:Magic damage +2 points\n先制値:19　生命抵抗力:15（22）　精神抵抗力:17（24）",
  "sheetDescriptionS": "分類:Barbarous\n弱点:Magic damage +2 points\n先制値:19　生命抵抗力:15（22）　精神抵抗力:17（24）",
  "sin": "4",
  "skills": "<p><strong>◯Flight</strong></p><p>A Succubus receives a +1 bonus to Accuracy and Evasion only for melee attacks.</p><p><strong>►Magic (2 systems) 12 Level/Magic Power 16 (23)</strong></p><p>Succubus has mastered any two of Spiritualism Magic, Divine Magic, and Summoning Arts at the 12th level.</p><p><strong>◯🗨►Magic Aptitude</strong></p><p>They can use the Combat Feats [Targeting], [Magic Convergence], [Magic Control], [Metamagic/Targets], and [Wordbreak].</p><p><strong>►Indecent Dreams / 16 (23) / Willpower / Negates</strong></p><p>Within \"Range: Caster\" and \"Target: All Areas (20m radius)/All\" are put to sleep, and show a lewd dream and put to sleep. The Succubus must choose whether to target HP or MP for each use of [►Indecent Dreams] and will regain HP or MP equal to the damage dealt.This effect is both Psychic + Curse type. However, sleep brought by this effect is treated as Psychic (Weak) type.</p>",
  "status1Accuracy": "13",
  "status1AccuracyFix": 20,
  "status1Damage": "2d+14",
  "status1Defense": "10",
  "status1Evasion": "13",
  "status1EvasionFix": 20,
  "status1Hp": "96",
  "status1Mp": "108",
  "status1Style": "Claws",
  "statusNum": 1,
  "taxa": "Barbarous",
  "type": "m",
  "unitStatus": {
    "Claws:HP": "96/96",
    "Claws:MP": "108"
  },
  "unitExceptStatus": {
    "HP": 1,
    "MP": 1,
    "Defense": 1
  },
  "loots1Num": "Always",
  "loots1Item": "Succubus Perfume (400G/Red A)",
  "loots2Num": "2～8",
  "loots2Item": "None",
  "loots3Num": "9～12",
  "loots3Item": "Beautiful Tail (3,000G/Red S)",
  "loots4Num": "13+",
  "loots4Item": "Captivating Tail (7,000G/Red S)",
  "fortitude": "15",
  "willpower": "17"
}