{
  "description": "<p>These Undead wield powerful magic swords imbued with holy power. Most of the weapons these creatures bear have been found to be swords, but some also wield axes, spears, and fist weapons. When defeated, their holy swords shatter and are lost, but leave behind Sword Shards as loot.</p>",
  "disposition": "Hostile",
  "habitat": "Wilderness, Underground Labyrinths",
  "initiative": "7/14",
  "intellect": "Low",
  "language": "None",
  "lootsNum": 3,
  "monsterName": "Suicide Sword",
  "mndResist": "7",
  "vitResist": "7",
  "lv": "5",
  "parts": "",
  "coreParts": "",
  "mobility": "15/-",
  "mode": "save",
  "paletteInsertType": "exchange",
  "paletteRemoveTags": "1",
  "paletteTool": "bcdice",
  "paletteUseBuff": "1",
  "paletteUseVar": "1",
  "partsNum": 1,
  "perception": "Magic",
  "reputation": "11",
  "reputation+": "14",
  "weakness": "Magic Damage +2",
  "result": "OK",
  "sheetDescriptionM": "分類:Undead　知能:Low　知覚:Magic　反応:Hostile\n言語:None　生息地:Wilderness, Underground Labyrinths\n弱点:Magic Damage +2\n先制値:7/14　生命抵抗力:7（14）　精神抵抗力:7（14）",
  "sheetDescriptionS": "分類:Undead\n弱点:Magic Damage +2\n先制値:7/14　生命抵抗力:7（14）　精神抵抗力:7（14）",
  "sin": "0",
  "skills": "<p><strong>►Sacred Blade Rampage / 6 (13) / Evasion / Negates</strong></p><p>Flourishes its blade like a raging tempest, at \"Range: Caster,\" \"Target: 1 Area (3m radius/5),\" dealing 2d+1 Energy magic damage.</p><p><strong>⏩Draw Forth Power</strong></p><p>Calls forth power from the sacred blade without regard for itself.For 10 seconds (1 round), the Resistance Check for [►Sacred Blade Rampage] changes from Evasion/Negates to Fortitude/Half, and the damage becomes 2d+4.When it uses this effect, the Sword immediately receives 5 points of fixed damage to its HP and its Evasion is penalized by -1 for 10 seconds (1 round).This ability cannot be used on consecutive turns.</p>",
  "status1Accuracy": "7",
  "status1AccuracyFix": 14,
  "status1Damage": "2d+6",
  "status1Defense": "4",
  "status1Evasion": "6",
  "status1EvasionFix": 13,
  "status1Hp": "40",
  "status1Mp": "18",
  "status1Style": "Sacred Sword",
  "statusNum": 1,
  "taxa": "Undead",
  "type": "m",
  "unitStatus": {
    "Sacred Sword:HP": "40/40",
    "Sacred Sword:MP": "18"
  },
  "unitExceptStatus": {
    "HP": 1,
    "MP": 1,
    "Defense": 1
  },
  "loots1Num": "Always",
  "loots1Item": "Sword Shard x 1d",
  "loots2Num": "2～8",
  "loots2Item": "None",
  "loots3Num": "9+",
  "loots3Item": "Sacred Sword Hilt (1,000G / White A)",
  "fortitude": "7",
  "willpower": "7"
}