{
  "description": "<p>This is a giant earthworm that inhabits the swamps of the Alframe continent. The length of the body, from the mouth to the tip of the tail, is about 20 meters, with the largest exceeding 30 meters.</p><p>It is said that when they leave the swamp where they were born while still young and move to a spring or pond filled with fresh water, they dig up the bottom of the water and turn it into a muddy swamp, making it their new home.</p>",
  "disposition": "Hostile",
  "habitat": "Swamp",
  "initiative": "17",
  "intellect": "Animal",
  "language": "None",
  "lootsNum": 3,
  "monsterName": "Swamp Worm",
  "mndResist": "14",
  "vitResist": "16",
  "lv": "12",
  "parts": "5 (Mouth / Body x 3 / Tail)",
  "coreParts": "Body (All)",
  "mobility": "10(Crawling)",
  "mode": "save",
  "paletteInsertType": "exchange",
  "paletteRemoveTags": "1",
  "paletteTool": "bcdice",
  "paletteUseBuff": "1",
  "paletteUseVar": "1",
  "partsNum": 5,
  "perception": "Five senses",
  "reputation": "19",
  "reputation+": "22",
  "weakness": "Bludgeoning damage +3 points",
  "result": "OK",
  "sheetDescriptionM": "分類:Animal　知能:Animal　知覚:Five senses　反応:Hostile\n言語:None　生息地:Swamp\n弱点:Bludgeoning damage +3 points\n先制値:17　生命抵抗力:16（23）　精神抵抗力:14（21）",
  "sheetDescriptionS": "分類:Animal\n弱点:Bludgeoning damage +3 points\n先制値:17　生命抵抗力:16（23）　精神抵抗力:14（21）",
  "sin": "0",
  "skills": "<p><strong>◯Underwater Aptitude</strong></p><p></p><p><strong>◯Swamp Monster Body</strong></p><p>Damage from bludgeoning weapons is treated as if Defense were 5 points higher.</p><br><br><p><strong>◯Bloodsucking</strong></p><p>If the Mouth attack hits, the HP of any one section of this monster is recovered by a value equal to the applied damage. Which section is recovered can be selected after each attack and after all the damage determination processes are completed. However, the section with HP below 0 cannot be selected.</p><br><br><p><strong>►Fluid Eruption/16 (23)/Fortitude/Half</strong></p><p>With \"Range: Caster\" and \"Target: 1 area (3m Radius) / 5\", it spurts out bodily fluids to blind the target.If the target fails resistance, it becomes blind. This state can be removed with an effect that cures blindness or by the target wiping its face with Major Action.This unique skill can only be used when the HP of the Body section is less than half of the maximum value (rounded up), and when used, it consumes 10 HP. The body section can lower its HP to 0 or lower, with this ability becoming disabled.</p><br><br><p><strong>►Foot Scooping/12 (19)/Danger Sense/Negates</strong></p><p>Its tail crawls underground and attacks the feet of the target. With \"Range: Touch,\" Tail makes up to 5 characters fall prone. This effect only applies to bipedal characters with only one section.</p>",
  "status1Accuracy": "16",
  "status1AccuracyFix": 23,
  "status1Damage": "2d+18",
  "status1Defense": "12",
  "status1Evasion": "15",
  "status1EvasionFix": 22,
  "status1Hp": "111",
  "status1Mp": "25",
  "status1Style": "Mouth (Mouth)",
  "status2Accuracy": "15",
  "status2AccuracyFix": 22,
  "status2Damage": "2d+16",
  "status2Defense": "10",
  "status2Evasion": "14",
  "status2EvasionFix": 21,
  "status2Hp": "103",
  "status2Mp": "21",
  "status2Style": "Slam (Body)",
  "status3Accuracy": "15",
  "status3AccuracyFix": 22,
  "status3Damage": "2d+16",
  "status3Defense": "10",
  "status3Evasion": "14",
  "status3EvasionFix": 21,
  "status3Hp": "103",
  "status3Mp": "21",
  "status3Style": "Slam (Body)",
  "status4Accuracy": "15",
  "status4AccuracyFix": 22,
  "status4Damage": "2d+16",
  "status4Defense": "10",
  "status4Evasion": "14",
  "status4EvasionFix": 21,
  "status4Hp": "103",
  "status4Mp": "21",
  "status4Style": "Slam (Body)",
  "status5Accuracy": "16",
  "status5AccuracyFix": 23,
  "status5Damage": "2d+14",
  "status5Defense": "8",
  "status5Evasion": "14",
  "status5EvasionFix": 21,
  "status5Hp": "94",
  "status5Mp": "13",
  "status5Style": "Tail (Tail)",
  "statusNum": 5,
  "taxa": "Animal",
  "type": "m",
  "unitStatus": {
    "Mouth (Mouth):HP": "111/111",
    "Mouth (Mouth):MP": "25",
    "Slam (Body):HP": "103/103",
    "Slam (Body):MP": "21",
    "Tail (Tail):HP": "94/94",
    "Tail (Tail):MP": "13"
  },
  "unitExceptStatus": {
    "HP": 5,
    "MP": 5,
    "Defense": 5
  },
  "loots1Num": "2～6",
  "loots1Item": "Mud Stone (100G/Gold Black A)",
  "loots2Num": "7～11",
  "loots2Item": "Brown Mud Stone (200G/Red Black A)",
  "loots3Num": "12+",
  "loots3Item": "Black Mud Stone (1,600G/Red Black S)",
  "fortitude": "16",
  "willpower": "14"
}