{
  "description": "<p>What appears to be an ant at first is really an exceedingly small earth fairy, dressed in a dark hat and coat. Muryans are tiny fairies that travel in swarms and will typically be seen as a part of a large group, rather than individually. Because of their small size, they tend to avoid conflict when possible and are rather easygoing. If a group of Muryans sees someone who's not having a good time, they will try and put on a little song and dance to bring some cheer.</p>",
  "disposition": "Friendly",
  "habitat": "Forests, Meadows",
  "initiative": "9",
  "intellect": "Average",
  "language": "Trade Common, Sylvan",
  "lootsNum": 0,
  "monsterName": "Swarm of Muryans",
  "mndResist": "5",
  "vitResist": "5",
  "lv": "3",
  "parts": "",
  "coreParts": "",
  "mobility": "11",
  "mode": "save",
  "paletteInsertType": "exchange",
  "paletteRemoveTags": "1",
  "paletteTool": "bcdice",
  "paletteUseBuff": "1",
  "paletteUseVar": "1",
  "partsNum": 1,
  "perception": "Five senses",
  "reputation": "8",
  "reputation+": "14",
  "weakness": "Wind type damage +3 points",
  "result": "OK",
  "sheetDescriptionM": "分類:Fairy　知能:Average　知覚:Five senses　反応:Friendly\n言語:Trade Common, Sylvan　生息地:Forests, Meadows\n弱点:Wind type damage +3 points\n先制値:9　生命抵抗力:5（12）　精神抵抗力:5（12）",
  "sheetDescriptionS": "分類:Fairy\n弱点:Wind type damage +3 points\n先制値:9　生命抵抗力:5（12）　精神抵抗力:5（12）",
  "sin": "0",
  "skills": "<p><strong>◯Type: Earth/Magic Power 6 (13)</strong></p><p></p><p><strong>◯Wind Vulnerability</strong></p><p>When the Swarm of Muryans is hit by Wind-type damage, it takes an extra 3 damage.</p><p><strong>🗨Magic Aptitude</strong></p><p>A Swarm of Muryans can use the Combat Feat [Metamagic/Targets].</p><p><strong>◯Swarm</strong></p><p>A Swarm of Muryans is immune to criticals.In addition, Throw or similar attacks deal no damage and have no effect.The maximum applied damage from magic with \"Area: Target\" and \"Target: 1 Character\" is limited to 1 point.If this monster is in melee, the combat feat [Targeting] or [Magic Control] loses its effect when it targets or includes a character or a melee area (the center point in Standard Combat) in the skirmish where it exists.</p><p><strong>►Swarming Attack/Can't</strong></p><p>Countless Muryans crawl up and bite. The Swarm of Muryans deals [2d + 1/5th of remaining HP (rounded down)] physical damage to \"Target: 1 Character\" within \"Range: Touch.\"</p><p><strong>►Basic Spellsongs 1 Level/5 (12)/All Areas (30m Radius)</strong></p><p></p><p><strong>►[Finale: Summer Vitality]/5 (12)</strong></p><p>With \"Range: 2 (30m)\", [Finale: Summer Vitality] is used to heal HP of \"Target: 1 Character\" by 2d+3 points. This effect does not work on undead, constructs and magitech characters.This ability cannot be used in consecutive turns. Once a character is affected, it cannot be healed again by this monster</p>",
  "status1Accuracy": "-",
  "status1AccuracyFix": null,
  "status1Damage": "-",
  "status1Defense": "5",
  "status1Evasion": "4",
  "status1EvasionFix": 11,
  "status1Hp": "25",
  "status1Mp": "19",
  "status1Style": "None",
  "statusNum": 1,
  "taxa": "Fairy",
  "type": "m",
  "unitStatus": {
    "None:HP": "25/25",
    "None:MP": "19"
  },
  "unitExceptStatus": {
    "HP": 1,
    "MP": 1,
    "Defense": 1
  },
  "fortitude": "5",
  "willpower": "5"
}