{
  "description": "<p>This is a Humanoid agile warrior. It is not only a melee attacker, but also can throw knives and quickly moves, leading the battle to an advantageous situation.</p>",
  "disposition": "Neutral",
  "habitat": "Various",
  "initiative": "11",
  "intellect": "Average",
  "language": "Trade Common, Regional Dialect",
  "lootsNum": 3,
  "monsterName": "Swift Blade",
  "mndResist": "4",
  "vitResist": "5",
  "lv": "3",
  "parts": "",
  "coreParts": "",
  "mobility": "16",
  "mode": "save",
  "paletteInsertType": "exchange",
  "paletteRemoveTags": "1",
  "paletteTool": "bcdice",
  "paletteUseBuff": "1",
  "paletteUseVar": "1",
  "partsNum": 1,
  "perception": "Five senses",
  "reputation": "6",
  "reputation+": "0",
  "weakness": "None",
  "result": "OK",
  "sheetDescriptionM": "分類:Humanoid　知能:Average　知覚:Five senses　反応:Neutral\n言語:Trade Common, Regional Dialect　生息地:Various\n弱点:None\n先制値:11　生命抵抗力:5（12）　精神抵抗力:4（11）",
  "sheetDescriptionS": "分類:Humanoid\n弱点:None\n先制値:11　生命抵抗力:5（12）　精神抵抗力:4（11）",
  "sin": "0",
  "skills": "<p><strong>►Throw Knife/4 (11)/Evasion/Negates</strong></p><p>Throws a knife. This unique skill deals 1d+1 physical damage to \"Target: 1 Character\" at \"Range: 1 (10m)\".This effect may be used up to twice per combat.</p><p><strong>◯Killing Blow</strong></p><p>If the 2d roll determining damage is 9 or more, the damage is increased by +4 points.</p><p><strong>◯Sword's Grace/Change Fate</strong></p><p>Once per day, they may choose to change the result of a Skill Check or Damage roll, by switching the faces of the rolled 2d to the opposite sides.</p>",
  "status1Accuracy": "5",
  "status1AccuracyFix": 12,
  "status1Damage": "2d+3",
  "status1Defense": "3",
  "status1Evasion": "5",
  "status1EvasionFix": 12,
  "status1Hp": "22",
  "status1Mp": "14",
  "status1Style": "Weapon",
  "statusNum": 1,
  "taxa": "Humanoid",
  "type": "m",
  "unitStatus": {
    "Weapon:HP": "22/22",
    "Weapon:MP": "14"
  },
  "unitExceptStatus": {
    "HP": 1,
    "MP": 1,
    "Defense": 1
  },
  "loots1Num": "2～6",
  "loots1Item": "None",
  "loots2Num": "7～10",
  "loots2Item": "Weapon (30G/Black White B)",
  "loots3Num": "11+",
  "loots3Item": "High-quality Weapon (150G/Black White A)",
  "fortitude": "5",
  "willpower": "4"
}