{
  "description": "<p>This is a combat training construct from the Magic Civilization Period. It has a log-like body with three arms holding weapons and four short legs for movement. Rarely a working version of this construct has been found at Magic Civilization Period ruins.</p><p>It is said to have been used to teach how to deal with various weapons and magical attacks. Its three arms were modeled after a certain humanoid race that became extinct during the Magic Civilization Period.</p>",
  "disposition": "Instructed",
  "habitat": "Ruins",
  "initiative": "13",
  "intellect": "Servant",
  "language": "None",
  "lootsNum": 4,
  "monsterName": "Swordmaton",
  "mndResist": "8",
  "vitResist": "(15)",
  "lv": "6",
  "parts": "4 (Body / Sword Arm / Spear Arm / Club Arm)",
  "coreParts": "Body",
  "mobility": "10 (4 Legs)",
  "mode": "save",
  "paletteInsertType": "exchange",
  "paletteRemoveTags": "1",
  "paletteTool": "bcdice",
  "paletteUseBuff": "1",
  "paletteUseVar": "1",
  "partsNum": 4,
  "perception": "Magic",
  "reputation": "12",
  "reputation+": "15",
  "weakness": "Lightning damage +3 points",
  "result": "OK",
  "sheetDescriptionM": "分類:Construct　知能:Servant　知覚:Magic　反応:Instructed\n言語:None　生息地:Ruins\n弱点:Lightning damage +3 points\n先制値:13　生命抵抗力:(15)（NaN）　精神抵抗力:8（15）",
  "sheetDescriptionS": "分類:Construct\n弱点:Lightning damage +3 points\n先制値:13　生命抵抗力:(15)（NaN）　精神抵抗力:8（15）",
  "sin": "0",
  "skills": "<p><strong>◯Stable Body</strong></p><p>Any \"Resistance: Half\" effect on this monster will be treated as \"Resistance: Negates.\"</p><p><strong>◯Poison Immunity, ◯Disease Immunity, ◯Psychic Type Immunity</strong></p><p></p><p><strong>◯Limited Healing</strong></p><p>Effects which can heal Construct HP are very limited, and mostly come from Spiritualism Magic and some special items.Healing effects such as Divine Magic, Fairy Magic, and Nature Magic cannot restore a Construct's HP.</p><p><strong>◯Can Be Detected</strong></p><p>Constructs can be detected with the [Sense Magic] spell and similar effects.</p><br><br><p><strong>►Truespeech Magic 5 Level /Magic Power 7 (14)</strong></p><p></p><p><strong>◯🗨►Magic Aptitude</strong></p><p>They can use the Combat Feats [Targeting], [Universal Metamagic], and [Wordbreak].</p><br><br><p><strong>🗨Decoy Attack I</strong></p><p>It gains -2 to Accuracy checks, but the damage is increased by +2 on hit.If the declared attack is evaded, the enemy receives a -1 penalty to Evasion checks for the next 10 seconds (1 round). This effect is cumulative up to -4 but is lost if the target fails an Evasion check even once.</p>",
  "status1Accuracy": "-",
  "status1AccuracyFix": null,
  "status1Damage": "-",
  "status1Defense": "5",
  "status1Evasion": "8",
  "status1EvasionFix": 15,
  "status1Hp": "49",
  "status1Mp": "36",
  "status1Style": "None (Body)",
  "status2Accuracy": "8",
  "status2AccuracyFix": 15,
  "status2Damage": "2d+7",
  "status2Defense": "4",
  "status2Evasion": "7",
  "status2EvasionFix": 14,
  "status2Hp": "34",
  "status2Mp": "0",
  "status2Style": "Sword (Sword Arm)",
  "status3Accuracy": "7",
  "status3AccuracyFix": 14,
  "status3Damage": "2d+8",
  "status3Defense": "3",
  "status3Evasion": "7",
  "status3EvasionFix": 14,
  "status3Hp": "38",
  "status3Mp": "0",
  "status3Style": "Spear (Spear Arm)",
  "status4Accuracy": "9",
  "status4AccuracyFix": 16,
  "status4Damage": "2d+6",
  "status4Defense": "3",
  "status4Evasion": "7",
  "status4EvasionFix": 14,
  "status4Hp": "42",
  "status4Mp": "0",
  "status4Style": "Club (Club Arm)",
  "statusNum": 4,
  "taxa": "Construct",
  "type": "m",
  "unitStatus": {
    "None (Body):HP": "49/49",
    "None (Body):MP": "36",
    "Sword (Sword Arm):HP": "34/34",
    "Sword (Sword Arm):MP": "0/0",
    "Spear (Spear Arm):HP": "38/38",
    "Spear (Spear Arm):MP": "0/0",
    "Club (Club Arm):HP": "42/42",
    "Club (Club Arm):MP": "0/0"
  },
  "unitExceptStatus": {
    "HP": 4,
    "MP": 4,
    "Defense": 4
  },
  "loots1Num": "Always",
  "loots1Item": "Book of Mastership (300G/White A)",
  "loots2Num": "2～5",
  "loots2Item": "Crude Weapon (10G/Black White B)",
  "loots3Num": "6～9",
  "loots3Item": "High-quality Weapon (150G/Black White A)",
  "loots4Num": "10+",
  "loots4Item": "Engraved Weapon (600G/Black White A)",
  "fortitude": "(15)",
  "willpower": "8"
}