{
  "description": "<p>Whimsical wind fairies Sylphs appear to travelers as half-transparent humanoids, often choosing to appear as either humans or elves. They are not malicious, but sometimes their pranks may be dangerous, such as flying around a mountaineer trying to climb. Sylphs prefer to fly freely wherever they want, though occasionally, some will follow a group of travelers that appreciate their pranks.</p>",
  "disposition": "Neutral",
  "habitat": "Mountains",
  "initiative": "15",
  "intellect": "Average",
  "language": "Sylvan",
  "lootsNum": 0,
  "monsterName": "Sylph",
  "mndResist": "9",
  "vitResist": "9",
  "lv": "7",
  "parts": "",
  "coreParts": "",
  "mobility": "-/22(Flying)",
  "mode": "save",
  "paletteInsertType": "exchange",
  "paletteRemoveTags": "1",
  "paletteTool": "bcdice",
  "paletteUseBuff": "1",
  "paletteUseVar": "1",
  "partsNum": 1,
  "perception": "Five senses",
  "reputation": "11",
  "reputation+": "16",
  "weakness": "Earth damage + 3 points",
  "result": "OK",
  "sheetDescriptionM": "分類:Fairy　知能:Average　知覚:Five senses　反応:Neutral\n言語:Sylvan　生息地:Mountains\n弱点:Earth damage + 3 points\n先制値:15　生命抵抗力:9（16）　精神抵抗力:9（16）",
  "sheetDescriptionS": "分類:Fairy\n弱点:Earth damage + 3 points\n先制値:15　生命抵抗力:9（16）　精神抵抗力:9（16）",
  "sin": "0",
  "skills": "<p><strong>◯Type: Wind/Magic Power 10 (17)</strong></p><p></p><p><strong>◯Slashing Immunity</strong></p><p></p><p><strong>◯Wind Body</strong></p><p>Edged weapons treat Sylph's Defense as 3 points higher.</p><p><strong>◯Flight</strong></p><p>A Sylph receives a +1 bonus to Accuracy and Evasion only for melee attacks.</p><p><strong>◯Earth Vulnerability</strong></p><p>When the Sylph is hit by Earth-type damage, it takes an extra 3 damage.</p><p><strong>◯🗨Magic Aptitude</strong></p><p>They can use the Combat Feats [Targeting] and [Metamagic Distance].</p><p><strong>►Gale Breath/9 (16)/Fortitude/Half</strong></p><p>With \"Range/Area: 2 (30m)/ Shot\", breathes a mass of compressed air to \"Target: 1 area (3m Radius)/5\", dealing 2d+6 wind magic damage</p>",
  "status1Accuracy": "9",
  "status1AccuracyFix": 16,
  "status1Damage": "2d+6",
  "status1Defense": "5",
  "status1Evasion": "10",
  "status1EvasionFix": 17,
  "status1Hp": "54",
  "status1Mp": "50",
  "status1Style": "Fist",
  "statusNum": 1,
  "taxa": "Fairy",
  "type": "m",
  "unitStatus": {
    "Fist:HP": "54/54",
    "Fist:MP": "50"
  },
  "unitExceptStatus": {
    "HP": 1,
    "MP": 1,
    "Defense": 1
  },
  "fortitude": "9",
  "willpower": "9"
}