{
  "description": "<p>This is one of the larger Magitech Zerlay series, carrying a larger launcher on its back. The larger size allows it to shoot as a light beam. It is also able to move while maintaining its posture when shooting the light beam.</p>",
  "disposition": "Instructed",
  "habitat": "Ruins",
  "initiative": "11",
  "intellect": "Servant",
  "language": "None",
  "lootsNum": 4,
  "monsterName": "SZerlay",
  "mndResist": "7",
  "vitResist": "7",
  "lv": "5",
  "parts": "2 (Launch Tube/Body)",
  "coreParts": "None",
  "mobility": "10 (4 legs)",
  "mode": "save",
  "paletteInsertType": "exchange",
  "paletteRemoveTags": "1",
  "paletteTool": "bcdice",
  "paletteUseBuff": "1",
  "paletteUseVar": "1",
  "partsNum": 2,
  "perception": "Mechanical",
  "reputation": "12",
  "reputation+": "15",
  "weakness": "Bludgeoning type damage +3 points",
  "result": "OK",
  "sheetDescriptionM": "分類:Magitech　知能:Servant　知覚:Mechanical　反応:Instructed\n言語:None　生息地:Ruins\n弱点:Bludgeoning type damage +3 points\n先制値:11　生命抵抗力:7（14）　精神抵抗力:7（14）",
  "sheetDescriptionS": "分類:Magitech\n弱点:Bludgeoning type damage +3 points\n先制値:11　生命抵抗力:7（14）　精神抵抗力:7（14）",
  "sin": "0",
  "skills": "<p><strong>◯Mana Coating (1)</strong></p><p>Reduces magic damage received by 1.</p><p><strong>◯Poison Immunity, ◯Disease Immunity, ◯Psychic Type Immunity</strong></p><p></p><p><strong>◯Limited Healing</strong></p><p>Effects which can heal Magitech HP are very limited, and mostly come from Spiritualism Magic and some special items.Healing effects such as Divine Magic, Fairy Magic, and Nature Magic cannot restore a Magitech's HP.</p><p><strong>◯Can Be Detected</strong></p><p>Magitech can be detected with the [Sense Magic] spell and similar effects.</p><br><br><p><strong>►Light Ray/7 (14)/Willpower/Half</strong></p><p>Attacks with a huge ray of light.Attacks target within \"Range/Area: 2 (20m)/Line\" and deal 2d+5 energy magic damage.This unique skill cannot be used on consecutive turns.</p><p><strong>◯Targeting & Hawk Eye</strong></p><p>[►Light Ray] fired into a skirmish cannot have stray shots, and can attack targets beyond the skirmish.</p><br><br><p><strong>◯Attack Obstacle = +4 • None</strong></p><p>SZerlay's height prevents enemies from attacking it. The Launch Tube receives a +4 bonus to Evasion checks against melee attacks.When the Body falls to 0 HP or lower, this effect disappears.</p><p><strong>◯Loss of Mobility</strong></p><p>When the Body section HP becomes 0 or less, SZerlay cannot move.</p>",
  "status1Accuracy": "7",
  "status1AccuracyFix": 14,
  "status1Damage": "2d+4",
  "status1Defense": "3",
  "status1Evasion": "7",
  "status1EvasionFix": 14,
  "status1Hp": "30",
  "status1Mp": "-",
  "status1Style": "Tube (Launch Tube)",
  "status2Accuracy": "7",
  "status2AccuracyFix": 14,
  "status2Damage": "2d+6",
  "status2Defense": "4",
  "status2Evasion": "7",
  "status2EvasionFix": 14,
  "status2Hp": "40",
  "status2Mp": "-",
  "status2Style": "Slam (Body)",
  "statusNum": 2,
  "taxa": "Magitech",
  "type": "m",
  "unitStatus": {
    "Tube (Launch Tube):HP": "30/30",
    "Tube (Launch Tube):MP": "-",
    "Slam (Body):HP": "40/40",
    "Slam (Body):MP": "-"
  },
  "unitExceptStatus": {
    "HP": 2,
    "MP": 2,
    "Defense": 2
  },
  "loots1Num": "Always",
  "loots1Item": "Daemon-Resistant Material (40G/Gold Black B)",
  "loots2Num": "2～5",
  "loots2Item": "None",
  "loots3Num": "6～8",
  "loots3Item": "Crude Magitech Components (100G/Black White A)",
  "loots4Num": "9+",
  "loots4Item": "Magitech Components (300G/Black White A)",
  "fortitude": "7",
  "willpower": "7"
}