{
  "description": "<p>Talos are artificial creatures believed to have been created by Barbarous and Dark Dwarves. These creatures were driven underground during the era of the Ancient Magic Civilization. According to legend, Talos were made by magically mineralizing various creatures and feeding them into a furnace that could burn the ore called \"Ignis Blaze.\"</p><p>Talos resemble warriors standing about 2 meters tall. They wear tightly fitted armor and carry large swords. Their armor acts as a natural outer shell, and although they have horns, the horns grow directly from their skulls, not from their helmets. Their faces are Humanoid but lack expression.</p><p>Talos were created to fight and serve Barbarous. They are fearless and possess great combat skills. They have a general resistance to magic, and when they exert themselves, flames spew from the outer joints and gaps along the inner thigh. Because Talos is an artificial lifeform, it does not possess a soul and, therefore, does not have Soulscars. As a result, it is unaffected by Swords of Protection. However, a major weakness of Talos is its inability to perceive fairies and spirits.</p><p>During the Magic Civilization era, Talos were believed to have been extensively used. However, most of them were seemingly destroyed in the battles of that era, making them rarely seen today. Nonetheless, Talos can still be found in boxes called \"Fire's Casing\" in Magic Civilization ruins. As long as they remain within these casings, they seem to continue sleeping without aging.</p><p>Opening a Fire's Casing with the correct sequence makes an individual the master of the Talos. However, a Talos cannot survive without consuming a Humanoid heart once a year. Although not certain, there is a theory that Talos served as a motif in the foundational research of Runefolk. Some similarities can be observed between the two.</p><p>Talos Soldiers are the lowest class of mass-produced soldiers. They have minimal intelligence and lack human emotions. They mechanically follow the orders of their masters. In some cases, they are found in large numbers and are used as subordinates by Drakes.</p>",
  "disposition": "Hostile",
  "habitat": "Ruins",
  "initiative": "12",
  "intellect": "Low",
  "language": "Barbaric, Youma, Vulcan",
  "lootsNum": 3,
  "monsterName": "Talos Soldier",
  "mndResist": "5",
  "vitResist": "8",
  "lv": "5",
  "parts": "",
  "coreParts": "",
  "mobility": "16/-",
  "mode": "save",
  "paletteInsertType": "exchange",
  "paletteRemoveTags": "1",
  "paletteTool": "bcdice",
  "paletteUseBuff": "1",
  "paletteUseVar": "1",
  "partsNum": 1,
  "perception": "Five Senses (Darkvision)",
  "reputation": "12",
  "reputation+": "15",
  "weakness": "Water/Ice +3 Damage",
  "result": "OK",
  "sheetDescriptionM": "分類:Barbarous　知能:Low　知覚:Five Senses (Darkvision)　反応:Hostile\n言語:Barbaric, Youma, Vulcan　生息地:Ruins\n弱点:Water/Ice +3 Damage\n先制値:12　生命抵抗力:8（15）　精神抵抗力:5（12）",
  "sheetDescriptionS": "分類:Barbarous\n弱点:Water/Ice +3 Damage\n先制値:12　生命抵抗力:8（15）　精神抵抗力:5（12）",
  "sin": "0",
  "skills": "<p><strong>◯Fire Immunity</strong></p><p></p><p><strong>◯Anti-Magic Shell</strong></p><p>Gains a +4 bonus to resistance checks against magic. However, this does not apply to resistance to Fairy Magic and Nature Magic.</p><p><strong>◯Fairy/Spirit Blindness</strong></p><p>Cannot sense or hear the voices of fairies and spirits. When damaged by Fairy Magic, Fairies or Nature Magic, it suffers 3 additional points of damage.</p><p><strong>⏩Ignis Blaze</strong></p><p>Flames spews from its entire body. Damage from melee attacks becomes fire type, with a +2 bonus to Accuracy Checks and a +4 bonus to damage. This effect is not cumulative. When the creature uses this ability, it receives 5 fixed damage at the end of its turn.</p><p><strong>🗨Desperate Strike I</strong></p><p>When using this, if the attack hits, it deals +5 damage, and the user receives 5 points of fixed damage. If the attack does not hit, no fixed damage is suffered.</p>",
  "status1Accuracy": "6",
  "status1AccuracyFix": 13,
  "status1Damage": "2d+5",
  "status1Defense": "6",
  "status1Evasion": "6",
  "status1EvasionFix": 13,
  "status1Hp": "40",
  "status1Mp": "10",
  "status1Style": "Weapon",
  "statusNum": 1,
  "taxa": "Barbarous",
  "type": "m",
  "unitStatus": {
    "Weapon:HP": "40/40",
    "Weapon:MP": "10"
  },
  "unitExceptStatus": {
    "HP": 1,
    "MP": 1,
    "Defense": 1
  },
  "loots1Num": "2～6",
  "loots1Item": "None",
  "loots2Num": "7～10",
  "loots2Item": "Shattered Ignis Ore Core (300G/Gold Black A)",
  "loots3Num": "11+",
  "loots3Item": "Cracked Ignis Ore Core (1,000G/Gold Black S)",
  "fortitude": "8",
  "willpower": "5"
}