{
  "description": "<p>Among the Talos, this juggernaut is the most heavily fortified in terms of offensive power and is specifically designed to break through enemy lines, even operating independently.</p><p>Standing at nearly three meters tall, it wields a massive sword and a large shield. Its thick and foreboding outer shell exudes an intimidating presence.</p><p>They excel in combat against magicians and demonstrate their combat prowess in group battles. Furthermore, they serve as leaders among other Talos and possess the intelligence to comprehend complex strategies. They display unwavering loyalty to their masters and possess a high level of emotional intelligence, enabling them to care for their masters and lend a listening ear during peaceful times.</p><p>To sustain its life, a Talos Juggernaut must consume a humanoid heart every six months.</p>",
  "disposition": "Hostile",
  "habitat": "Ruins",
  "initiative": "18",
  "intellect": "Average",
  "language": "Barbaric, Drakish, Vulcan, Arcana",
  "lootsNum": 3,
  "monsterName": "Talos Juggernaut",
  "mndResist": "12",
  "vitResist": "15",
  "lv": "11",
  "parts": "",
  "coreParts": "",
  "mobility": "25/-",
  "mode": "save",
  "paletteInsertType": "exchange",
  "paletteRemoveTags": "1",
  "paletteTool": "bcdice",
  "paletteUseBuff": "1",
  "paletteUseVar": "1",
  "partsNum": 1,
  "perception": "Five Senses (Darkvision)",
  "reputation": "17",
  "reputation+": "20",
  "weakness": "Water/Ice Damage +3",
  "result": "OK",
  "sheetDescriptionM": "分類:Barbarous　知能:Average　知覚:Five Senses (Darkvision)　反応:Hostile\n言語:Barbaric, Drakish, Vulcan, Arcana　生息地:Ruins\n弱点:Water/Ice Damage +3\n先制値:18　生命抵抗力:15（22）　精神抵抗力:12（19）",
  "sheetDescriptionS": "分類:Barbarous\n弱点:Water/Ice Damage +3\n先制値:18　生命抵抗力:15（22）　精神抵抗力:12（19）",
  "sin": "0",
  "skills": "<p><strong>◯Fire Immunity</strong></p><p></p><p><strong>◯Mana Absorbing Shell</strong></p><p>Gains a +4 bonus to resistance checks against magic. Also, if the resistance check s쳮ds, HP is recovered equal to the MP used for the spell (the actual number used, or the equivalent for 1 character if [Metamagic/Targets] was present).This does not apply to resistance to Fairy Magic or Nature Magic.</p><p><strong>◯Fairy/Spirit Blindness</strong></p><p>Cannot sense or hear the voices of fairies and spirits. When damaged by Fairy Magic, Fairies, or Nature Magic, it suffers 3 additional points of damage.</p><p><strong>⏩Ignis Blaze</strong></p><p>Flames spew from its entire body. Damage from melee attacks becomes fire type, with a +3 bonus to Accuracy Checks and a +6 bonus to damage. This effect is not cumulative. When the creature uses this ability, it receives 8 fixed damage at the end of its turn.</p><p><strong>🗨Desperate Strike II</strong></p><p>When using this, if the attack hits, it deals +10 damage, and the user receives 10 points of fixed damage. If the attack does not hit, no fixed damage is suffered.</p><p><strong>🗨Cleave II</strong></p><p>Talos Juggernaut can attack with a weapon up to 5 target characters within the skirmish in which it resides.</p>",
  "status1Accuracy": "13",
  "status1AccuracyFix": 20,
  "status1Damage": "2d+12",
  "status1Defense": "12",
  "status1Evasion": "12",
  "status1EvasionFix": 19,
  "status1Hp": "102",
  "status1Mp": "15",
  "status1Style": "Weapon",
  "statusNum": 1,
  "taxa": "Barbarous",
  "type": "m",
  "unitStatus": {
    "Weapon:HP": "102/102",
    "Weapon:MP": "15"
  },
  "unitExceptStatus": {
    "HP": 1,
    "MP": 1,
    "Defense": 1
  },
  "loots1Num": "2～5",
  "loots1Item": "Shattered Ignis Ore Core (800G / Gold Black A)",
  "loots2Num": "6～9",
  "loots2Item": "Cracked Ignis Ore Core (1000G / Gold Black S)",
  "loots3Num": "10+",
  "loots3Item": "Dull Ignis Ore Core (4000G / Gold Black S)",
  "fortitude": "15",
  "willpower": "12"
}