{
  "description": "<p>Heavily armed and armored even for a Talos, it bears a sword and large shield and stands slightly taller than a Talos Soldier. Endowed with great combat ability and judgment, it stands as an impregnable line of defense against those who would harm its master.</p><p>It is unable to sustain its existence if it does not consume a Humanoid heart once every 10 months.</p>",
  "disposition": "Hostile",
  "habitat": "Ruins",
  "initiative": "15",
  "intellect": "Average",
  "language": "Barbaric, Drakish, Vulcan",
  "lootsNum": 3,
  "monsterName": "Talos Warrior",
  "mndResist": "7",
  "vitResist": "11",
  "lv": "7",
  "parts": "",
  "coreParts": "",
  "mobility": "20/-",
  "mode": "save",
  "paletteInsertType": "exchange",
  "paletteRemoveTags": "1",
  "paletteTool": "bcdice",
  "paletteUseBuff": "1",
  "paletteUseVar": "1",
  "partsNum": 1,
  "perception": "Five Senses (Darkvision)",
  "reputation": "13",
  "reputation+": "17",
  "weakness": "Water/Ice Damage +3",
  "result": "OK",
  "sheetDescriptionM": "分類:Barbarous　知能:Average　知覚:Five Senses (Darkvision)　反応:Hostile\n言語:Barbaric, Drakish, Vulcan　生息地:Ruins\n弱点:Water/Ice Damage +3\n先制値:15　生命抵抗力:11（18）　精神抵抗力:7（14）",
  "sheetDescriptionS": "分類:Barbarous\n弱点:Water/Ice Damage +3\n先制値:15　生命抵抗力:11（18）　精神抵抗力:7（14）",
  "sin": "0",
  "skills": "<p><strong>◯Fire Immunity</strong></p><p></p><p><strong>◯Anti-Magic Shell</strong></p><p>Gains a +4 bonus to resistance checks against magic. However, this does not apply to resistance to Fairy Magic and Nature Magic.</p><p><strong>◯Fairy/Spirit Blindness</strong></p><p>Cannot sense or hear the voices of fairies and spirits. When damaged by Fairy Magic, Fairies, or Nature Magic, it suffers 3 additional points of damage.</p><p><strong>⏩△Defense of Ignis</strong></p><p>The Talos Warrior becomes covered in fire and gains +3 Defense for 10 Seconds (1 Round). Anyone who makes a melee attack versus the Talos during this period, regardless of success or failure, must suffer 2d of Fire magic. This causes the Talos to receive 5 points of fixed damage on its next turn.</p><p><strong>🗨Power Attack I</strong></p><p>They can deal an additional +4 damage on their next attack. However, any Evasion Check made by them this turn receives a -2 penalty.</p><p><strong>🗨△Cover II</strong></p><p>This is identical to the combat feat [Cover II].</p>",
  "status1Accuracy": "6",
  "status1AccuracyFix": 13,
  "status1Damage": "2d+5",
  "status1Defense": "6",
  "status1Evasion": "6",
  "status1EvasionFix": 13,
  "status1Hp": "40",
  "status1Mp": "10",
  "status1Style": "Weapon",
  "statusNum": 1,
  "taxa": "Barbarous",
  "type": "m",
  "unitStatus": {
    "Weapon:HP": "40/40",
    "Weapon:MP": "10"
  },
  "unitExceptStatus": {
    "HP": 1,
    "MP": 1,
    "Defense": 1
  },
  "loots1Num": "2～4",
  "loots1Item": "None",
  "loots2Num": "5～8",
  "loots2Item": "Shattered Ignis Ore Core (300G/Gold Black A)",
  "loots3Num": "9+",
  "loots3Item": "Cracked Ignis Ore Core (1,000G/Gold Black S)",
  "fortitude": "11",
  "willpower": "7"
}