{
  "description": "<p>Tannoz are ugly Barbarous that live mainly by the seashore and riverside. They are short and have wrinkled faces. Their right hand is a pair of crab-like pincers, and they carry a lantern in their left hand. These lanterns are used for hunting prey, confusing and stranding boats at night, and luring Humanoids into swamps and rivers. Sometimes they can also be seen inland serving other Barbarous.</p><p>Tannoz are hated by Humanoid fairy tamers because they do not make contracts with their fairies, but force them to work.</p>",
  "disposition": "Hostile",
  "habitat": "Coast, Riverside",
  "initiative": "13",
  "intellect": "Average",
  "language": "Barbaric, Sylvan",
  "lootsNum": 3,
  "monsterName": "Tannoz",
  "mndResist": "9",
  "vitResist": "9",
  "lv": "7",
  "parts": "",
  "coreParts": "",
  "mobility": "13/13 (Swimming)",
  "mode": "save",
  "paletteInsertType": "exchange",
  "paletteRemoveTags": "1",
  "paletteTool": "bcdice",
  "paletteUseBuff": "1",
  "paletteUseVar": "1",
  "partsNum": 1,
  "perception": "Five senses (Darkvision)",
  "reputation": "12",
  "reputation+": "16",
  "weakness": "Physical damage +2 points",
  "result": "OK",
  "sheetDescriptionM": "分類:Barbarous　知能:Average　知覚:Five senses (Darkvision)　反応:Hostile\n言語:Barbaric, Sylvan　生息地:Coast, Riverside\n弱点:Physical damage +2 points\n先制値:13　生命抵抗力:9（16）　精神抵抗力:9（16）",
  "sheetDescriptionS": "分類:Barbarous\n弱点:Physical damage +2 points\n先制値:13　生命抵抗力:9（16）　精神抵抗力:9（16）",
  "sin": "4",
  "skills": "<p><strong>◯Underwater Aptitude</strong></p><p></p><p><strong>►Fairy Magic 6 Level/Magic Power 8 (15)</strong></p><p>It can use Earth, Water/Ice, Wind, and Dark magic types.</p><p><strong>◯🗨Magic Aptitude</strong></p><p>They can use the Combat Feats [Targeting] and [Metamagic/Targets].</p>",
  "status1Accuracy": "10",
  "status1AccuracyFix": 17,
  "status1Damage": "2d+10",
  "status1Defense": "6",
  "status1Evasion": "8",
  "status1EvasionFix": 15,
  "status1Hp": "59",
  "status1Mp": "42",
  "status1Style": "Pincers",
  "statusNum": 1,
  "taxa": "Barbarous",
  "type": "m",
  "unitStatus": {
    "Pincers:HP": "59/59",
    "Pincers:MP": "42"
  },
  "unitExceptStatus": {
    "HP": 1,
    "MP": 1,
    "Defense": 1
  },
  "loots1Num": "2～4",
  "loots1Item": "Sharp Pincers (50G/Red B)",
  "loots2Num": "5～9",
  "loots2Item": "Dangerous Pincers (570G/Red A)",
  "loots3Num": "10+",
  "loots3Item": "Deadly Pincers (1,660G/Red S)",
  "fortitude": "9",
  "willpower": "9"
}