{
  "description": "<p>This is a mature and experienced Tannoz fighter. They are skilled at fighting in the water, and their sharp pincers are sharp enough to easily pierce even the hardest armor.</p>",
  "disposition": "Hostile",
  "habitat": "Coast, Riverside",
  "initiative": "18",
  "intellect": "Average",
  "language": "Barbaric, Sylvan",
  "lootsNum": 3,
  "monsterName": "Tannoz Veteran",
  "mndResist": "14",
  "vitResist": "14",
  "lv": "11",
  "parts": "",
  "coreParts": "",
  "mobility": "16/16 (Swimming)",
  "mode": "save",
  "paletteInsertType": "exchange",
  "paletteRemoveTags": "1",
  "paletteTool": "bcdice",
  "paletteUseBuff": "1",
  "paletteUseVar": "1",
  "partsNum": 1,
  "perception": "Five senses (Darkvision)",
  "reputation": "16",
  "reputation+": "20",
  "weakness": "Physical damage +2 points",
  "result": "OK",
  "sheetDescriptionM": "分類:Barbarous　知能:Average　知覚:Five senses (Darkvision)　反応:Hostile\n言語:Barbaric, Sylvan　生息地:Coast, Riverside\n弱点:Physical damage +2 points\n先制値:18　生命抵抗力:14（21）　精神抵抗力:14（21）",
  "sheetDescriptionS": "分類:Barbarous\n弱点:Physical damage +2 points\n先制値:18　生命抵抗力:14（21）　精神抵抗力:14（21）",
  "sin": "4",
  "skills": "<p><strong>◯Underwater Aptitude</strong></p><p></p><p><strong>◯Fairy Magic 10 Level/Magic Power 12 (19)</strong></p><p>It can use Earth, Water/Ice, Wind, and Dark types.</p><p><strong>◯🗨Magic Aptitude</strong></p><p>They can use the Combat Feats[Multi-Action], [Targeting], [Magic Convergence], [Magic Control], [Hawk Eye], and [Metamagic/Targets].</p>",
  "status1Accuracy": "14",
  "status1AccuracyFix": 21,
  "status1Damage": "2d+17",
  "status1Defense": "10",
  "status1Evasion": "8",
  "status1EvasionFix": 15,
  "status1Hp": "101",
  "status1Mp": "61",
  "status1Style": "Pincers",
  "statusNum": 1,
  "taxa": "Barbarous",
  "type": "m",
  "unitStatus": {
    "Pincers:HP": "101/101",
    "Pincers:MP": "61"
  },
  "unitExceptStatus": {
    "HP": 1,
    "MP": 1,
    "Defense": 1
  },
  "loots1Num": "2～6",
  "loots1Item": "Dangerous Pincers (570G/Red A)",
  "loots2Num": "7～9",
  "loots2Item": "Deadly Pincers (1,660G/Red S)",
  "loots3Num": "10+",
  "loots3Item": "Veteran Pincers (4,400G/Red S)",
  "fortitude": "14",
  "willpower": "14"
}