{
  "description": "<p>They are the leader of the Tannoz, who use Divine Magic in addition to Fairy Magic. Tannoz generally follow Sea Snatcher Eiryak, whose teachings Tannoz Clerics preach to their companions. Clerics prefer to summon fairies and support allies with Divine Magic.</p>",
  "disposition": "Hostile",
  "habitat": "Coast, Riverside",
  "initiative": "15",
  "intellect": "Average",
  "language": "Barbaric, Sylvan",
  "lootsNum": 3,
  "monsterName": "Tannoz Cleric",
  "mndResist": "11",
  "vitResist": "11",
  "lv": "9",
  "parts": "",
  "coreParts": "",
  "mobility": "15/15 (Swimming)",
  "mode": "save",
  "paletteInsertType": "exchange",
  "paletteRemoveTags": "1",
  "paletteTool": "bcdice",
  "paletteUseBuff": "1",
  "paletteUseVar": "1",
  "partsNum": 1,
  "perception": "Five senses (Darkvision)",
  "reputation": "14",
  "reputation+": "18",
  "weakness": "Physical damage +2 points",
  "result": "OK",
  "sheetDescriptionM": "分類:Barbarous　知能:Average　知覚:Five senses (Darkvision)　反応:Hostile\n言語:Barbaric, Sylvan　生息地:Coast, Riverside\n弱点:Physical damage +2 points\n先制値:15　生命抵抗力:11（18）　精神抵抗力:11（18）",
  "sheetDescriptionS": "分類:Barbarous\n弱点:Physical damage +2 points\n先制値:15　生命抵抗力:11（18）　精神抵抗力:11（18）",
  "sin": "4",
  "skills": "<p><strong>◯Underwater Aptitude</strong></p><p></p><p><strong>►Divine Magic 9 Level & Fairy Magic 9 Level/Magic Power 11 (18)</strong></p><p>It can use Earth, Water/Ice, Wind, and Dark Fairy Magic types.</p><p><strong>◯🗨Magic Aptitude</strong></p><p>They can use the Combat Feats [Targeting], [Magic Convergence], [Magic Control], and [Metamagic/Targets].</p>",
  "status1Accuracy": "12",
  "status1AccuracyFix": 19,
  "status1Damage": "2d+13",
  "status1Defense": "7",
  "status1Evasion": "11",
  "status1EvasionFix": 18,
  "status1Hp": "83",
  "status1Mp": "78",
  "status1Style": "Pincers",
  "statusNum": 1,
  "taxa": "Barbarous",
  "type": "m",
  "unitStatus": {
    "Pincers:HP": "83/83",
    "Pincers:MP": "78"
  },
  "unitExceptStatus": {
    "HP": 1,
    "MP": 1,
    "Defense": 1
  },
  "loots1Num": "2～8",
  "loots1Item": "Dangerous Pincers (570G/Red A)",
  "loots2Num": "9～11",
  "loots2Item": "Deadly Pincers (1,660G/Red S)",
  "loots3Num": "12+",
  "loots3Item": "Veteran Pincers (4,400G/Red S)",
  "fortitude": "11",
  "willpower": "11"
}