{
  "description": "<p>Tentacle Kelp is a mobile form of seagrass, about 5 meters long. It entangles and preys on animals and boats mainly in shallow water, but it can also walk by its roots and may come up to beaches and other areas when there is no prey.</p>",
  "disposition": "Hostile",
  "habitat": "Oceans, Shores",
  "initiative": "15",
  "intellect": "Animal",
  "language": "None",
  "lootsNum": 2,
  "monsterName": "Tentacle Kelp",
  "mndResist": "10(17)",
  "vitResist": "11(18)",
  "lv": "7",
  "parts": "3 (Leaf x 2 / Root)",
  "coreParts": "None",
  "mobility": "10 (Many Legs) / 10 (Swimming)",
  "mode": "save",
  "paletteInsertType": "exchange",
  "paletteRemoveTags": "1",
  "paletteTool": "bcdice",
  "paletteUseBuff": "1",
  "paletteUseVar": "1",
  "partsNum": 3,
  "perception": "Magic",
  "reputation": "14",
  "reputation+": "17",
  "weakness": "Slashing type damage +3 points",
  "result": "OK",
  "sheetDescriptionM": "分類:Plant　知能:Animal　知覚:Magic　反応:Hostile\n言語:None　生息地:Oceans, Shores\n弱点:Slashing type damage +3 points\n先制値:15　生命抵抗力:11(18)（18）　精神抵抗力:10(17)（17）",
  "sheetDescriptionS": "分類:Plant\n弱点:Slashing type damage +3 points\n先制値:15　生命抵抗力:11(18)（18）　精神抵抗力:10(17)（17）",
  "sin": "0",
  "skills": "<p><strong>◯Water/Ice Immunity, ◯Psychic Immunity</strong></p><p></p><p><strong>◯Underwater Aptitude</strong></p><p></p><br><br><p><strong>◯Entangling Leaves</strong></p><p>A successful hit from a Wrap entangles the target. Each round, the entangled target is unable to move, is hit automatically by the Wrap and makes all Accuracy and Evasion Checks with a -2 penalty. This penalty is not cumulative.When the target tries to escape, use de-bonding rules.While entangled by this unique skill, the Leaf section cannot attack other characters. If the monster itself wants to release the target, it can do so with a Minor Action.</p><br><br><p><strong>◯Attitude Control</strong></p><p>Tentacle Kelp cannot fall prone.If the Root section falls to 0 HP or lower, this unique skill cannot be used.</p><p><strong>◯Standing Firm</strong></p><p>If the Leaves section attempts to use de-bonding, its success value is given a +2 bonus.If the Root section falls to 0 HP or lower, this unique skill cannot be used.</p>",
  "status1Accuracy": "10",
  "status1AccuracyFix": 17,
  "status1Damage": "2d+7",
  "status1Defense": "5",
  "status1Evasion": "9",
  "status1EvasionFix": 16,
  "status1Hp": "58",
  "status1Mp": "6",
  "status1Style": "Wrap (Leaf)",
  "status2Accuracy": "10",
  "status2AccuracyFix": 17,
  "status2Damage": "2d+7",
  "status2Defense": "5",
  "status2Evasion": "9",
  "status2EvasionFix": 16,
  "status2Hp": "58",
  "status2Mp": "6",
  "status2Style": "Wrap (Leaf)",
  "status3Accuracy": "-",
  "status3AccuracyFix": null,
  "status3Damage": "-",
  "status3Defense": "8",
  "status3Evasion": "8",
  "status3EvasionFix": 15,
  "status3Hp": "70",
  "status3Mp": "9",
  "status3Style": "None (Root)",
  "statusNum": 3,
  "taxa": "Plant",
  "type": "m",
  "unitStatus": {
    "Wrap (Leaf):HP": "58/58",
    "Wrap (Leaf):MP": "6",
    "None (Root):HP": "70/70",
    "None (Root):MP": "9"
  },
  "unitExceptStatus": {
    "HP": 3,
    "MP": 3,
    "Defense": 3
  },
  "loots1Num": "2～8",
  "loots1Item": "None",
  "loots2Num": "9+",
  "loots2Item": "Fresh Seaweed (240G / Green A) x 1d",
  "fortitude": "11(18)",
  "willpower": "10(17)"
}