{
  "description": "<p>The Terror Beasts are considered the higher form of Aetherbeasts.</p><p>It is about the size of a cow and four-legged, but it has a horrifying and bizarre appearance, and its body is constantly decomposing and regenerating. It emits an unpleasant odor, and those who see it can be weakened by fear.</p><p>They often follow other daemons and are known to act in groups. Their fangs are poisonous, and those that are bitten will surely die as their bodies slowly rot.</p>",
  "disposition": "Hostile",
  "habitat": "Labyrinths, Ruins",
  "initiative": "15",
  "intellect": "Low",
  "language": "Daemonic",
  "lootsNum": 2,
  "monsterName": "Terror Beast",
  "mndResist": "10",
  "vitResist": "11",
  "lv": "8",
  "parts": "",
  "coreParts": "",
  "mobility": "22 (4 Legs)",
  "mode": "save",
  "paletteInsertType": "exchange",
  "paletteRemoveTags": "1",
  "paletteTool": "bcdice",
  "paletteUseBuff": "1",
  "paletteUseVar": "1",
  "partsNum": 1,
  "perception": "Five senses",
  "reputation": "14",
  "reputation+": "18",
  "weakness": "Energy damage +3 points",
  "result": "OK",
  "sheetDescriptionM": "分類:Daemon　知能:Low　知覚:Five senses　反応:Hostile\n言語:Daemonic　生息地:Labyrinths, Ruins\n弱点:Energy damage +3 points\n先制値:15　生命抵抗力:11（18）　精神抵抗力:10（17）",
  "sheetDescriptionS": "分類:Daemon\n弱点:Energy damage +3 points\n先制値:15　生命抵抗力:11（18）　精神抵抗力:10（17）",
  "sin": "0",
  "skills": "<p><strong>◯Poison Immunity, ◯Disease Immunity</strong></p><p></p><p><strong>►Divine Magic 4 Level/Magic Power 6 (13)</strong></p><p></p><p><strong>🗨Magic Aptitude</strong></p><p>A Terror Beast can use the Combat Feats [Multi-Action] and [Metamagic/Targets].</p><p><strong>◯Dreadful/9 (16)/Willpower/Negates</strong></p><p>Anyone who sees the Terror Beast receives a -2 penalty to all Skill Checks due to fear for 10 seconds (1 round). A Willpower check against this effect must be made at the beginning of each character's turn. This effect is Psychic type.</p><p><strong>◯Corrosive Poison/11 (18)/Fortitude/Negates</strong></p><p>The target is poisoned if the Bite attack deals at least 1 point of applied damage.A poisoned character immediately suffers 2d-5 Poison magic damage (minimum 0) and continues to suffer the same damage on each of its turns (no Fortitude check is needed). This effect lasts as long as it is not cured but is not cumulative.</p><p><strong>◯Regeneration = 10 points</strong></p><p>At the end of each round, the Terror Beast recovers 10 HP. This has no effect if Terror Beast has 0 HP or lower.</p>",
  "status1Accuracy": "11",
  "status1AccuracyFix": 18,
  "status1Damage": "2d+8",
  "status1Defense": "7",
  "status1Evasion": "11",
  "status1EvasionFix": 18,
  "status1Hp": "66",
  "status1Mp": "28",
  "status1Style": "Bite",
  "statusNum": 1,
  "taxa": "Daemon",
  "type": "m",
  "unitStatus": {
    "Bite:HP": "66/66",
    "Bite:MP": "28"
  },
  "unitExceptStatus": {
    "HP": 1,
    "MP": 1,
    "Defense": 1
  },
  "loots1Num": "Always",
  "loots1Item": "Daemon's Blood (100G/Red A)",
  "loots2Num": "Always",
  "loots2Item": "Daemon's Fangs (300G/Red A)",
  "fortitude": "11",
  "willpower": "10"
}