{
  "description": "<p>It is a deep blue, jelly-like, amorphous creature, a subspecies of Blob, and is virtually indistinguishable from a regular Blob in appearance. This creature has the ability to mimic creatures and engulf the unwary approaching creatures. The unfortunate prey will be eventually assimilated into a part of the Thing.</p>",
  "disposition": "Hostile",
  "habitat": "Various",
  "initiative": "12",
  "intellect": "None",
  "language": "None",
  "lootsNum": 3,
  "monsterName": "Thing",
  "mndResist": "9",
  "vitResist": "9",
  "lv": "6",
  "parts": "",
  "coreParts": "",
  "mobility": "12 (Flow)/-",
  "mode": "save",
  "paletteInsertType": "exchange",
  "paletteRemoveTags": "1",
  "paletteTool": "bcdice",
  "paletteUseBuff": "1",
  "paletteUseVar": "1",
  "partsNum": 1,
  "perception": "Magic",
  "reputation": "11",
  "reputation+": "15",
  "weakness": "Fire damage +3 points",
  "result": "OK",
  "sheetDescriptionM": "分類:Construct　知能:None　知覚:Magic　反応:Hostile\n言語:None　生息地:Various\n弱点:Fire damage +3 points\n先制値:12　生命抵抗力:9（16）　精神抵抗力:9（16）",
  "sheetDescriptionS": "分類:Construct\n弱点:Fire damage +3 points\n先制値:12　生命抵抗力:9（16）　精神抵抗力:9（16）",
  "sin": "0",
  "skills": "<p><strong>◯Soft Body</strong></p><p>Bludgeoning weapons treat the Defense of a Thing as 5 points higher. And it is immune to Throw and similar attacks.</p><p><strong>◯Acidic Body</strong></p><p>Weapons that have attacked this monster and armor that has been attacked by this monster will melt away after 24 hours; cleaning with alcohol such as wine within 24 hours will prevent this effect.</p><p><strong>◯Mimicry / 15 / Danger Sense / Negates</strong></p><p>It can mimic other living creatures. While mimicking, characters cannot perform a Monster Knowledge check on this monster. If a character approaches it unintentionally, they need to make a Danger check with Target Number 15, and if it fails, they will be surprised. Mimicry will automatically end once the monster starts to act.</p><p><strong>◯Poison Immunity, ◯Disease Immunity, ◯Psychic Type Immunity</strong></p><p></p><p><strong>◯Limited Healing</strong></p><p>Effects which can heal Construct HP are very limited, and mostly come from Spiritualism Magic and some special items.Healing effects such as Divine Magic, Fairy Magic, and Nature Magic cannot restore a Construct's HP.</p><p><strong>◯Can Be Detected</strong></p><p>Constructs can be detected with the [Sense Magic] spell and similar effects.</p>",
  "status1Accuracy": "8",
  "status1AccuracyFix": 15,
  "status1Damage": "2d+8",
  "status1Defense": "8",
  "status1Evasion": "6",
  "status1EvasionFix": 13,
  "status1Hp": "51",
  "status1Mp": "0",
  "status1Style": "Slam",
  "statusNum": 1,
  "taxa": "Construct",
  "type": "m",
  "unitStatus": {
    "Slam:HP": "51/51",
    "Slam:MP": "0/0"
  },
  "unitExceptStatus": {
    "HP": 1,
    "MP": 1,
    "Defense": 1
  },
  "loots1Num": "Always",
  "loots1Item": "Jelly-like Material (100G/Red A)",
  "loots2Num": "2～9",
  "loots2Item": "None",
  "loots3Num": "10+",
  "loots3Item": "Mini Blob (1,500G/Red S)",
  "fortitude": "9",
  "willpower": "9"
}