{
  "description": "<p>This is a Druid who is compassionate towards animals and plants, and uses their power to protect their friends.</p>",
  "disposition": "Hostile",
  "habitat": "Various",
  "initiative": "14",
  "intellect": "High",
  "language": "Trade Common, Regional Dialect, Arcana",
  "lootsNum": 3,
  "monsterName": "Thoughtful Forest Master",
  "mndResist": "11",
  "vitResist": "10",
  "lv": "8",
  "parts": "",
  "coreParts": "",
  "mobility": "14",
  "mode": "save",
  "paletteInsertType": "exchange",
  "paletteRemoveTags": "1",
  "paletteTool": "bcdice",
  "paletteUseBuff": "1",
  "paletteUseVar": "1",
  "partsNum": 1,
  "perception": "Five senses",
  "reputation": "11",
  "reputation+": "0",
  "weakness": "None",
  "result": "OK",
  "sheetDescriptionM": "分類:Humanoid　知能:High　知覚:Five senses　反応:Hostile\n言語:Trade Common, Regional Dialect, Arcana　生息地:Various\n弱点:None\n先制値:14　生命抵抗力:10（17）　精神抵抗力:11（18）",
  "sheetDescriptionS": "分類:Humanoid\n弱点:None\n先制値:14　生命抵抗力:10（17）　精神抵抗力:11（18）",
  "sin": "0",
  "skills": "<p><strong>►Nature Magic 8 Level/Magic Power 11 (18)</strong></p><p></p><p><strong>◯🗨Magic Aptitude</strong></p><p>They can use the Combat Feats [Targeting], [Hawk Eye] and  [Universal Metamagic].</p><p><strong>◯Sword's Grace/Change Fate</strong></p><p>Once per day, they may change the result of a Skill Check or Damage roll, by switching the faces of the rolled 2d to the opposite sides and adding +1 to it.</p>",
  "status1Accuracy": "10",
  "status1AccuracyFix": 17,
  "status1Damage": "2d+6",
  "status1Defense": "5",
  "status1Evasion": "9",
  "status1EvasionFix": 16,
  "status1Hp": "67",
  "status1Mp": "44",
  "status1Style": "Staff",
  "statusNum": 1,
  "taxa": "Humanoid",
  "type": "m",
  "unitStatus": {
    "Staff:HP": "67/67",
    "Staff:MP": "44"
  },
  "unitExceptStatus": {
    "HP": 1,
    "MP": 1,
    "Defense": 1
  },
  "loots1Num": "Always",
  "loots1Item": "Gem (600G/Gold A)",
  "loots2Num": "2～9",
  "loots2Item": "None",
  "loots3Num": "10+",
  "loots3Item": "Gem (600G/Gold A) x 1d",
  "fortitude": "10",
  "willpower": "11"
}