{
  "description": "<p>A huge bird cloaked in lightning, a Thunderbird's body shines brightly in the sky. Even amid combat, the electricity arcing off of one of these great birds is rather intense.</p><p>Thunderbirds often do not stay in one territory for long and are difficult to track down for any purpose. Only rarely does a Thunderbird settle down and create a nest, and more often than not it is due to spawning.</p><p>They may lay eggs in Shallow Abysses for self-preservation, which can create dangerous beasts for intruders.</p>",
  "disposition": "Hungry",
  "habitat": "Mountains",
  "initiative": "14",
  "intellect": "Low",
  "language": "None",
  "lootsNum": 3,
  "monsterName": "Thunderbird",
  "mndResist": "8",
  "vitResist": "8",
  "lv": "5",
  "parts": "3 (Body/Wing x 2)",
  "coreParts": "Body",
  "mobility": "-/50 (Flying)",
  "mode": "save",
  "paletteInsertType": "exchange",
  "paletteRemoveTags": "1",
  "paletteTool": "bcdice",
  "paletteUseBuff": "1",
  "paletteUseVar": "1",
  "partsNum": 3,
  "perception": "Five senses",
  "reputation": "10",
  "reputation+": "16",
  "weakness": "Magic Damage +2 points",
  "result": "OK",
  "sheetDescriptionM": "分類:Mythical Beast　知能:Low　知覚:Five senses　反応:Hungry\n言語:None　生息地:Mountains\n弱点:Magic Damage +2 points\n先制値:14　生命抵抗力:8（15）　精神抵抗力:8（15）",
  "sheetDescriptionS": "分類:Mythical Beast\n弱点:Magic Damage +2 points\n先制値:14　生命抵抗力:8（15）　精神抵抗力:8（15）",
  "sin": "0",
  "skills": "<p><strong>◯Lightning Immunity</strong></p><p></p><br><br><p><strong>►Thunderclap/6 (13)/Willpower/Half</strong></p><p>Summons lightning with \"Range: Self\" and \"Target: 1 area (6m radius) / 20\" and deals 2d+4 Lightning magic damage to the target.This ability cannot be used on consecutive turns.</p><br><br><p><strong>◯Flight</strong></p><p>A Thunderbird receives a +1 bonus to Accuracy and Evasion only for melee attacks.If one of the Wings falls to 0 HP or lower, this unique skill cannot be used.</p>",
  "status1Accuracy": "7",
  "status1AccuracyFix": 14,
  "status1Damage": "2d+8",
  "status1Defense": "5",
  "status1Evasion": "7",
  "status1EvasionFix": 14,
  "status1Hp": "37",
  "status1Mp": "22",
  "status1Style": "Beak (Body)",
  "status2Accuracy": "8",
  "status2AccuracyFix": 15,
  "status2Damage": "2d+6",
  "status2Defense": "3",
  "status2Evasion": "6",
  "status2EvasionFix": 13,
  "status2Hp": "28",
  "status2Mp": "10",
  "status2Style": "Wing (Wing)",
  "status3Accuracy": "8",
  "status3AccuracyFix": 15,
  "status3Damage": "2d+6",
  "status3Defense": "3",
  "status3Evasion": "6",
  "status3EvasionFix": 13,
  "status3Hp": "28",
  "status3Mp": "10",
  "status3Style": "Wing (Wing)",
  "statusNum": 3,
  "taxa": "Mythical Beast",
  "type": "m",
  "unitStatus": {
    "Beak (Body):HP": "37/37",
    "Beak (Body):MP": "22",
    "Wing (Wing):HP": "28/28",
    "Wing (Wing):MP": "10"
  },
  "unitExceptStatus": {
    "HP": 3,
    "MP": 3,
    "Defense": 3
  },
  "loots1Num": "2～7",
  "loots1Item": "None",
  "loots2Num": "8～10",
  "loots2Item": "Mystical Beak (350G/Red A)",
  "loots3Num": "11+",
  "loots3Item": "Lightning Crystal (1,600G/Gold S)",
  "fortitude": "8",
  "willpower": "8"
}