{
  "description": "<p>A four-legged carnivore with black and orange stripes. A ferocious feline, these large cats are hunting experts alone, hiding with their striped camouflage and striking unexpectedly. Their fur is prized by fashion enthusiasts, and high-quality pelts can fetch a good price at the market.</p>",
  "disposition": "Hostile",
  "habitat": "Forest",
  "initiative": "14",
  "intellect": "Animal",
  "language": "None",
  "lootsNum": 4,
  "monsterName": "Tiger",
  "mndResist": "7",
  "vitResist": "8",
  "lv": "5",
  "parts": "",
  "coreParts": "",
  "mobility": "22 (4 Legs)",
  "mode": "save",
  "paletteInsertType": "exchange",
  "paletteRemoveTags": "1",
  "paletteTool": "bcdice",
  "paletteUseBuff": "1",
  "paletteUseVar": "1",
  "partsNum": 1,
  "perception": "Five senses",
  "reputation": "10",
  "reputation+": "14",
  "weakness": "Accuracy +1",
  "result": "OK",
  "sheetDescriptionM": "分類:Animal　知能:Animal　知覚:Five senses　反応:Hostile\n言語:None　生息地:Forest\n弱点:Accuracy +1\n先制値:14　生命抵抗力:8（15）　精神抵抗力:7（14）",
  "sheetDescriptionS": "分類:Animal\n弱点:Accuracy +1\n先制値:14　生命抵抗力:8（15）　精神抵抗力:7（14）",
  "sin": "0",
  "skills": "<p><strong>◯Fast Action</strong></p><p>During the first round of combat, if the Tiger wins initiative, it may take two Major Actions that round.</p><p><strong>◯Continuous Attack</strong></p><p>If a Tiger successfully hits a target in melee, it may make a second attack against the same target.</p>",
  "status1Accuracy": "7",
  "status1AccuracyFix": 14,
  "status1Damage": "2d+8",
  "status1Defense": "4",
  "status1Evasion": "8",
  "status1EvasionFix": 15,
  "status1Hp": "42",
  "status1Mp": "13",
  "status1Style": "Bite",
  "statusNum": 1,
  "taxa": "Animal",
  "type": "m",
  "unitStatus": {
    "Bite:HP": "42/42",
    "Bite:MP": "13"
  },
  "unitExceptStatus": {
    "HP": 1,
    "MP": 1,
    "Defense": 1
  },
  "loots1Num": "Always",
  "loots1Item": "Large Fang (100G/Red A)",
  "loots2Num": "2～6",
  "loots2Item": "None",
  "loots3Num": "7～12",
  "loots3Item": "Tiger Pelt (200G/Red A)",
  "loots4Num": "13+",
  "loots4Item": "Fine Tiger Pelt (600G/Red A)",
  "fortitude": "8",
  "willpower": "7"
}