{
  "description": "<p>20cm high, the Tikira is a small daemon that looks similar to a Human but has the compound eyes and membranous wings of a dragonfly. They love to fly around and cause mischief, taking pleasure in someone else's misfortunes.</p>",
  "disposition": "Hostile",
  "habitat": "Underground Labyrinth, Ruins",
  "initiative": "13",
  "intellect": "Average",
  "language": "Daemonic",
  "lootsNum": 4,
  "monsterName": "Tikira",
  "mndResist": "13",
  "vitResist": "12",
  "lv": "9",
  "parts": "",
  "coreParts": "",
  "mobility": "-/40 (Flying)",
  "mode": "save",
  "paletteInsertType": "exchange",
  "paletteRemoveTags": "1",
  "paletteTool": "bcdice",
  "paletteUseBuff": "1",
  "paletteUseVar": "1",
  "partsNum": 1,
  "perception": "Five Senses (Darkvision)",
  "reputation": "15",
  "reputation+": "20",
  "weakness": "Physical Damage +2",
  "result": "OK",
  "sheetDescriptionM": "分類:Daemon　知能:Average　知覚:Five Senses (Darkvision)　反応:Hostile\n言語:Daemonic　生息地:Underground Labyrinth, Ruins\n弱点:Physical Damage +2\n先制値:13　生命抵抗力:12（19）　精神抵抗力:13（20）",
  "sheetDescriptionS": "分類:Daemon\n弱点:Physical Damage +2\n先制値:13　生命抵抗力:12（19）　精神抵抗力:13（20）",
  "sin": "0",
  "skills": "<p><strong>►Divine Magic 9 Level/Magic Power 13 (20)</strong></p><p></p><p><strong>►Paradox</strong></p><p>The Tikira can cause spells that would recover HP to deal Magic damage instead by spending twice as much MP to cast those spells.</p><p><strong>🗨►Magic Aptitude</strong></p><p>They can use the Combat Feats [Multi-Action], [Universal Metamagic], and [Wordbreak].</p><p><strong>◯Flight</strong></p><p>Receives a +1 bonus to Accuracy and Evasion only for melee attacks.</p><p><strong>◯Mockery</strong></p><p>The Tikira find failure hilarious and will begin uncontrollably laughing when anyone, friend, or foe, Automatically Fails on a roll. While laughing, the Tikira cannot use magic until the end of their next turn.</p><p><strong>◯Unluck</strong></p><p>The first time any character would roll double 6s (other than the Tikira), that roll gets changed to double 1's instead (which triggers the Tikira's [◯Mockery] unique skill). It is possible to change the roll back to double 6's using [Sword's Grace/Change Fate], however, this unique skill would then affect the next roll of double 6's that occurs. If there are multiple Tikira's on the battlefield, each one of them can use this unique skill for different double 6s.</p>",
  "status1Accuracy": "12",
  "status1AccuracyFix": 19,
  "status1Damage": "2d+9",
  "status1Defense": "9",
  "status1Evasion": "12",
  "status1EvasionFix": 19,
  "status1Hp": "80",
  "status1Mp": "78",
  "status1Style": "Slam",
  "statusNum": 1,
  "taxa": "Daemon",
  "type": "m",
  "unitStatus": {
    "Slam:HP": "80/80",
    "Slam:MP": "78"
  },
  "unitExceptStatus": {
    "HP": 1,
    "MP": 1,
    "Defense": 1
  },
  "loots1Num": "Always",
  "loots1Item": "Crystallized Daemon's Blood (800G/Red A)",
  "loots2Num": "2～6",
  "loots2Item": "None",
  "loots3Num": "7～12",
  "loots3Item": "Daemon Wings (350G/Red A)",
  "loots4Num": "13+",
  "loots4Item": "Rainbow Daemon Wings (1,500G/Gold Red S)",
  "fortitude": "12",
  "willpower": "13"
}