{
  "description": "<p>The Tiki Tiki Daemon is actually a multitude of smaller Tikiras that move in concert as a single creature. The combined Tiki Tiki has the appearance of a human-sized Tikira. All Tikira in the colony share both thoughts and perceptions.</p>",
  "disposition": "Hostile",
  "habitat": "Underground Labyrinth, Ruins",
  "initiative": "20",
  "intellect": "High",
  "language": "Daemonic",
  "lootsNum": 4,
  "monsterName": "Tiki Tiki",
  "mndResist": "18",
  "vitResist": "16",
  "lv": "13",
  "parts": "",
  "coreParts": "",
  "mobility": "â/50 (Flying)",
  "mode": "save",
  "paletteInsertType": "exchange",
  "paletteRemoveTags": "1",
  "paletteTool": "bcdice",
  "paletteUseBuff": "1",
  "paletteUseVar": "1",
  "partsNum": 1,
  "perception": "Five Senses (Darkvision)",
  "reputation": "17",
  "reputation+": "22",
  "weakness": "Physical Damage +2",
  "result": "OK",
  "sheetDescriptionM": "分類:Daemon　知能:High　知覚:Five Senses (Darkvision)　反応:Hostile\n言語:Daemonic　生息地:Underground Labyrinth, Ruins\n弱点:Physical Damage +2\n先制値:20　生命抵抗力:16（23）　精神抵抗力:18（25）",
  "sheetDescriptionS": "分類:Daemon\n弱点:Physical Damage +2\n先制値:20　生命抵抗力:16（23）　精神抵抗力:18（25）",
  "sin": "0",
  "skills": "<p><strong>►Divine Magic 12 Level/Magic Power 16 (23)</strong></p><p></p><p><strong>►Paradox</strong></p><p>The Tiki Tiki can cause spells that would recover HP to deal Magic damage instead by spending twice as much MP to cast those spells.</p><p><strong>🗨►Magic Aptitude</strong></p><p>They can use the Combat Feats [Multi-Action], [Universal Metamagic], and [Wordbreak].</p><p><strong>◯Flight</strong></p><p>Receives a +1 bonus to Accuracy and Evasion only for melee attacks.</p><p><strong>◯Mockery</strong></p><p>The Tiki Tiki finds failure hilarious and will begin uncontrollably laughing when anyone, friend, or foe, Automatically Fails on a roll. While laughing, the Tikira cannot use magic until the end of their next turn.</p><p><strong>◯Super Unluck</strong></p><p>In battles where the Tiki Tiki is present, when any character, friend or foe, other than the Tiki Tiki rolls double 6's, that roll gets changed to double 1's instead (which triggers the Tiki Tiki's [◯Mockery] unique skill). It is possible to change the roll back to double 6s using [Sword's Grace/Change Fate]. This ability is not triggered if double 1s are changed to double 6s using [Sword's Grace/Change Fate] normally.</p><p><strong>⏩Split/Reform</strong></p><p>The Tiki Tiki can split itself into a swarm of smaller Daemons or reform into one large Daemon. When split, the Tiki Tiki cannot make melee attacks or cast spells but gains the [◯Swarm] unique skill. If the effect of [◯Mockery] is active, the ability [►Destructive Cacophony] is also triggered. Splitting or Reforming requires a Minor Action, but the Tiki Tiki cannot Split and Reform during the same turn.</p><p><strong>◯Swarm</strong></p><p>This unique skill is only available when the Tiki Tiki has used [⏩Split/Reform] to become a group of smaller Daemons. When targeting the Tiki Tiki or another character in the Tiki Tiki's skirmish area, the Combat Feats [Targeting] and [Magic Control] cannot be used.</p><p><strong>►Destructive Cacophony / 20 (27) / Fortitude / Negates</strong></p><p>This ability can only be used when [◯Mockery] is active and when the Tiki Tiki has split itself into a group using [⏩Split/Reform].The Tiki Tiki surrounds a \"Target: 1 Character\" within \"Range: Touch\" and bombards them with loud laughter. The target receives 2d+16 of Bludgeoning magic damage and is unable to declare Combat Feats for 10 seconds (1 round).</p>",
  "status1Accuracy": "16",
  "status1AccuracyFix": 23,
  "status1Damage": "2d+12",
  "status1Defense": "14",
  "status1Evasion": "16",
  "status1EvasionFix": 23,
  "status1Hp": "125",
  "status1Mp": "113",
  "status1Style": "Slam",
  "statusNum": 1,
  "taxa": "Daemon",
  "type": "m",
  "unitStatus": {
    "Slam:HP": "125/125",
    "Slam:MP": "113"
  },
  "unitExceptStatus": {
    "HP": 1,
    "MP": 1,
    "Defense": 1
  },
  "loots1Num": "Always",
  "loots1Item": "Crystallized Daemon's Blood (800G/Red A)",
  "loots2Num": "Always",
  "loots2Item": "Daemon Wings (350G/Red A) x 2d",
  "loots3Num": "2～12",
  "loots3Item": "None",
  "loots4Num": "13+",
  "loots4Item": "Rainbow Daemon Wings (1500G/Gold Red S) x 1d",
  "fortitude": "16",
  "willpower": "18"
}